customer_id,first_name,last_name,email,city,country,signup_date
1,Jason,Combs,gonzaleschristopher@example.org,West David,Barbados,2023-01-26
2,Kenneth,Castaneda,hojames@example.net,Jessicabury,Dominican Republic,2023-01-29
3,Alexis,Stewart,robert36@example.org,Millerside,Grenada,2024-05-03
4,Casey,Patton,moraleswilliam@example.net,West Jenniferchester,Turks and Caicos Islands,2024-06-03
5,Andrew,French,whitekimberly@example.org,South Alvin,United Kingdom,2025-10-23
6,Leslie,Foster,linda82@example.org,Mccarthyville,Romania,2024-03-10
7,Kevin,Mcdonald,mbass@example.net,Jasonhaven,Indonesia,2024-12-17
8,William,Mills,miguel75@example.net,Katieview,Bangladesh,2023-02-11
9,Stephen,Flynn,paularivera@example.com,Port Brittanybury,China,2026-03-10
10,Sabrina,Ryan,tsmith@example.com,Lake Gregory,Azerbaijan,2024-04-23
11,Elizabeth,Palmer,potterjustin@example.com,Eugeneton,Turks and Caicos Islands,2026-04-16
12,Nicholas,Meyer,michele80@example.net,Williamsfort,Pitcairn Islands,2025-07-08
13,Amanda,Santos,markchang@example.org,Brittneyport,Northern Mariana Islands,2026-01-29
14,Emily,Hardin,michael89@example.com,Darrellview,Christmas Island,2025-05-11
15,Heather,Kent,vbrown@example.net,Stevenbury,Pitcairn Islands,2024-07-02
16,Jon,Foster,ojenkins@example.net,South Chelseaton,Timor-Leste,2023-01-25
17,Adrian,Sandoval,jamesholland@example.net,Joneschester,Isle of Man,2023-05-31
18,Christy,Adams,annejenkins@example.com,West Patrick,Nicaragua,2022-11-13
19,Mercedes,Nelson,crystal55@example.org,Jillchester,Bahrain,2023-09-15
20,Reginald,Jones,cortezkayla@example.org,Lake Johnton,Fiji,2022-12-27
21,Rhonda,Schroeder,jordanjamie@example.net,South Saraton,Saint Kitts and Nevis,2024-03-13
22,Timothy,Torres,lopezchristopher@example.org,Saramouth,Zimbabwe,2026-02-25
23,Michael,Williams,kevin31@example.com,Jacobborough,Barbados,2026-01-17
24,Karen,Evans,aaron60@example.net,Latoyaburgh,Singapore,2025-09-24
25,Summer,Frederick,leescott@example.org,Daviston,Kenya,2026-05-15
26,Angela,Shepherd,ashley87@example.net,East Robertbury,United States Virgin Islands,2024-10-15
27,Rachael,Rowe,johnortiz@example.com,East Kaitlin,Saudi Arabia,2023-10-06
28,Taylor,Calhoun,iosborne@example.com,Milesborough,Angola,2022-10-07
29,Mark,Williams,boonelauren@example.org,East Leah,Morocco,2025-04-24
30,Juan,Hall,owalker@example.org,Johnstonmouth,Niue,2024-03-14
31,Joseph,Miller,carlos62@example.org,North Marktown,American Samoa,2023-02-19
32,Jonathan,Macdonald,adamsjustin@example.net,South Catherine,Albania,2024-10-18
33,Ashley,Howe,tshaw@example.org,Williamhaven,Haiti,2023-04-17
34,Willie,Roberts,ihartman@example.com,Armstrongview,British Virgin Islands,2024-05-18
35,Michael,Lopez,qphillips@example.com,North Samanthaville,Andorra,2025-01-07
36,David,Mora,gordonkevin@example.org,South Jeffrey,Tajikistan,2025-01-19
37,Albert,Byrd,nicholascooley@example.com,West Scottchester,Micronesia,2025-09-05
38,Donna,Rangel,reneeford@example.net,Jamieshire,Croatia,2026-01-19
39,Carl,Ross,ramosdonald@example.org,East Kristiberg,Nigeria,2024-03-05
40,Elizabeth,Pearson,kellyhill@example.com,Gabrielmouth,Cameroon,2025-12-03
41,Tonya,Burnett,martinxavier@example.org,Marshallmouth,American Samoa,2025-10-14
42,Kendra,Mitchell,thomas59@example.org,South Joshuastad,Bhutan,2025-08-02
43,Autumn,Collins,njimenez@example.com,South Traciport,Taiwan,2023-10-25
44,Justin,Sosa,xayers@example.net,Hickston,Sierra Leone,2025-05-14
45,David,Dennis,april00@example.com,West Ericside,Colombia,2023-06-07
46,Jessica,Thompson,sanchezmatthew@example.org,Adamburgh,Malta,2025-05-17
47,Matthew,Combs,bcastillo@example.com,Gonzalesfurt,Australia,2023-04-02
48,Raymond,Guerrero,nicole64@example.com,Amyfurt,Kazakhstan,2025-02-08
49,Harry,Simmons,millerjeffrey@example.com,Mossshire,Peru,2022-11-18
50,Anthony,Roberts,pnielsen@example.net,Angelaport,Zimbabwe,2025-02-15
51,Daniel,Smith,fromero@example.com,Juliefurt,Bulgaria,2026-06-26
52,Kristina,Williams,jasonpreston@example.net,New Melissabury,Romania,2023-04-05
53,Julia,Morales,brownjustin@example.net,North Timothyborough,Venezuela,2024-04-15
54,Devin,Washington,xsantos@example.net,Smithstad,Marshall Islands,2024-12-08
55,Whitney,Beck,nguyenjames@example.org,Dawsonshire,South Georgia and the South Sandwich Islands,2026-02-16
56,Leslie,Estes,baileyanthony@example.org,Port Phillipstad,Palestinian Territory,2025-12-29
57,Diamond,Lee,stevehumphrey@example.org,Lake Susanberg,Chile,2025-01-08
58,Kathleen,Carrillo,bboone@example.org,Lake Bethhaven,Iran,2023-10-03
59,Christopher,Manning,william72@example.org,Kiddton,Western Sahara,2023-03-16
60,Kevin,Jones,spencerrichardson@example.net,Sotoport,Isle of Man,2025-05-02
61,Matthew,Barnes,williamclark@example.com,Martinville,American Samoa,2024-05-23
62,Michael,Mcmahon,dgonzalez@example.net,East Susan,Belgium,2025-04-08
63,Kristen,Rogers,zacosta@example.com,Lake Victoriaview,Italy,2023-02-20
64,Jodi,Silva,asmith@example.com,West Jenniferville,Serbia,2024-04-20
65,Kylie,Williams,johnsonlaura@example.com,Kristinberg,Turkmenistan,2022-12-09
66,Dorothy,Jones,denise10@example.org,West Jared,French Guiana,2022-10-21
67,Justin,Holmes,joseph65@example.net,Kevinfurt,Greenland,2026-01-19
68,Rebecca,Johnson,barrettchristine@example.net,North David,Marshall Islands,2026-04-02
69,Martin,Owens,slucas@example.com,Matthewfurt,Liberia,2026-02-11
70,Kelly,Solis,cbarrett@example.com,Kennethmouth,Vietnam,2025-05-10
71,Laura,Johns,rebecca20@example.org,North Logan,Lao People's Democratic Republic,2023-05-25
72,Michele,Anderson,kellyanderson@example.net,Port Scottfurt,Haiti,2023-01-12
73,Benjamin,Duran,anthony66@example.com,New Christopher,Bolivia,2024-10-20
74,Anthony,Simmons,michael99@example.com,North Crystal,Suriname,2025-08-31
75,Randy,Ochoa,xthompson@example.org,Mosesstad,Anguilla,2023-03-15
76,Jill,Payne,spencerblack@example.net,Ramirezburgh,Holy See (Vatican City State),2024-01-22
77,Cody,Bryan,kevinpearson@example.org,South Katherine,Jamaica,2025-09-02
78,Robert,Farrell,astephens@example.com,Port Lindseyport,Peru,2024-01-29
79,Richard,Herrera,harringtonrichard@example.net,East Kevinview,Haiti,2022-11-16
80,Patrick,Lawrence,jamesturner@example.com,Jenniferbury,French Polynesia,2023-05-03
81,Jenny,Brown,ydaniels@example.net,Pricefort,Djibouti,2023-05-03
82,Brenda,Mathews,chaseallen@example.net,Arthurport,Guinea,2025-07-30
83,Amanda,Williams,frenchbrandon@example.org,East Kylebury,Saint Helena,2023-04-24
84,Lindsay,Miller,sarahsmith@example.org,Kimberlymouth,Latvia,2025-09-03
85,Megan,Solis,willismelissa@example.net,North Terrencemouth,Gambia,2025-07-18
86,Daniel,Burke,brittneyreyes@example.net,Huntmouth,Ecuador,2025-03-13
87,Mark,Barton,molson@example.org,Scottstad,Panama,2026-02-23
88,Elizabeth,Ellis,angelicasmith@example.org,Juliemouth,New Zealand,2025-12-06
89,Benjamin,Moore,maryshelton@example.com,Jonesland,Botswana,2025-05-30
90,Penny,Russo,kdennis@example.org,North Abigail,South Georgia and the South Sandwich Islands,2024-04-19
91,Diane,Frazier,hickmantiffany@example.com,West Lisa,Cuba,2023-09-21
92,Thomas,Walker,mmurphy@example.com,Justinmouth,United States of America,2025-09-25
93,Yvonne,Brown,carrollomar@example.com,East Jonathan,Ghana,2024-09-09
94,Jake,Lee,dalesullivan@example.net,Singhbury,Antarctica (the territory South of 60 deg S),2023-09-26
95,Jeffrey,Manning,cookjason@example.org,Carolineside,French Polynesia,2026-01-05
96,Destiny,Tran,djones@example.org,North Brenda,Faroe Islands,2026-02-18
97,Scott,Stewart,heathercopeland@example.org,South Zacharyport,Saint Helena,2023-09-22
98,Jason,Murphy,fergusonbryce@example.org,Port Antonio,Gambia,2022-08-20
99,Regina,Dyer,dross@example.org,Lawrencefort,Equatorial Guinea,2026-03-05
100,Gregory,Travis,meghandavis@example.org,Wilsonfurt,Monaco,2024-03-08
101,Ryan,Miranda,robert48@example.org,East Jimmystad,Belarus,2023-05-13
102,Amanda,Wood,csmith@example.com,Glennstad,Turkmenistan,2025-08-26
103,Justin,Reid,davisaustin@example.com,Ianfort,Cote d'Ivoire,2023-11-25
104,Olivia,Martinez,lisawebb@example.net,Jonesfort,Antigua and Barbuda,2024-03-10
105,Wayne,Kelly,sara90@example.net,Port Michellebury,United States Virgin Islands,2023-01-08
106,Julie,Hall,xmichael@example.com,New Blake,Myanmar,2024-04-11
107,Tammy,Daniels,davidmayer@example.net,South Michael,French Guiana,2023-01-06
108,Crystal,Mckay,waltersdouglas@example.com,Mitchellfort,Iran,2026-03-23
109,Tony,Young,ugardner@example.com,Susanville,Portugal,2025-08-06
110,Joe,Hull,katiedecker@example.com,New Nancyville,Montenegro,2025-08-30
111,Jason,Adams,stephanie67@example.com,New Heidiberg,Turkmenistan,2022-08-13
112,Amy,Ayala,dustin08@example.org,Lake Troyburgh,Guadeloupe,2026-06-04
113,Christopher,Ashley,nochoa@example.com,Brooksmouth,Peru,2024-08-12
114,Sara,Mccall,xpowell@example.org,East Ashleymouth,South Africa,2025-09-14
115,Bonnie,Smith,jimsmith@example.com,New Jamesbury,United States Virgin Islands,2023-03-01
116,Jessica,Parks,keithelijah@example.net,New Jessehaven,French Southern Territories,2022-10-22
117,Arthur,Rogers,amycox@example.com,Rivasview,Syrian Arab Republic,2025-09-03
118,Anthony,Collins,tmartinez@example.com,Randyfort,Pakistan,2023-03-13
119,Jacob,Hansen,smcdonald@example.net,New Kimberlytown,Japan,2025-06-14
120,Stacey,Miller,fperez@example.org,South Rebecca,Estonia,2025-01-18
121,Ana,Torres,jonathan49@example.com,Sethburgh,Thailand,2024-07-06
122,Richard,Bush,andrew03@example.net,Davidfurt,Pakistan,2025-04-09
123,William,Ferguson,bradley93@example.com,North Kimberlychester,Central African Republic,2025-12-02
124,Amanda,Cox,cainbenjamin@example.com,North Mark,Mayotte,2025-08-07
125,Theresa,Gordon,jeffreyhunt@example.com,Penningtonton,Mongolia,2022-09-21
126,Theresa,Lucas,aclements@example.net,Torresfort,Argentina,2025-04-25
127,Lindsey,Cook,nwebb@example.net,Englishmouth,Pitcairn Islands,2025-09-27
128,Mark,Medina,josephaustin@example.net,East Amber,Slovenia,2025-07-21
129,Sara,Mcdonald,cisneroschristine@example.com,Andrewton,Spain,2023-12-09
130,Bradley,Smith,hmiller@example.com,North Paul,Nauru,2023-10-22
131,Jennifer,Hester,ronaldnelson@example.org,North Brucemouth,Vanuatu,2023-05-27
132,Michelle,Harris,ericdavis@example.com,West Jessica,Dominica,2024-01-18
133,Joshua,Ramos,katherinestewart@example.org,New Erin,Japan,2025-06-24
134,Kenneth,Byrd,kwhite@example.net,Tinabury,Uzbekistan,2022-10-02
135,Rachel,Adams,wrios@example.org,East Vanessa,Saint Helena,2023-06-02
136,Daniel,Knox,tkennedy@example.com,Khanfurt,Finland,2026-06-20
137,Alexis,Butler,tbarber@example.net,Ronaldside,Australia,2023-09-16
138,Richard,Davis,fdavila@example.net,Brendamouth,Barbados,2023-07-14
139,Adam,Martin,jaimedaniels@example.org,Port Brian,Korea,2025-11-16
140,Scott,Skinner,shernandez@example.org,West Jamiehaven,Cyprus,2024-11-24
141,Calvin,Gutierrez,melaniegreen@example.net,Newtonbury,Cyprus,2026-03-12
142,Jennifer,Haynes,cordovadustin@example.com,Apriltown,Anguilla,2024-04-25
143,Andrew,Brady,craigking@example.com,Port Melissa,Norway,2022-11-18
144,Amber,Lee,hendersonteresa@example.net,Port Brandon,Croatia,2025-11-03
145,William,Allison,christopher13@example.net,West Adamside,Benin,2023-01-06
146,Michael,Johnson,peter89@example.org,Browningmouth,Myanmar,2023-08-12
147,Johnny,Miller,wellstheresa@example.org,West Wayneburgh,Qatar,2026-06-06
148,Oscar,Wallace,fmorgan@example.com,New Cindy,Brazil,2024-06-10
149,Brandon,Thompson,qhaynes@example.net,Port Stephanie,Aruba,2025-02-12
150,Clinton,Williams,taraleblanc@example.org,Rochafort,Korea,2024-08-19
151,Matthew,Smith,meganmyers@example.net,South Jonathantown,Iraq,2024-07-31
152,Penny,Hester,jacksonkelly@example.net,West Steven,Honduras,2025-02-04
153,Lydia,Olsen,gonzalezjared@example.net,East Kenneth,Dominica,2023-11-05
154,Jason,Hayes,fdaniel@example.com,New Davidton,Congo,2022-12-13
155,Kelly,Preston,foxbethany@example.org,Port John,Vanuatu,2026-02-02
156,Michael,Casey,martinezjoshua@example.org,Matthewside,Argentina,2024-01-21
157,Ian,Aguilar,olong@example.org,Jasmineshire,Singapore,2022-10-10
158,Amy,Thomas,jonesjennifer@example.com,Rodriguezfurt,French Guiana,2024-06-19
159,Rebecca,Reynolds,james48@example.com,Bridgesfurt,Guyana,2025-05-25
160,Marisa,Martinez,fflores@example.org,Brownborough,Brazil,2026-03-13
161,Paul,Brooks,gabrielle47@example.com,Martinberg,Zimbabwe,2025-06-04
162,James,Davis,felicia08@example.net,Lake Jamesberg,Netherlands Antilles,2023-02-18
163,Joseph,Miller,mking@example.net,Rachelside,Poland,2025-03-08
164,Laurie,Barron,otorres@example.com,Sanchezmouth,Haiti,2025-02-05
165,Cheryl,Parrish,smithedward@example.net,West Raymond,Peru,2022-12-24
166,Taylor,Webb,ashley24@example.com,East Katherinebury,Burkina Faso,2022-08-25
167,Belinda,Thompson,holly66@example.org,Manningmouth,Indonesia,2022-09-25
168,Alexander,Powell,abigailrodriguez@example.org,North Thomas,Georgia,2025-11-17
169,Christine,Johnson,anthony42@example.net,East Johnville,Trinidad and Tobago,2025-04-13
170,David,Hanson,dmalone@example.net,Taylorport,El Salvador,2023-07-21
171,Stacie,Stevenson,pbrown@example.net,Stephaniestad,Dominican Republic,2023-03-06
172,Dakota,Smith,melindareyes@example.org,East Adam,Gambia,2023-10-02
173,Latasha,Johnson,mtucker@example.org,Cannonton,Canada,2026-02-12
174,Robert,Robinson,stonejeffery@example.net,North Cynthia,Norfolk Island,2026-04-26
175,Christopher,Williams,nicholassutton@example.com,East Madisonborough,Nauru,2024-01-15
176,Danny,Barnett,brucewilkins@example.com,Rebeccastad,Ghana,2024-01-13
177,Ashley,Estes,tgreen@example.com,South Troyhaven,Cambodia,2024-02-06
178,Adam,Curtis,danielramos@example.net,Jacksonside,Antigua and Barbuda,2024-06-04
179,James,Rowe,karen98@example.com,New Karinastad,Brunei Darussalam,2025-04-18
180,Melissa,Williams,dwood@example.net,East James,Grenada,2024-09-28
181,Mary,Brown,chelsea74@example.com,Colemanfurt,Jordan,2023-02-11
182,David,Evans,katherine33@example.org,Adamsborough,Cocos (Keeling) Islands,2022-10-19
183,Justin,Mcdonald,danielleparks@example.net,Emilyshire,Belarus,2022-11-04
184,Rebecca,Giles,kristenmarquez@example.net,Richardside,Northern Mariana Islands,2026-01-05
185,Evan,Mann,steven77@example.org,Port Briannaland,Jersey,2024-03-16
186,Christopher,Liu,jesusbecker@example.com,West Dannyside,Jordan,2023-08-06
187,Cynthia,Leblanc,wrightchristopher@example.com,West Amanda,North Macedonia,2026-04-25
188,Alec,Leach,djohns@example.net,Gloverside,Algeria,2025-03-05
189,Angela,Taylor,ycastaneda@example.com,New Julieview,Madagascar,2025-10-19
190,Danielle,Swanson,don28@example.org,Gallegoschester,Thailand,2026-04-20
191,Jeff,Francis,francisco27@example.org,Burketon,France,2023-05-26
192,Linda,Johnson,marissa31@example.org,East Logan,Afghanistan,2026-01-27
193,Michael,Ramos,tanner21@example.com,Terrystad,Estonia,2024-01-25
194,Edward,May,michelle15@example.net,North Anthony,Saint Helena,2026-08-05
195,Bryan,Trujillo,morganalexis@example.com,Garciashire,Romania,2026-04-19
196,Jonathan,Werner,andreajackson@example.org,West Tarahaven,India,2026-08-05
197,Thomas,Morse,ipowell@example.com,Jeffreyfort,Saint Helena,2022-09-19
198,Matthew,Hebert,georgestephanie@example.org,East Jennaburgh,Nauru,2025-03-27
199,Angela,Mueller,cheryl30@example.com,Reynoldsberg,French Southern Territories,2025-10-04
200,Jaime,Manning,nelsonjoseph@example.org,Lisamouth,Mauritius,2024-03-05
201,Richard,Odonnell,jesse78@example.com,Kevinville,Mayotte,2024-03-18
202,Kayla,Clark,tammy88@example.com,Mistyport,Reunion,2025-06-09
203,Taylor,Brady,nicholas71@example.net,Port Kurt,Tanzania,2024-10-21
204,Johnny,Brown,andersonjessica@example.net,Walkershire,Solomon Islands,2026-03-31
205,Carlos,Curtis,williamlewis@example.com,Rollinsmouth,Venezuela,2024-02-01
206,Debra,Cohen,ekerr@example.net,Bellshire,Brunei Darussalam,2025-11-08
207,Louis,Gordon,kelly30@example.net,North Nicoleborough,Angola,2025-12-28
208,Heather,Bowman,kathryn59@example.net,Phillipsstad,Zimbabwe,2026-08-04
209,Christina,Lawson,andrewjennings@example.net,Jonesbury,Gambia,2024-11-27
210,Frank,Miller,shanegallegos@example.net,Madisonchester,Rwanda,2026-08-02
211,Andre,Espinoza,robertbray@example.net,Lake Justin,Latvia,2025-01-08
212,Roger,Rosales,riveratraci@example.com,Jeffreytown,Uzbekistan,2023-01-01
213,Angela,Alexander,mollywatson@example.com,Scottshire,Hong Kong,2025-06-04
214,Nathan,Melton,ernestwest@example.com,Brooketown,Puerto Rico,2024-11-16
215,Kristen,Parker,nanderson@example.com,Victoriaborough,New Zealand,2025-11-23
216,Kelly,Kennedy,caserodney@example.net,Hunterton,Guyana,2023-07-28
217,Scott,Holmes,sosadylan@example.org,Josehaven,Guam,2024-12-11
218,Richard,Coleman,paul59@example.com,West Dennis,Austria,2024-12-24
219,Cesar,Smith,michaelray@example.net,Johnsonshire,Hong Kong,2023-09-26
220,Amanda,Bennett,michaela56@example.org,Haleyshire,Martinique,2023-04-06
221,Kayla,Marshall,karen28@example.org,Manueltown,Saint Helena,2023-01-04
222,David,Rivera,robertpowell@example.net,Stuartport,Burundi,2026-04-01
223,David,Hodge,barbararivera@example.org,Lake Carlosbury,Japan,2026-08-05
224,Gary,Harris,cooperangela@example.com,Schmidtfort,South Georgia and the South Sandwich Islands,2026-04-06
225,Kristine,Bruce,richard22@example.org,East Dominique,Antigua and Barbuda,2023-10-06
226,Gregory,Kim,dhudson@example.net,Alexandershire,Costa Rica,2022-12-18
227,Angela,Russell,janet02@example.org,Patrickmouth,Cuba,2026-05-30
228,Tanya,Rodriguez,owright@example.org,Samuelbury,Botswana,2024-03-18
229,Tamara,Crosby,yolandagill@example.org,Tylermouth,Turkey,2023-11-10
230,Joshua,Montoya,charles94@example.com,Watkinsfort,Mexico,2024-08-28
231,Joseph,Day,timothyvaldez@example.net,New Brianchester,United States Virgin Islands,2025-08-31
232,Eric,Alexander,bmiller@example.net,North Joanstad,Sri Lanka,2026-07-06
233,April,Anderson,xmullins@example.com,Lisaton,Yemen,2025-07-04
234,Jessica,Baker,joseph04@example.com,New Thomas,Guam,2026-06-09
235,Deborah,Rodriguez,evelyn64@example.net,Parkerville,Myanmar,2025-11-19
236,Sandra,Carpenter,ruth29@example.org,New Derekfurt,Argentina,2023-04-12
237,Zachary,Lam,amanda66@example.org,North Aprilland,Mongolia,2026-03-08
238,Kathy,Ritter,william89@example.com,West Mikefurt,Nauru,2025-08-23
239,Brenda,Jackson,wwarner@example.net,Lopezbury,Cuba,2023-01-12
240,Justin,Robertson,marycontreras@example.org,Montesmouth,Uzbekistan,2023-03-17
241,Christopher,Coleman,wellscrystal@example.com,New Alexandria,Guinea,2024-07-06
242,Brian,Wilson,daniel77@example.com,New Tracyborough,Bahamas,2023-12-18
243,Daniel,Craig,valeriegiles@example.org,North Lisa,Papua New Guinea,2024-12-16
244,Katelyn,Carter,tperez@example.com,Lake Kennethside,Sierra Leone,2025-03-21
245,Christopher,Ruiz,davidfischer@example.org,New Tanyachester,Nicaragua,2024-03-06
246,Heather,Valdez,jose74@example.org,Hansonmouth,Pitcairn Islands,2024-03-14
247,Jimmy,Perez,harrisshirley@example.org,Clairefurt,Solomon Islands,2023-08-15
248,Samuel,Zimmerman,theresa46@example.com,New Pamela,Malta,2025-02-26
249,Heather,Wolf,dunnangela@example.net,Johnsonmouth,Thailand,2023-03-04
250,Shannon,Wilkerson,kellymitchell@example.net,Hernandezberg,Slovakia (Slovak Republic),2023-02-24
251,Kevin,Hart,kevintaylor@example.net,Brownview,Eritrea,2025-04-14
252,Patricia,Quinn,khall@example.com,Clarkland,Christmas Island,2025-09-29
253,Darren,Campbell,atkinsmelissa@example.net,Gonzalezstad,Anguilla,2022-11-28
254,Crystal,Roberts,ibarrera@example.com,Lake Julie,New Caledonia,2025-04-15
255,Roger,Lee,charlesyu@example.org,Santosburgh,United States of America,2025-05-02
256,Jennifer,Harper,lindseyhunter@example.org,Oneillfort,Iran,2026-01-30
257,Julia,Bailey,jason72@example.org,Port Jason,Austria,2024-08-10
258,Alfred,Matthews,jill05@example.net,Rollinsstad,Chile,2025-03-27
259,Cody,Phillips,lozanocorey@example.org,East Heatherhaven,Bhutan,2025-01-27
260,Destiny,Henson,veronica10@example.net,South Todd,Indonesia,2026-04-18
261,Edward,Schmidt,amyferguson@example.org,New Melissa,Lebanon,2025-09-18
262,Kathy,Moon,lluna@example.net,Jenniferton,Turkey,2023-11-03
263,Jessica,Robinson,carrjerry@example.com,Jacksonport,Uganda,2024-10-05
264,Tamara,Hill,sierra54@example.net,West Davidburgh,Palau,2023-11-17
265,Timothy,Cox,pierceelizabeth@example.com,Paulafort,Bahamas,2022-09-01
266,Pamela,Schultz,srodgers@example.org,Hinesstad,Anguilla,2024-04-09
267,Michael,Clark,ariel78@example.com,Lake Raymondton,Saint Helena,2024-10-10
268,Brandon,Hale,pricerachel@example.com,Danielside,Sao Tome and Principe,2025-06-01
269,Brittany,Clark,fergusonwilliam@example.com,Port Kimberly,Nigeria,2022-11-25
270,Brooke,Miller,longdavid@example.com,South Joel,Venezuela,2023-08-01
271,Raymond,Martinez,ccaldwell@example.net,New Philip,Jordan,2026-04-15
272,Jeremy,Krueger,gellis@example.net,Morseland,Brunei Darussalam,2023-06-15
273,Scott,Davis,tvaughn@example.net,Brycefurt,Argentina,2023-05-29
274,Virginia,Yang,martha50@example.com,Port Teresahaven,United Arab Emirates,2023-09-03
275,Vanessa,Ramirez,danielleproctor@example.com,New Sarah,Holy See (Vatican City State),2023-02-27
276,Sara,Campbell,isaac79@example.org,East Kevin,Israel,2026-03-02
277,Valerie,Santos,susan50@example.net,Lake Robertstad,Cuba,2026-05-02
278,Jesse,Johnson,pjones@example.net,New Jamesfort,South Georgia and the South Sandwich Islands,2023-09-06
279,Nicole,West,howardamber@example.net,Ortiztown,Sao Tome and Principe,2026-03-14
280,Rebecca,Gonzalez,roblesmichael@example.net,South Christopherburgh,Bouvet Island (Bouvetoya),2023-12-01
281,Jessica,White,maureenhoward@example.net,New Briannachester,Zambia,2024-03-24
282,Brooke,Cantu,qavila@example.com,North Jessicashire,Gibraltar,2025-11-12
283,Vincent,Garcia,cooperheidi@example.net,South Alexisfort,Samoa,2025-08-03
284,Shelia,Snyder,sarahhenson@example.net,Melissatown,Barbados,2026-05-13
285,Jeremy,Evans,patrickmoran@example.org,Garytown,Mayotte,2024-11-29
286,Audrey,Glass,vdyer@example.net,Lake Annette,Norway,2025-08-04
287,Dwayne,Johnson,brooke74@example.com,North Samanthaport,Monaco,2025-08-29
288,Darlene,Allen,dlong@example.com,Aaronview,Russian Federation,2025-04-21
289,Stephen,Lee,michelle58@example.com,West Jaymouth,Cameroon,2026-05-26
290,Alex,Curry,browntimothy@example.net,Galvanchester,Kazakhstan,2022-09-25
291,Jason,Strong,lewisnancy@example.net,New Christopherland,Angola,2024-06-23
292,Luke,Shaw,espinozabryce@example.net,Austinfurt,Namibia,2023-08-19
293,Stephanie,Smith,kyleboone@example.com,South Amberview,Uganda,2022-11-27
294,Natalie,Dixon,smithdaniel@example.org,Reyesland,Vanuatu,2024-05-19
295,Paula,Morris,ibrooks@example.org,Millertown,Cuba,2022-10-10
296,Teresa,Alvarado,hectorcrawford@example.com,Nancyport,Faroe Islands,2022-08-22
297,Timothy,Nelson,scott11@example.net,New Adrienne,Guam,2023-10-12
298,Nicole,Everett,joan69@example.com,Kellymouth,Montenegro,2026-04-10
299,Alexander,Walker,rayrachel@example.com,West Kristen,Lithuania,2023-01-22
300,Michael,Myers,bennettdavid@example.com,Jamiehaven,Oman,2024-12-27
301,William,Smith,corey29@example.net,Delgadoshire,Andorra,2023-11-11
302,Kimberly,Lopez,robertpatterson@example.com,South Brooketon,Jamaica,2023-07-17
303,Ashley,Ramirez,katherine52@example.com,Hoborough,Haiti,2025-01-16
304,Ronald,Jacobs,ngonzalez@example.net,Hallhaven,Nicaragua,2026-06-19
305,Melissa,Cameron,pottsdavid@example.net,South Scottmouth,Korea,2023-12-07
306,Christopher,Rodgers,marshallpamela@example.net,Nicholasberg,Luxembourg,2024-02-22
307,Trevor,Sanchez,evazquez@example.net,Jerrychester,Zimbabwe,2022-09-04
308,Brooke,Griffin,msingleton@example.net,Smithmouth,Saint Vincent and the Grenadines,2023-02-18
309,Johnathan,Garrett,hsanders@example.org,South Joshua,Bouvet Island (Bouvetoya),2025-04-12
310,Brittany,Sanders,william95@example.com,East Christopher,Equatorial Guinea,2022-12-28
311,Kerri,Patterson,jameslee@example.com,Lake Jacqueline,Namibia,2024-09-21
312,Ryan,Case,nicole76@example.org,Amymouth,Haiti,2022-10-07
313,Jessica,Jenkins,chaley@example.net,Waltonmouth,Austria,2025-02-17
314,Michelle,James,acevedodanielle@example.com,Princeland,Namibia,2026-02-17
315,Jacob,Mclaughlin,heidiklein@example.com,Hestertown,Aruba,2023-01-11
316,Tanya,Stone,cduffy@example.net,Lake Vickifort,Israel,2023-10-31
317,Thomas,Copeland,barbarascott@example.org,East Leah,Chile,2023-10-31
318,Christine,Fitzpatrick,mary33@example.net,Rebeccastad,Holy See (Vatican City State),2023-09-01
319,Peter,Parsons,richard05@example.org,Johnsonberg,Marshall Islands,2024-07-26
320,Jorge,Bennett,rileyanna@example.net,Josehaven,Slovenia,2024-02-04
321,Alisha,Stout,lnguyen@example.com,New Christymouth,Tokelau,2023-08-28
322,Tyler,Coleman,david96@example.net,Port Teresa,Denmark,2025-11-08
323,Monica,Blair,qdavis@example.com,South Alexandria,South Africa,2026-05-04
324,Philip,Wilson,thomas62@example.com,Port Donna,Burundi,2023-11-14
325,Michael,Nash,roberthunter@example.net,Petersmouth,Gambia,2024-10-26
326,Thomas,Cooper,moralesmeghan@example.com,Justinberg,France,2025-04-10
327,Barbara,Jones,abrown@example.com,Haroldview,San Marino,2024-12-30
328,Elizabeth,Dixon,hjackson@example.net,New Jessica,Wallis and Futuna,2023-02-24
329,Melissa,Snyder,roberthuang@example.org,Port Michaelside,United States of America,2024-11-08
330,Melissa,Carlson,baileymatthew@example.net,Grossview,American Samoa,2026-04-16
331,Gloria,Li,brownmichael@example.net,Mcphersontown,Nigeria,2024-04-25
332,Caitlin,Allen,barbarapena@example.org,Lake Kimberlyshire,Cape Verde,2024-05-15
333,Brian,James,hlowe@example.org,Meyerside,Georgia,2022-08-11
334,Katie,Mcgee,samantha13@example.com,Amandastad,Bulgaria,2026-08-01
335,David,Townsend,pateltina@example.org,Lewisborough,Tonga,2025-09-19
336,Steven,Hammond,tstewart@example.org,Robertborough,United States of America,2025-07-25
337,Seth,Mason,charles42@example.com,West Ivan,Cocos (Keeling) Islands,2023-12-27
338,Don,Proctor,fosteremily@example.net,Lake Ryan,Burkina Faso,2022-12-03
339,Kellie,Page,kelly77@example.net,Zacharyton,Reunion,2026-02-25
340,Jason,Carr,walkernicholas@example.com,North Johnshire,Uganda,2024-11-28
341,Adam,Brady,andrew42@example.net,Cooperberg,Malta,2024-07-09
342,Thomas,Brown,karenhernandez@example.org,North Jasonborough,Austria,2026-08-05
343,Shane,Roth,drodriguez@example.com,Lake Deborah,Switzerland,2024-10-07
344,Mary,Graham,princetroy@example.org,Mullinsfurt,Netherlands,2023-05-13
345,Hannah,Scott,eguzman@example.net,Jacobsonville,Algeria,2026-04-22
346,Charlene,Russell,katelyn46@example.net,West Jacob,India,2022-10-07
347,William,Wilson,kelleyjasmine@example.net,Port Melissa,Burundi,2024-03-28
348,Dawn,Robbins,merrittfrancisco@example.com,Port Ashleyshire,Suriname,2023-04-06
349,Todd,Wilkins,daniel63@example.com,Lake Jack,Bahamas,2024-06-21
350,Sabrina,Young,timothyeaton@example.net,Meganmouth,Netherlands,2024-11-06
351,Nicholas,Mccoy,erinbennett@example.com,Newmanfurt,Korea,2025-10-24
352,Morgan,Cardenas,noah84@example.org,Kleinbury,Western Sahara,2023-02-15
353,Erin,Johnson,djimenez@example.org,South Ericamouth,Papua New Guinea,2023-02-25
354,Jeffrey,Estrada,mary47@example.com,Allenberg,Bosnia and Herzegovina,2026-01-04
355,Bobby,Le,stevenhood@example.org,Port Miguel,South Georgia and the South Sandwich Islands,2022-09-09
356,Phyllis,Le,tinaphillips@example.net,Anatown,France,2024-02-15
357,Randy,Novak,amandagill@example.org,East Katherineville,Netherlands Antilles,2026-03-20
358,Louis,Spencer,amandaclark@example.org,Lake Johnport,Brazil,2025-09-21
359,James,Andrews,brianmayo@example.org,Lake Nicholasshire,Oman,2024-04-16
360,Joshua,Alvarado,taylornicole@example.com,Robertsside,Saint Lucia,2024-02-24
361,Denise,Woodard,panderson@example.net,Paulton,Turkmenistan,2024-11-05
362,Bradley,Ingram,alicemills@example.net,Daltontown,Puerto Rico,2025-02-27
363,Alexander,Holmes,hrose@example.net,Evansstad,Gibraltar,2025-08-11
364,Frank,Wilson,johnbranch@example.net,South Rachel,Belize,2025-12-09
365,Ryan,Black,donald01@example.com,Carlsonstad,Mozambique,2024-04-26
366,Harry,Weeks,chelsey46@example.org,Lake Justin,Pakistan,2025-01-01
367,Benjamin,Bonilla,rmack@example.net,West Jennifer,Equatorial Guinea,2026-04-14
368,Anna,Brown,sharon15@example.com,Michaelborough,Georgia,2022-08-09
369,Patrick,Noble,christine79@example.org,South Nicoleview,France,2023-09-14
370,Elizabeth,Melton,thomas32@example.net,Port Staceyfort,Cook Islands,2025-09-11
371,Steven,Campbell,ryanjennifer@example.org,Brandyberg,Faroe Islands,2024-09-24
372,Donna,Caldwell,hjensen@example.com,Douglasfort,Botswana,2024-02-15
373,Stephanie,Hunt,michaelmiller@example.org,Blanchardburgh,Romania,2026-02-22
374,Leslie,Ochoa,howardzachary@example.org,Joneschester,Latvia,2024-04-10
375,Amy,Curtis,erinsandoval@example.org,Port Adam,Macao,2025-12-31
376,Dylan,Gardner,batesmarcus@example.net,Garretttown,Ecuador,2026-07-06
377,Maria,Maynard,phamgordon@example.com,Amyville,Israel,2025-10-31
378,Rhonda,Lynch,oallen@example.net,Michellestad,Kuwait,2025-05-10
379,Sheila,Barry,kara32@example.net,North Jenniferfort,Lithuania,2025-12-22
380,Amy,Morse,aaronhoward@example.com,Stephanieside,Antarctica (the territory South of 60 deg S),2026-07-22
381,Sara,Thomas,caroline76@example.net,Lindsayfurt,Qatar,2025-05-19
382,Vanessa,Reyes,kwilliams@example.org,West Maryborough,Gambia,2023-08-05
383,Rose,Watson,shawnwilliams@example.net,Lake Jeremy,Bosnia and Herzegovina,2023-08-28
384,Tony,Mcbride,fvargas@example.com,Novakfurt,Brunei Darussalam,2026-07-20
385,Susan,Thompson,nromero@example.com,Michelleport,Libyan Arab Jamahiriya,2025-05-02
386,Roger,Miller,myerslaura@example.com,Emmafort,Isle of Man,2023-11-06
387,Nathan,Cole,mleonard@example.org,East Kimborough,United Arab Emirates,2023-07-27
388,Brian,Lucas,bakeramber@example.net,South Tracyside,Guam,2022-10-09
389,Maria,Williams,cathyjackson@example.org,South Mike,Brazil,2024-05-20
390,Selena,Richards,areynolds@example.org,West Justin,Uganda,2026-03-09
391,Brandon,Johnson,denisecampbell@example.com,Melindaberg,Sudan,2024-03-08
392,Kristen,Lowery,brittney26@example.com,Kellytown,Tonga,2024-07-26
393,Allen,Horton,ufitzgerald@example.org,Mayoburgh,Heard Island and McDonald Islands,2024-05-18
394,Beth,Cook,dpowell@example.org,Leport,Germany,2026-03-10
395,Karl,Johnson,rpham@example.com,Mcconnellview,El Salvador,2024-10-09
396,Darlene,Swanson,brittanyadams@example.net,Barrettland,Lithuania,2025-09-25
397,Jonathan,Mendoza,david04@example.com,North Susanshire,Sri Lanka,2024-07-17
398,Samuel,Alexander,garciaandrew@example.com,South Jerryshire,Cape Verde,2025-08-22
399,Michael,Humphrey,broberts@example.net,East Adam,Bahrain,2026-07-24
400,Shane,Braun,williamsbrianna@example.net,West Shawntown,Reunion,2023-11-15
401,Steve,Munoz,nicholsbrandon@example.net,Jasonfort,Rwanda,2026-07-18
402,Tina,Daniel,peterhamilton@example.com,Kimberlybury,Belgium,2025-09-07
403,Brian,Solis,charles19@example.com,North Christy,Ireland,2022-08-10
404,Christine,Garcia,brittneyestrada@example.com,Ashleyview,Barbados,2024-08-19
405,Robert,Carson,anthony78@example.com,North Jamesfort,Jersey,2023-07-24
406,George,Roberson,miranda99@example.org,South Kevinchester,Vietnam,2023-03-21
407,Evan,Lewis,qwhite@example.com,South Michelle,Romania,2023-11-23
408,Amy,Marshall,lamvictoria@example.org,Whiteton,Palestinian Territory,2022-11-27
409,William,Thomas,mirandajohnson@example.com,Johnsonport,British Virgin Islands,2025-09-16
410,Jacob,Frye,mark41@example.net,Christophershire,Portugal,2023-05-07
411,Thomas,Barber,patricia84@example.com,Cynthiamouth,Venezuela,2026-03-07
412,Michael,Morris,jackbell@example.org,South Jodyfurt,Malawi,2025-04-12
413,Sarah,Martin,tclayton@example.net,East Elizabethstad,United States of America,2025-07-01
414,Marc,Randall,daniellebaker@example.com,Lake Jocelynport,Pitcairn Islands,2024-03-05
415,Meghan,Baxter,mariaburke@example.net,East Theresaburgh,Guatemala,2024-09-26
416,Maria,Murphy,melanie40@example.net,Port Williammouth,Niue,2026-07-21
417,Amy,Wells,monique75@example.com,East Shawnbury,Algeria,2025-02-24
418,Maurice,Jones,phinton@example.org,South Danielleport,British Virgin Islands,2025-01-13
419,Seth,Warner,christophermontgomery@example.org,Michaelfurt,Slovenia,2024-01-23
420,Connie,Burch,willietapia@example.com,Dianeberg,Mali,2026-04-16
421,Jennifer,Boone,dharris@example.com,Johnbury,United Kingdom,2026-08-03
422,Shannon,Moore,vstrong@example.com,Port Jason,Cook Islands,2025-01-09
423,Jessica,Bullock,aliciawang@example.net,South Travis,Cocos (Keeling) Islands,2025-03-27
424,Ariel,Lewis,andrea63@example.com,South Krystal,Nigeria,2023-06-16
425,Dominic,Hernandez,annettejackson@example.org,North Trevor,Denmark,2025-01-19
426,Maria,White,diane58@example.net,East Kaylashire,Central African Republic,2022-09-06
427,Rachel,Long,thomaswhite@example.net,North Catherine,Estonia,2023-06-27
428,James,Scott,sarahriggs@example.com,Garzaburgh,Vietnam,2022-09-13
429,Robin,Frazier,martinezwilliam@example.net,South Abigailmouth,San Marino,2023-11-13
430,Steven,Brown,christinacarter@example.com,West Markbury,Paraguay,2023-06-27
431,Barry,Vasquez,martinkari@example.org,Aaronmouth,Slovakia (Slovak Republic),2024-11-18
432,Paul,Davis,christineholmes@example.com,New Mark,Germany,2022-09-19
433,Daniel,Holland,carlwade@example.org,Kathyborough,Saint Pierre and Miquelon,2023-03-25
434,Sherry,Olsen,richard73@example.net,East Leahport,Saint Lucia,2023-04-15
435,Wesley,Acosta,vfitzpatrick@example.com,Charlesmouth,Lebanon,2022-10-28
436,Jennifer,Espinoza,ruthalexander@example.org,North Brandonstad,Romania,2024-10-19
437,Jay,Stevens,zgonzalez@example.org,South Teresa,Malaysia,2023-01-12
438,Sharon,Jackson,scottreed@example.org,Ashleyberg,Kyrgyz Republic,2026-01-12
439,Dean,Byrd,dmontgomery@example.com,New Laura,Anguilla,2024-10-25
440,Jennifer,Morris,jessejimenez@example.net,Chavezburgh,Nauru,2025-08-01
441,Alex,Ruiz,david76@example.net,Odonnellhaven,Antarctica (the territory South of 60 deg S),2024-11-04
442,Ryan,Montgomery,bcruz@example.org,Snyderport,Namibia,2026-05-26
443,Ashley,Watson,jennifertaylor@example.org,Lake Christopherton,Brunei Darussalam,2026-01-02
444,Cindy,Roberts,wellslarry@example.net,Justinchester,Samoa,2024-03-10
445,Christine,Daniels,rebekah58@example.com,Gravesshire,Eritrea,2024-09-19
446,Daniel,Bruce,jenniferbaird@example.net,Lake Travis,Botswana,2023-03-05
447,Jessica,Mcbride,manuelhoffman@example.net,Port Debrabury,Sudan,2026-02-18
448,Walter,Greene,michaellittle@example.org,Jenniferfort,Slovenia,2024-05-19
449,Patricia,Cunningham,lewiskevin@example.com,Smithburgh,Barbados,2024-06-11
450,Terry,Francis,garzakevin@example.org,Victoriaview,Equatorial Guinea,2026-05-22
451,Andrea,Wright,katiemacias@example.org,Port Teresa,Gambia,2023-06-26
452,Mitchell,Brown,nataliesmith@example.net,Jenniferside,Suriname,2025-04-08
453,Adam,Williams,wallercynthia@example.org,Lake Jeffrey,Mozambique,2023-10-11
454,Miguel,Sullivan,boothangelica@example.com,Jessicaburgh,Bermuda,2025-01-19
455,Malik,Conley,sosamatthew@example.org,East Dawn,Cayman Islands,2026-07-24
456,Amy,Hamilton,djones@example.com,South Donaldside,Slovenia,2025-04-07
457,Veronica,Williams,timothyanderson@example.com,Kingmouth,Somalia,2023-02-18
458,Geoffrey,Sanders,katrinawilson@example.net,West Daniel,Bahrain,2024-06-11
459,Vanessa,Jackson,juanschroeder@example.com,South Andrew,Uganda,2023-03-29
460,Michele,Shaffer,warrenthomas@example.org,Lorifurt,Liechtenstein,2025-01-15
461,Deborah,Alvarado,lblack@example.net,Howeborough,Pitcairn Islands,2026-03-13
462,Casey,Mccoy,salazarjustin@example.org,Danielburgh,Cyprus,2023-10-17
463,William,Armstrong,zthompson@example.org,South Krista,Turkmenistan,2023-07-30
464,Mark,Simmons,margaretcarrillo@example.com,West Laura,Sri Lanka,2024-04-06
465,Christopher,Fuller,zortiz@example.com,North Kimberlyborough,Guadeloupe,2025-04-22
466,David,Vaughan,matthew09@example.net,Maynardfurt,Niue,2025-04-15
467,Krista,Cooper,amy68@example.com,Gutierrezport,Saint Vincent and the Grenadines,2026-07-14
468,Andrew,Anderson,cruzstephanie@example.net,Clarkstad,Bermuda,2022-11-24
469,Joseph,Bryant,chambersdonald@example.net,West Shawn,New Zealand,2025-05-12
470,Michael,Greene,karenrobinson@example.com,Port Erika,South Africa,2025-05-05
471,Julia,Sandoval,kenneth61@example.net,Vasquezchester,Poland,2023-12-02
472,Nancy,Morris,bspears@example.net,West Amyland,Albania,2024-03-11
473,Jasmine,Abbott,shanehicks@example.com,Lopezview,Gambia,2024-09-30
474,Theodore,Lewis,rachael66@example.com,Sarahfort,Falkland Islands (Malvinas),2025-01-24
475,Shelly,Robinson,dunndaniel@example.net,East Natalieton,Puerto Rico,2025-06-10
476,Karen,Hill,kelsey47@example.net,Brianberg,Tanzania,2025-03-17
477,Alexandra,Rose,amanda96@example.org,West Christinaport,Mali,2023-01-13
478,Jodi,Leonard,paulaturner@example.net,Cherylburgh,Turks and Caicos Islands,2025-01-21
479,Marisa,Mack,jeremy40@example.com,South Heidi,Heard Island and McDonald Islands,2022-11-23
480,Stacy,Anderson,wyattwhitney@example.com,Port Debra,Serbia,2023-08-22
481,Veronica,Taylor,brianmartin@example.net,East Timothy,Burkina Faso,2025-06-23
482,Whitney,Miller,kenneth58@example.net,Mcmillantown,Saint Pierre and Miquelon,2023-06-15
483,Nicholas,Leon,drew79@example.org,Traceytown,Kuwait,2023-09-13
484,Jessica,Barnett,kristenjimenez@example.org,Delgadoborough,Montserrat,2026-07-15
485,Robert,Munoz,stoutrebecca@example.org,Camposshire,Saint Vincent and the Grenadines,2025-06-17
486,Melissa,Smith,adavidson@example.org,West Jay,Finland,2024-07-30
487,Edward,Davis,april08@example.com,Davisview,Libyan Arab Jamahiriya,2023-11-11
488,Kimberly,Alvarado,sophiaknight@example.net,North Sarahtown,Saint Pierre and Miquelon,2024-08-12
489,Gloria,Velazquez,sweeneythomas@example.net,Jasontown,Azerbaijan,2023-01-21
490,Tonya,Robinson,jamesdennis@example.org,Michelefurt,Switzerland,2025-02-26
491,Eric,Wood,stuart67@example.net,East Gina,Vanuatu,2024-11-19
492,Christopher,Walker,dylanharris@example.net,South Nicole,Canada,2025-06-30
493,Michael,Patterson,nicole48@example.com,Bishopside,El Salvador,2026-01-06
494,Bryan,Tran,kelsey02@example.com,Brittanyborough,France,2023-03-02
495,John,Wright,paul78@example.net,Johnsonhaven,Brazil,2026-03-14
496,Kim,Carney,dherrera@example.com,Brentmouth,Uzbekistan,2023-08-22
497,Victoria,Higgins,april80@example.net,Allenfort,Brunei Darussalam,2022-09-13
498,Devin,Stone,jcarroll@example.com,New Andrewmouth,Israel,2022-10-29
499,Samantha,Gray,krystal76@example.net,North Megan,Senegal,2023-11-19
500,James,Cunningham,ocontreras@example.net,South Christopher,Congo,2026-05-30
501,Bianca,Bautista,bryanparker@example.com,Jamesview,Syrian Arab Republic,2024-04-17
502,Tammy,Arnold,vharvey@example.com,Sarahmouth,Christmas Island,2026-07-21
503,Isabella,Matthews,adamsjulia@example.net,South Kennethview,Tanzania,2024-12-14
504,Thomas,Murray,sherrylopez@example.com,Carlosstad,Morocco,2024-06-19
505,Gabriela,Park,blakelynch@example.net,East Anthonyville,Panama,2026-07-21
506,Tyler,Smith,bgutierrez@example.com,Annefort,United Kingdom,2025-05-09
507,Lauren,Ochoa,aluna@example.org,North Keith,Fiji,2022-12-25
508,Vincent,Lynn,mariamolina@example.org,Allentown,Jordan,2024-05-11
509,Joseph,Sims,christinamiller@example.com,New Ginahaven,Yemen,2024-08-03
510,Phillip,Thomas,youngjoshua@example.net,Bowmanburgh,Australia,2026-01-04
511,Todd,Brown,acevedozachary@example.net,South Stevenchester,Algeria,2026-05-20
512,Rebecca,Combs,jonesshari@example.org,East Mariatown,Bolivia,2024-10-02
513,Ana,Wilson,briannaconley@example.net,New Glennfurt,Northern Mariana Islands,2025-12-20
514,Mark,Davis,xherring@example.net,Port Cynthiaburgh,Madagascar,2026-01-06
515,Matthew,Webb,kellycheryl@example.net,Josephhaven,French Polynesia,2023-05-19
516,Sally,Black,zowens@example.net,East William,Dominica,2023-10-23
517,Isaac,Morgan,myoung@example.org,Loriview,Heard Island and McDonald Islands,2026-02-10
518,John,Collins,stevenmills@example.org,Huntberg,British Indian Ocean Territory (Chagos Archipelago),2023-02-01
519,Linda,Aguilar,mfrancis@example.net,Jonesville,French Southern Territories,2025-08-15
520,Jonathan,Bell,laustin@example.org,Port Hannahshire,Netherlands Antilles,2022-08-29
521,John,Carr,andersonmichael@example.com,Garciachester,Sierra Leone,2025-03-18
522,Hannah,Cross,matthew44@example.com,Wandastad,United States Virgin Islands,2022-12-25
523,Jeffrey,Lambert,carloscruz@example.org,New Hannah,Vietnam,2023-06-24
524,Mario,Norris,cummingsmary@example.com,Lake Debbiechester,Burundi,2023-04-22
525,Jeffrey,Love,lauren93@example.com,Rebeccaton,Brazil,2024-08-19
526,Scott,Mathews,dixonjared@example.com,Camachoview,Togo,2025-01-02
527,Antonio,Berger,ywilliams@example.net,Blaketon,Nigeria,2025-11-09
528,Leslie,Lopez,housecynthia@example.net,Georgefort,Germany,2022-12-09
529,Keith,Shepard,zacharypalmer@example.net,Wadeport,Thailand,2023-06-05
530,Briana,Adams,alyssa86@example.net,North Cameronchester,Marshall Islands,2022-10-09
531,Kyle,Charles,swilliams@example.net,East Mary,Argentina,2024-12-11
532,Cory,Humphrey,nyoung@example.com,North Rebekah,Zambia,2024-11-25
533,Erika,Ellison,piercerobin@example.org,Murraystad,Saint Lucia,2025-10-24
534,Audrey,Cooke,jennifer38@example.net,New Margaret,Niger,2024-08-24
535,Kayla,Barnett,knightshane@example.org,South Nicholasfurt,Switzerland,2023-06-16
536,Nathaniel,Thomas,arthursanchez@example.com,South Johnport,American Samoa,2023-08-25
537,Kenneth,Daniels,gonzalezbilly@example.org,Arnoldton,France,2024-12-20
538,Lori,Flores,austinallen@example.com,East Traceyland,El Salvador,2024-04-03
539,Jason,Bird,wwilliams@example.org,Lucasbury,Luxembourg,2023-02-01
540,Shannon,Adkins,kenneth80@example.org,Lake Codyton,Wallis and Futuna,2022-08-12
541,Travis,Smith,yball@example.net,New Kayla,Wallis and Futuna,2024-12-19
542,Jennifer,Ramirez,matthew88@example.org,South Brianmouth,El Salvador,2024-12-06
543,Anna,Patterson,wcunningham@example.org,Danielstad,North Macedonia,2025-07-30
544,Steven,Velazquez,jessicagrant@example.net,Port Jennifer,Morocco,2024-04-13
545,Juan,Morris,iperez@example.com,Dianatown,Bulgaria,2025-08-29
546,Steven,Ray,amandagray@example.com,Meganhaven,Israel,2022-12-03
547,Anthony,Boyd,mzimmerman@example.org,South Alexanderborough,Northern Mariana Islands,2024-06-04
548,Ronald,Lambert,delacruzjoshua@example.com,Sarahfort,Albania,2023-09-24
549,Michael,Brock,spearson@example.org,Lake Evanport,Bermuda,2023-08-24
550,David,Wilson,josephkelley@example.com,Moonport,Malawi,2022-11-14
551,David,Park,owhitehead@example.net,Haleybury,Switzerland,2024-08-25
552,Jason,Gomez,beverlylucas@example.com,Lake Davidhaven,Liberia,2023-12-28
553,David,Conner,lucasphillips@example.net,East Donna,Equatorial Guinea,2022-12-02
554,Richard,Rhodes,lucas76@example.com,Tammyland,Finland,2024-08-30
555,Candace,Lester,hturner@example.net,Lake Ethanville,Gibraltar,2025-07-24
556,Justin,Johnson,tracy13@example.com,Keithside,Benin,2024-05-27
557,Kimberly,Washington,owensjoanne@example.org,Sherryside,Montserrat,2024-07-06
558,Courtney,Johnston,emilyaguilar@example.com,West Patriciastad,Albania,2025-03-17
559,Michael,Kelly,mary19@example.org,Lake Drewbury,Croatia,2024-11-05
560,Christine,Warner,ambersanford@example.net,Port Richard,Belgium,2026-05-03
561,Michael,Baker,daniel18@example.net,Morganstad,Bhutan,2025-08-14
562,Paul,Gray,joseph63@example.org,New James,Burkina Faso,2024-08-24
563,Rachel,Jacobs,leechristina@example.net,Flemingchester,Bermuda,2023-07-25
564,Krista,Le,tyler82@example.net,Wrighthaven,Croatia,2026-06-30
565,Julie,Simmons,wortiz@example.net,North Maryfort,Niger,2023-01-31
566,Lisa,Duarte,ashleypierce@example.org,Lake Vanessaport,Swaziland,2026-05-07
567,Tara,Humphrey,spadilla@example.org,Crossberg,Guinea,2026-04-04
568,Eric,Stone,suzannewatkins@example.net,North Robin,Swaziland,2026-01-27
569,Tina,Price,scott43@example.org,Lake Michelemouth,Lebanon,2025-09-05
570,Angela,Jones,mark28@example.com,Kaitlinberg,Antarctica (the territory South of 60 deg S),2025-11-04
571,Darlene,Gamble,ryangill@example.org,Port Alexander,Angola,2023-08-12
572,Roberta,Stout,michael04@example.com,South Alejandrofurt,Jordan,2024-09-12
573,Samantha,Huber,chadmay@example.org,Hartmanfort,Slovakia (Slovak Republic),2025-11-06
574,Kevin,Howard,morrowchristopher@example.org,Bakerport,Korea,2023-02-07
575,Kristen,Ford,maureenklein@example.com,Mcdowellbury,Norway,2023-01-01
576,Jennifer,Harris,rossjames@example.org,Valenciachester,Costa Rica,2024-07-03
577,William,Green,terryjennifer@example.org,North Tonyaville,Turks and Caicos Islands,2024-07-04
578,Nicole,Sullivan,smithjonathon@example.org,East John,Macao,2024-06-29
579,Justin,Wong,brian41@example.net,Lake Richard,Saint Pierre and Miquelon,2026-06-03
580,Anthony,Rogers,sherri00@example.com,Chenton,Lesotho,2024-07-26
581,Jennifer,Hunt,omiles@example.com,Franklinmouth,Saint Kitts and Nevis,2023-06-04
582,Leslie,Petty,dylan30@example.com,Lake Anthonyborough,Cambodia,2023-10-18
583,Justin,Sanchez,ychambers@example.com,South Amy,Malaysia,2024-07-15
584,Dwayne,Mcneil,aaroncherry@example.net,Erinshire,Jersey,2024-05-14
585,Katherine,Howard,matthew74@example.net,Johnberg,Colombia,2022-09-25
586,Andrew,Bailey,skinnersheila@example.net,New Cheyenne,Afghanistan,2023-07-18
587,Joseph,Patterson,harold54@example.org,Shawnside,Puerto Rico,2022-08-26
588,Kathleen,Mcintosh,bbarnes@example.net,Lake Bethany,Norfolk Island,2023-06-28
589,Charles,Williams,amy72@example.net,Lake Gracechester,Lebanon,2023-07-22
590,William,Blackburn,mbrooks@example.net,Brandimouth,French Southern Territories,2026-07-29
591,Ana,Holmes,bankskathryn@example.net,Freemanland,Botswana,2026-01-15
592,Ashley,King,christopher71@example.net,Ronaldhaven,American Samoa,2024-11-21
593,Ashley,Marquez,haleysimpson@example.org,New Michaelbury,Moldova,2023-05-13
594,Jose,Francis,mccluredanielle@example.net,Port Nicholas,Fiji,2024-09-15
595,Alejandro,Anderson,dakotaerickson@example.net,Lake Marc,Niger,2025-09-09
596,Richard,Lopez,jennifer20@example.net,Rodriguezhaven,Aruba,2025-06-19
597,David,Barton,todd44@example.net,Alberthaven,Brunei Darussalam,2026-05-10
598,Maria,Daniels,dgeorge@example.org,Nancyfurt,Finland,2023-01-24
599,Misty,Love,damonmartin@example.com,Port Georgefort,United States of America,2024-01-06
600,Daniel,Villarreal,elopez@example.org,Garretttown,El Salvador,2026-02-22
601,Antonio,Williams,smithdominique@example.com,Port Derekland,Finland,2024-01-20
602,Carolyn,Lyons,kristineallen@example.com,North Jenniferbury,Moldova,2022-12-02
603,Alicia,Green,leeandrew@example.org,New Patricia,Greece,2025-07-19
604,Victoria,Smith,heather31@example.com,South Morganbury,Congo,2023-07-07
605,Michelle,Craig,mbaxter@example.net,Anitaton,Hong Kong,2025-05-30
606,Adam,Smith,robert48@example.com,Laurenhaven,Timor-Leste,2026-01-18
607,Brenda,Shepard,rasmussenmadeline@example.org,South Frederick,Cambodia,2022-08-25
608,Tracey,Orozco,ariel64@example.com,New Emily,Mongolia,2022-10-10
609,Mary,Farley,emily18@example.com,Ronaldview,Czech Republic,2026-01-16
610,Susan,Mccall,dawsonmichelle@example.net,Heatherfurt,Brazil,2026-04-21
611,Michael,Howell,evan48@example.org,South Whitney,Poland,2023-04-07
612,Christina,Williams,nhicks@example.com,East Alan,Isle of Man,2024-04-04
613,Kevin,Martin,dawn89@example.com,West Mark,Kazakhstan,2026-02-21
614,Gerald,Anderson,qpark@example.org,Thompsonhaven,Tuvalu,2023-03-02
615,Jeff,Mcclure,jasongilbert@example.net,Jamesside,Saint Barthelemy,2022-11-06
616,Susan,Reese,jwarren@example.com,South Markbury,Uganda,2022-12-05
617,Kristin,Velasquez,teresarogers@example.com,New Jocelyn,Guyana,2024-07-25
618,Rebecca,Walter,debbieherrera@example.org,Port Timothy,Guyana,2025-08-03
619,Albert,Lee,rita47@example.net,East Tammymouth,Jamaica,2026-05-01
620,Samuel,Hunt,tyler16@example.com,Jennifertown,Qatar,2025-02-27
621,James,Proctor,edwardsbrian@example.org,Rachelton,French Guiana,2023-05-27
622,Jared,Gilbert,tommyrose@example.net,West Dawn,Antigua and Barbuda,2023-07-29
623,Audrey,Everett,ydavis@example.net,Christopherfort,Netherlands,2023-06-27
624,Christian,Campbell,kingrachel@example.com,Trevorport,Panama,2022-12-29
625,Jason,Marsh,harrychapman@example.org,Lake Keithfurt,Taiwan,2026-06-16
626,Evan,Fernandez,jeffreyhart@example.org,West Aaronbury,Saint Helena,2024-04-14
627,David,Briggs,maryvasquez@example.com,Allisonside,Iran,2026-03-08
628,Amy,Reed,william35@example.net,Ellisbury,Saint Lucia,2024-06-13
629,Joanne,Moore,wilsonkatherine@example.com,Port Eric,Kyrgyz Republic,2022-09-13
630,Steven,Moody,thomasrose@example.net,Timothymouth,Tunisia,2023-12-31
631,Tiffany,Clarke,guzmanandre@example.net,West April,Holy See (Vatican City State),2023-06-08
632,Jeremy,Sanchez,mramirez@example.com,Marissaburgh,Costa Rica,2022-09-10
633,Michelle,Williams,martinezmiguel@example.net,Dorseyfurt,Costa Rica,2026-06-15
634,Charlotte,Ward,flynnandrew@example.com,Lake Christopher,Korea,2023-09-01
635,Sandra,Rodriguez,kevin61@example.net,Turnermouth,Aruba,2023-12-26
636,Kelly,Rodriguez,grivera@example.org,West Ashleyberg,Swaziland,2022-11-12
637,Deborah,Todd,ysmith@example.com,Blakeborough,Thailand,2024-01-28
638,Melanie,Baker,timothybaker@example.com,Lake Brendaland,Kiribati,2024-07-21
639,Jerry,Cortez,dparks@example.com,Travisburgh,Mauritius,2026-07-02
640,Tony,Lee,amandawilliams@example.net,Amandaview,Lithuania,2025-05-31
641,Sarah,Shaw,burtonchristopher@example.com,Richardborough,Kiribati,2023-03-25
642,Mackenzie,Lee,anthony49@example.org,Dunnborough,Namibia,2023-07-21
643,Angela,Cortez,michael93@example.net,Lake Meghan,French Southern Territories,2023-10-16
644,Joseph,Ali,nthomas@example.net,New Travis,Grenada,2024-11-16
645,Lisa,Smith,angelavaldez@example.org,New Samanthahaven,Niue,2025-02-12
646,Aaron,Weaver,kylehines@example.com,Lake Thomasville,Palestinian Territory,2024-07-22
647,Ernest,Morris,veronicabates@example.org,West Sonia,Puerto Rico,2024-02-27
648,Kim,Garcia,schneideralexander@example.org,Brettstad,Benin,2026-05-29
649,Jeffery,Tanner,donna91@example.com,Ricardoport,Macao,2026-05-29
650,Gregory,Carson,chouston@example.com,Lake Michaelburgh,Palau,2023-04-01
651,Raven,Williams,alanblack@example.com,New Donna,Montserrat,2022-12-17
652,Michael,Perez,karilandry@example.com,North Stephanie,Saint Pierre and Miquelon,2022-11-29
653,Zachary,Villa,loganstacy@example.net,Camposside,Burundi,2022-08-10
654,Robert,Castaneda,janetbullock@example.org,South Gregory,Iraq,2026-07-11
655,Kelly,Collins,heatherdickson@example.net,Andreport,Bouvet Island (Bouvetoya),2022-09-15
656,Laura,Davidson,qware@example.com,North Tracy,Belgium,2023-03-07
657,Jennifer,Johnson,wallsgary@example.net,Lake Alisonmouth,Bahrain,2023-09-04
658,Morgan,Ritter,walshcharles@example.com,Whiteberg,Armenia,2025-12-25
659,Monique,Johnson,umayo@example.com,Reidland,Sri Lanka,2024-09-22
660,Jennifer,Bennett,hamiltonronald@example.com,Delgadoton,Angola,2026-03-22
661,Valerie,Hall,johnsonkeith@example.net,Cunninghamland,Cameroon,2023-05-04
662,Denise,Alexander,anthonylawson@example.net,Travisberg,Burundi,2024-07-04
663,Brenda,Parrish,sarahpage@example.org,Jimmyshire,Spain,2022-09-29
664,Stephanie,Thompson,wilsonjacob@example.org,Smithmouth,New Zealand,2026-03-04
665,David,Evans,robert28@example.net,South Carlosview,Madagascar,2022-10-07
666,Thomas,Martin,lwilliams@example.net,South Morgantown,Western Sahara,2026-05-01
667,Belinda,Davis,derekramsey@example.org,West Cindystad,Bulgaria,2023-05-08
668,James,Solomon,harrisscott@example.net,Pereztown,Botswana,2025-07-02
669,Nicole,Powell,christopherthompson@example.net,Janetstad,Chad,2023-07-31
670,Kevin,Singh,fmiller@example.org,North Kevinfurt,United States of America,2025-09-26
671,Michael,Walker,armstrongerica@example.net,New Jenniferside,Ireland,2025-07-18
672,Anna,Morales,ucampos@example.net,East Stephanieport,Morocco,2025-04-07
673,Raymond,Phillips,joseph70@example.com,Port Jason,Tanzania,2022-12-14
674,Jessica,Gordon,igreen@example.com,Lake Amandaside,Bolivia,2026-02-27
675,Katelyn,Henderson,ericwright@example.com,Mindyton,Saint Pierre and Miquelon,2026-07-12
676,John,Diaz,zhebert@example.org,Clarkborough,Bosnia and Herzegovina,2025-08-15
677,Michael,Obrien,jilliananderson@example.org,Christopherfort,Korea,2026-05-03
678,Brian,Mendez,marymoore@example.com,East Clintonville,Algeria,2024-09-19
679,Cindy,Wiley,cannonlinda@example.org,Johnshire,Svalbard & Jan Mayen Islands,2024-06-05
680,Jimmy,Stanley,knightjeremiah@example.com,Nathanielberg,Samoa,2024-01-03
681,Diamond,Dennis,phelpsrebecca@example.net,Garciaton,Comoros,2024-02-13
682,Misty,Carlson,erik18@example.com,North Leah,Kyrgyz Republic,2023-04-08
683,Christopher,Johnson,phess@example.com,Stevensonland,Japan,2025-11-16
684,Natasha,Reed,robertbender@example.org,Schneiderfort,Reunion,2025-03-30
685,Melissa,Powell,dustin38@example.org,East Sharonborough,Vanuatu,2023-10-07
686,Michael,Martinez,alexander57@example.org,Reeseville,Azerbaijan,2024-04-16
687,Victoria,Valdez,leslieglover@example.com,Myerschester,Honduras,2025-07-03
688,Michele,Brennan,stephanielewis@example.org,Stephenmouth,Central African Republic,2023-09-02
689,Erin,Thompson,johnsonkelly@example.org,Kellyberg,Malta,2022-08-14
690,Alex,Torres,dylanmunoz@example.com,Lake Barbara,Russian Federation,2023-03-17
691,Carol,Ferguson,ibarrett@example.org,Port Michaelside,Australia,2023-12-04
692,Bethany,Carter,lori32@example.net,Hansonland,Egypt,2024-04-16
693,Arthur,Yang,scabrera@example.org,Brownland,Congo,2023-02-27
694,Gavin,Collins,nguyenalex@example.com,Rhondaburgh,Serbia,2024-11-21
695,Stephanie,Frost,markbrooks@example.net,Port Robert,Chile,2025-07-20
696,Bailey,Young,teresa34@example.org,Kyliechester,Thailand,2025-07-19
697,Ryan,Ramirez,melissa49@example.net,Port Patricia,Korea,2026-02-24
698,Laura,Brennan,bishopleah@example.org,South Jeremiah,United Arab Emirates,2025-03-05
699,Victoria,Taylor,batesdavid@example.net,North Amy,Tajikistan,2026-03-21
700,Sarah,Mason,aroth@example.com,Martinezberg,Singapore,2023-10-12
701,Joshua,Webster,james88@example.com,South Maryfort,Cambodia,2023-09-04
702,Tracy,Nixon,dominiquelogan@example.net,Smithmouth,Puerto Rico,2022-12-19
703,Cynthia,Myers,flynnmelody@example.net,Kellystad,Grenada,2023-10-07
704,Deanna,Golden,derekterrell@example.org,South Christophermouth,Togo,2023-08-30
705,Martha,Edwards,ucallahan@example.net,Velezshire,Burundi,2026-02-26
706,Roger,Wolf,tpreston@example.net,North Gabriel,Norfolk Island,2023-02-18
707,Elizabeth,Hicks,daguilar@example.net,Mitchellborough,Singapore,2023-06-25
708,Kathryn,Sanders,shunter@example.com,Lake Jacob,Heard Island and McDonald Islands,2023-04-26
709,Robert,Velasquez,derekbrown@example.com,Justinhaven,French Guiana,2023-05-22
710,Darrell,Rodgers,crystalbullock@example.com,Sotobury,Singapore,2025-04-18
711,Angela,Parker,hessjanet@example.com,New Bruce,Maldives,2025-10-18
712,Carlos,Hill,flyons@example.net,Lake Kristine,Mali,2025-06-15
713,Sandra,Matthews,stonejason@example.net,Deanborough,Afghanistan,2025-07-09
714,Adam,Davis,doylerobin@example.org,Port Shawnland,Malta,2026-03-31
715,Carla,Mueller,pdaniels@example.net,Tracymouth,India,2026-07-01
716,Lisa,Miller,tony94@example.net,Priceville,Honduras,2024-04-21
717,Matthew,Ross,buckleytracy@example.com,West Carl,Malawi,2023-11-29
718,Christopher,Smith,smithjoseph@example.org,West Daniel,Palestinian Territory,2023-08-21
719,Justin,Ellis,theresa41@example.org,West Sarah,Netherlands Antilles,2025-07-01
720,Mark,Williams,josephmorgan@example.net,Martinezfort,Tunisia,2024-11-26
721,Sean,Walker,cynthia88@example.net,South Elizabethland,South Africa,2023-03-21
722,Chris,Torres,markgriffin@example.org,East Catherinemouth,Bermuda,2024-10-31
723,Larry,Manning,schneiderstacie@example.org,West Johntown,Seychelles,2026-05-04
724,Margaret,Richard,daviesalex@example.com,Port John,Poland,2025-06-21
725,Bryan,Randolph,egreene@example.net,West Thomas,Afghanistan,2022-08-10
726,Katie,Jackson,melissa34@example.com,Desireestad,Namibia,2023-08-08
727,Rachel,Morgan,darren80@example.net,North Annchester,Italy,2024-03-11
728,Jeremy,Waller,martinezshannon@example.org,Haroldview,Bangladesh,2022-10-09
729,Greg,Tran,curtis82@example.org,Lake Kimberly,Argentina,2025-12-01
730,Daniel,Torres,jacksonmargaret@example.com,Port Courtney,Belgium,2025-11-03
731,Sarah,Castaneda,mistyolson@example.com,Wallerview,Cayman Islands,2024-07-07
732,Suzanne,Fox,ronald03@example.net,Lake Rebecca,Thailand,2023-05-03
733,Alexis,Moore,amanda33@example.net,Port Jenniferstad,Tokelau,2023-04-26
734,David,Valdez,everettbrianna@example.net,Coleville,Kuwait,2024-02-22
735,Alexis,Baker,aliciamaldonado@example.com,East Davidland,Monaco,2025-09-17
736,Aaron,Rice,qsilva@example.com,Shannonmouth,Puerto Rico,2024-10-29
737,Geoffrey,Soto,meganedwards@example.net,Emilyport,Benin,2024-01-10
738,Ann,Huang,steven70@example.net,New Shawnhaven,Hungary,2023-06-04
739,Dan,Myers,sara99@example.org,Santosburgh,Sweden,2025-05-19
740,Tara,Roy,ffuller@example.org,New Kimtown,Lao People's Democratic Republic,2024-10-24
741,Tracy,Wolfe,wilsonandrea@example.com,West Carl,Panama,2024-01-12
742,Sara,Morgan,omiller@example.net,Adrianaborough,Hungary,2024-01-07
743,Andrea,Wise,rsummers@example.net,Millerfort,Uzbekistan,2024-08-22
744,Eric,Moran,lsellers@example.net,Millerberg,Vanuatu,2024-03-09
745,William,Parker,johnnymassey@example.net,Smithton,Chile,2023-01-13
746,Gerald,Smith,truiz@example.net,Kristinfort,United States Minor Outlying Islands,2025-01-22
747,Veronica,Mckee,melanie26@example.org,Gordonland,United Arab Emirates,2025-08-21
748,Elizabeth,Mccarthy,huntmark@example.net,Heidihaven,Singapore,2026-01-26
749,Steven,Schultz,alexmendez@example.org,Jonfurt,Kazakhstan,2024-12-29
750,Wendy,Taylor,patriciamoon@example.net,Lauraton,New Zealand,2025-02-24
751,Dale,Brown,weissjohn@example.com,New Gavin,Grenada,2025-09-07
752,Isabella,Cruz,andrew33@example.org,Pattersonfort,Tanzania,2025-11-10
753,Brian,Howell,lopezsydney@example.net,East Jasonton,Tuvalu,2025-07-20
754,Robert,Bradshaw,martinpatricia@example.com,New Stevenland,Uganda,2024-11-01
755,Erin,Thompson,nandrews@example.org,South Elizabethborough,Poland,2023-06-02
756,Carol,Butler,juliegonzalez@example.net,North Katieview,Falkland Islands (Malvinas),2026-06-30
757,James,Smith,bshaffer@example.org,North Cynthia,Jersey,2022-10-28
758,James,Hanson,nelsonkim@example.com,Johnmouth,China,2026-03-26
759,Michael,Ford,bwilliams@example.com,East Veronica,Nepal,2024-10-22
760,Morgan,Nelson,diazjohnathan@example.net,South Tracyland,Japan,2023-07-18
761,Jennifer,Ward,tgarcia@example.org,Lake Ericberg,Syrian Arab Republic,2022-10-04
762,Jennifer,Adams,ian73@example.com,Molinahaven,Samoa,2024-01-30
763,Denise,Snyder,amccoy@example.com,Millerport,Colombia,2024-02-14
764,Lisa,Flowers,xwhite@example.com,Port James,Sri Lanka,2025-09-07
765,Megan,Howell,navarroamber@example.org,East Jillland,Bouvet Island (Bouvetoya),2025-11-30
766,Natalie,Henry,michellemartin@example.org,Lake Kristinemouth,Libyan Arab Jamahiriya,2025-12-14
767,Kirk,Mitchell,cwilliams@example.net,Garciahaven,Maldives,2026-06-05
768,Julie,Morgan,mcmillanandrew@example.org,North Jessicaview,Guernsey,2022-10-13
769,Elizabeth,Poole,lmorrison@example.com,Oscarmouth,Netherlands Antilles,2025-06-30
770,Lisa,Beck,melinda62@example.net,East Teresamouth,Tokelau,2023-09-27
771,Kristi,Matthews,krystal07@example.com,South Gloria,Saint Vincent and the Grenadines,2023-05-25
772,Courtney,Jackson,diane31@example.com,Michaelmouth,Burundi,2025-04-03
773,David,Davis,gary38@example.net,East Sandramouth,Cambodia,2026-05-03
774,Jessica,Torres,jobrien@example.net,Port Reneeville,Equatorial Guinea,2023-12-05
775,Matthew,Reid,thomasemily@example.net,Morrisonville,Zimbabwe,2025-03-28
776,Nicole,Lucas,noah18@example.net,North Ryan,Luxembourg,2023-03-04
777,Justin,Morales,brittneyhall@example.com,Kristenshire,Mexico,2023-09-13
778,Sean,Freeman,parkschristopher@example.net,Heatherport,Uganda,2023-05-06
779,Trevor,Chang,dicksonpamela@example.net,Eileenport,Nepal,2023-04-29
780,Morgan,Anthony,iblackburn@example.net,West Nathanielchester,Norfolk Island,2025-05-07
781,Elizabeth,Glover,heathernelson@example.net,South Teresa,Guyana,2026-06-24
782,Darryl,Dominguez,melissa01@example.org,Paynehaven,Saint Helena,2026-06-22
783,Joseph,Black,garciacesar@example.com,West Brendachester,Bosnia and Herzegovina,2023-09-16
784,Michael,Harmon,david14@example.com,Lake Jason,American Samoa,2025-10-16
785,Jennifer,Leon,nbrown@example.org,Lake Michaelchester,Belgium,2024-11-22
786,Steven,Dalton,jmathews@example.net,Careyfort,Israel,2024-10-25
787,Andrea,Diaz,holtronald@example.net,East Nathan,Thailand,2023-05-12
788,Robert,Miller,jamesparrish@example.com,East Kristine,Oman,2023-10-13
789,Christopher,Hess,dennishahn@example.org,Stricklandside,Philippines,2024-09-28
790,Stephanie,Jones,sarahbyrd@example.org,Jonesburgh,Martinique,2024-10-01
791,Marco,Dorsey,miguel46@example.org,Flemingfort,Marshall Islands,2024-01-02
792,Brooke,Lane,kimberlygross@example.org,East Edward,Colombia,2025-12-12
793,Adriana,Smith,patrick67@example.org,Port Henry,Equatorial Guinea,2024-03-26
794,Robert,Floyd,seanscott@example.org,Donnachester,Dominican Republic,2022-12-30
795,Angela,Price,igarcia@example.com,Williamside,Israel,2023-09-14
796,Erika,Carter,uguerra@example.org,Robertfurt,Qatar,2024-01-05
797,Jeffrey,Edwards,margaret07@example.org,Port Brian,New Zealand,2022-10-08
798,William,West,hintonkara@example.com,East Jillbury,Bouvet Island (Bouvetoya),2026-02-04
799,Alex,Harris,adrienneporter@example.org,Sheilafurt,South Georgia and the South Sandwich Islands,2023-07-18
800,Andrea,Jones,shawsteven@example.com,Sandrachester,Ecuador,2023-10-13
801,Joseph,Rodgers,barbaracordova@example.org,South Alexandra,Iran,2024-08-08
802,Patricia,Coleman,toddrichard@example.com,Bradfordbury,Angola,2023-09-01
803,Melvin,Gross,jeffrey71@example.org,Ramosmouth,Yemen,2025-11-20
804,Mary,Bell,ariana76@example.org,Bonnieville,Western Sahara,2026-07-02
805,Jim,Dougherty,dawsoncharles@example.org,East Michaeltown,Spain,2023-07-13
806,Robert,Burnett,rlawrence@example.com,Cassandrashire,Northern Mariana Islands,2023-04-01
807,Tara,Wilson,marksimmons@example.org,South Sarah,Mexico,2023-03-03
808,Deborah,Zavala,brittanyolson@example.net,Lindseyport,Panama,2023-04-28
809,William,Bass,michael56@example.net,Port Mary,Martinique,2024-03-18
810,Theresa,Boyd,sarahosborne@example.com,West Haleyburgh,United States Minor Outlying Islands,2024-08-25
811,Rebecca,Duarte,lcoleman@example.net,Franklinberg,Svalbard & Jan Mayen Islands,2024-03-19
812,Stephen,Foster,jamiefoster@example.com,East Riley,Puerto Rico,2024-02-27
813,Jenny,Johnson,wtorres@example.com,Wrighttown,Svalbard & Jan Mayen Islands,2023-12-09
814,Sydney,Sandoval,gailday@example.net,West Taylormouth,Wallis and Futuna,2024-03-03
815,Jerry,Choi,carpenterdenise@example.org,Lake Ricardoton,Jamaica,2025-12-12
816,Jessica,Nelson,josephriley@example.com,Valenciafurt,Egypt,2025-04-06
817,Jason,Parker,elizabethhoward@example.org,West Amyfurt,Switzerland,2022-09-21
818,Joseph,Gilbert,timothy41@example.net,Port Stephaniebury,New Zealand,2023-12-15
819,Billy,Smith,julia56@example.org,Lake Audrey,Suriname,2025-11-08
820,Shari,Cline,thomas05@example.net,West Michaelmouth,Bangladesh,2026-08-01
821,Amanda,Rogers,susancampos@example.com,Bautistastad,Italy,2024-03-08
822,Jeremy,Ross,ricardo17@example.net,South Beverly,New Zealand,2024-10-09
823,Matthew,Hawkins,mathewspencer@example.net,West Michael,Liechtenstein,2026-03-10
824,Brenda,Perkins,wilsonashley@example.com,South Angela,Singapore,2023-02-02
825,Erin,Murray,roywilliamson@example.com,Orrhaven,Thailand,2023-11-07
826,Crystal,Middleton,parrishjoseph@example.com,Cardenaschester,Turkey,2023-02-14
827,Cindy,Torres,debbiehill@example.net,Farleyberg,Isle of Man,2022-10-19
828,Amanda,Stanley,katrina40@example.org,Dunnside,Gibraltar,2024-11-23
829,Brittney,Cortez,angelaanderson@example.net,Frankside,Haiti,2024-04-28
830,Kyle,Jimenez,bpetty@example.com,Brownton,Barbados,2022-09-28
831,Roy,Anderson,wayne64@example.net,West Josemouth,Indonesia,2024-12-04
832,James,Gordon,jerry66@example.com,Michelleton,Seychelles,2022-08-14
833,Terrence,Rodriguez,thomaskatie@example.net,North Randymouth,British Indian Ocean Territory (Chagos Archipelago),2025-10-20
834,Michael,Mendez,bjohnson@example.net,Jeffreyberg,Lithuania,2022-11-29
835,Sally,Velez,cwhite@example.com,South Michaelland,New Caledonia,2024-01-26
836,Linda,Compton,alvarezalexa@example.net,Smithmouth,Barbados,2022-10-31
837,Anthony,Hamilton,jenna60@example.net,Port Alexisshire,Cocos (Keeling) Islands,2026-01-08
838,Breanna,Wright,annamyers@example.net,New Tamara,Algeria,2025-03-18
839,David,Perez,taylor87@example.com,Lake Tara,Vanuatu,2024-04-28
840,Brittney,Robertson,adamsstacy@example.com,New Sean,United Arab Emirates,2023-01-09
841,John,Stewart,kingaustin@example.org,East Lindseytown,Bahrain,2023-09-07
842,Elizabeth,Patterson,barneskelly@example.net,Kimberlyport,Jersey,2025-06-18
843,Antonio,Walsh,lelinda@example.org,Sandersside,Uganda,2025-02-04
844,Timothy,Smith,jacksonjohn@example.net,West Christopherstad,Sierra Leone,2026-02-24
845,Emily,Wise,elizabethrodgers@example.net,South Jimmymouth,Congo,2025-07-21
846,Christine,Miller,terrynancy@example.net,Port Tammy,Romania,2025-10-31
847,Andrea,Murray,rosalesmariah@example.com,Port Amandaberg,Cayman Islands,2026-01-26
848,Haley,Jones,kknapp@example.com,West Deborahstad,Saint Lucia,2026-03-02
849,Sarah,Flores,eatongina@example.com,South Alexandrabury,French Southern Territories,2024-10-20
850,Debbie,Combs,stephaniewhite@example.com,Karenburgh,Jersey,2025-08-03
851,Jennifer,Brown,melissa42@example.com,Joeside,Cape Verde,2025-12-25
852,Maria,Mayer,kdiaz@example.org,Clarkfurt,Isle of Man,2023-08-30
853,Lori,Sullivan,patrick86@example.org,Snowstad,Comoros,2023-07-22
854,Todd,Benson,jennifer45@example.com,Gouldfort,Norfolk Island,2022-09-02
855,Terri,Vega,phillipslisa@example.net,Dianaview,Solomon Islands,2022-12-08
856,Daniel,Rodriguez,barbara68@example.com,North Lindsey,Slovenia,2023-01-06
857,Jamie,Romero,ireed@example.org,West Patrickport,Serbia,2026-07-25
858,Madison,Fitzpatrick,danasmith@example.org,North Juan,Belarus,2025-09-18
859,Nicole,Ray,drodriguez@example.net,Fieldston,Australia,2022-11-14
860,Anthony,Henson,osolis@example.com,West Lisa,Mauritania,2024-06-24
861,Crystal,Schroeder,ogarrison@example.com,Jacobmouth,Kiribati,2025-02-07
862,Lisa,Webb,david88@example.net,South Deannashire,Saint Kitts and Nevis,2025-11-14
863,Dale,White,cbrown@example.net,West Bryan,Saint Barthelemy,2025-09-23
864,Christopher,Harvey,wcantrell@example.org,Lukeport,Comoros,2024-08-11
865,Amanda,Griffin,ejohnson@example.org,Port Alicia,Japan,2025-10-26
866,Paige,Lin,tuckermichael@example.org,South Jennifer,Bulgaria,2026-03-09
867,Christian,Wells,zmeyer@example.com,Lake Judyside,Christmas Island,2022-12-28
868,William,Bush,julieskinner@example.net,North Sarah,Singapore,2024-05-29
869,Joseph,Williams,thomasalex@example.org,Lake Nichole,Hong Kong,2024-10-28
870,Edward,Martin,sara80@example.org,Lake Shelleyshire,Hong Kong,2022-12-06
871,Daniel,Cox,wreyes@example.com,North Jonmouth,Costa Rica,2023-12-21
872,Jasmine,Sellers,qmartin@example.org,Port Sue,British Indian Ocean Territory (Chagos Archipelago),2023-02-02
873,Norman,Velasquez,rknox@example.net,Lake Jessica,New Zealand,2023-01-20
874,Christopher,Wise,juliebyrd@example.net,South Jeremyborough,Cocos (Keeling) Islands,2025-02-19
875,Cameron,Allison,frank22@example.org,South Debbieshire,South Georgia and the South Sandwich Islands,2025-02-19
876,Patricia,Flores,moonsteven@example.net,New Tinaland,Nepal,2026-02-19
877,William,Smith,williamfernandez@example.net,Patrickmouth,Grenada,2025-03-08
878,Jeremy,Taylor,mwong@example.net,Garzashire,Montenegro,2025-04-28
879,Daniel,Martinez,fgillespie@example.org,South Joelborough,South Georgia and the South Sandwich Islands,2024-01-12
880,Abigail,Holder,hendersonchristine@example.org,West Veronica,Heard Island and McDonald Islands,2023-06-18
881,Michael,Ramirez,rachel85@example.com,Martinton,Vietnam,2023-12-16
882,Daniel,Rogers,hannahpierce@example.net,West Alexandraland,Somalia,2022-12-30
883,Jeremy,Smith,gillchristopher@example.com,Amandafurt,Yemen,2026-01-29
884,Ronald,Allen,jeremiahchan@example.com,East Mark,Marshall Islands,2026-02-04
885,Eric,Gordon,phillipsdavid@example.org,Samuelberg,Uganda,2024-10-16
886,David,Coleman,mullenlaura@example.net,Port Dawnborough,Bulgaria,2026-02-18
887,Elizabeth,Dickerson,david90@example.org,East Keith,Indonesia,2025-07-24
888,Kyle,Cantrell,ismith@example.net,Maddenshire,Belgium,2025-04-19
889,Mary,Miles,richard18@example.com,South Megan,Isle of Man,2022-10-07
890,Christopher,Patel,castillorobert@example.com,South Robert,Rwanda,2023-11-18
891,Christina,Cohen,james84@example.org,East Danielville,Western Sahara,2024-12-08
892,Andrew,Mahoney,hmorris@example.com,North Robertfort,India,2022-10-10
893,Kelly,Holmes,hoffmanbrittany@example.com,East Michael,Albania,2025-08-13
894,Stephanie,Long,munozjose@example.com,Salasshire,Cameroon,2023-03-18
895,Amanda,Sims,christinepowell@example.org,Jenniferton,Saint Martin,2023-04-23
896,Amanda,Fry,murphyjonathan@example.com,Craigburgh,Haiti,2024-02-15
897,Jason,Jones,valerie19@example.com,Gonzalesfort,Palau,2026-04-30
898,Arthur,Vaughn,georgestanley@example.org,North Crystalside,Uruguay,2022-10-07
899,Ashley,Baldwin,jerryhart@example.net,Francesside,Niger,2022-12-13
900,Darrell,Hart,curtismiller@example.net,Kimberlyborough,Northern Mariana Islands,2024-09-13
901,Catherine,Schneider,davidpierce@example.com,New Anthonyview,Iran,2023-08-30
902,Daniel,Fleming,douglastravis@example.org,West Heather,Panama,2024-03-10
903,Sharon,Poole,simskelsey@example.com,Lake Williamhaven,French Polynesia,2025-12-10
904,Jeffrey,Gibson,adam14@example.org,East Andrewborough,Honduras,2024-02-15
905,Christina,Sexton,lee49@example.com,Gonzalezton,Myanmar,2023-05-13
906,Deborah,Gallagher,jennifer54@example.net,Andrewfurt,San Marino,2024-08-08
907,Eric,Walters,timothybell@example.net,North Michael,Mali,2025-04-19
908,Annette,Patterson,billcoleman@example.com,Hamiltonmouth,Serbia,2024-11-25
909,Jonathan,Gardner,msanchez@example.org,North Gregoryfurt,Tunisia,2025-07-06
910,Jason,Bryant,benjaminhunter@example.com,Laurieland,Greece,2024-08-26
911,Linda,Davis,vosborn@example.net,Anthonyburgh,Malawi,2022-11-27
912,Randy,Johnston,apark@example.org,Mitchellside,Grenada,2024-05-27
913,John,Rogers,christopher57@example.org,Dorothymouth,Equatorial Guinea,2023-11-09
914,Joseph,Hawkins,contrerasjack@example.net,Port Robert,Niue,2025-04-28
915,Julie,Herrera,michael00@example.net,Dennisberg,Saint Lucia,2023-09-17
916,Melissa,Vaughn,brendatucker@example.net,New Jessica,Czech Republic,2026-06-05
917,Jennifer,Berry,bchang@example.com,West Mark,Kuwait,2025-02-17
918,Gregory,Reed,kathryn54@example.com,Williamstown,Korea,2023-11-12
919,Megan,Smith,mayergail@example.net,Danielborough,Hungary,2023-05-05
920,Philip,Smith,dkennedy@example.com,Lake Andrew,Cape Verde,2024-12-29
921,John,Crane,robertwilliams@example.net,Harrisshire,Sweden,2023-06-25
922,Christopher,Harmon,andrew85@example.net,New Sarahville,United States Minor Outlying Islands,2024-02-26
923,Sara,Miller,alicia17@example.com,Lake Troy,Portugal,2025-08-15
924,George,Rivas,vmullins@example.net,Goldenchester,Equatorial Guinea,2023-11-04
925,David,Conner,wanda99@example.com,West Jonathan,Anguilla,2026-03-02
926,Robert,Hunt,oliviamoore@example.org,West Dennisshire,Mongolia,2023-04-10
927,Michele,Allen,schultzdonald@example.org,Nathanielhaven,Italy,2026-07-23
928,Jasmine,White,ramseyshannon@example.net,Williamton,Romania,2024-08-26
929,Joel,Herrera,rodriguezashley@example.net,Jessicaview,Vietnam,2023-04-02
930,Cynthia,Johnson,shelbystephens@example.com,South Janicebury,Kiribati,2026-08-02
931,Douglas,Ingram,simonjames@example.org,Bartonfurt,Morocco,2024-06-04
932,Alexandra,Russell,nwood@example.org,Josephview,Tokelau,2026-07-03
933,Eddie,Anderson,hgreen@example.net,West Sarahmouth,British Virgin Islands,2026-04-13
934,Charles,Tate,peterschwartz@example.com,Grossborough,United Arab Emirates,2023-06-16
935,Eric,Martinez,justin26@example.org,Markborough,Antigua and Barbuda,2022-09-11
936,Ryan,Martinez,jday@example.com,Warnerchester,French Guiana,2024-07-19
937,Sandra,Patterson,carlajohnson@example.org,Port Joshua,Sudan,2025-07-30
938,Taylor,George,sharonhall@example.net,Browningview,Papua New Guinea,2024-01-05
939,Rhonda,Briggs,chavezvalerie@example.net,Angelaborough,Armenia,2023-06-01
940,David,Richardson,harrisonkurt@example.net,Whitefort,Central African Republic,2025-02-14
941,Charles,Anderson,tstewart@example.net,Davidmouth,United Arab Emirates,2024-12-11
942,Elizabeth,Doyle,xgill@example.net,Ianville,Western Sahara,2025-04-05
943,Cole,Frederick,jacob56@example.org,Donaldfurt,Andorra,2023-07-04
944,Rebecca,Gutierrez,aburton@example.net,Bonnieberg,Georgia,2025-06-03
945,Lauren,Huber,marthamurphy@example.org,Stoneland,Korea,2025-09-19
946,Angela,Hampton,ophillips@example.org,Averybury,Netherlands Antilles,2024-08-15
947,Christopher,Davis,sherry05@example.net,Jeremyhaven,Congo,2024-02-21
948,Ryan,Butler,walshjeremy@example.org,Port Julieburgh,Italy,2025-10-11
949,Brent,Williams,dharper@example.org,North Vanessahaven,Bermuda,2025-01-25
950,Jesse,Miller,clevine@example.net,North Anneshire,Comoros,2025-04-07
951,Malik,Alvarado,jacob22@example.com,Samanthafort,Saint Pierre and Miquelon,2024-02-14
952,Matthew,Berg,pnovak@example.org,New Rachel,Georgia,2026-07-10
953,Carmen,Bray,danielle85@example.org,South Brianchester,Tanzania,2022-10-18
954,Matthew,West,victor40@example.org,West Jennifer,Philippines,2025-03-08
955,Jessica,Watkins,donna39@example.net,West Sonya,Vietnam,2026-01-28
956,Frederick,Mccall,jonathandecker@example.com,New Donnatown,Morocco,2024-01-10
957,Shawn,Mosley,lesliepatel@example.net,South Pamela,Antarctica (the territory South of 60 deg S),2025-10-26
958,Monique,Cook,michelle97@example.org,East Cathychester,Uganda,2026-02-24
959,Kristine,Daniels,sbates@example.com,Colemanfort,Madagascar,2025-01-30
960,Amber,Brown,jjohnson@example.org,Richardton,Belarus,2023-11-28
961,Travis,Hanson,michael91@example.org,Coryview,Iraq,2026-03-25
962,James,Lloyd,treilly@example.net,Kellymouth,Korea,2025-02-26
963,Gregory,Harvey,bookerleonard@example.org,Brittanyberg,Swaziland,2026-07-05
964,Shelby,Perry,pwilson@example.com,Port Lisa,Egypt,2024-02-27
965,Robin,Hodge,cdonovan@example.net,Port Scottshire,United States of America,2022-12-09
966,Brandy,Michael,mckinneytara@example.com,Lake Emily,San Marino,2025-12-14
967,Savannah,Lopez,jennifer62@example.net,Lisatown,Bouvet Island (Bouvetoya),2024-03-25
968,Sherry,Jackson,watsonbrooke@example.com,Breannaport,Netherlands Antilles,2023-08-24
969,Nicholas,Bailey,shaun59@example.net,Port Matthewview,Croatia,2025-06-10
970,James,Graves,hicksmorgan@example.org,Timothyland,Haiti,2023-08-03
971,Maria,Robbins,suzannemiller@example.net,North Jonland,Cape Verde,2023-10-31
972,Marcus,Richard,joseweaver@example.com,Terrishire,Antarctica (the territory South of 60 deg S),2025-02-17
973,James,Nelson,rossjoshua@example.org,Patrickhaven,Namibia,2023-10-09
974,Michael,Le,samantha38@example.com,Port Teresa,Western Sahara,2025-04-23
975,Patrick,Morris,johnsonamy@example.org,South Charlesborough,Sierra Leone,2024-10-15
976,Daniel,King,joshuawilcox@example.org,South Jason,Egypt,2025-11-16
977,Christina,Flores,nicholassmith@example.com,Margaretport,Reunion,2022-08-31
978,Corey,Mahoney,cartertanner@example.org,Port Randyfurt,Lesotho,2023-08-20
979,Samantha,Skinner,rcollins@example.net,New Daniellebury,Fiji,2023-02-15
980,Renee,Levy,andrew11@example.org,Ginatown,Holy See (Vatican City State),2022-08-13
981,Anthony,Velez,ashleyklein@example.com,Port Ashley,American Samoa,2026-03-02
982,Susan,Robinson,onealjesse@example.org,New Christopherberg,Myanmar,2022-10-02
983,Tammy,Gardner,dmiller@example.net,Olsonport,Bouvet Island (Bouvetoya),2022-12-20
984,Matthew,Rodriguez,robert84@example.com,Campbellside,Argentina,2023-11-30
985,Ryan,Harper,ujacobson@example.net,West Robertview,Armenia,2025-11-11
986,Randall,Finley,cody89@example.org,East Catherine,Sierra Leone,2024-02-26
987,Joseph,Sampson,melissa59@example.net,South Patricia,Congo,2024-10-08
988,James,Diaz,macdonaldmatthew@example.org,Robinsonmouth,Latvia,2026-07-06
989,Alicia,Phillips,jordankevin@example.net,Lake Tamarafort,Cayman Islands,2023-07-29
990,Margaret,Prince,osborneapril@example.net,Catherinetown,Barbados,2026-06-27
991,Clinton,Brown,greenshawn@example.net,East William,Turks and Caicos Islands,2024-09-13
992,Jose,Perez,catherine79@example.org,Lake Eugeneland,French Southern Territories,2026-01-10
993,Tyler,Walker,robinsonkevin@example.com,Adamhaven,Slovenia,2022-08-16
994,Mark,Martin,sotochristopher@example.org,Wrighthaven,Indonesia,2026-04-24
995,Sara,Eaton,gcain@example.com,Lloydtown,Papua New Guinea,2026-02-01
996,Samantha,Tyler,vwright@example.org,East Andrew,Nigeria,2026-03-22
997,Stephanie,Lewis,kenneth53@example.org,Finleyfort,Madagascar,2026-07-25
998,Christopher,Hale,stevenrandolph@example.net,Hornhaven,Montserrat,2024-10-19
999,Michelle,Green,ykane@example.net,Smithmouth,British Virgin Islands,2025-11-18
1000,Wendy,Bailey,qzuniga@example.org,North Davidfort,Falkland Islands (Malvinas),2022-12-20
1001,Michael,Brown,julienorton@example.com,East Richardfort,Saint Helena,2025-02-26
1002,Gwendolyn,Chapman,kara44@example.net,South Erinchester,Monaco,2024-01-31
1003,William,Smith,rjones@example.org,Jeremiahside,Angola,2023-07-22
1004,Alexis,Wang,elizabeth64@example.com,New Michael,Mongolia,2025-05-23
1005,Christopher,Wolf,campbellholly@example.org,West Gary,Tuvalu,2024-03-15
1006,Timothy,Silva,paul29@example.net,Wilkersonmouth,Pakistan,2026-03-28
1007,Michael,Fernandez,xcampbell@example.net,New Karenstad,Sweden,2022-11-02
1008,Kimberly,Carter,ahansen@example.org,Lake Emmafort,Netherlands Antilles,2025-01-24
1009,Chad,Ortiz,jennifer94@example.com,Johnmouth,Saint Lucia,2026-02-07
1010,Stephanie,Cohen,mathismary@example.com,Collinsburgh,Suriname,2023-03-13
1011,Eileen,Hicks,ybenjamin@example.org,East Adam,Croatia,2024-04-16
1012,Gary,Young,jameslewis@example.com,West Kimberly,Antigua and Barbuda,2022-10-08
1013,Michael,Santos,tking@example.org,Reyesbury,Cambodia,2026-03-05
1014,Christopher,West,leahrush@example.net,Everettshire,Monaco,2026-01-14
1015,Jordan,Macias,heatherstewart@example.com,South Matthew,Suriname,2026-04-11
1016,Mark,Obrien,jennifer46@example.com,Cunninghamtown,Cameroon,2025-05-04
1017,Christina,Duarte,turnerjames@example.com,Phillipsborough,Switzerland,2024-10-03
1018,Michael,Williams,mary46@example.org,West Jillian,Kiribati,2024-08-14
1019,Thomas,Woodward,johnsontodd@example.net,Clarkside,Dominican Republic,2023-07-16
1020,Jeremy,Cooper,diana37@example.com,Mannmouth,Japan,2023-09-05
1021,Roy,Moreno,garzatanya@example.org,West Christian,Mexico,2026-02-26
1022,April,Boyd,jessica60@example.com,Bruceberg,Albania,2025-07-12
1023,Tiffany,Cook,kellyayers@example.org,Karenborough,Nauru,2025-04-01
1024,Kristen,Williams,powelljanet@example.com,Cochranberg,French Polynesia,2022-12-31
1025,Valerie,Brooks,patricia44@example.org,South Lawrenceborough,Wallis and Futuna,2022-12-17
1026,Alexis,Lynch,brianross@example.com,New Courtneyville,Jersey,2023-11-27
1027,Jonathan,Hoover,hbenjamin@example.com,South Debbie,Dominican Republic,2022-08-20
1028,Katie,Flores,kathryneverett@example.com,Bakerbury,Cambodia,2023-10-24
1029,Elizabeth,Randall,peternelson@example.com,Nancystad,United States Minor Outlying Islands,2023-07-04
1030,Jay,Mills,lisa61@example.net,Christophermouth,Burundi,2024-03-07
1031,John,Smith,nancymack@example.com,East Michael,Malaysia,2025-02-25
1032,Juan,Silva,jenkinsthomas@example.com,Nancybury,Eritrea,2023-08-06
1033,Cheryl,Golden,matthew94@example.org,Lake Yolandaburgh,Anguilla,2024-04-07
1034,Nathaniel,Kramer,frankjonathan@example.org,Maryside,Somalia,2023-05-07
1035,Justin,Lee,scotttiffany@example.com,North Scott,Argentina,2022-11-22
1036,Rebecca,West,david07@example.org,North Nicholas,Ukraine,2024-09-22
1037,Kimberly,Zuniga,dgibbs@example.com,Guerreroton,Sierra Leone,2024-03-29
1038,Diane,Lopez,arichardson@example.net,Kennedyshire,Bangladesh,2023-05-16
1039,Hannah,Snyder,kimrobin@example.org,Vincentberg,Cameroon,2025-12-30
1040,Jason,Brewer,josephwhite@example.com,Ronaldberg,Ethiopia,2026-07-06
1041,Charlotte,Jones,qmills@example.com,Watkinsview,United States Virgin Islands,2023-04-21
1042,Donna,Hall,millermartin@example.org,Shannonmouth,French Guiana,2026-03-07
1043,John,Hall,lauraellis@example.com,Hillmouth,Bosnia and Herzegovina,2025-05-15
1044,Pamela,Garcia,wcardenas@example.net,Danielbury,Singapore,2024-12-13
1045,Jody,Stein,john41@example.net,Tanyaburgh,Haiti,2026-02-04
1046,Bruce,Roman,lrobbins@example.org,West Steven,Haiti,2023-03-13
1047,Linda,Maldonado,boyerheather@example.org,West Emilybury,Honduras,2023-07-20
1048,Krystal,Turner,brianmarsh@example.net,East Stephenmouth,Canada,2024-05-18
1049,Calvin,Johnson,campbellamanda@example.org,Benjaminbury,Western Sahara,2025-12-04
1050,Jamie,Dixon,oramirez@example.net,Porterbury,Grenada,2022-11-03
1051,Patty,Perez,mcfarlandsarah@example.org,West Lauren,Bangladesh,2026-02-23
1052,Heather,Underwood,rkane@example.net,Jensenside,Tokelau,2026-08-03
1053,Alan,Osborne,robert61@example.org,Theresamouth,Niue,2024-01-09
1054,Dennis,Lewis,laurienichols@example.net,South Kellyborough,Liberia,2024-12-27
1055,Richard,Brown,eric86@example.com,Samanthamouth,Malawi,2025-11-03
1056,Sharon,Montoya,rwu@example.com,Jacobfurt,Poland,2024-09-09
1057,Paul,Johnson,jenniferherrera@example.net,North Kimberly,Cocos (Keeling) Islands,2025-11-10
1058,Haley,Doyle,collinsnicole@example.org,North Larryberg,Western Sahara,2022-09-17
1059,Lindsey,Dunn,valdezzachary@example.com,Martinezside,Belarus,2024-10-01
1060,Alyssa,Hodges,justinhoffman@example.com,Jenniferland,Burkina Faso,2024-02-24
1061,James,Vasquez,rosariogregory@example.net,Donaldton,Somalia,2024-10-30
1062,Karen,Miller,christina72@example.org,Johnview,Papua New Guinea,2026-06-23
1063,Karen,Snyder,burnettdiana@example.net,Port Jamesmouth,China,2024-09-15
1064,Nathaniel,Walsh,moyerkimberly@example.com,Atkinsview,Namibia,2025-05-31
1065,Jennifer,Curry,ejimenez@example.org,Michaelbury,Poland,2024-07-28
1066,Brian,Lang,usmith@example.net,Travisview,Mozambique,2025-02-10
1067,Carl,King,izamora@example.net,East Douglasland,Sudan,2025-01-17
1068,Patricia,Smith,sparkslaura@example.net,Robertmouth,Bulgaria,2025-07-25
1069,Karen,Potter,kylie58@example.org,North Jameshaven,Saint Kitts and Nevis,2025-12-09
1070,William,Webb,ogutierrez@example.com,Kingchester,Angola,2024-12-28
1071,Rebecca,Dickson,wilsonjake@example.org,Lake William,Grenada,2025-07-29
1072,Ashley,Mccormick,martinezlarry@example.net,Howardtown,Montserrat,2024-05-07
1073,Jeffrey,Clark,joegoodwin@example.org,East Anne,Croatia,2023-03-04
1074,Michaela,Moore,lisahayes@example.net,South Jose,Vietnam,2023-05-26
1075,Kimberly,Hardin,martinelliott@example.org,Mccarthyville,United Arab Emirates,2023-11-28
1076,Whitney,Juarez,samantha90@example.org,Brianville,Norway,2022-09-02
1077,Ebony,Davis,michael53@example.com,Claytonfurt,Zimbabwe,2022-12-16
1078,Rebecca,Vasquez,sarahlopez@example.com,South Walter,United States of America,2025-10-26
1079,Maria,Dawson,hernandezchristina@example.net,North Jessicastad,Dominican Republic,2024-06-11
1080,Denise,Kelley,tyrone78@example.com,North Adrian,Monaco,2023-10-29
1081,Timothy,Tucker,nicholewalker@example.org,Wrightmouth,Tunisia,2024-03-06
1082,Gabriel,Hatfield,jesse29@example.org,East Wendy,Georgia,2026-07-19
1083,Heather,Payne,alexanderjill@example.net,Changtown,Aruba,2022-12-17
1084,Ryan,Holland,powellstephanie@example.com,Hernandezberg,Bahamas,2024-03-08
1085,Angela,Brown,munozjames@example.org,West Williamview,Bolivia,2025-08-31
1086,Andrew,Peterson,trevor68@example.org,Michaelhaven,Northern Mariana Islands,2023-04-14
1087,Charles,Owens,ryancarpenter@example.net,East Kathy,Niger,2023-01-13
1088,Carol,Matthews,stephen94@example.net,Gravestown,Andorra,2022-12-20
1089,Tyler,Mcdonald,ashleygarcia@example.net,New Matthewside,Albania,2023-05-09
1090,Henry,Wyatt,patrickhall@example.net,West Jared,Malaysia,2025-11-24
1091,Angela,Long,ginabarr@example.com,Michaeltown,Singapore,2022-10-24
1092,Michael,Shaw,lopezelizabeth@example.com,Matthewburgh,Liberia,2024-05-16
1093,Zachary,Franklin,haroldsimpson@example.net,Anthonybury,Barbados,2024-01-17
1094,Joshua,Craig,amartinez@example.com,Port Samanthafurt,Senegal,2022-10-20
1095,Kara,Combs,gpeterson@example.org,Bryantville,Bosnia and Herzegovina,2025-01-21
1096,Tyrone,Howard,kaiserkyle@example.net,Port Brianside,Saint Kitts and Nevis,2026-05-31
1097,William,Crawford,juangarcia@example.org,East Desireeton,Portugal,2025-10-05
1098,Jason,Novak,uscott@example.net,West Christopherburgh,South Georgia and the South Sandwich Islands,2023-12-29
1099,John,May,goodwinaaron@example.net,Nathanstad,Western Sahara,2025-10-07
1100,Tamara,Berry,brownalicia@example.net,Karlastad,Japan,2023-11-02
1101,Ashley,Bishop,john17@example.net,Herringburgh,Guadeloupe,2025-07-02
1102,Christy,Wong,cellis@example.net,East Cassandra,Estonia,2023-12-12
1103,Jeffrey,Richardson,phill@example.net,Port Moniqueview,Mexico,2024-04-12
1104,Marc,Johnson,qduran@example.org,Ayalaland,American Samoa,2024-05-25
1105,Stephanie,Smith,jeffery43@example.com,Port Susan,Fiji,2025-10-10
1106,Kara,Schneider,monica34@example.org,Pachecofurt,Algeria,2024-12-01
1107,Benjamin,Jimenez,hallmary@example.org,Devonchester,Tunisia,2024-11-03
1108,Ryan,Sheppard,denisesandoval@example.net,East Steven,Haiti,2025-06-16
1109,Linda,Friedman,bsmith@example.org,East David,Macao,2025-02-13
1110,Keith,Garrison,ronaldwiggins@example.net,Mcmillanburgh,Reunion,2025-12-30
1111,Krystal,Jimenez,stephanie19@example.com,New Bradleyfort,Jersey,2024-10-04
1112,Claudia,Carney,angela16@example.org,Cooperside,Austria,2024-07-09
1113,Kelli,Richardson,ashley70@example.org,East Kennethshire,Sri Lanka,2026-03-10
1114,Elizabeth,Williams,tiffany52@example.com,Davisfort,Marshall Islands,2023-06-06
1115,Christopher,Fritz,brandonmyers@example.com,Traceystad,Saint Kitts and Nevis,2023-01-14
1116,Kevin,Roberts,james38@example.com,Vargasview,Estonia,2023-01-03
1117,Sheryl,Kelly,goodmanlatoya@example.com,South John,Guyana,2024-10-10
1118,Kevin,Nelson,michaelschultz@example.com,Richardville,Cyprus,2026-03-18
1119,Jared,Gutierrez,newmanrachel@example.net,Port David,Heard Island and McDonald Islands,2026-04-24
1120,Julie,Watts,madison45@example.com,Smithville,Mozambique,2024-03-25
1121,Devin,Riddle,martin35@example.net,New Stephanie,Germany,2025-02-13
1122,Sierra,Turner,ryanwendy@example.com,West Danastad,Bermuda,2023-10-08
1123,Teresa,Bryant,nreyes@example.com,Williamsstad,Palau,2023-12-05
1124,Ashley,Richardson,syoder@example.net,Boydland,Myanmar,2023-01-24
1125,Dorothy,Hill,sanchezjody@example.net,East Albertport,Iran,2025-01-12
1126,Suzanne,Hill,xparker@example.com,New Joshua,Lao People's Democratic Republic,2024-07-23
1127,Sara,Martin,doylefrank@example.org,East Erin,Lithuania,2023-03-14
1128,Sandra,Miller,millermargaret@example.org,Shannonfort,United States Virgin Islands,2023-05-28
1129,Anthony,Watts,randy75@example.com,Port Kenneth,Liberia,2023-10-04
1130,Joshua,Kim,roberto36@example.com,New Jesse,Sierra Leone,2024-05-25
1131,Anthony,Wilson,debbieryan@example.com,East Richard,New Caledonia,2025-04-13
1132,Lindsey,Rich,jasonboyd@example.com,South Connor,Iraq,2025-08-23
1133,Alicia,Romero,brobbins@example.net,North Sherry,Rwanda,2024-06-16
1134,Nicholas,James,michelle81@example.org,Paulport,Haiti,2024-07-06
1135,Victoria,Garcia,rebekahhopkins@example.org,North Keith,Mayotte,2025-05-11
1136,Jacob,Sloan,nbradford@example.org,Lake Timothy,Ukraine,2024-09-05
1137,Michael,Johnson,speters@example.com,Davidland,Armenia,2025-08-15
1138,Katherine,Shaw,vrussell@example.com,Port Danielleside,Central African Republic,2025-11-29
1139,Steve,Davidson,braunchloe@example.org,South Susanbury,Gibraltar,2025-02-06
1140,Jay,Gill,donnacampbell@example.com,Melissaberg,Falkland Islands (Malvinas),2025-11-19
1141,Juan,Sherman,jessicamorgan@example.net,Kristiport,Greenland,2026-05-08
1142,Tina,Lee,richardwhite@example.com,Martinchester,Malawi,2023-01-21
1143,Mark,Avila,vgreen@example.com,North Michaelfort,Sao Tome and Principe,2023-04-22
1144,Angela,Lang,brittany75@example.org,Jasonton,Kyrgyz Republic,2024-02-15
1145,Molly,Avila,wsmith@example.org,New Aliciaport,India,2024-06-20
1146,Travis,Abbott,nicholas57@example.net,Davisfurt,Dominica,2024-11-03
1147,Eric,White,pdiaz@example.com,East Andrewport,Myanmar,2023-08-31
1148,Kristen,Johnson,vjarvis@example.org,Stevemouth,Macao,2024-09-28
1149,Maria,Harris,castrojames@example.org,Coxberg,Botswana,2025-08-29
1150,Anthony,Rivera,krista21@example.com,West Williamport,Venezuela,2025-06-14
1151,Alan,Cameron,audreybender@example.org,Jacksonhaven,Mauritius,2023-02-04
1152,Gary,Lynch,cthompson@example.com,New Kimberlyshire,Japan,2023-07-28
1153,Gabriel,Lambert,awright@example.com,Ryanside,Burkina Faso,2024-10-25
1154,Clinton,Hall,bryantbrad@example.com,Ewingtown,Serbia,2023-07-14
1155,Gregory,Cobb,deborahsilva@example.com,Natashaville,Malaysia,2022-12-05
1156,Cindy,Reynolds,jamesrodriguez@example.com,Seanchester,China,2024-02-01
1157,David,Moore,angela15@example.org,East Hannah,Suriname,2023-06-18
1158,Katrina,Barker,davidrogers@example.net,Kathrynview,Guam,2026-04-14
1159,Vincent,Smith,joshua42@example.com,Lake Michael,Timor-Leste,2025-08-25
1160,Ashley,Fields,baldwinrodney@example.org,Lake Max,Zambia,2026-02-05
1161,John,Jones,williamselizabeth@example.org,Veronicafurt,Sweden,2025-01-22
1162,Michelle,Hamilton,annamoss@example.net,East Kathleenchester,Cyprus,2023-12-14
1163,Joan,Rogers,mking@example.org,Bellport,Dominican Republic,2025-08-28
1164,John,Griffin,matthew01@example.com,West Abigailmouth,El Salvador,2024-01-24
1165,Jeffrey,Mullen,perezpamela@example.com,Markstad,Suriname,2025-10-03
1166,Andrew,Foley,ksoto@example.net,South Kennethhaven,Indonesia,2025-03-04
1167,Emily,Powell,nwright@example.com,Cindyport,Guinea-Bissau,2025-01-26
1168,Ronald,Gomez,nataliewoods@example.net,Davidmouth,Tonga,2025-02-08
1169,Ashley,Simpson,smithpeter@example.org,Lake Danielside,Sudan,2026-04-23
1170,Mallory,Campos,devonwallace@example.net,North Jonathanview,Cyprus,2023-07-21
1171,Louis,Richardson,wjimenez@example.net,West Sarahville,Rwanda,2024-08-27
1172,Joseph,Schwartz,leah93@example.net,Hughesview,Portugal,2023-05-14
1173,Philip,Brown,melissafrench@example.com,Lucasview,Korea,2026-06-05
1174,Peter,Bates,sophiawright@example.net,Webbville,Anguilla,2025-12-07
1175,Cassie,Lewis,fowlertimothy@example.org,Marshallmouth,Slovenia,2024-03-23
1176,Alan,Russell,orussell@example.org,Savagefort,Kuwait,2026-04-10
1177,Shelly,Lewis,robert11@example.com,Port Martinhaven,Nepal,2024-05-16
1178,Lisa,Castro,dudleyjennifer@example.org,Brucemouth,United Arab Emirates,2024-07-26
1179,Krista,Daniels,xbailey@example.org,Matthewsborough,Tunisia,2023-11-03
1180,Kathleen,Hill,nprice@example.org,Obrienborough,Gambia,2025-10-01
1181,Madison,Richmond,jmaxwell@example.org,Lake Kevinborough,Bosnia and Herzegovina,2023-04-22
1182,Anthony,Acosta,sanchezmelissa@example.com,North Andrewfurt,Saint Pierre and Miquelon,2023-06-06
1183,Robert,Moore,tshaffer@example.org,Danaburgh,Sweden,2024-08-24
1184,David,Bradshaw,carlos95@example.net,Wellsfurt,Timor-Leste,2023-03-11
1185,Charles,Bradley,michaeljohnson@example.org,East Stephen,United Kingdom,2026-06-12
1186,Susan,Sims,youngnicholas@example.org,Jamesshire,Burkina Faso,2022-11-13
1187,Kenneth,Higgins,anthony93@example.net,Port Mariobury,Estonia,2022-11-18
1188,Kevin,Johnson,velasquezkatherine@example.org,Baxterborough,Jamaica,2026-03-15
1189,Dustin,Jones,jennifer04@example.org,Kellyberg,Niue,2022-09-17
1190,Lindsey,Baxter,robertanderson@example.net,New Thomas,Western Sahara,2025-10-08
1191,Lisa,Riley,ruth45@example.org,West Ronnie,Jamaica,2026-07-29
1192,Deborah,Gutierrez,michellewalker@example.com,Port Daniel,Oman,2022-09-14
1193,Rebecca,Hall,silvavalerie@example.org,Lake Lori,Tokelau,2024-08-22
1194,Vincent,Floyd,yleach@example.net,West Jessicatown,Guadeloupe,2022-11-27
1195,Mary,Green,amybaldwin@example.com,New Jesseshire,Jordan,2023-09-07
1196,Stephen,Acosta,emma52@example.org,South Markmouth,Saint Pierre and Miquelon,2026-03-13
1197,Jeffrey,Graham,anitabradley@example.net,New Kristinatown,Vanuatu,2023-05-22
1198,Robin,Sexton,alicia63@example.com,Port Kevinton,Costa Rica,2024-10-02
1199,Heidi,Williams,wdavis@example.net,South Maria,Peru,2024-12-14
1200,James,Watts,glewis@example.org,East James,Niger,2023-06-14
1201,Maurice,Woods,timothyharrington@example.net,Ortizberg,Guyana,2025-05-07
1202,Noah,Morris,bradleyhill@example.net,West William,Congo,2024-05-14
1203,Michael,Roberts,kirbyjamie@example.net,West Maxwell,Saint Helena,2026-04-12
1204,Gina,Turner,fergusonamber@example.com,Arnoldhaven,Indonesia,2025-11-01
1205,Kevin,Day,chaneyjames@example.org,Johnsontown,Gabon,2024-08-25
1206,Julie,Romero,bentonnatalie@example.org,Davisbury,Guinea-Bissau,2023-08-13
1207,James,Fisher,abbottjason@example.org,Johnsonview,Pakistan,2026-04-24
1208,Steven,Wright,melissa76@example.net,North Charlesberg,Guam,2025-12-07
1209,Richard,Gonzalez,blawrence@example.com,Woodbury,Myanmar,2025-05-31
1210,Adriana,Bruce,jose26@example.com,South Kari,Burundi,2025-01-05
1211,Ana,Willis,michaelwright@example.com,Christophermouth,Guinea-Bissau,2025-02-16
1212,Paul,Landry,juan79@example.net,Cynthiatown,Taiwan,2026-05-15
1213,Susan,Campbell,amandamorales@example.net,Richardport,Estonia,2024-07-21
1214,Victor,Todd,rodrigueztracy@example.com,Hullbury,Martinique,2022-08-17
1215,Charles,Schultz,grahamdouglas@example.org,Martinezchester,Tokelau,2022-09-14
1216,Elizabeth,Ho,nicole74@example.org,Danielfurt,Turkmenistan,2024-12-18
1217,Michael,Martinez,aliciajackson@example.net,Jessicafurt,Mexico,2026-03-18
1218,Claudia,Montgomery,johnsonscott@example.net,New Robynmouth,Thailand,2022-09-24
1219,Bryan,Travis,donaldparker@example.net,South Kylebury,American Samoa,2026-03-15
1220,Ernest,Marshall,kenneth95@example.org,Kennethside,Liberia,2026-03-17
1221,Joseph,Oliver,stacey90@example.org,Lake Nathanfort,Switzerland,2026-01-05
1222,April,Hernandez,sarah40@example.net,Thomasborough,Zambia,2024-05-04
1223,Alejandro,Mitchell,david67@example.org,East Joseph,Pakistan,2024-09-27
1224,Diane,Torres,dominicschaefer@example.com,Mclaughlinhaven,Indonesia,2025-02-07
1225,Jennifer,Johnson,oortiz@example.net,North Erinborough,Burundi,2025-04-02
1226,Erin,Goodman,laurenfoster@example.org,Ashleyport,Somalia,2023-06-23
1227,Jennifer,Sweeney,juliaroberson@example.org,Lake Richardmouth,Guyana,2024-07-30
1228,Michael,Reynolds,bonillachristopher@example.org,Williamsstad,United Arab Emirates,2026-04-12
1229,Antonio,Hood,edwardray@example.org,Stephaniemouth,Holy See (Vatican City State),2026-03-27
1230,Colleen,Rodgers,craig86@example.org,Joshuamouth,Norway,2023-07-10
1231,Julia,Turner,kimberly02@example.net,West Thomaston,Hungary,2025-08-20
1232,Derek,Scott,bschmidt@example.net,West Nancystad,Iceland,2025-03-04
1233,Steven,Esparza,yfischer@example.net,New Mario,Barbados,2024-03-12
1234,Omar,Davis,williamsashley@example.org,Port Suzanne,Isle of Man,2023-11-29
1235,Cathy,Leon,robersoncharles@example.org,Robinsonview,Zambia,2025-06-02
1236,Kyle,Myers,joshua60@example.org,New Kerrychester,Tunisia,2022-10-06
1237,Annette,Nelson,nelsonvincent@example.net,South Gregory,Czech Republic,2026-07-03
1238,Tony,Harris,ufriedman@example.org,Rodneyport,Montserrat,2024-12-31
1239,Angela,Ferguson,blevinslaura@example.org,Port Joseph,Cook Islands,2023-05-22
1240,Arthur,Hamilton,randycastillo@example.net,Port Kimberlyside,Nepal,2026-02-06
1241,Daniel,Russell,dominiquejohnson@example.org,Larsenland,Russian Federation,2026-01-07
1242,Carlos,Gates,nhenry@example.net,North Kimberly,Maldives,2025-06-21
1243,Kimberly,Johnson,audreylittle@example.org,South Amymouth,Mozambique,2023-10-19
1244,Edward,Barrett,merritttanya@example.org,North Jeffery,Mayotte,2026-02-21
1245,Gerald,Walker,blackmitchell@example.org,South Jessica,United Kingdom,2025-05-10
1246,Tina,Jones,reedamy@example.com,West Shellyton,Turks and Caicos Islands,2023-05-23
1247,Melissa,Bailey,farmermark@example.net,Aprilstad,Burundi,2023-12-07
1248,Kristin,Davis,richardhenry@example.org,North Joseburgh,Hungary,2023-07-30
1249,Patty,Stone,kylerodriguez@example.org,Ashleyport,Korea,2022-09-01
1250,Melanie,Howell,watkinsjoshua@example.com,Lake Erikastad,Zambia,2022-11-10
1251,Amanda,Hamilton,aosborne@example.org,Laneport,Austria,2023-03-16
1252,Barbara,Hernandez,phylliskennedy@example.com,Turnerchester,British Virgin Islands,2024-11-17
1253,Miguel,Keller,ghurst@example.org,Anthonyside,Cote d'Ivoire,2024-05-01
1254,Robert,Novak,matthewrodriguez@example.com,Johnchester,Finland,2024-09-09
1255,Carrie,Rivas,connorbaker@example.com,East Yolanda,Lebanon,2023-11-20
1256,Victor,Jensen,hestergary@example.org,Port Sabrinaside,Tokelau,2024-11-19
1257,Michael,Morales,jonesbradley@example.org,Jamesfurt,Hungary,2024-08-19
1258,Andrew,Bishop,chavezcarlos@example.net,Hamptonstad,Estonia,2024-05-16
1259,Allison,Porter,lindarice@example.com,Frankberg,Nigeria,2025-07-06
1260,Amanda,Norton,ofernandez@example.org,Gregoryburgh,Paraguay,2024-02-06
1261,Cynthia,Arroyo,fjohnston@example.net,Port Toddberg,United Kingdom,2025-06-02
1262,Sally,Peterson,melendezheather@example.org,Bethanyhaven,French Guiana,2025-08-03
1263,Melissa,Johnson,gregory41@example.org,New Wesleyhaven,Northern Mariana Islands,2023-08-09
1264,Christopher,Golden,brenda60@example.org,West Stephanieville,Antarctica (the territory South of 60 deg S),2024-04-07
1265,Mary,Thomas,anthony88@example.com,North Zacharyland,Australia,2024-01-20
1266,John,Shelton,vmitchell@example.net,North Jorge,Chile,2026-05-13
1267,Russell,Mayer,davistracy@example.net,Port Lauraborough,China,2024-04-11
1268,Pamela,Wilson,elliottwilliam@example.com,Port Amyview,Benin,2023-05-18
1269,Lori,Griffin,michael92@example.net,Steventown,San Marino,2025-12-07
1270,Thomas,Wood,aguilarbrian@example.net,Kimberlytown,Martinique,2025-06-08
1271,Michael,Scott,efisher@example.com,Lake Danielville,Bouvet Island (Bouvetoya),2023-03-05
1272,Jon,Sullivan,davidbishop@example.org,Mooreport,Australia,2026-01-28
1273,Valerie,Morris,martindenise@example.org,Port Elijah,United States of America,2024-07-21
1274,Samantha,Moses,briannaharvey@example.com,South Edwinburgh,Antarctica (the territory South of 60 deg S),2024-04-12
1275,Mario,Chen,kathleen61@example.com,Nicolefurt,Peru,2022-12-23
1276,Matthew,Leblanc,zavaladiana@example.org,North Gregoryshire,Hungary,2025-04-14
1277,Mark,Morgan,nvaughan@example.net,South Dakotatown,Hong Kong,2025-06-01
1278,Katelyn,Knox,maxwell96@example.net,Timothyshire,Ethiopia,2026-05-25
1279,Laura,Howard,morgancarlos@example.net,North Charles,Tajikistan,2023-04-18
1280,William,Webster,jenny72@example.net,South Sandra,Bahrain,2026-05-01
1281,Bryan,Gray,tmata@example.org,Coxmouth,Suriname,2024-08-23
1282,Cynthia,Johnson,robertmoore@example.com,North Ambershire,Honduras,2026-07-12
1283,Ethan,Smith,olsonterrance@example.org,Port Zachary,Solomon Islands,2026-07-12
1284,Kevin,Crosby,hunterterri@example.net,North Anabury,Switzerland,2025-12-12
1285,Barbara,Thornton,yhenry@example.net,Stephaniemouth,Japan,2023-01-17
1286,Mary,Johnson,uharrison@example.com,Patriciamouth,Puerto Rico,2026-04-21
1287,Sandra,Morris,daniellerivera@example.com,Dawsonburgh,Cote d'Ivoire,2024-03-05
1288,Molly,Velez,millermichelle@example.org,Williamschester,Estonia,2025-09-17
1289,Jeffrey,Caldwell,dustin22@example.org,Jonesside,Jordan,2025-05-31
1290,Benjamin,Whitney,randy06@example.org,Nguyenfort,British Indian Ocean Territory (Chagos Archipelago),2023-03-01
1291,Trevor,Nelson,carlosmccarthy@example.org,Christopherburgh,Gabon,2024-07-05
1292,Stephanie,Carter,smurphy@example.com,Brianhaven,Vanuatu,2024-12-01
1293,Mackenzie,Wheeler,angela36@example.org,Carrollmouth,Myanmar,2023-09-12
1294,David,Underwood,bholmes@example.com,Port Megantown,South Georgia and the South Sandwich Islands,2022-09-16
1295,Justin,Smith,zfowler@example.com,East Crystalstad,Burkina Faso,2024-02-04
1296,Jane,Walls,hickmantimothy@example.com,East Kimton,Ghana,2024-05-21
1297,Michael,Anderson,lking@example.com,Sandratown,Iceland,2023-01-04
1298,Christopher,Ford,alexandranelson@example.com,Laurenville,New Caledonia,2023-12-28
1299,Tracy,Thomas,john54@example.com,North Jacquelinefort,Paraguay,2024-04-10
1300,Brad,Ayers,austin27@example.net,Dantown,Syrian Arab Republic,2026-06-03
1301,Dana,Smith,georgeschultz@example.org,East Jay,Oman,2026-02-02
1302,Dana,Edwards,katherine16@example.org,West Markbury,Equatorial Guinea,2024-10-22
1303,Cynthia,Reed,xstephens@example.com,New Cheryl,Canada,2024-04-03
1304,Julie,Suarez,robertrobbins@example.org,Debbiefurt,Finland,2023-11-25
1305,Timothy,Scott,schmidtheather@example.org,Torresland,San Marino,2025-12-22
1306,Jason,Jackson,xrichard@example.net,East Antonioview,Palau,2023-07-14
1307,William,Jenkins,rhonda25@example.com,Ashleyfort,Algeria,2024-07-16
1308,Michael,Thomas,wwalton@example.net,Nathanshire,Zimbabwe,2023-10-19
1309,Travis,Ferguson,eduardo05@example.org,Aaronmouth,Tokelau,2022-11-13
1310,Yolanda,Cook,shawkatherine@example.com,North Rachael,Saint Helena,2022-12-19
1311,William,Day,tiffanysimmons@example.com,West Kimberly,British Indian Ocean Territory (Chagos Archipelago),2024-11-11
1312,Michael,Soto,uglover@example.org,Williamsside,Lao People's Democratic Republic,2026-01-21
1313,Danielle,Gregory,nelsoncharlene@example.org,South Johnmouth,Brazil,2026-03-27
1314,Joshua,Watson,miguel16@example.net,New Laura,Papua New Guinea,2024-01-28
1315,Keith,Odom,hughesfaith@example.net,North Kenneth,Northern Mariana Islands,2025-11-04
1316,Kenneth,Thompson,samantharich@example.com,New Prestonland,Hong Kong,2026-03-02
1317,Michael,Bates,ryan30@example.net,Christensenmouth,Germany,2024-03-16
1318,Matthew,Morgan,ubarrett@example.org,Lake Debra,Panama,2023-05-18
1319,Evan,Chambers,robin69@example.com,Lake Judithstad,El Salvador,2025-01-25
1320,Brian,Wright,candicewalker@example.org,South Andreachester,Guadeloupe,2026-02-01
1321,Amber,Kelley,joseph10@example.com,Port Tracyhaven,Costa Rica,2024-05-27
1322,Jamie,Roth,liurobert@example.net,Port Jameschester,New Zealand,2022-09-17
1323,Dennis,Vance,elane@example.com,Port Albertburgh,French Guiana,2024-12-06
1324,Stephanie,Powers,hmcbride@example.net,Sarabury,Philippines,2025-11-06
1325,James,Saunders,whitakercameron@example.org,West Julieland,Chile,2023-12-23
1326,Kayla,Herrera,kaylaporter@example.com,Erinhaven,Fiji,2024-01-24
1327,Joshua,Brown,castrojoseph@example.net,Zhangshire,Solomon Islands,2025-07-08
1328,Joshua,Mclaughlin,oburnett@example.net,Arnoldburgh,Uzbekistan,2024-02-06
1329,Tiffany,Harrison,ellismark@example.com,East Elizabeth,Morocco,2025-01-19
1330,Mitchell,Grant,cmorton@example.org,West Jonathan,Turkey,2025-01-05
1331,Brett,Cardenas,cwilson@example.net,Lake Martin,Seychelles,2024-02-03
1332,Tyler,Yates,baustin@example.net,Johnstad,Cote d'Ivoire,2023-10-13
1333,Jason,Carter,cking@example.com,New Dawnville,Ireland,2023-07-01
1334,Stephen,Sanchez,oliverashlee@example.com,Owenhaven,New Zealand,2024-06-17
1335,Jessica,Davis,zachary68@example.net,East Tonyaberg,Senegal,2025-07-24
1336,Yvonne,Scott,martinezthomas@example.net,West Jeffrey,Croatia,2026-07-14
1337,George,Collins,jeffery73@example.net,Youngton,Cocos (Keeling) Islands,2023-05-15
1338,Natalie,Yoder,danielphillips@example.org,West Sarah,San Marino,2024-05-31
1339,Jeremy,Martin,stephanie59@example.com,Frederickville,Botswana,2024-12-04
1340,Wayne,Brown,burtongregory@example.com,Lake Geraldfort,Tanzania,2024-11-30
1341,Jill,Wallace,kimberlysmith@example.net,West Michael,Uruguay,2025-04-19
1342,James,Chapman,debra57@example.org,Smithland,Fiji,2024-06-11
1343,Carol,Hebert,joseph68@example.com,New Danamouth,Lesotho,2023-11-28
1344,Amanda,Parker,brian69@example.org,Cassandraport,Cocos (Keeling) Islands,2024-05-10
1345,Sherry,Mckinney,smithkayla@example.net,Lawrencehaven,Poland,2023-07-29
1346,Ryan,Pitts,jennifer71@example.org,Kimberlyfurt,Antarctica (the territory South of 60 deg S),2025-06-13
1347,Daniel,Evans,ann24@example.org,New Julie,Somalia,2022-09-25
1348,Courtney,Harris,jasonbenson@example.net,Katherinebury,Martinique,2024-12-03
1349,Rachel,Miller,ggonzalez@example.net,Fowlerburgh,Montserrat,2022-11-20
1350,Amanda,Brown,jessecummings@example.com,Virginiachester,Paraguay,2024-07-16
1351,Amy,Wright,johnsonanthony@example.net,Evanstad,San Marino,2025-05-28
1352,Bobby,Combs,daykelsey@example.net,Lake Nicolasland,Madagascar,2025-05-01
1353,Dana,Hoffman,wramos@example.org,Morganburgh,Netherlands Antilles,2024-08-22
1354,Benjamin,Medina,patrick71@example.com,North Scottport,Niger,2024-08-28
1355,Eric,Collins,jessemiller@example.com,New Davidberg,Nauru,2022-12-20
1356,Kurt,Edwards,richardssteven@example.com,Patriciaton,Tajikistan,2024-02-05
1357,Shannon,Jordan,shawjustin@example.com,East Anthony,Zambia,2024-01-27
1358,Derrick,Miller,ijones@example.net,Kimberlystad,United States Virgin Islands,2022-10-28
1359,Patrick,Walker,brownkristie@example.com,Kimberlyton,Turkmenistan,2024-01-29
1360,Tiffany,Burnett,jennifer77@example.org,Shelbyland,United States of America,2023-03-02
1361,Samuel,Pugh,richardskaitlin@example.net,Stephensburgh,Czech Republic,2022-09-06
1362,Olivia,Sanchez,lcox@example.com,Ramseyhaven,Romania,2022-11-04
1363,Samantha,Davenport,brownphilip@example.net,Hendersonfurt,Montenegro,2025-11-27
1364,Johnathan,Howell,owiley@example.com,New Kevin,Albania,2023-11-07
1365,Christopher,Wood,jermainetaylor@example.net,Pamelaside,Mali,2025-09-23
1366,Jose,Weber,tannerclayton@example.net,East Tinashire,Anguilla,2025-07-06
1367,Julia,Perez,rebekah35@example.org,East Andrewberg,Israel,2023-12-18
1368,Joshua,Smith,tony06@example.org,Franklinburgh,United Arab Emirates,2024-12-13
1369,Pamela,Sanders,cherylhunt@example.com,Clarkview,Uganda,2022-12-22
1370,Joseph,Morris,sarah25@example.net,South Lisaside,Falkland Islands (Malvinas),2026-03-12
1371,Rebecca,Hansen,adam81@example.org,West Phillipstad,Pitcairn Islands,2026-01-22
1372,Patricia,Hill,vcunningham@example.org,Michellehaven,Svalbard & Jan Mayen Islands,2023-09-05
1373,David,Smith,bmoran@example.com,North Crystal,Slovenia,2025-05-13
1374,Jerry,Goodman,qmorse@example.org,New Christine,Saint Barthelemy,2023-04-06
1375,Brianna,Mclaughlin,crystal32@example.com,Wilsonview,Canada,2022-12-26
1376,Tonya,Pearson,sherry50@example.net,Kelliborough,Greenland,2026-01-19
1377,Reginald,Hamilton,ywatson@example.com,Dayside,Bolivia,2023-11-25
1378,Joshua,Martin,jamesperry@example.net,Monroeville,Turkmenistan,2023-03-17
1379,Matthew,Gonzalez,tuckersusan@example.org,West Michael,Uganda,2024-03-08
1380,Brianna,Moore,melissacruz@example.com,Tonyahaven,Mayotte,2024-07-01
1381,Kelly,Pham,qnelson@example.org,South Jasmine,Algeria,2022-12-25
1382,Jacqueline,Harrison,lreese@example.org,North Jean,Bahamas,2023-08-18
1383,Jennifer,Gomez,annahughes@example.com,South Justin,Taiwan,2024-08-19
1384,Stacy,Robertson,rstevens@example.com,East Cassandra,Mali,2023-05-23
1385,Rachael,Baldwin,johnathanbolton@example.net,Jamieberg,Kenya,2023-09-14
1386,Daniel,Rivers,greenmatthew@example.net,North Isabella,Gabon,2024-10-31
1387,Christopher,Morrison,allenmia@example.org,Lake Jessicaport,Mongolia,2025-08-11
1388,Amy,Scott,hernandeznathan@example.org,South Ellenland,South Georgia and the South Sandwich Islands,2025-01-12
1389,Kevin,Reid,jason79@example.com,Stonemouth,Uruguay,2025-10-19
1390,Tamara,Hughes,robert18@example.org,New Abigailmouth,Azerbaijan,2023-03-12
1391,Tracy,Douglas,james95@example.com,Julieview,Tokelau,2023-12-21
1392,Kathleen,Wolfe,littlecurtis@example.org,Port Nataliechester,Montserrat,2025-03-25
1393,Susan,Gonzales,rogersjonathan@example.net,East Robertland,Panama,2023-06-08
1394,Teresa,Smith,megan12@example.net,Nguyenville,Armenia,2025-06-17
1395,Melissa,Hayes,stephanie97@example.org,East Michelle,Congo,2023-01-19
1396,Cindy,Fritz,ureese@example.org,West Joshuashire,Montenegro,2024-04-01
1397,Micheal,Valencia,weavermarissa@example.net,West Christopher,Benin,2025-11-04
1398,Kelly,Stone,kelly65@example.org,East Brianburgh,Luxembourg,2024-01-31
1399,Kristi,Rivera,christopher30@example.org,Lake Jessicamouth,Suriname,2025-12-02
1400,Jennifer,Gill,christopher09@example.com,Benjaminmouth,Liberia,2024-01-24
1401,Jeffrey,Cabrera,gerald82@example.com,Johnsonville,Cape Verde,2023-06-24
1402,Ethan,Gonzalez,reidtina@example.com,Laurafurt,Turks and Caicos Islands,2022-09-10
1403,Darren,Turner,brobbins@example.com,Tinaborough,Cook Islands,2022-12-24
1404,Jeffrey,Scott,garrettrhonda@example.net,East Summer,Luxembourg,2024-09-02
1405,Natalie,Molina,mcgeeteresa@example.net,Patelberg,Western Sahara,2025-09-14
1406,Alexis,Gonzalez,jack34@example.com,Lake Williambury,Holy See (Vatican City State),2024-09-30
1407,William,Alvarez,lbright@example.net,West Katherine,Bosnia and Herzegovina,2023-04-11
1408,Christina,Allen,melissa73@example.org,West Sarahside,Antigua and Barbuda,2025-03-03
1409,Gary,Hughes,zwright@example.net,East Brian,Micronesia,2024-05-09
1410,Diana,Joseph,vkennedy@example.org,West Lawrencehaven,United Kingdom,2024-03-14
1411,Raven,Henderson,collinskristen@example.com,Houseborough,Saint Lucia,2024-12-15
1412,Laura,Arnold,zcox@example.com,West Kathrynport,Croatia,2025-06-09
1413,Adam,Myers,gary10@example.net,North Rebecca,Jersey,2025-04-12
1414,Danielle,Robertson,elizabeth68@example.org,West Tracyport,Kenya,2024-10-17
1415,Robin,Carpenter,matthew12@example.com,Elizabethside,China,2026-02-17
1416,Michelle,Mccoy,tammycarroll@example.com,New Jaredton,Mauritania,2023-12-14
1417,Jennifer,Morales,zmitchell@example.net,East Andre,San Marino,2025-06-05
1418,Melissa,Jackson,wilsonpamela@example.net,West George,Indonesia,2026-01-15
1419,Tracy,Li,juliepowell@example.org,Port Christineport,American Samoa,2024-06-22
1420,Mark,Cunningham,nguyencarrie@example.com,East Richardview,Tonga,2023-12-26
1421,Edward,Smith,jennifer74@example.com,Travisside,Christmas Island,2023-11-08
1422,Michelle,Garza,juliepowell@example.net,Port Josemouth,Martinique,2026-05-26
1423,Kenneth,Cross,whitemark@example.net,New Randy,Niue,2025-03-31
1424,Monica,Dudley,mary92@example.net,Riveraberg,Gambia,2024-03-20
1425,Laura,Woods,freemanlori@example.net,North Kenneth,Heard Island and McDonald Islands,2025-09-21
1426,Jennifer,White,karenturner@example.org,Burkehaven,Malaysia,2026-05-28
1427,Virginia,Jones,tinarobinson@example.com,Bartonview,Iran,2022-08-16
1428,Brittany,Munoz,lawsonvictoria@example.com,Warrenbury,Iceland,2023-10-19
1429,Andrew,Montgomery,hblake@example.net,East Stephen,Congo,2023-11-21
1430,Douglas,Wyatt,robertsjeffrey@example.com,Carlsonshire,Indonesia,2023-03-12
1431,Anne,Garcia,wadekelly@example.com,Wrightview,Bermuda,2026-02-15
1432,Timothy,Black,iburgess@example.org,New Marychester,Rwanda,2026-04-15
1433,Jennifer,Ray,jennifer15@example.org,South Debbie,Denmark,2025-02-01
1434,Joseph,Valentine,rodriguezveronica@example.com,Brianchester,Oman,2023-02-23
1435,Joshua,Bautista,jason42@example.net,North Melissaport,Jamaica,2024-02-22
1436,William,Hamilton,steinyvonne@example.org,North Joseville,Congo,2025-03-13
1437,Danielle,Green,andrea83@example.org,Changland,Swaziland,2025-06-27
1438,Johnny,Lucas,monteskaren@example.org,Johnburgh,Serbia,2024-10-11
1439,Bradley,Parks,wgaines@example.net,Mckenzieview,Ghana,2024-07-25
1440,Aaron,Wagner,dustin72@example.org,New Sharon,Mauritania,2025-04-02
1441,Kyle,Stewart,reyeskatherine@example.com,Martinland,Saint Kitts and Nevis,2024-07-06
1442,Rachel,Richardson,jamesterry@example.com,Maryborough,India,2024-10-22
1443,Scott,Andersen,ijones@example.org,Toniside,Falkland Islands (Malvinas),2024-11-10
1444,Kyle,Decker,stephanieblackwell@example.net,Hooverport,Guinea,2024-01-23
1445,Shirley,Meyer,grantmeadows@example.com,Brittanyton,Belarus,2023-01-19
1446,William,Diaz,kaisergregory@example.com,Greenbury,Japan,2023-06-23
1447,Brandi,Pittman,gamblevalerie@example.com,Michaelbury,Samoa,2023-12-23
1448,Alan,Stark,hernandezbrenda@example.org,Bellland,Colombia,2026-05-24
1449,Sean,Baker,melissacrawford@example.net,East Peter,Marshall Islands,2026-02-26
1450,Brian,Sparks,tamarazhang@example.net,Bryantfurt,Marshall Islands,2023-06-02
1451,Carolyn,Mahoney,qglenn@example.net,East Tyler,Christmas Island,2024-01-02
1452,Heather,Harris,jeffrey08@example.com,Hallburgh,Tonga,2025-10-26
1453,Ronald,White,mary54@example.net,Port Joelfort,Svalbard & Jan Mayen Islands,2023-05-09
1454,Ashley,Phillips,greenandrew@example.net,East James,French Polynesia,2026-06-11
1455,Patrick,Cole,vanessaarcher@example.org,Stewarttown,Grenada,2023-05-18
1456,Ronald,Mills,wcline@example.org,Riceport,Guinea-Bissau,2024-03-22
1457,Richard,Romero,gibbslisa@example.com,North Patrick,Anguilla,2025-05-07
1458,Rachel,Jones,charris@example.org,Stewarthaven,Ghana,2025-11-12
1459,Tonya,Norton,lmartinez@example.org,East April,French Guiana,2023-06-16
1460,Carla,Reed,sjohnson@example.net,North Lancehaven,Cocos (Keeling) Islands,2024-02-29
1461,Sharon,Santiago,aaron42@example.com,Lake Cherylburgh,British Virgin Islands,2025-06-06
1462,Jay,Murray,umccullough@example.org,Lake Jennifer,Maldives,2025-08-25
1463,Dominic,Patel,vincentsanchez@example.net,Dawnburgh,Sudan,2025-01-31
1464,Christine,Johnson,steelejennifer@example.net,East Emilyshire,North Macedonia,2026-06-27
1465,Jennifer,Cannon,mark87@example.org,East Rebeccaport,Maldives,2026-07-28
1466,Donald,Flores,kevinhester@example.com,Port Lisa,Tunisia,2024-01-02
1467,Diana,Schwartz,nicholas49@example.com,West Anthony,Greenland,2026-06-15
1468,Christopher,Campbell,christopher64@example.net,Carsonview,Australia,2024-02-23
1469,Sheila,Davis,sullivanjoshua@example.org,Port Patrickberg,Norfolk Island,2025-05-08
1470,Ashley,Martinez,lijames@example.net,East Brandonhaven,Iran,2025-07-05
1471,Erik,Harris,bellsharon@example.net,Port Amymouth,Mauritania,2025-10-13
1472,Stephen,Hunt,cuevastyler@example.net,North Jennifer,Denmark,2022-11-23
1473,Tyler,Hawkins,brookskeith@example.net,North Deborah,Luxembourg,2024-08-28
1474,Mary,Rodriguez,nicholasarnold@example.com,Port Thomas,Libyan Arab Jamahiriya,2025-05-02
1475,Victor,Jackson,zunigaanthony@example.com,Fisherberg,Puerto Rico,2023-12-05
1476,Heidi,Callahan,kendracamacho@example.net,Lake April,Netherlands,2023-07-11
1477,Thomas,Perry,henrytyler@example.net,Guerratown,Turkey,2026-02-12
1478,Leah,Woodward,bobby21@example.net,Lake Jacobton,Greenland,2024-02-05
1479,Justin,Anderson,justinwagner@example.net,Bradshawmouth,Equatorial Guinea,2025-04-27
1480,Curtis,Orozco,fmoody@example.org,Port Kevinstad,Morocco,2026-06-04
1481,Kelly,Wilson,april98@example.com,Basschester,Sweden,2023-10-13
1482,David,Wallace,royscott@example.com,Chadtown,Lao People's Democratic Republic,2026-06-06
1483,Daniel,Miller,johnturner@example.net,Lake Jeanne,Bahamas,2025-11-06
1484,Jennifer,Booth,daniel01@example.net,East Jaymouth,United States Virgin Islands,2022-11-28
1485,Jennifer,Davies,kenneth34@example.com,Brandyland,Botswana,2026-03-22
1486,Paul,Cherry,allisonbrady@example.com,West Matthew,Malta,2024-08-18
1487,David,Moore,storres@example.net,Scottfort,Bosnia and Herzegovina,2024-01-31
1488,Hannah,Stanton,randy37@example.net,Garciamouth,Lithuania,2024-03-10
1489,Kathleen,Smith,trujillovanessa@example.org,South Linda,Sweden,2026-02-18
1490,Parker,Adkins,davidsullivan@example.org,Lake Williamshire,North Macedonia,2023-05-24
1491,Katie,Ware,joneskendra@example.com,Charlesmouth,Samoa,2026-03-25
1492,Stacey,Johnson,smithmatthew@example.net,Lake Brianhaven,Antigua and Barbuda,2022-10-17
1493,Marissa,Cook,patricia62@example.net,Longland,Uganda,2024-08-14
1494,Amanda,Martin,nathanlopez@example.org,Calvinfurt,Gibraltar,2022-09-17
1495,Melanie,Delgado,brianbriggs@example.org,Geneville,Antarctica (the territory South of 60 deg S),2026-07-09
1496,Susan,Bailey,rsmith@example.net,Brandonmouth,Turkey,2026-07-24
1497,Gavin,Wood,justinjohnson@example.org,North Jacquelineville,British Virgin Islands,2025-12-27
1498,Rachel,Santos,wilsonamy@example.net,Rebeccahaven,Portugal,2023-05-01
1499,Gina,Anthony,lindamendoza@example.com,New Mariahport,Mongolia,2023-11-17
1500,Dwayne,Collins,faustin@example.org,East Leeburgh,Saint Helena,2024-08-24
1501,Joshua,Davis,patriciakelly@example.net,South Bryanchester,Poland,2022-12-15
1502,Stephanie,Robertson,hannah32@example.net,East Benjamin,French Guiana,2022-12-12
1503,Kyle,Rodriguez,lewisdominic@example.org,Eugenestad,Philippines,2025-10-19
1504,Katherine,Webb,alexander96@example.org,Marshport,Nepal,2023-12-16
1505,Jessica,Brewer,phouse@example.net,Johnsonside,Portugal,2025-10-10
1506,Joseph,Oneal,lisaparker@example.net,West Matthewberg,Sao Tome and Principe,2026-06-24
1507,Brian,Jimenez,sarahbright@example.com,South Andremouth,Malta,2023-03-17
1508,Brandy,Morrison,christopherkeith@example.com,Bobbybury,Ghana,2024-04-19
1509,Steve,Scott,ykerr@example.net,Phillipsmouth,Albania,2026-07-14
1510,Michael,White,aalexander@example.net,North Kimborough,Tuvalu,2023-02-19
1511,Alexander,Parker,russell45@example.com,Port Brettborough,Mozambique,2023-12-30
1512,Caitlin,Fisher,ucook@example.com,North Davidton,Gabon,2025-08-18
1513,Michael,Allen,julieschroeder@example.org,North Kevinshire,Kyrgyz Republic,2025-07-30
1514,Melissa,Ramirez,sbrown@example.com,East Jerry,Malaysia,2026-07-06
1515,Nancy,Joseph,marcus72@example.org,Caitlinshire,Mozambique,2026-07-30
1516,David,Hill,meghanlester@example.org,West Marilyn,Cambodia,2023-12-03
1517,Jim,Dunlap,alexis04@example.net,Riverashire,Bosnia and Herzegovina,2023-12-04
1518,Steven,May,ikim@example.org,Patrickmouth,Egypt,2024-06-12
1519,Heather,Garrett,matthew62@example.org,Port Angelaside,Bermuda,2023-11-11
1520,Christopher,Mack,omarquez@example.com,Roberthaven,Nigeria,2022-11-09
1521,Tina,Zavala,whiteamy@example.net,West Jessica,Bouvet Island (Bouvetoya),2024-03-26
1522,Austin,Wilson,phodges@example.com,Greenbury,Kuwait,2025-05-31
1523,Todd,Thompson,heatheradams@example.net,South Frederick,Sudan,2022-10-08
1524,Jeremy,Bradley,banksshannon@example.org,West Robert,Vanuatu,2025-11-23
1525,Amber,Griffin,johnsonryan@example.net,Jenniferfort,Afghanistan,2026-05-11
1526,Janet,Johnson,srodgers@example.com,New Donnaside,United Arab Emirates,2023-12-20
1527,Brian,Edwards,qgreen@example.com,Mcknightport,Antigua and Barbuda,2025-03-14
1528,Sean,Sanchez,hortonrebecca@example.com,Aaronview,Egypt,2023-05-15
1529,Curtis,Williams,xhunter@example.org,East Michaelfurt,Bhutan,2024-08-28
1530,Ann,Miller,shawnsparks@example.com,South Nicholas,Seychelles,2024-08-29
1531,Wayne,Russell,dawnruiz@example.net,South Juliebury,Guadeloupe,2023-04-15
1532,Jill,Warner,katherinenielsen@example.com,Annahaven,Eritrea,2025-11-04
1533,Brian,Dougherty,xlee@example.com,Mooreshire,Iraq,2024-03-07
1534,Cameron,Marshall,marshdennis@example.net,Cookmouth,Kuwait,2026-04-16
1535,Timothy,Schroeder,olsenjeffery@example.net,Port Aaronville,Cocos (Keeling) Islands,2025-08-09
1536,Gregory,Brown,boonewendy@example.com,East Roger,Russian Federation,2024-06-23
1537,Daniel,Ray,pughelizabeth@example.org,Reneechester,Cape Verde,2025-08-14
1538,Joshua,Moyer,kparks@example.org,North Paul,Timor-Leste,2024-09-11
1539,Leon,Lynch,elizabethmolina@example.net,Perezhaven,Turkmenistan,2022-10-08
1540,James,Huffman,dale36@example.org,Lake Maria,Paraguay,2026-06-07
1541,Brenda,Paul,nicoleharris@example.org,North Robert,Marshall Islands,2026-03-13
1542,Amanda,Gonzalez,zwashington@example.org,Quinnview,Togo,2025-10-30
1543,Anna,Simon,julie89@example.net,Johnville,Russian Federation,2022-10-31
1544,Eric,Bradshaw,morrisjackie@example.org,Meganfurt,Romania,2023-11-02
1545,Valerie,Ballard,howardray@example.com,Marquezstad,Palestinian Territory,2025-10-15
1546,Gina,Dorsey,murphykevin@example.net,Nicholasstad,Martinique,2024-04-11
1547,Tiffany,Martinez,gallagherlinda@example.net,Port Walter,Namibia,2025-09-11
1548,Patrick,Hoffman,rebeccahoffman@example.org,Owensfort,Sweden,2023-10-24
1549,Tina,White,davidhodges@example.com,Adamton,Nigeria,2025-11-04
1550,Christian,Watson,brian59@example.org,East Stanley,Latvia,2025-01-02
1551,Tyler,Valenzuela,zachary49@example.net,Denisetown,Senegal,2024-04-01
1552,Andrea,Michael,sonya31@example.org,New Kristinebury,Ecuador,2024-03-27
1553,Chris,Cantrell,jessica24@example.org,Riveraburgh,Portugal,2024-04-11
1554,Brian,Jones,jasminclay@example.com,Loganborough,Liberia,2024-09-28
1555,Karen,Hanna,derek34@example.com,Port Sarah,Indonesia,2024-09-22
1556,Brittney,Johnson,tbailey@example.org,North Kimberlychester,Germany,2025-10-25
1557,Nathan,Smith,ruizmichael@example.com,East Lauren,Guinea,2024-08-09
1558,Hayden,Cohen,dsmith@example.com,South Juliehaven,British Virgin Islands,2025-02-23
1559,Sara,Brown,andradeangela@example.org,Delgadoborough,Netherlands,2023-07-06
1560,Mark,Caldwell,jenniferwang@example.com,East Nicholasview,Bahamas,2024-10-25
1561,Ashlee,Gonzales,ifrank@example.net,Scottberg,Hungary,2024-02-23
1562,Jill,Romero,yolandabowen@example.net,Thorntonchester,Christmas Island,2022-11-28
1563,Lisa,Ryan,thomas82@example.net,North Joshua,Equatorial Guinea,2023-06-17
1564,Denise,Morrow,jenniferscott@example.com,Hahnshire,Equatorial Guinea,2023-05-28
1565,Andrea,Mcgrath,cpacheco@example.org,East Brandon,Ghana,2025-11-17
1566,Adrian,Wagner,andrewsdawn@example.net,Martinside,Norfolk Island,2026-04-01
1567,Christine,Middleton,jennifer64@example.com,West Dale,Lao People's Democratic Republic,2024-02-18
1568,Michael,Collins,joseph79@example.com,Port Dustin,Sao Tome and Principe,2025-12-14
1569,Stephanie,Luna,seth70@example.net,Lake Davidchester,United Kingdom,2026-05-15
1570,Zachary,Mcdonald,moyermegan@example.com,West Christian,Azerbaijan,2025-03-24
1571,Stephanie,Brown,kingshannon@example.org,Port Dawnshire,China,2023-04-06
1572,Kaylee,Peterson,kaiserlauren@example.org,South Rachel,American Samoa,2023-06-24
1573,Amanda,Rivera,ericwerner@example.net,Nguyenborough,Kazakhstan,2023-01-18
1574,Amanda,Rogers,crawfordalejandro@example.net,Lake Alexandria,Mali,2023-07-30
1575,Lisa,Soto,coopertodd@example.org,Brennanhaven,Grenada,2024-04-14
1576,Paul,Oconnor,ejackson@example.net,Amyville,Suriname,2023-06-23
1577,Nathan,Jackson,zachary27@example.org,North Richard,Congo,2026-06-08
1578,Laura,Sanders,justingray@example.com,Port Ashley,Saint Martin,2026-03-30
1579,Maureen,Frazier,mendezrussell@example.com,New David,Turkmenistan,2026-01-18
1580,Samuel,Turner,garciawilliam@example.com,South Steven,Puerto Rico,2024-04-27
1581,Ashley,Martin,iswanson@example.com,Stephenmouth,Nigeria,2025-01-11
1582,Deborah,Drake,zpitts@example.net,Michaelstad,Maldives,2023-03-02
1583,Monique,Webster,allen43@example.net,West Grant,Western Sahara,2024-09-15
1584,Richard,Ellis,nyang@example.com,Port Joe,Croatia,2026-01-13
1585,Michael,Jones,andrewrichards@example.net,Travischester,Estonia,2025-03-06
1586,Scott,Vega,colenatasha@example.net,Xavierside,Cape Verde,2026-03-27
1587,Michael,Stone,baldwinmichael@example.org,Morrishaven,Comoros,2025-09-15
1588,Stephen,Coleman,jeffrey24@example.org,Port Tamara,Togo,2025-02-16
1589,Patrick,Williams,moorepatrick@example.org,Nicholasberg,Tonga,2024-07-02
1590,Tracy,Smith,olee@example.org,East Michaelfort,Japan,2024-08-11
1591,John,Vaughan,thompsonbrian@example.com,Brianmouth,Canada,2024-03-02
1592,Donald,Collins,rhondabarajas@example.com,Lewisshire,Saint Martin,2024-11-20
1593,Timothy,Joseph,khorton@example.org,Angelafort,El Salvador,2023-10-10
1594,William,Young,rbush@example.org,Kaneport,Croatia,2024-01-17
1595,Ashley,Valencia,john45@example.net,Calderontown,Uruguay,2026-07-09
1596,Dennis,Bowers,lewisdanielle@example.com,Reedside,Jamaica,2023-03-10
1597,Natasha,Young,manntodd@example.com,New Ryan,British Virgin Islands,2026-01-25
1598,Erin,Robinson,xaviergibson@example.org,Josephport,Ukraine,2022-12-25
1599,Noah,Warner,kimberlymartinez@example.com,Roychester,Korea,2022-09-20
1600,Sheila,Thomas,aedwards@example.net,Cookstad,Romania,2024-11-27
1601,Andrew,Oneill,pcontreras@example.org,Jenniferborough,Croatia,2025-03-04
1602,Stephanie,Watson,helenroberts@example.org,Lake Renee,Nicaragua,2023-06-24
1603,Michael,Montgomery,sarah62@example.net,Franciscomouth,Niue,2023-07-19
1604,Christine,Mooney,juliehoffman@example.net,West Kevin,Guinea-Bissau,2024-01-09
1605,Maria,Morrison,rubiochristine@example.net,South Shelley,Ghana,2024-03-12
1606,Samuel,Arias,dhatfield@example.com,Wendyborough,Ecuador,2025-05-11
1607,Marc,Gordon,ghuang@example.org,South Michael,Guadeloupe,2025-11-15
1608,Monica,Reynolds,barryhensley@example.org,Cookstad,Paraguay,2025-08-07
1609,David,Griffin,patricktaylor@example.net,Carolineville,Faroe Islands,2023-03-27
1610,Mary,Morgan,rita92@example.com,North Michelleton,Mongolia,2023-06-07
1611,Gail,Smith,johnanderson@example.org,Huffmanview,Cambodia,2024-02-13
1612,Shawn,Ellison,katherinebrown@example.com,West Jennifer,Egypt,2024-08-06
1613,Kim,Francis,williamsdenise@example.com,Rogersstad,Estonia,2025-03-25
1614,John,Miller,mlewis@example.org,New Charlestown,United Arab Emirates,2024-02-27
1615,Angela,Duffy,penaapril@example.net,Boydville,Gambia,2024-12-06
1616,Barbara,Lane,molly61@example.net,West Alicia,Iceland,2023-07-08
1617,Jessica,Robles,jacob13@example.org,West Jessicaville,Seychelles,2023-08-26
1618,Chad,Bowers,leedavid@example.net,Brettmouth,Saint Lucia,2024-07-25
1619,Cindy,Bush,matthewanderson@example.org,New Courtneyport,Estonia,2023-04-26
1620,Allen,Campbell,jknapp@example.net,New David,Armenia,2023-02-27
1621,Diane,Perez,robertshelen@example.org,Triciaport,Niue,2026-04-18
1622,Deanna,Parsons,katherine31@example.org,East Felicialand,Bermuda,2026-03-06
1623,Allison,Silva,william17@example.com,Johnborough,Turkey,2025-07-28
1624,Erin,Strickland,craig11@example.org,New April,Netherlands,2025-02-02
1625,Bryan,Robinson,harrydunlap@example.com,Clarkbury,Kazakhstan,2024-08-27
1626,Veronica,Gutierrez,patricia78@example.net,West Matthewberg,Thailand,2023-08-30
1627,William,Wood,williamsmatthew@example.com,Jessicahaven,Nauru,2026-07-29
1628,Mark,Lawrence,isaiah37@example.net,Rollinsberg,Tunisia,2024-12-10
1629,Sabrina,Zimmerman,mary57@example.com,Michellebury,Bermuda,2025-10-30
1630,Deborah,Beasley,uthomas@example.net,Jasontown,Swaziland,2026-07-26
1631,Daniel,Morris,anthonygross@example.org,New Kristen,Sao Tome and Principe,2025-01-10
1632,Diana,Turner,qlucero@example.com,Annahaven,Uruguay,2026-06-14
1633,Richard,Castillo,steven91@example.com,Port Brianfurt,Kazakhstan,2024-06-15
1634,Chad,King,emilyhernandez@example.com,Port Andrew,Reunion,2024-04-17
1635,Jeffrey,Smith,adamhall@example.net,West James,Slovenia,2025-08-06
1636,Erin,Vargas,annpeck@example.org,Timothystad,New Caledonia,2025-01-07
1637,Larry,Francis,misty82@example.net,Rossfurt,Bermuda,2023-05-17
1638,Michael,Carr,woodcharles@example.net,Brandonberg,Sao Tome and Principe,2022-12-30
1639,David,Klein,srichards@example.com,North Timothymouth,Macao,2023-06-20
1640,Thomas,Carter,jsanders@example.com,Gardnerhaven,Kenya,2023-11-27
1641,Brandon,Mckee,georgesmith@example.org,Gordonview,France,2026-05-16
1642,Timothy,Gutierrez,hurleyjohn@example.org,Teresaport,Bosnia and Herzegovina,2023-04-08
1643,Richard,Hart,riddlemichael@example.com,South Ryan,Namibia,2024-06-27
1644,Angela,Ballard,michaelharris@example.com,South Joelton,Pitcairn Islands,2024-07-31
1645,Joyce,Jackson,derrick94@example.com,South Wandaview,Myanmar,2023-09-23
1646,Charles,Reynolds,wardluis@example.org,Chapmanport,Bangladesh,2025-11-03
1647,Jacob,Turner,hedwards@example.net,Romeroville,Belarus,2024-06-18
1648,Kyle,Chaney,bethvazquez@example.org,West Johnmouth,El Salvador,2026-03-08
1649,Mark,Kirk,kleon@example.org,Melissastad,Mayotte,2024-12-07
1650,Holly,Thomas,fbell@example.net,South Jessicaview,Bahrain,2025-10-21
1651,Susan,Rodriguez,donovanwilliam@example.org,Stouttown,Cyprus,2024-10-10
1652,Valerie,Duncan,sydneyschroeder@example.net,South Kathrynbury,Belize,2024-04-06
1653,John,Gonzales,schmidtrobin@example.org,Melissaside,Puerto Rico,2023-03-01
1654,William,Bates,marcuswhite@example.org,West Lisa,Peru,2025-09-30
1655,Michael,Hamilton,christina40@example.net,Wongmouth,Chile,2026-07-07
1656,Timothy,Holt,davisrachel@example.org,Buchananchester,Somalia,2023-06-01
1657,Kimberly,Sanchez,vwebster@example.org,East Kennethville,Yemen,2024-01-04
1658,Amy,Bridges,ymann@example.net,Sarahport,Japan,2023-12-26
1659,Sherri,Powers,jacksonshelby@example.com,Lake Angie,Poland,2025-04-24
1660,Patrick,Mitchell,meganrodriguez@example.com,Schmittmouth,Poland,2023-06-09
1661,Cody,Cooke,geraldwilson@example.com,Port Susanview,Lebanon,2025-06-30
1662,Maria,Burton,orivera@example.org,East Jillianfurt,American Samoa,2025-08-15
1663,David,Mendoza,andrea83@example.com,East Joshuaborough,Guinea-Bissau,2025-07-04
1664,Patrick,Brown,alexiscalderon@example.net,Mikeside,France,2025-11-18
1665,Gabriel,Martin,michaelray@example.org,Chenborough,Pitcairn Islands,2025-02-13
1666,Jonathan,Diaz,kingkatie@example.net,East Samanthamouth,Eritrea,2022-08-06
1667,Jeffery,Ferguson,olivia67@example.org,South Elizabeth,Bahamas,2024-02-29
1668,Anna,Williams,drichardson@example.org,Rodrigueztown,Congo,2024-12-15
1669,Sarah,Norris,clarkmatthew@example.com,Seanshire,Saint Pierre and Miquelon,2024-12-22
1670,Scott,Osborn,deborah22@example.org,Bethanyside,Netherlands Antilles,2026-04-01
1671,Kristi,Lee,zdavis@example.com,South Michelleberg,Turkmenistan,2023-08-02
1672,Chase,Gray,jenniferwoods@example.com,Julianview,Hong Kong,2023-11-18
1673,Mike,Griffin,morgantracy@example.com,Jonesberg,Malawi,2022-08-23
1674,Jeremy,Oconnell,orodriguez@example.com,Michelemouth,Cayman Islands,2026-01-31
1675,Jason,Wade,fostermark@example.com,Sarahstad,Kuwait,2024-08-24
1676,Lisa,Cook,cwatkins@example.net,North Jamiefurt,Papua New Guinea,2022-09-29
1677,Betty,Mendez,jmckinney@example.com,Lindaview,Mali,2024-02-21
1678,Jenny,Phillips,wmejia@example.com,East Jessicachester,Burkina Faso,2026-04-09
1679,Austin,Hamilton,debra76@example.org,Owenston,Jamaica,2023-09-08
1680,Jason,Garner,rogerspamela@example.com,Cervanteschester,Mauritania,2025-10-27
1681,Hannah,Joyce,kimberly05@example.net,Pierceburgh,Moldova,2023-04-19
1682,William,Wiggins,jamesteresa@example.org,Gutierrezstad,United Kingdom,2025-12-20
1683,Kathy,Petty,reeddavid@example.org,Cantrellport,Botswana,2025-09-14
1684,Joshua,Ruiz,jennifertucker@example.com,Port Lisa,Mongolia,2026-02-27
1685,Mary,Franklin,vrose@example.org,East John,Moldova,2025-11-08
1686,Jennifer,Sanchez,scottapril@example.org,Kellyville,United States of America,2024-11-18
1687,Franklin,Maynard,andersonjoanna@example.com,New Keithland,Guam,2025-04-26
1688,Stacy,Huffman,jenna67@example.com,South Amy,Saudi Arabia,2024-03-01
1689,Kevin,Moore,qcollins@example.net,Matthewburgh,Congo,2025-03-17
1690,Chad,Martinez,jessicabernard@example.com,Port Andre,Malaysia,2025-02-04
1691,Margaret,Raymond,jacksonsteven@example.org,Port Brenda,Eritrea,2026-08-05
1692,Alan,King,gomezmary@example.org,West Joe,New Caledonia,2024-10-10
1693,Amanda,Hicks,nortonkathy@example.com,West Gregory,Micronesia,2025-05-15
1694,Lindsey,Cook,amy50@example.net,New Jeffmouth,Djibouti,2025-06-23
1695,James,Dorsey,susancox@example.com,Lake David,Bouvet Island (Bouvetoya),2025-07-17
1696,Anthony,Davila,hansenamanda@example.com,Port Karen,Bangladesh,2023-11-07
1697,Gregory,Murray,johnmcbride@example.org,Riosborough,Kiribati,2025-07-24
1698,Kristin,Dillon,uphelps@example.org,West Ashley,Christmas Island,2023-06-26
1699,Bradley,Morales,judy12@example.com,West Kathy,Bulgaria,2022-12-10
1700,Jamie,Marshall,johnsontanya@example.com,North Gary,Sri Lanka,2023-12-06
1701,Jesus,Mendoza,lopezmonique@example.net,East Bobbyton,Estonia,2025-03-09
1702,Nicole,Hunter,alvingarcia@example.org,Campbellhaven,Andorra,2026-03-29
1703,Teresa,Edwards,melissaroberts@example.org,West Hectortown,Syrian Arab Republic,2022-10-01
1704,Deborah,Rogers,ashleycox@example.com,New Katherinemouth,Central African Republic,2023-03-27
1705,Laurie,Garcia,rbrooks@example.org,Robertburgh,Dominican Republic,2022-08-10
1706,Jacqueline,Johnson,cwood@example.com,South Sarah,British Virgin Islands,2024-05-31
1707,Marcus,Walters,rachelbowman@example.net,New Robert,Lebanon,2025-03-03
1708,Allison,Smith,irodriguez@example.com,Jasonside,United Kingdom,2026-02-02
1709,Deborah,Fisher,wwilliams@example.net,Caitlynside,French Guiana,2026-04-02
1710,Jacob,Hall,bmoore@example.com,South Jacqueline,Uzbekistan,2024-03-24
1711,Bradley,Hoover,kathleenlewis@example.com,Port Teresafort,Liechtenstein,2025-11-27
1712,Jessica,Powers,shellyray@example.org,Jenniferfurt,Uganda,2022-09-04
1713,Cassandra,Dalton,vlandry@example.com,West Ryan,Tanzania,2026-08-04
1714,Kevin,Chambers,tonyapayne@example.net,Port Catherine,Gabon,2022-10-25
1715,Matthew,Lawrence,jennifer70@example.org,Longfort,Mayotte,2026-07-09
1716,Tina,Shaw,angelajohnson@example.com,Lake Robert,Sudan,2025-06-06
1717,Kathleen,Hanson,talexander@example.org,Ashleyberg,Martinique,2026-02-22
1718,Lisa,Brown,daniel49@example.org,Sweeneyview,Ukraine,2023-03-25
1719,Carrie,Smith,whitakerlisa@example.org,Lake Deborah,Anguilla,2023-09-25
1720,Paula,Gutierrez,zscott@example.org,South Karen,Montenegro,2025-05-05
1721,Roberto,Welch,sarahmiles@example.com,West Tracy,Cayman Islands,2026-01-02
1722,Teresa,Bryant,sallymitchell@example.org,Browntown,Christmas Island,2025-01-23
1723,Erin,Johnson,aaron63@example.org,New Debra,Bangladesh,2022-09-01
1724,Jason,Brown,qbryant@example.net,Phamberg,Cyprus,2024-05-28
1725,Kristen,Gilbert,gibbsheather@example.com,Lake Sandra,Bermuda,2026-06-06
1726,Samantha,Castillo,khancarolyn@example.com,Tammymouth,Brunei Darussalam,2026-01-06
1727,Patrick,Richardson,garzachristina@example.net,Smithchester,Monaco,2025-05-06
1728,Jeffrey,Liu,connor97@example.org,Nealchester,Mongolia,2023-10-24
1729,Rebecca,Humphrey,hicksstephanie@example.com,Johnmouth,Seychelles,2024-07-17
1730,Charles,Lang,andrewparker@example.net,Hernandezport,Colombia,2024-03-07
1731,John,Lowe,whitevanessa@example.com,Harrytown,Romania,2022-09-24
1732,David,Wilson,michellestokes@example.org,Dennistown,Falkland Islands (Malvinas),2023-06-02
1733,Heather,Johnson,zrichards@example.com,West Michaelside,Turks and Caicos Islands,2026-01-19
1734,James,Crawford,markhernandez@example.org,Christopherhaven,Gibraltar,2025-01-02
1735,Ian,Ellis,bowersstephen@example.com,Port Vickie,Guam,2023-04-11
1736,Maria,Jimenez,mercadojennifer@example.com,Jessicachester,Zambia,2024-11-27
1737,Donald,Barajas,melanieflores@example.com,Jorgemouth,Gabon,2025-10-19
1738,Amber,Mathis,johnnyriley@example.com,East Tiffanymouth,Gabon,2024-03-09
1739,David,Crawford,sharonrodriguez@example.net,Lake Cameron,Belarus,2026-06-02
1740,Franklin,Wright,michaeltorres@example.com,West Dillon,British Virgin Islands,2024-03-16
1741,Lisa,Neal,jacobharper@example.net,Lake Brian,Ghana,2025-08-25
1742,Adam,Hawkins,adamtorres@example.com,East Alexisport,Tonga,2023-10-19
1743,Hunter,Gonzalez,ramirezdawn@example.net,Deniseland,Iceland,2023-11-05
1744,Jeffrey,Carr,kathrynstewart@example.org,Port Janetland,Pakistan,2024-12-11
1745,Amy,Glover,psmith@example.com,Paulburgh,Ukraine,2026-07-05
1746,Maurice,Elliott,christopherfarmer@example.net,Trujilloport,Germany,2024-02-10
1747,Karen,Williams,ewright@example.net,Lake Adam,Turkmenistan,2024-04-05
1748,David,Mueller,bgriffin@example.net,Christopherville,Hong Kong,2022-10-26
1749,Jessica,Lee,ramseydavid@example.com,South Linda,Malaysia,2024-10-22
1750,Eric,Warner,sarahclark@example.net,Tiffanymouth,Malaysia,2024-11-05
1751,Julie,Tucker,brianford@example.net,West Karen,Australia,2024-04-17
1752,Christopher,Cobb,joseph14@example.net,New Joshua,North Macedonia,2023-07-31
1753,Yvonne,Smith,josephhamilton@example.net,Michaelside,Saint Kitts and Nevis,2023-08-07
1754,Vincent,Pruitt,jessica58@example.com,Wendymouth,Jersey,2026-06-02
1755,Paige,Wilson,cynthiahubbard@example.org,Hunttown,Norway,2024-09-29
1756,Kathleen,Richardson,dianemitchell@example.org,South Susan,New Caledonia,2025-08-21
1757,Adrian,Campbell,adam05@example.com,Nicholasport,New Caledonia,2024-08-29
1758,Patricia,Schmitt,michael83@example.net,Jesseport,British Indian Ocean Territory (Chagos Archipelago),2024-04-06
1759,Rita,Bennett,stephanie92@example.com,Josephmouth,Reunion,2022-08-31
1760,Angela,Morse,ugill@example.com,North Kenneth,Puerto Rico,2024-04-27
1761,Christina,Wright,jenniferrojas@example.net,Poncehaven,Malta,2024-11-02
1762,Michael,Jones,blevinstammy@example.net,Lake Jason,New Zealand,2025-02-03
1763,Stephanie,Martinez,fperez@example.net,New Shelby,Cuba,2024-01-04
1764,Michelle,Livingston,robrien@example.org,Crystalshire,Samoa,2025-04-15
1765,Amanda,Butler,regina59@example.com,Lake Eric,Venezuela,2024-05-30
1766,Anna,French,younglaura@example.org,North Shawn,Czech Republic,2022-09-18
1767,Anthony,Willis,cmartinez@example.org,Lauraport,Falkland Islands (Malvinas),2023-07-01
1768,Kimberly,Ruiz,mary37@example.org,Stanleyburgh,Romania,2022-12-18
1769,Steven,Collins,barbaraoconnor@example.net,New Douglasborough,Finland,2026-05-20
1770,Danielle,Davis,williamscarol@example.net,Richardview,Iraq,2024-07-01
1771,Tammy,Cisneros,jason09@example.org,North Robin,Swaziland,2022-11-24
1772,Gregory,Perez,jensenethan@example.net,Valeriefort,Argentina,2023-03-28
1773,Shelby,Perez,owhitaker@example.com,South Mary,Cote d'Ivoire,2025-07-01
1774,Daniel,Webb,stevengill@example.org,Hooverburgh,Georgia,2024-06-14
1775,Patricia,Chambers,travis93@example.com,Ruizmouth,Papua New Guinea,2023-01-25
1776,Nichole,Lin,leezuniga@example.net,East Brian,United States Virgin Islands,2024-08-18
1777,Jon,Thornton,ymartinez@example.org,Lake Amyhaven,Mali,2023-10-18
1778,Stephanie,Lane,cjohnson@example.net,Lake Angelafurt,Angola,2026-07-05
1779,Donna,Stone,joshuamurray@example.org,Taylorview,Mayotte,2022-10-18
1780,Randall,Lee,yryan@example.com,Whitakerfort,Egypt,2023-05-28
1781,Robin,Evans,bdrake@example.net,Longfort,Germany,2025-05-11
1782,Michael,Bennett,uturner@example.net,North Julieshire,Ireland,2024-12-21
1783,Nicholas,Williams,brownmicheal@example.com,Sawyerton,Saint Lucia,2025-05-07
1784,Alexander,Dixon,melissa70@example.org,New Antonio,Djibouti,2024-07-06
1785,Gregory,Wise,amanda71@example.org,Bryanthaven,New Caledonia,2025-01-03
1786,Tina,Nguyen,sarah29@example.net,Lopezfurt,French Guiana,2024-02-12
1787,Matthew,Vaughan,barrychristina@example.net,North Geneshire,Angola,2024-06-20
1788,Kelsey,Mendez,jamesmunoz@example.org,Hallstad,Malta,2025-12-21
1789,Marie,Mcmillan,yjones@example.com,Karenstad,United States Virgin Islands,2022-09-13
1790,Shannon,Ortiz,burtonmichael@example.com,Grimesborough,Fiji,2025-11-21
1791,John,Ramirez,anajordan@example.org,Jonesview,Myanmar,2022-11-11
1792,David,Camacho,gbrown@example.net,West Steven,Togo,2023-11-01
1793,Joshua,Young,johnlewis@example.org,South Jefferytown,Chile,2023-03-28
1794,Linda,Mccarthy,hstokes@example.net,Port Jamie,Bouvet Island (Bouvetoya),2026-01-24
1795,Jenny,Dunn,tony46@example.org,Ruizport,Australia,2026-02-17
1796,Patricia,Johnson,ericksonbrenda@example.net,Melissatown,Christmas Island,2025-10-04
1797,Richard,Scott,barry37@example.net,Foleyville,Isle of Man,2025-03-06
1798,Katie,Garcia,madisonbush@example.com,Timothyville,Zambia,2025-06-14
1799,Nicholas,Brown,james30@example.org,Jacobbury,Egypt,2026-05-27
1800,Michael,Kennedy,ramirezwilliam@example.org,Kimberlychester,Albania,2025-01-14
1801,Ashley,Garcia,hspears@example.org,South Darren,Jordan,2024-09-02
1802,Roberta,Rodriguez,mayerelizabeth@example.net,Port Matthewmouth,Mali,2024-12-22
1803,Robert,Morales,shaunlee@example.com,South Andreaview,Cuba,2026-04-10
1804,Victor,Long,daniel58@example.com,Grahamport,Palestinian Territory,2026-03-10
1805,Fred,Harrington,benjamin61@example.org,Millershire,Australia,2024-08-20
1806,David,Griffin,loweray@example.org,Port Jesseview,Denmark,2025-09-17
1807,Kathleen,Adams,gmclean@example.net,Port Betty,Uruguay,2025-01-10
1808,Courtney,Black,webbdennis@example.net,Lake Gregory,Indonesia,2024-05-07
1809,Heidi,Brennan,ysimpson@example.net,Christopherside,British Indian Ocean Territory (Chagos Archipelago),2025-03-15
1810,Mallory,Wright,michaeljohnson@example.com,Lynnhaven,Eritrea,2024-08-19
1811,David,Perez,gdudley@example.com,Lake Sarahfurt,Jamaica,2026-01-17
1812,Lauren,Walker,marksrobert@example.net,Herreraland,Congo,2025-04-18
1813,Andrew,Hayes,susan80@example.org,Blackburnberg,Nauru,2022-08-29
1814,Haley,Hopkins,prestonmckinney@example.com,West Michellestad,French Southern Territories,2023-11-14
1815,Jason,Fleming,roneal@example.org,New Jasonhaven,India,2025-02-15
1816,Nicole,Stephens,herreramanuel@example.org,Jacobburgh,Tonga,2024-05-06
1817,Mark,Peck,vincentknight@example.org,New Linda,Mayotte,2024-07-14
1818,Rachel,Stewart,stephanie33@example.com,West Benjaminstad,New Caledonia,2024-10-16
1819,Keith,Webster,millerkimberly@example.net,Andrewshire,Malawi,2025-02-24
1820,Robert,Randolph,leetravis@example.com,Port Kristenton,Solomon Islands,2023-12-10
1821,Paul,Fernandez,jeffrey00@example.org,Port Taylor,Montserrat,2024-05-02
1822,Tabitha,Mason,katiejackson@example.org,Kathleenburgh,Ghana,2024-07-26
1823,Bruce,Bailey,mwarner@example.net,Gardnerfurt,Monaco,2024-11-18
1824,Colleen,Anderson,kli@example.net,Eugenemouth,Mayotte,2023-11-30
1825,Theresa,Compton,hhowell@example.org,Hamiltonbury,South Africa,2023-06-20
1826,Deborah,Doyle,william04@example.net,Torresview,Syrian Arab Republic,2026-05-21
1827,Zachary,Flores,nixonkimberly@example.net,Wintersmouth,Korea,2026-01-20
1828,Thomas,Cobb,garciacatherine@example.net,Marktown,Peru,2023-07-15
1829,Nicholas,Hendrix,marvinpotter@example.org,Melissamouth,Philippines,2025-12-19
1830,Karen,Dawson,kimberlywang@example.org,West Cherylburgh,British Indian Ocean Territory (Chagos Archipelago),2024-02-10
1831,Scott,Harris,rhonda33@example.net,Ethanville,Netherlands,2026-02-02
1832,Sara,Jones,walkerchristian@example.net,North Jimmyview,Montenegro,2025-02-02
1833,William,Haynes,lynchheather@example.org,West Kristin,Norfolk Island,2024-06-13
1834,Joseph,Joyce,ishaw@example.org,Glenmouth,Australia,2024-10-07
1835,Robin,Ruiz,bbell@example.org,Yvetteborough,France,2023-07-29
1836,Debra,Hughes,zjohnson@example.net,South Tyler,Saint Barthelemy,2023-06-20
1837,Allison,Cox,gabrielbrewer@example.com,Port Angela,Mauritius,2023-06-14
1838,Stephanie,Ponce,colin70@example.net,West Lauraberg,Congo,2025-01-28
1839,Michelle,Arnold,douglasjennifer@example.org,Port Jonathon,Albania,2025-07-01
1840,Michael,Morton,richard28@example.org,Gutierrezhaven,El Salvador,2023-06-14
1841,Matthew,Sanchez,roberthawkins@example.com,Smithberg,Pakistan,2025-08-12
1842,Melinda,Kramer,tortiz@example.org,Port Jasonton,Bouvet Island (Bouvetoya),2024-09-15
1843,Derrick,Gregory,ohood@example.net,Port Jennifer,Afghanistan,2023-08-26
1844,Allison,Mahoney,tthomas@example.net,Wisefort,Iran,2026-02-11
1845,Carol,Hale,ymartin@example.com,Barnesmouth,Bolivia,2025-07-14
1846,Donald,Chen,ralexander@example.org,Lake Jonfurt,Vietnam,2025-01-12
1847,Daniel,Owens,carolyn75@example.net,Parrishchester,Grenada,2024-05-25
1848,Michelle,Smith,hannah38@example.net,Douglasmouth,United Arab Emirates,2022-10-01
1849,Billy,Thomas,vgray@example.com,Heatherview,French Guiana,2025-11-19
1850,Kimberly,Lopez,alyssa32@example.net,South Darrell,Andorra,2024-01-16
1851,Kyle,Schultz,donald11@example.net,Lake Julie,Isle of Man,2023-10-23
1852,Melinda,Ware,jessica13@example.com,North Courtneyfurt,Algeria,2023-10-03
1853,Annette,Jones,jessica83@example.com,Port Desireeshire,Aruba,2026-05-20
1854,Stephanie,Ryan,andrew48@example.com,Jonesville,Sri Lanka,2023-07-21
1855,Laura,Palmer,wmccall@example.net,Kimberlyland,Singapore,2023-07-27
1856,Donna,Cannon,singhkendra@example.net,North Krystalview,Macao,2022-08-27
1857,Dana,Branch,jphelps@example.net,Lake Karenfort,Nauru,2024-02-16
1858,April,White,marymcmahon@example.org,East Ralph,Netherlands Antilles,2023-08-25
1859,George,Hopkins,isullivan@example.net,New Joshua,Cocos (Keeling) Islands,2025-11-01
1860,Kyle,Simmons,arnoldjustin@example.net,Port Robertville,Libyan Arab Jamahiriya,2025-04-10
1861,Timothy,Brock,sanfordtimothy@example.org,North Edwardborough,Thailand,2025-01-08
1862,Jennifer,Holt,gary85@example.org,Bartonville,Taiwan,2025-12-15
1863,Brittany,Myers,boothjacob@example.com,Roseton,Latvia,2022-12-24
1864,Carlos,Reyes,johngray@example.com,South Alexanderville,Solomon Islands,2023-04-17
1865,Brooke,Underwood,gwilson@example.org,New Stevenfort,Malaysia,2026-01-12
1866,Michelle,Yang,taylorlisa@example.net,Sanchezmouth,Tokelau,2025-09-10
1867,Amy,Gray,moralesdenise@example.org,Lake Ashley,Ireland,2022-12-17
1868,Sarah,Grant,sarahconner@example.net,Jonathanland,Serbia,2022-10-04
1869,Matthew,Skinner,jonesbenjamin@example.org,East Gabrielle,Libyan Arab Jamahiriya,2024-01-10
1870,Cory,Park,stephaniereyes@example.com,East Brittanyside,United Arab Emirates,2025-10-02
1871,Sarah,Brown,hburton@example.org,New Andrew,Bahamas,2024-06-09
1872,Amber,Cruz,woneal@example.org,Lake Misty,Brazil,2025-08-26
1873,Thomas,Rice,aliciaadams@example.net,Amandatown,Western Sahara,2024-02-05
1874,Susan,Romero,christybrown@example.net,Port Robert,Turkey,2025-09-17
1875,Gregory,Mendez,fosterrobin@example.net,Lake Cathystad,Qatar,2023-10-07
1876,Marcus,Lopez,joejones@example.org,Joshuaport,Morocco,2025-08-13
1877,Cassidy,Howard,sarah70@example.net,East Emily,Svalbard & Jan Mayen Islands,2026-06-23
1878,Sarah,Ford,jchung@example.net,Millsmouth,Monaco,2024-12-13
1879,Melinda,Jordan,danielmartin@example.com,Lake Troy,Benin,2026-01-18
1880,Michael,Pena,gwilliams@example.org,North Julie,Niue,2022-12-07
1881,Jimmy,Scott,mpadilla@example.com,Thomasborough,Italy,2022-10-20
1882,Paul,Freeman,kristymiranda@example.net,Dustinfort,Saudi Arabia,2025-04-12
1883,Kathryn,Dyer,nelsonnancy@example.com,Glennview,Grenada,2023-10-11
1884,Robert,Robinson,leblanclinda@example.org,Troyport,India,2024-01-21
1885,Dennis,Williams,hensleyleah@example.org,Reidville,Kenya,2025-01-04
1886,Richard,Smith,newtonaaron@example.net,Judyport,Guyana,2023-03-25
1887,Joshua,Williams,jacob98@example.org,Smithchester,United States Minor Outlying Islands,2022-11-11
1888,Paige,Hammond,icuevas@example.net,South Amberfurt,Finland,2023-10-07
1889,Jack,Gonzalez,igray@example.net,Port Jeffreyland,Saint Vincent and the Grenadines,2025-10-11
1890,Carrie,Bishop,richardsonjason@example.org,Douglasmouth,Libyan Arab Jamahiriya,2024-10-06
1891,Crystal,Nunez,hernandezstephanie@example.com,East Amber,Congo,2022-08-09
1892,Kathy,Fernandez,carmen54@example.org,Blakeport,Bulgaria,2022-11-16
1893,Nicole,Scott,bondchristopher@example.net,South Carmen,Saint Helena,2025-01-17
1894,Jamie,Dennis,theodoreharrington@example.net,West Kathy,New Zealand,2023-03-08
1895,Jason,Vazquez,armstronganthony@example.com,Lake Edwardmouth,Portugal,2025-04-04
1896,Micheal,Mcneil,ugarcia@example.org,North Kelly,Macao,2023-06-15
1897,Brianna,Walters,erobertson@example.net,Rogersstad,Cote d'Ivoire,2025-04-27
1898,Carl,Scott,keith43@example.net,East Marie,Argentina,2023-04-18
1899,Pamela,Diaz,bgonzalez@example.org,Lake Jeremyside,Falkland Islands (Malvinas),2026-05-09
1900,Julie,Hopkins,nsalazar@example.com,Lewisberg,Kiribati,2022-09-24
1901,Kaitlin,Holder,rileypaul@example.com,Underwoodfort,Holy See (Vatican City State),2022-08-15
1902,Rebecca,Kent,clarkpamela@example.net,Petersonside,Zimbabwe,2025-06-06
1903,Daniel,Gibson,fordmichael@example.com,East Martin,Guam,2023-06-01
1904,Amy,Phelps,larrykennedy@example.net,Atkinsside,Cote d'Ivoire,2026-05-19
1905,Patricia,Reyes,hmontoya@example.org,South Whitneyberg,Philippines,2026-03-02
1906,Adam,Tucker,ckirby@example.net,North Jillmouth,Mozambique,2024-02-09
1907,Melinda,Neal,greenemary@example.org,Stephanieburgh,Ukraine,2023-02-20
1908,Carrie,Bond,barbara21@example.org,Thompsonmouth,Syrian Arab Republic,2023-02-02
1909,Caleb,Bailey,mckeejoseph@example.com,Port Kathryn,Japan,2023-01-14
1910,Leslie,Johnson,john87@example.org,South Brandy,Palau,2025-12-31
1911,Charles,Perry,thomascoleman@example.com,West Zacharymouth,Mexico,2022-08-30
1912,Tammy,Livingston,nancymurray@example.net,Lake Angela,Antarctica (the territory South of 60 deg S),2024-04-23
1913,Joseph,Atkinson,gillespieheather@example.org,West Joyce,Japan,2023-10-07
1914,Kara,Saunders,sonyastephens@example.net,Baldwinfort,Uzbekistan,2025-03-20
1915,Charles,Burgess,stephenreynolds@example.com,Campbellfurt,Hungary,2024-11-22
1916,Parker,Stewart,amandagarcia@example.net,West Jeffery,Central African Republic,2023-12-10
1917,Kevin,Obrien,joshua70@example.org,Lake Traviston,Eritrea,2025-11-06
1918,Todd,Stewart,jeffreyowens@example.com,Perezhaven,Cyprus,2022-08-24
1919,Christine,Garcia,johnsonscott@example.org,Hernandezview,Colombia,2025-03-29
1920,James,Smith,oflynn@example.com,Millerhaven,Vietnam,2023-11-20
1921,David,Combs,toddreed@example.com,Williamstad,Thailand,2024-05-01
1922,Timothy,Cole,ycastillo@example.org,Riceburgh,Barbados,2025-04-18
1923,Alisha,Lang,robertslawrence@example.com,Johnsonview,Taiwan,2024-07-07
1924,Katie,Wall,jeremyhayes@example.com,Boydborough,Mauritania,2024-05-18
1925,Ryan,Williams,hintonjeffrey@example.net,West Ryan,Djibouti,2025-03-01
1926,David,Powell,afox@example.net,Carmenchester,Hungary,2026-04-03
1927,Morgan,Rodriguez,heatherclark@example.org,Collinstown,Barbados,2023-07-23
1928,Sarah,Washington,kayleekelly@example.com,Janetmouth,South Georgia and the South Sandwich Islands,2023-02-09
1929,Christopher,Lynch,ryan76@example.com,Port Michael,Iran,2025-06-28
1930,Nathan,Jones,gomeztammy@example.com,Elizabethfort,Niger,2025-03-13
1931,Emily,Bush,jcunningham@example.com,Port Anneside,Gambia,2023-12-04
1932,Anna,Wilcox,ewilliams@example.org,Wilkersonstad,Cote d'Ivoire,2026-03-10
1933,Matthew,Gallegos,watkinsbrittany@example.com,Mitchellton,Saint Vincent and the Grenadines,2022-12-30
1934,Tonya,Grant,annewashington@example.org,New Nathanchester,Mali,2024-05-28
1935,Katherine,Davis,kimberlypotts@example.org,Lake Eric,Venezuela,2024-05-14
1936,Dalton,Chen,hglover@example.com,Angelashire,Sri Lanka,2023-03-17
1937,Phyllis,Cunningham,tracyking@example.net,Jacquelineshire,Svalbard & Jan Mayen Islands,2025-01-11
1938,Amanda,Garcia,benjamin28@example.net,East Joyberg,Botswana,2025-03-31
1939,Katherine,Ramirez,mweber@example.net,West Bryan,Cyprus,2026-04-16
1940,Ashley,Waters,johnstiffany@example.net,West Melissa,Gabon,2025-12-25
1941,Karen,Reed,josemurillo@example.net,East Jonathantown,Chile,2024-06-10
1942,Cynthia,Collins,ryan65@example.com,South Christopher,Togo,2024-01-07
1943,Douglas,Johnson,williammontgomery@example.org,Brennanmouth,Kuwait,2024-08-20
1944,Anna,Jones,mark65@example.org,Elizabethmouth,United States of America,2025-01-16
1945,Michele,Burton,washingtonkatrina@example.org,West Jack,Mozambique,2023-04-03
1946,Renee,Grant,dsampson@example.com,Laceybury,Timor-Leste,2022-08-30
1947,Paul,White,ystrong@example.org,East Emily,Honduras,2023-07-05
1948,Jean,Frey,raven69@example.com,Johnberg,Portugal,2024-02-24
1949,Gabriella,Daniel,smithangel@example.org,West Sarah,Fiji,2025-02-10
1950,Natalie,Norman,vasquezcarly@example.net,Port Peter,Guinea,2024-06-20
1951,Zachary,Gordon,christina57@example.com,Lake Christopher,Iceland,2022-08-22
1952,Kathy,Beard,barrcrystal@example.org,East Carrieshire,Lebanon,2025-04-08
1953,Spencer,Marshall,graceboyle@example.com,Ashleyview,Turks and Caicos Islands,2025-02-04
1954,Denise,Blackburn,gillpatrick@example.org,Phillipsland,Pakistan,2024-01-16
1955,Patrick,Lucero,williamsraymond@example.org,Dixonberg,Costa Rica,2023-11-06
1956,Sandra,Buckley,mwarren@example.org,Michelleton,Faroe Islands,2023-11-23
1957,Claudia,Meyers,iphillips@example.net,Amandamouth,Iceland,2025-09-22
1958,Daniel,Sims,asmith@example.org,Lake Dustinborough,Western Sahara,2023-05-16
1959,John,Jackson,adamcole@example.net,Thompsonfort,Bangladesh,2024-10-30
1960,Jonathan,Chang,meyerwesley@example.org,Seanport,Oman,2024-06-16
1961,Angela,Morris,tpowell@example.org,South Thomasburgh,Norfolk Island,2025-09-18
1962,Robert,Benjamin,cunninghammichael@example.net,Simpsonborough,Armenia,2025-03-20
1963,David,Anderson,wcalderon@example.net,Contrerastown,Saint Helena,2024-03-23
1964,Mark,Jones,rebecca07@example.com,Russellborough,Greenland,2022-10-11
1965,Monica,Johnson,rgaines@example.com,Amyport,Togo,2026-01-03
1966,Pamela,Brown,larsonalyssa@example.org,New Donna,Senegal,2024-09-05
1967,Carmen,Bryant,ebowers@example.org,Port Russellport,Uganda,2023-12-22
1968,Cody,Cox,allencrystal@example.net,Jessicaview,Falkland Islands (Malvinas),2024-02-23
1969,Anthony,Mcmahon,zhouston@example.net,Eddietown,Vietnam,2024-06-14
1970,Lauren,Hunt,deniseevans@example.com,East Sethview,Saint Martin,2025-05-07
1971,David,Ritter,barronsandra@example.net,South Yeseniatown,Niger,2024-02-01
1972,Kim,Garrett,jennifer99@example.net,West Jillianfort,Papua New Guinea,2023-03-02
1973,Carlos,Cook,greg32@example.net,Lake Amber,Cambodia,2023-11-23
1974,Kaitlin,Patterson,mikesmith@example.com,Larrymouth,Anguilla,2025-12-16
1975,Brian,Green,parkeramy@example.org,West Marcborough,Ecuador,2026-02-28
1976,Shari,Walker,tiffany87@example.com,Rebeccabury,Lesotho,2023-12-21
1977,Michelle,Lopez,wyattchristopher@example.com,New Tracy,Azerbaijan,2024-05-29
1978,Andrea,Griffith,sheparddonna@example.org,New Sydneymouth,Belize,2026-07-05
1979,Linda,May,yguerra@example.org,Terrimouth,Djibouti,2026-01-31
1980,Alexa,Dixon,zacharytownsend@example.org,East Nathantown,Peru,2024-04-18
1981,Jeremy,Robbins,alexanderjoshua@example.com,West Brandonton,China,2023-05-23
1982,Mark,Becker,lambmichael@example.org,Clarkberg,Uganda,2025-09-26
1983,Jerry,Rice,carolyn60@example.com,Henryfort,Korea,2024-09-10
1984,Joel,Turner,shines@example.net,Evansview,El Salvador,2025-06-02
1985,Patricia,Morrow,robertroberts@example.net,New Devin,Bosnia and Herzegovina,2026-03-27
1986,Jennifer,Bryan,jamesharris@example.com,East John,Kazakhstan,2025-12-22
1987,Jessica,Gonzalez,stephensshawn@example.net,East Jaketown,Armenia,2026-04-12
1988,Christopher,Thomas,sarawilliams@example.com,West Sarah,Malta,2025-01-10
1989,Dakota,Olson,kabbott@example.com,Josephview,Lesotho,2024-09-28
1990,Eric,Avila,oshaw@example.com,Laurenburgh,Marshall Islands,2024-10-30
1991,James,Ingram,samantha88@example.net,Cainville,Afghanistan,2024-05-06
1992,Brenda,Davidson,kristina25@example.org,Amandatown,Belize,2025-10-11
1993,Wendy,Salinas,rgibson@example.org,East Tonyshire,Iceland,2022-10-31
1994,John,Wilkins,kevin84@example.net,Lake Veronicafort,Anguilla,2025-07-24
1995,Kevin,Jones,pquinn@example.org,Atkinsfurt,Cyprus,2025-06-10
1996,Micheal,Russell,kellijackson@example.org,Rollinsshire,Saint Pierre and Miquelon,2026-05-12
1997,Pamela,Holloway,gabriella37@example.com,Carterstad,Nicaragua,2024-08-28
1998,Daniel,Peterson,danieldelacruz@example.net,Raymondhaven,Singapore,2025-12-13
1999,Rachel,English,mholmes@example.com,New Matthew,Jersey,2024-06-23
2000,Jennifer,Davis,liutyler@example.org,New Gregoryland,Senegal,2024-07-28
2001,Christian,Jones,renee58@example.com,West Katherineshire,Kuwait,2025-02-17
2002,Noah,Thomas,marilyn89@example.net,Michaelchester,Romania,2023-03-06
2003,Robert,Hall,davenportbrad@example.net,Howardfurt,Chad,2022-12-29
2004,Alexis,Wright,james88@example.org,Murillochester,Zambia,2026-04-22
2005,Casey,Walker,joshua06@example.com,South Bradley,Kuwait,2023-10-11
2006,Stacy,Murphy,lreynolds@example.com,Brendafort,Reunion,2022-09-03
2007,Lucas,Greene,nhill@example.com,East Tiffanyborough,Libyan Arab Jamahiriya,2023-06-19
2008,Jocelyn,Greene,ddavenport@example.com,Howardchester,British Indian Ocean Territory (Chagos Archipelago),2022-12-21
2009,Christopher,Cervantes,karen33@example.net,East Tracy,Isle of Man,2024-06-26
2010,Veronica,Holt,nataliemcintyre@example.com,Wrightchester,Panama,2025-07-31
2011,Natasha,Stanton,vanessa56@example.com,Margaretville,Kenya,2023-12-04
2012,Paul,Mckinney,joshua06@example.org,Lake Danielle,French Guiana,2025-04-01
2013,Dana,Thomas,mario41@example.com,Feliciaside,Cocos (Keeling) Islands,2022-09-27
2014,Hannah,Lynn,amy17@example.org,East Joshua,Nicaragua,2022-11-22
2015,Amy,Brown,austinstephens@example.org,New Jenniferchester,Albania,2025-08-06
2016,Jaime,Miller,annastewart@example.org,Lake Angelaland,Korea,2023-04-09
2017,Emily,Matthews,melaniemartinez@example.net,South Timothy,Luxembourg,2025-03-01
2018,Jose,Lee,normanrobin@example.org,Port Michaelville,Costa Rica,2024-12-20
2019,Sara,Olson,jeremyhardy@example.com,Lindaton,Saint Barthelemy,2024-11-11
2020,Tara,Bowers,donalddavenport@example.com,Victormouth,Madagascar,2025-10-31
2021,Meredith,Mcneil,bryanbrian@example.org,Kinghaven,Aruba,2026-06-21
2022,Tracy,Richards,andrewmurray@example.com,Scottland,Svalbard & Jan Mayen Islands,2024-08-15
2023,Brianna,Mann,gjohnston@example.com,Michaelmouth,Central African Republic,2023-11-28
2024,Kristin,Ward,andrew24@example.net,West Richardmouth,Croatia,2024-07-04
2025,Michael,Morrison,ortizrodney@example.com,West Joe,Libyan Arab Jamahiriya,2026-08-04
2026,Carla,Morrison,fvelazquez@example.net,Kimberlyland,Saint Pierre and Miquelon,2024-06-04
2027,Robert,Little,deniselopez@example.net,Danielborough,Myanmar,2022-09-16
2028,Thomas,Harvey,morgankathleen@example.com,Port Christineland,Tanzania,2024-11-10
2029,James,White,bonnie51@example.org,New Joshua,Bahamas,2023-07-02
2030,Katelyn,Hendrix,monica40@example.net,New Jacobberg,Marshall Islands,2022-09-10
2031,Pamela,Evans,chelseathompson@example.com,Allenberg,Kenya,2023-04-19
2032,Jennifer,Foley,melvin87@example.net,West Hunterview,Mauritania,2025-10-02
2033,Kathy,Ali,foxchelsea@example.com,Hunttown,Comoros,2024-12-25
2034,Seth,Stone,michaeljohnson@example.net,Lake Josephview,United Arab Emirates,2024-05-03
2035,Bonnie,Lee,dwaynetran@example.org,Fordborough,Trinidad and Tobago,2026-05-29
2036,Wendy,Hanna,mbryant@example.net,West Traceystad,Suriname,2026-06-10
2037,Amanda,Carroll,xjones@example.com,Lake Denise,San Marino,2024-09-29
2038,Jeffrey,Hall,charles02@example.org,Nicholasside,Solomon Islands,2023-09-06
2039,Jennifer,Peterson,martinezjohn@example.com,Martinezport,Norfolk Island,2025-09-11
2040,Christine,Morris,amandahatfield@example.org,Angelaside,Djibouti,2025-03-11
2041,Rebekah,Brown,ldavis@example.com,South Debbiemouth,Netherlands Antilles,2023-06-23
2042,Gregory,Todd,jhill@example.com,Nelsonshire,Greenland,2022-11-14
2043,David,Schwartz,kevinwaller@example.com,Sandraton,Kyrgyz Republic,2025-12-16
2044,Michaela,Callahan,courtneyclark@example.org,Jonesbury,Sudan,2025-10-17
2045,Bobby,Fowler,hwatts@example.com,Rickland,Antarctica (the territory South of 60 deg S),2023-12-20
2046,Margaret,Clark,margaret84@example.com,North Angelafurt,Martinique,2026-04-18
2047,Lisa,Mcdaniel,mortonanne@example.net,North Lindsayport,Palau,2023-12-22
2048,Joanne,Black,michael58@example.com,West Judyhaven,Saint Lucia,2025-10-08
2049,John,Patterson,charlesberry@example.com,Lake Ryan,Isle of Man,2023-08-02
2050,Jessica,Walls,leeamanda@example.net,Suehaven,Namibia,2026-04-25
2051,Rhonda,Rodriguez,scott30@example.org,North John,Puerto Rico,2023-09-21
2052,Michael,Thompson,robert56@example.com,Robinstad,Bulgaria,2023-12-18
2053,Gabriela,Ballard,rhonda95@example.net,West Emmaland,Vietnam,2023-10-26
2054,Kathryn,Lawrence,emueller@example.net,Lamberttown,Sierra Leone,2023-06-27
2055,Kurt,Taylor,pmartin@example.com,Mcfarlandmouth,Vietnam,2023-01-10
2056,Kevin,Taylor,dawsonamy@example.org,Olsonberg,Aruba,2023-10-25
2057,Michael,Jackson,brandonhuffman@example.net,Lake Deborah,Angola,2023-09-22
2058,Scott,Allison,irodriguez@example.org,Alexanderside,Moldova,2024-07-18
2059,Andrew,Chavez,melanie88@example.org,Gardnerside,Brazil,2022-11-01
2060,Calvin,Stokes,allison61@example.org,Vaughnview,Japan,2024-07-08
2061,Kathleen,Miller,carrollmadison@example.com,East Joshua,Central African Republic,2025-06-10
2062,Jessica,Hawkins,alex98@example.org,South Taylor,Cocos (Keeling) Islands,2026-04-17
2063,Michelle,Smith,denniswilkins@example.com,Leeland,Somalia,2025-07-29
2064,Donna,Paul,hallrobert@example.net,Schwartzbury,Saint Martin,2026-06-01
2065,Stephen,Sandoval,fmorales@example.org,North David,Montserrat,2023-04-10
2066,William,Edwards,renee60@example.net,Davisport,Nauru,2024-12-17
2067,Donald,Foster,theresaburton@example.net,Smithbury,New Caledonia,2023-12-05
2068,Melissa,Gordon,martinezterri@example.org,Port Ritachester,Seychelles,2023-12-20
2069,James,Leblanc,calvin48@example.net,Newmanchester,Guam,2024-10-15
2070,Amber,Rhodes,leetara@example.net,Christophermouth,Mexico,2024-04-15
2071,Mary,Miller,chase33@example.net,Codyburgh,Ukraine,2023-02-20
2072,Melissa,Boyer,david37@example.net,Katherineville,Saint Helena,2023-02-18
2073,Brian,Miller,ymonroe@example.net,New Juliefort,Japan,2022-12-20
2074,Mitchell,Saunders,frederickallison@example.com,North Ryanbury,Sao Tome and Principe,2022-09-24
2075,Scott,Fuller,russellstevens@example.org,Port Lisa,Paraguay,2024-11-16
2076,Taylor,Santos,whitederek@example.com,New Gregg,Kazakhstan,2024-05-09
2077,Randall,Roberts,chenjimmy@example.org,Williamchester,Christmas Island,2025-11-23
2078,Brittany,Zavala,zdecker@example.com,Jamesborough,Greenland,2023-03-18
2079,James,Martin,debbie51@example.org,Mcclureland,Dominican Republic,2025-10-23
2080,John,Mccarty,sandramejia@example.net,Daltonshire,Puerto Rico,2025-04-11
2081,Matthew,Huff,floresryan@example.com,Grantfort,Austria,2026-02-01
2082,Eugene,Pace,carrollpatty@example.com,Lake Charlesville,Congo,2023-06-08
2083,Sherry,Hoffman,clarklinda@example.org,Evanland,Israel,2025-10-31
2084,Brian,Martinez,vickigreer@example.com,East Patricia,Comoros,2023-04-30
2085,Heather,Bond,julia05@example.net,Jamesshire,Congo,2024-06-13
2086,Gloria,Rios,jacobhenderson@example.net,North Wendymouth,Ethiopia,2023-05-26
2087,Jared,Payne,matthew31@example.net,New Staceyport,Greece,2026-03-19
2088,William,Porter,medinajoseph@example.com,Port Joel,Portugal,2024-01-04
2089,Kyle,Hernandez,stevensandrea@example.net,West Coryview,Heard Island and McDonald Islands,2023-03-13
2090,Stacy,Kelley,hayswilliam@example.com,Alvarezberg,Liechtenstein,2025-04-03
2091,Norma,Gay,scott34@example.com,Margaretshire,United Arab Emirates,2026-05-17
2092,Amanda,Wilson,christopherpratt@example.com,Joshuaberg,Montserrat,2025-05-02
2093,Keith,Payne,ncarpenter@example.org,East Shawnton,Liechtenstein,2022-11-19
2094,John,Luna,danielwalters@example.net,West Lesliemouth,Heard Island and McDonald Islands,2025-09-13
2095,Carrie,Gilmore,hayden59@example.com,North Brianbury,Cook Islands,2025-06-22
2096,Anthony,Hernandez,kevin35@example.com,West Sean,Cambodia,2023-02-06
2097,Alexis,Hernandez,melissa46@example.org,New Melissamouth,Namibia,2025-06-26
2098,William,Benitez,mberry@example.net,East Edward,French Polynesia,2022-09-20
2099,Veronica,Lewis,wayneclark@example.org,North Eugeneport,Guernsey,2023-05-16
2100,Patricia,Moreno,jillwallace@example.com,South Jesse,Senegal,2025-10-10
2101,Brianna,Harris,ariana94@example.org,Collinsmouth,Heard Island and McDonald Islands,2025-10-12
2102,Alicia,Miller,brenda25@example.net,Samuelfort,United States Virgin Islands,2025-09-18
2103,Richard,Ortega,laurawalker@example.org,West Sandy,British Virgin Islands,2024-09-19
2104,Cynthia,Griffith,branchlinda@example.com,Johnsfort,Haiti,2023-09-20
2105,Joshua,Shaffer,jrodriguez@example.com,Lopezchester,Argentina,2023-01-08
2106,Angel,Edwards,herringanna@example.com,Ashleyhaven,Panama,2026-06-12
2107,Christopher,Phillips,mitchellbrian@example.org,Kingmouth,Mayotte,2023-09-19
2108,Eugene,Payne,gabriellewarren@example.com,Port Jeffrey,Vietnam,2024-07-23
2109,Jessica,Thomas,kwilliams@example.net,Baldwinstad,Vanuatu,2024-04-15
2110,Cody,Rodriguez,brianmccullough@example.org,Hernandezshire,Gabon,2023-10-28
2111,Luke,Mills,beckerlauren@example.net,Lake Bobby,Maldives,2023-02-10
2112,Ryan,Carr,dominiquemiles@example.org,Mcgrathtown,Poland,2023-03-02
2113,Jon,Johnson,lindasmith@example.net,Phillipsside,Netherlands,2025-01-23
2114,Nicholas,Parsons,reedlori@example.org,Katherineborough,South Georgia and the South Sandwich Islands,2026-07-06
2115,Jason,Santos,garyjones@example.net,West Christina,Mayotte,2024-08-21
2116,Denise,Lynch,dholmes@example.net,West Jonchester,Jersey,2023-07-09
2117,Kimberly,Davis,johnsonrebecca@example.com,New Michael,Tajikistan,2025-07-15
2118,Kristin,Powell,richard70@example.net,Vincentshire,Mongolia,2025-07-04
2119,Kevin,Adams,washingtonrichard@example.org,New Samantha,Singapore,2026-01-10
2120,Misty,Li,michael36@example.com,Port Ronaldside,Somalia,2025-03-16
2121,Kevin,Mendoza,brittanylawrence@example.com,East Rachael,Burkina Faso,2023-02-04
2122,Carl,Roman,thomasmary@example.org,Brownstad,Pakistan,2026-07-16
2123,Kimberly,Smith,tyleracevedo@example.org,Port Ginafurt,Romania,2024-06-19
2124,Janet,Adams,kevinanderson@example.net,East Carolyn,Greece,2023-02-26
2125,Charles,Allison,halldana@example.org,West Charlesfort,Saudi Arabia,2022-09-20
2126,Benjamin,Barr,eaustin@example.net,Rachelside,British Virgin Islands,2026-05-31
2127,John,Leonard,tbecker@example.org,West Amy,Heard Island and McDonald Islands,2024-09-20
2128,Manuel,Perry,jason63@example.net,Port Nicholasmouth,Bouvet Island (Bouvetoya),2023-12-06
2129,Katelyn,Poole,higginsjoshua@example.net,East Michaelport,Singapore,2023-10-29
2130,Stephen,Pittman,pereznicholas@example.org,Zamorafort,Niger,2023-12-15
2131,Eileen,Winters,jerickson@example.net,Davidville,Somalia,2025-06-24
2132,Justin,Owens,imorgan@example.com,Norrisfort,Denmark,2024-09-30
2133,Brianna,Russell,ogarcia@example.net,Hallchester,Marshall Islands,2025-10-04
2134,Cameron,Wall,michael27@example.com,North William,Israel,2025-01-19
2135,Peter,Johnson,znguyen@example.com,East Randyhaven,Turks and Caicos Islands,2025-04-17
2136,Cody,Smith,jonescarol@example.org,New Heatherfort,Malawi,2026-08-01
2137,Michael,Moore,mariajones@example.com,Lake Jennifer,Lao People's Democratic Republic,2026-03-13
2138,Lori,Wallace,nshannon@example.net,Bassbury,Guernsey,2026-03-31
2139,Mark,Saunders,austin78@example.org,Blairside,New Caledonia,2023-12-24
2140,Karen,Garcia,taylorthompson@example.net,Port Gregory,Sweden,2025-07-25
2141,Jesus,Levy,erin60@example.net,South Shawnside,Liechtenstein,2022-12-12
2142,Christopher,Mckay,thomas89@example.org,Port Drew,Tokelau,2024-08-22
2143,Stephanie,Hurley,wmoore@example.net,Ashleymouth,Zambia,2022-10-26
2144,Lisa,Mccoy,jacob47@example.net,East Cynthia,Myanmar,2024-01-11
2145,Jessica,Porter,victor31@example.net,North Gloria,Kiribati,2026-07-22
2146,Kara,Wagner,owendavid@example.org,Dixonshire,Tunisia,2025-07-16
2147,Cynthia,Martinez,danielle04@example.org,Nataliemouth,Benin,2023-11-05
2148,Daniel,Pierce,tylerwolf@example.com,North Jasmine,Romania,2023-10-20
2149,Cynthia,Jordan,riggsvanessa@example.net,North Christineshire,Moldova,2023-12-05
2150,Megan,King,kennethjones@example.net,Kristinamouth,French Southern Territories,2025-12-06
2151,Michael,Chambers,dperez@example.org,North David,Ghana,2026-06-27
2152,Shelley,Schroeder,ypatrick@example.com,South Andrew,Aruba,2022-09-19
2153,Cheryl,Yates,bconley@example.org,West Dennismouth,British Virgin Islands,2024-03-24
2154,Jonathon,Smith,garciadavid@example.com,Clintonland,Montserrat,2024-10-17
2155,Joshua,Deleon,eugene66@example.org,Rossmouth,British Indian Ocean Territory (Chagos Archipelago),2025-08-22
2156,Jack,Jones,charles46@example.net,Barrettchester,Pitcairn Islands,2024-07-07
2157,Nicholas,Simmons,ericksonnicole@example.org,Lake Erik,Bulgaria,2023-04-02
2158,Sarah,Chapman,qwiley@example.com,New Michelle,Sweden,2023-05-19
2159,Dylan,Phillips,djohnson@example.com,Howardtown,Georgia,2023-01-03
2160,Jeremy,Gonzalez,diazrobert@example.com,East Robert,British Virgin Islands,2023-11-20
2161,James,Ross,ewagner@example.org,Romanville,Mauritius,2024-10-31
2162,Amy,Rivera,john42@example.org,Cookeland,Myanmar,2025-03-24
2163,Michael,Manning,heather73@example.net,East Judyland,Micronesia,2026-03-31
2164,Richard,Taylor,ssmith@example.com,East Erinville,Cote d'Ivoire,2022-08-30
2165,Jason,Andrade,jeremyjohnson@example.org,Kerristad,United Kingdom,2023-12-02
2166,Shannon,Rose,mullinspatricia@example.net,Port Diana,Iran,2025-06-08
2167,Billy,Ryan,susancook@example.org,Bakertown,Botswana,2025-06-26
2168,Jeffery,Barnett,steven32@example.com,Port Jeffreymouth,Iran,2024-03-08
2169,Joshua,Skinner,imunoz@example.com,Damonbury,Burundi,2024-09-09
2170,Karen,Murphy,sarajohnson@example.com,Port Davidfort,Kyrgyz Republic,2023-12-02
2171,Marissa,Jimenez,turnercaitlin@example.com,Luceroshire,Albania,2025-11-11
2172,Edward,Mcconnell,melanie31@example.com,South Jasmine,Thailand,2025-12-07
2173,Billy,Perkins,natashabenson@example.com,Lake Maryside,Mauritius,2023-01-09
2174,David,Bennett,elizabeth35@example.net,East Elizabeth,Canada,2022-08-25
2175,Amanda,Rice,mariawilliams@example.net,Amandabury,Bulgaria,2024-09-10
2176,Evan,Spencer,william48@example.org,Harrellborough,Isle of Man,2024-08-30
2177,Troy,Matthews,loririggs@example.org,East Angelhaven,Panama,2024-03-05
2178,Nathan,Johnson,deborahthompson@example.com,Matthewport,French Southern Territories,2022-09-12
2179,Robert,Tucker,wendy45@example.org,Ramirezburgh,Palestinian Territory,2022-12-17
2180,Jonathan,Gardner,daniellenorris@example.org,Pacechester,Kiribati,2026-02-04
2181,Jay,Rodriguez,richardsoncarl@example.org,Tylerview,United Kingdom,2025-11-02
2182,Katrina,Baker,johnstonthomas@example.net,Heathermouth,Solomon Islands,2023-04-07
2183,Sally,Griffin,anthony10@example.org,Linport,Senegal,2026-06-23
2184,Lindsey,Thomas,jessica72@example.org,Wendyberg,Afghanistan,2023-03-05
2185,Malik,Lawson,william18@example.com,East Ryanchester,United States Virgin Islands,2026-06-11
2186,Samantha,Walter,williamsonbenjamin@example.net,Reginaberg,Honduras,2024-02-02
2187,Courtney,Clark,vjackson@example.net,Villanuevashire,Zambia,2023-09-21
2188,Andrea,Moran,tanya79@example.org,South Angelamouth,Somalia,2022-10-05
2189,Adrian,Smith,laurachung@example.org,Salasville,Swaziland,2023-04-22
2190,Alice,Webb,rodriguezjulie@example.org,North Jason,Cayman Islands,2024-11-06
2191,April,Duke,sonyawright@example.com,Christychester,Sri Lanka,2022-10-31
2192,Austin,Cooper,lorisanders@example.net,Tonyaberg,Belarus,2022-12-17
2193,Bridget,Miller,blevinssuzanne@example.com,East Apriltown,Comoros,2023-04-28
2194,Shannon,Ramos,efranklin@example.org,Lake Christopher,Palau,2024-03-29
2195,Alyssa,Lucas,frogers@example.net,Brendaberg,Lesotho,2024-11-08
2196,Jenna,Wells,arthurberry@example.com,South Adamside,Cote d'Ivoire,2022-11-06
2197,Susan,Cook,janicepollard@example.org,Port Michelleville,Bolivia,2023-11-01
2198,Jonathan,Alvarez,kevin30@example.com,East Jose,Serbia,2023-12-31
2199,Brandon,Harper,jacob85@example.net,Port Joshuabury,South Georgia and the South Sandwich Islands,2026-02-28
2200,Leslie,Miller,kayla34@example.org,South Michael,Guyana,2026-03-11
2201,Robert,Green,haley83@example.net,Jacobborough,New Zealand,2025-09-27
2202,Dana,Warner,marc30@example.org,Port Ashley,Heard Island and McDonald Islands,2024-10-22
2203,Charles,Burgess,bryan24@example.org,Port Felicia,Kuwait,2025-11-25
2204,Ashley,Contreras,samueldavis@example.com,Port Frederickstad,Burundi,2023-05-08
2205,Tina,Miller,dale59@example.com,Port Bryanmouth,New Zealand,2025-11-21
2206,Ronald,Romero,mflowers@example.net,Poncetown,Andorra,2022-11-26
2207,Laura,Miller,katherinenguyen@example.org,East Michaelbury,Bahrain,2023-08-11
2208,Anna,Garza,juanwalls@example.org,Port Laurie,Eritrea,2025-09-12
2209,Tracy,Larsen,cameronnunez@example.com,Martinborough,Finland,2023-05-09
2210,David,Reyes,erica56@example.org,Port Martin,Uruguay,2026-01-12
2211,Sherry,Brooks,petergoodman@example.com,Matthewview,Cameroon,2025-09-18
2212,Kimberly,Perez,hadams@example.org,Sarahton,Myanmar,2025-09-03
2213,Ronald,Dougherty,jonesamy@example.net,Delgadomouth,Spain,2023-11-04
2214,Chelsea,Thornton,johnathan21@example.net,Hughesmouth,British Virgin Islands,2024-03-10
2215,Dave,Hines,charles97@example.org,East Anthonyfurt,Madagascar,2025-09-20
2216,James,Campbell,bdawson@example.com,Diazport,Namibia,2026-02-25
2217,Steven,Sanders,fishercynthia@example.org,North John,Norfolk Island,2023-06-16
2218,Jerry,Powell,hwhite@example.com,Hollandchester,Djibouti,2023-03-03
2219,Kenneth,Wilson,alyssa99@example.com,Morganburgh,Estonia,2025-11-28
2220,Elizabeth,Mcneil,cchristian@example.net,Ramirezstad,Colombia,2024-06-25
2221,Rebekah,Fox,ypatrick@example.org,Port Erin,Saint Lucia,2023-08-10
2222,Charles,Barber,robert08@example.net,East Donald,Nigeria,2023-02-12
2223,Michael,Foster,margaret04@example.net,Flowershaven,Luxembourg,2024-08-15
2224,Anthony,James,alin@example.org,North Alexander,Tuvalu,2023-10-03
2225,Susan,Gonzalez,johnbarr@example.org,Smithland,British Indian Ocean Territory (Chagos Archipelago),2023-04-02
2226,Benjamin,Clay,cwilliams@example.com,West Bradley,Cambodia,2023-10-29
2227,Stacey,Jones,wanderson@example.com,North Jillshire,Ukraine,2023-09-26
2228,William,Anderson,victorsullivan@example.org,Powersberg,Guinea-Bissau,2026-05-04
2229,Brenda,Mitchell,norman32@example.org,Billyborough,Netherlands Antilles,2023-06-07
2230,Michelle,Roberts,charris@example.net,Whitemouth,Liberia,2024-02-05
2231,Jeffrey,Brown,kelly53@example.com,Port Vanessa,Norway,2025-05-22
2232,Susan,Williamson,elizabethmiller@example.com,East Joshua,Argentina,2023-03-30
2233,Matthew,House,davidpatel@example.org,Spencerton,Guatemala,2025-06-25
2234,Thomas,Green,dylanbush@example.net,Lake Kevinport,Denmark,2025-01-06
2235,Kevin,Gutierrez,william35@example.com,Sparksfurt,Czech Republic,2026-04-10
2236,Vernon,Brown,owensray@example.org,West Alexismouth,Guyana,2024-05-14
2237,Jerry,Wright,jamesalvarez@example.net,Nixonside,Ghana,2023-01-06
2238,Brandon,Herrera,kellygates@example.net,East Monicachester,Niue,2023-10-06
2239,Timothy,Edwards,tracey33@example.org,New Kevinfurt,Seychelles,2025-11-20
2240,Richard,Gaines,williamsrachel@example.net,South Ashley,Singapore,2025-05-11
2241,Joseph,Smith,barmstrong@example.org,Morgantown,Latvia,2025-02-17
2242,Johnny,Johnson,judykirby@example.com,Kennethtown,French Polynesia,2022-08-27
2243,Katherine,Ruiz,kelly48@example.com,Bondhaven,Greece,2026-05-07
2244,Linda,Hayes,pwilliams@example.com,South Preston,Uganda,2025-12-19
2245,Ryan,Estrada,robert10@example.com,North Roberttown,Croatia,2025-03-06
2246,Philip,Jones,morrismelanie@example.net,Morrowstad,Tunisia,2023-02-05
2247,Tracy,Young,andrewreed@example.com,Elliottton,Malaysia,2025-01-21
2248,David,Mcintyre,vwilliams@example.net,Crystalbury,Congo,2024-06-13
2249,Mary,Barker,jwong@example.com,Edwardmouth,Estonia,2024-08-05
2250,Lindsay,Summers,lharrell@example.net,Reneechester,Yemen,2026-07-15
2251,Thomas,Malone,brandonmitchell@example.org,Powellville,Israel,2022-11-25
2252,Lauren,Huber,joanne94@example.org,Hortonville,Malaysia,2023-08-24
2253,Micheal,Rivas,armstrongamanda@example.net,Port Don,Jordan,2024-07-16
2254,Christie,Miller,samuel24@example.net,Scottland,Cocos (Keeling) Islands,2026-07-16
2255,Rose,Nolan,alyssa02@example.org,Barrland,Nigeria,2026-06-26
2256,Michelle,Smith,jenniferjohnson@example.com,Vargasburgh,Cyprus,2025-03-26
2257,Jesse,Brown,blankenshipaaron@example.org,Robertaland,Singapore,2023-03-02
2258,Robert,Garcia,jacksonsandra@example.org,Lake Miaview,Qatar,2024-01-14
2259,Kim,Perez,anthony70@example.com,East Joseside,Korea,2024-08-11
2260,Crystal,Savage,rtaylor@example.com,East Alexisside,Cambodia,2023-11-16
2261,David,Santos,greglee@example.net,Lake Stephanieland,Western Sahara,2025-05-23
2262,Heidi,Dixon,katherine10@example.org,New Billybury,Gibraltar,2025-09-02
2263,Angela,Reyes,jesseblankenship@example.com,Fosterborough,Germany,2025-03-09
2264,Jaime,Sanders,cynthiabrown@example.net,South Matthew,Suriname,2023-08-05
2265,Lauren,Johnson,hillnatalie@example.org,Bautistamouth,Nepal,2026-02-15
2266,Thomas,Glover,joshua61@example.com,Port Natalieville,Mayotte,2023-07-23
2267,Noah,Davis,blanchardbrian@example.org,New Samantha,Morocco,2023-11-07
2268,Kaitlyn,Peters,melissa03@example.com,Diaztown,Maldives,2023-04-11
2269,Richard,Howell,lorilewis@example.com,Melissaland,Equatorial Guinea,2022-09-02
2270,David,Salinas,jessica86@example.org,Dianestad,Israel,2026-04-29
2271,Julie,Brown,castrokathleen@example.org,Jamesshire,Guernsey,2023-08-06
2272,Keith,Bradley,gregoryharris@example.com,Juanbury,Saint Vincent and the Grenadines,2025-08-21
2273,Brittany,Marshall,alyssa18@example.com,Butlerport,Vietnam,2024-10-19
2274,Paul,Smith,brandon33@example.org,Donovanburgh,Hungary,2023-05-07
2275,Eric,Gates,amanda52@example.com,Port Eric,Denmark,2024-07-07
2276,Ryan,Petersen,stewartmichelle@example.com,North Cynthiafurt,Monaco,2024-02-25
2277,Brett,Walker,oscartaylor@example.com,Rhondastad,Turkey,2022-11-08
2278,John,Carr,bramirez@example.net,Timothyside,Taiwan,2026-03-16
2279,Michael,Shepherd,kelly81@example.org,Stephaniemouth,United Kingdom,2025-04-29
2280,David,Johnson,bwall@example.com,New Randall,Romania,2023-09-09
2281,Robert,Hawkins,bowenjennifer@example.net,South Gary,Liechtenstein,2026-06-03
2282,Richard,Smith,stephen98@example.net,Lopezshire,China,2025-12-28
2283,Shawn,Jones,john32@example.org,Susanville,South Georgia and the South Sandwich Islands,2025-05-25
2284,Lauren,Murphy,bblake@example.com,Pattersonview,Northern Mariana Islands,2025-12-18
2285,Christopher,Tate,josephwashington@example.net,Lawrenceport,Faroe Islands,2026-05-01
2286,Zachary,Davies,jerome06@example.net,East Rachelfurt,Aruba,2025-12-27
2287,Jeffrey,Cervantes,edward18@example.org,Sotoview,Lithuania,2024-09-27
2288,Sonya,Medina,bendermichael@example.net,New George,Slovenia,2023-11-06
2289,Daniel,May,ocaldwell@example.com,Meyersmouth,Ghana,2025-04-06
2290,Lori,Torres,howardbrenda@example.com,New Cheryl,Singapore,2025-11-23
2291,Alexander,James,djames@example.net,North Michelleborough,Mexico,2023-04-05
2292,Kenneth,Murray,andreaolson@example.org,Cynthiamouth,Falkland Islands (Malvinas),2023-01-02
2293,Heather,Wilson,jennifer12@example.org,New Reneeland,Nigeria,2023-02-24
2294,Matthew,Delgado,hopkinscarla@example.com,East Alexis,Canada,2024-04-29
2295,James,Rich,raydebra@example.net,Port Timothy,Andorra,2023-02-28
2296,Joseph,Gordon,lindsaylewis@example.net,Leonardton,Equatorial Guinea,2026-05-20
2297,Julie,Cooper,kimberlyenglish@example.org,Lisafurt,Reunion,2026-03-20
2298,Emily,Bradford,sean72@example.org,Martinezstad,Iraq,2023-09-15
2299,Joshua,Mendoza,rowelaura@example.org,Laurenhaven,Cambodia,2026-01-05
2300,Lori,Gillespie,hernandezsara@example.com,East Jose,Afghanistan,2025-07-01
2301,Elizabeth,Hubbard,susanortega@example.org,East Austin,Pitcairn Islands,2024-12-31
2302,Pedro,Reilly,millerrobin@example.org,Josephfurt,Brunei Darussalam,2024-03-26
2303,Leon,Barber,mollyschneider@example.com,West Roberta,Qatar,2023-11-28
2304,Carrie,Alexander,james95@example.net,Thomasfort,Uzbekistan,2025-04-09
2305,Theresa,Hall,brownpamela@example.net,Port Carl,Paraguay,2023-06-24
2306,Denise,Chavez,lisarobinson@example.com,South Megan,Jersey,2026-04-09
2307,Tonya,Boyd,gshelton@example.com,Millerfort,Samoa,2023-08-20
2308,Bruce,Moore,aguirrejoanna@example.com,Brianhaven,Angola,2026-01-16
2309,Michael,Salas,smithmike@example.com,Reyesview,Czech Republic,2023-05-05
2310,Shannon,Cooper,mitchell72@example.com,South Catherine,Zambia,2025-09-17
2311,Cody,Bell,juan80@example.org,Perezshire,Uruguay,2024-07-20
2312,James,Christensen,smcfarland@example.com,Port Kristen,Honduras,2023-05-15
2313,William,Williamson,andrew28@example.net,Gailfort,Malawi,2026-05-18
2314,Jerry,Woods,keith00@example.org,Smithview,Sri Lanka,2022-09-20
2315,Jason,Bennett,kheath@example.com,Alecborough,Saint Martin,2023-04-16
2316,Leah,Bryant,nstewart@example.net,Brewerstad,Isle of Man,2025-06-10
2317,Peter,Collier,ggibbs@example.org,Port Darrylview,Netherlands Antilles,2024-10-29
2318,Jasmine,Brown,debbiepeterson@example.com,Michelleview,Anguilla,2024-04-01
2319,Craig,Patterson,clee@example.org,Garciamouth,Sri Lanka,2023-08-13
2320,Kelly,Sandoval,reynoldslouis@example.com,Williamsfurt,Namibia,2026-08-03
2321,Mary,Dougherty,mercadojohn@example.com,Rebeccaport,Honduras,2022-11-06
2322,Sarah,Montgomery,richardsonmary@example.org,Port Jacobview,Colombia,2023-11-24
2323,Michael,Cervantes,ashley86@example.org,South William,Solomon Islands,2024-11-18
2324,Felicia,Johnson,maryevans@example.net,North Jameschester,Peru,2026-06-19
2325,Andrew,Parrish,johnsonbryan@example.com,Lake Christina,Burkina Faso,2024-06-27
2326,Marcus,Rogers,holmesregina@example.com,West Angelaport,Czech Republic,2025-01-03
2327,Todd,Andrade,samuel16@example.com,Leeland,Saint Lucia,2023-05-08
2328,Vicki,Summers,vjohnson@example.org,New Kenneth,Venezuela,2023-09-04
2329,Stephanie,Wilson,heatherjohnson@example.org,Greenchester,Turkmenistan,2024-04-09
2330,Peter,Carter,estradalisa@example.com,Wilkinsland,Reunion,2024-06-01
2331,David,Koch,murphyjason@example.net,Ashleyton,Papua New Guinea,2023-08-14
2332,James,Deleon,katrina51@example.com,West Julie,United States Minor Outlying Islands,2023-07-05
2333,Mallory,Matthews,campbellcynthia@example.com,New Phillipshire,Holy See (Vatican City State),2024-05-01
2334,Crystal,Mann,acarlson@example.com,Reyesfurt,Liechtenstein,2025-06-25
2335,Carolyn,Mccarty,patriciarodriguez@example.com,West Jennifer,United Arab Emirates,2024-07-28
2336,Joseph,Taylor,elliottdonna@example.com,Graymouth,Liberia,2024-08-09
2337,Thomas,Powell,hayeslori@example.com,Bestmouth,Bermuda,2024-09-13
2338,Manuel,Adams,brianna47@example.com,Port Nicholasburgh,Saint Barthelemy,2024-04-16
2339,Martha,Prince,gonzalezdiamond@example.net,South Kennethmouth,Saudi Arabia,2026-07-19
2340,Sonya,Hayes,jenkinspriscilla@example.com,Haleville,Martinique,2023-02-17
2341,Mary,Dunn,reneewilliams@example.org,South Paulfurt,Korea,2024-02-21
2342,Tamara,James,davidwilliams@example.com,Port Kennethshire,Serbia,2025-10-09
2343,Madison,Haynes,esanchez@example.com,West Robin,Saint Kitts and Nevis,2023-02-15
2344,Zachary,Garrison,matthewscathy@example.net,Port Kathleenton,Tokelau,2023-06-12
2345,William,Pierce,matthewgray@example.com,North Julie,Mozambique,2023-11-29
2346,Kevin,Smith,bperry@example.net,Williamsfort,North Macedonia,2024-10-11
2347,Angela,Jackson,ryanjohnson@example.net,Larsenburgh,Germany,2024-09-15
2348,Nicole,Hamilton,crystal54@example.net,Duffyfurt,Guernsey,2023-04-05
2349,Erin,Ruiz,oevans@example.net,Sanchezbury,Albania,2024-07-16
2350,Nicole,Fernandez,fmunoz@example.net,Melissafort,Austria,2024-10-17
2351,James,Richards,xgonzales@example.net,Lake Joelstad,Korea,2023-11-08
2352,Mark,Pearson,cantrelltheresa@example.com,Robertfort,Turks and Caicos Islands,2023-09-12
2353,David,Davis,amy04@example.org,Sanchezmouth,Seychelles,2026-06-06
2354,Samantha,Perry,robertatkins@example.org,North Emily,Nicaragua,2024-07-18
2355,Mary,Elliott,amandakelly@example.org,New Christine,Korea,2022-08-11
2356,Jennifer,Saunders,schwartzapril@example.net,South Robert,United States Minor Outlying Islands,2024-02-25
2357,Mackenzie,Duncan,smiller@example.net,Port Wesley,Germany,2024-10-24
2358,Brad,Johnston,monique03@example.net,Scottburgh,Tonga,2024-06-22
2359,Kim,Harrison,theresasmith@example.com,Lake Shellyborough,Congo,2023-06-11
2360,Henry,Blanchard,ftucker@example.org,West Taylorside,Egypt,2023-12-17
2361,Erika,Ramirez,whitney19@example.com,Kleinmouth,Venezuela,2023-01-31
2362,Kristine,Johnson,thomas51@example.net,Crystalside,Uzbekistan,2026-03-25
2363,Laura,Watkins,usmith@example.com,Kevinshire,Belarus,2022-12-22
2364,Ashley,Miller,gary91@example.com,Sarahmouth,Jamaica,2026-05-30
2365,Tina,Williams,maria14@example.net,Walkerbury,Saint Kitts and Nevis,2024-12-23
2366,Derek,Garcia,kmorgan@example.net,North Amber,Armenia,2026-07-15
2367,Tammy,Walker,jenniferrobinson@example.org,South Christineside,Syrian Arab Republic,2023-11-21
2368,William,Gamble,kristenhaney@example.org,North Melissaland,Kyrgyz Republic,2023-10-28
2369,Tamara,Brewer,rebecca51@example.net,Lake Kevin,Cambodia,2026-05-08
2370,Susan,Griffin,xaguilar@example.net,Hodgesborough,Seychelles,2026-02-20
2371,Carrie,Bryant,joseph20@example.com,Markchester,Cuba,2023-08-29
2372,Michael,Robinson,isaacbarrera@example.net,Shaunport,Vanuatu,2023-01-15
2373,George,Wright,morantodd@example.com,Kimberlybury,Puerto Rico,2025-05-25
2374,Courtney,Villarreal,vlopez@example.com,East Kathleenmouth,Rwanda,2023-12-25
2375,William,Williams,mccarthykarina@example.org,South Bradley,Togo,2023-04-24
2376,Rachel,Kemp,davidkim@example.com,New Brianna,Suriname,2023-03-14
2377,Claire,Wilkerson,rubenwright@example.net,Austinport,French Polynesia,2022-08-07
2378,David,Baldwin,danielkristine@example.net,South Christopher,South Africa,2024-03-03
2379,Sheri,Willis,xrusso@example.org,Stevensborough,France,2025-10-05
2380,Tammy,Cobb,daniellereed@example.com,Robersonmouth,China,2025-01-17
2381,Sara,Guzman,earmstrong@example.net,Carterberg,Saint Pierre and Miquelon,2024-03-17
2382,Amy,Schneider,alexa53@example.com,Ramirezburgh,Northern Mariana Islands,2023-05-07
2383,James,Barnes,wrightjessica@example.net,North Maryville,Mauritania,2024-09-29
2384,Holly,Johnston,hammondjose@example.org,Port Ian,Benin,2025-04-15
2385,Courtney,Foster,pharris@example.net,Walterburgh,Montenegro,2024-11-23
2386,Thomas,Simpson,melanie84@example.org,Amandahaven,Botswana,2026-05-19
2387,Veronica,Jenkins,melissahess@example.net,South Ryanland,Congo,2024-08-13
2388,Adam,Villa,daniel35@example.com,South Nicoleport,Slovakia (Slovak Republic),2023-03-02
2389,Michelle,Scott,ijohnson@example.com,Port Matthewmouth,Guatemala,2025-02-09
2390,Luis,Garcia,jgreen@example.org,New Nicole,Bahrain,2023-12-30
2391,Nathan,Skinner,vincent49@example.org,Jacobhaven,Saint Pierre and Miquelon,2025-10-24
2392,Andrea,Boone,cranebrian@example.com,Masonside,Netherlands,2024-06-24
2393,John,Padilla,vbaker@example.net,Wrightport,Oman,2023-05-14
2394,Eddie,Landry,christopher25@example.org,Nicholasville,Finland,2023-12-21
2395,Walter,Cook,morenolinda@example.net,South Brittanyhaven,Falkland Islands (Malvinas),2025-05-07
2396,Karen,Olson,vcase@example.net,South Michellemouth,Namibia,2024-10-03
2397,Heather,Wheeler,mbenton@example.net,Changmouth,Central African Republic,2024-11-13
2398,Amber,Cortez,robert67@example.com,Jenkinsstad,Jordan,2026-03-17
2399,Alyssa,Wise,william35@example.org,West Robert,Anguilla,2026-06-02
2400,Dean,Johnson,carriebenton@example.com,Hoovermouth,Burkina Faso,2025-04-30
2401,Suzanne,Gomez,bradleyjason@example.com,New Randy,Pitcairn Islands,2025-11-21
2402,Heather,Harris,dgordon@example.org,Port Brian,Svalbard & Jan Mayen Islands,2026-03-06
2403,Robert,Morton,uclements@example.com,Stevenside,Cayman Islands,2023-12-26
2404,Daniel,Johnson,steven75@example.com,New Katherinemouth,Costa Rica,2024-11-23
2405,Kayla,Johnson,mitchellkyle@example.com,Rosschester,Uzbekistan,2024-05-06
2406,Bethany,Melton,diana38@example.net,Sherriview,Seychelles,2025-10-20
2407,Marissa,King,gonzalespatricia@example.net,New Isaiah,Iraq,2022-09-06
2408,Scott,Hernandez,mcameron@example.com,New Kevin,Poland,2023-01-24
2409,Karen,Henson,daniel56@example.net,Carmenton,Malawi,2023-07-19
2410,Amanda,Snyder,keithhuff@example.com,South Meredithtown,Slovenia,2024-11-19
2411,Ryan,Sims,christinemorrow@example.com,Owensburgh,France,2023-10-01
2412,Jason,Robles,james40@example.org,Markside,Martinique,2025-10-19
2413,Isaiah,Jones,meganchristensen@example.org,West Debra,Malta,2025-02-17
2414,Amanda,Taylor,collinslynn@example.net,South Brett,Montenegro,2023-11-22
2415,Rebecca,Martinez,johnsonmichael@example.org,Lake Saraberg,New Caledonia,2025-09-19
2416,Kathleen,Gonzales,rebecca97@example.net,West Ryan,Wallis and Futuna,2022-10-05
2417,Joseph,Hernandez,paul71@example.org,Lake Karen,Lesotho,2024-10-09
2418,Felicia,Gilmore,felicia59@example.net,Judithville,Mongolia,2026-06-08
2419,Kenneth,Smith,john80@example.net,East Mckenzietown,Brazil,2025-02-23
2420,Brent,Jordan,jonescolleen@example.org,West Sarah,Malawi,2023-06-17
2421,Ashley,Garcia,emilychapman@example.org,Alvarezland,Gabon,2025-07-28
2422,Robert,Moore,smithbradley@example.net,Zacharychester,Moldova,2023-08-12
2423,William,Wilson,wyork@example.com,Smithburgh,Ecuador,2023-07-09
2424,Brian,Hahn,joeljohnson@example.net,Mullinsburgh,Netherlands Antilles,2023-02-27
2425,Carol,Thomas,silvacarolyn@example.com,East Samanthaport,Armenia,2023-06-29
2426,Lydia,Carpenter,danielsrobert@example.net,Anthonyton,Poland,2023-12-20
2427,Stephanie,Gomez,emay@example.com,Port Philipstad,Bahamas,2025-10-18
2428,Katherine,Riley,david57@example.net,East Gregory,Guernsey,2023-01-15
2429,Joseph,Garcia,barkersteven@example.org,Angelaton,Hungary,2022-08-20
2430,Penny,Diaz,michaelchavez@example.net,Anneville,Ethiopia,2024-02-01
2431,Donald,Stevens,alexisrivera@example.com,North Carolynmouth,Cyprus,2022-12-18
2432,Penny,Jones,obrienlisa@example.net,West Glenn,Italy,2023-01-26
2433,Jeffrey,Owens,mcook@example.org,Gonzalezbury,American Samoa,2022-12-26
2434,Ryan,Green,charleslloyd@example.org,New Joshua,Ecuador,2023-04-05
2435,Robert,Parker,jamescarr@example.com,Ramirezton,Saint Lucia,2023-10-17
2436,Anthony,Hendrix,myersomar@example.org,Lake Ruth,Benin,2025-12-07
2437,Jennifer,Johnson,shelbylee@example.com,Joshuafort,Northern Mariana Islands,2025-03-10
2438,Theresa,Wilson,ydickson@example.net,Donnatown,Faroe Islands,2023-12-20
2439,Kim,Miller,xrussell@example.org,Gallegosside,Guyana,2023-09-12
2440,Leah,Dennis,dennis15@example.net,South Joshuamouth,Guernsey,2023-06-03
2441,Ashley,Melton,donald62@example.org,South Marymouth,Gambia,2026-02-16
2442,Gregory,Kelley,riverasara@example.com,Brianside,Lao People's Democratic Republic,2024-04-01
2443,Dawn,Miller,derrick30@example.org,Lake James,Turks and Caicos Islands,2025-02-26
2444,Amanda,Hawkins,ktrevino@example.com,Kellyport,Solomon Islands,2024-03-15
2445,Darius,Mckinney,nathaniel65@example.com,Walkerside,Western Sahara,2026-01-03
2446,Juan,Clarke,snyderjon@example.com,Port Ryan,Benin,2022-08-29
2447,Alyssa,Dunn,wendy17@example.com,Howardchester,Guyana,2023-05-07
2448,Jack,Sheppard,tgrimes@example.org,Sanchezchester,Pitcairn Islands,2024-07-07
2449,Matthew,Peters,shelbysparks@example.org,Justinfurt,Lesotho,2024-05-06
2450,Martha,Boyd,ghansen@example.com,Haleyside,Malta,2025-02-19
2451,Thomas,Martin,arroyosuzanne@example.com,Mcbridetown,Algeria,2023-03-15
2452,Jonathan,Cain,julie34@example.com,New Lauraside,Guadeloupe,2023-03-14
2453,Rhonda,Garrett,donaldbarnett@example.org,Monicaberg,Libyan Arab Jamahiriya,2026-03-21
2454,James,Miller,murrayshelly@example.org,Lydiaville,Suriname,2025-01-13
2455,Richard,Wright,charleneestes@example.org,New Vanessa,Kyrgyz Republic,2024-04-02
2456,Cody,Hall,jorge58@example.com,Port Sarahshire,Timor-Leste,2025-01-26
2457,Kevin,Powell,ferrellsarah@example.net,South Victormouth,Montserrat,2026-03-03
2458,Kayla,Ayers,ljones@example.org,Lindaburgh,Venezuela,2025-01-20
2459,Diana,Floyd,ipearson@example.com,Walkerton,Armenia,2025-03-06
2460,Michael,Bowen,samanthafinley@example.org,Staceyville,Cambodia,2024-05-08
2461,Michael,Haynes,josewilson@example.com,Amandahaven,Botswana,2025-01-16
2462,Christina,Berry,griffincharles@example.org,Taylorfurt,Guatemala,2023-11-16
2463,Jennifer,Young,cynthia44@example.com,Gabrielmouth,Burkina Faso,2023-01-29
2464,Robin,Collins,pricetravis@example.org,West Katie,Cook Islands,2023-09-24
2465,Jeffrey,Mullen,qcooley@example.net,Grahamfurt,Belarus,2023-03-22
2466,Brandon,Swanson,zimmermanbenjamin@example.com,Elliston,Cayman Islands,2024-08-30
2467,Courtney,Thornton,smithjamie@example.org,West Thomas,Namibia,2022-10-30
2468,Brent,Shepherd,thomastimothy@example.org,South Laura,French Polynesia,2023-12-04
2469,Carly,Sanchez,joshuajones@example.org,New Jeffrey,Nicaragua,2024-08-16
2470,Anthony,Hamilton,pgraves@example.org,Christopherstad,Mexico,2025-11-06
2471,Richard,Martinez,michaelfoley@example.com,Lake Randy,Oman,2024-01-05
2472,Steven,Johnson,gregory94@example.org,New Brandyborough,Burundi,2025-09-14
2473,George,Bentley,heidicardenas@example.org,Karenfurt,Seychelles,2025-07-31
2474,Sean,Walker,hernandezmichael@example.com,Shieldsmouth,Brunei Darussalam,2023-06-20
2475,John,Hampton,michael45@example.org,North Steven,Ukraine,2024-04-15
2476,Kristen,King,pmartin@example.net,Garciafort,Kuwait,2022-08-28
2477,Michael,Pierce,lloydanthony@example.com,Griffinstad,United States Minor Outlying Islands,2024-08-19
2478,Donald,Thompson,samantha39@example.net,Johnmouth,Bermuda,2025-02-06
2479,Heather,Stevens,zacharythompson@example.net,East Jared,Djibouti,2024-09-14
2480,Vanessa,Lee,eric75@example.org,Sparksstad,Lithuania,2025-01-11
2481,Dustin,Park,meganwhite@example.org,New Christopher,Saint Barthelemy,2022-11-09
2482,Willie,Jones,heidi84@example.net,New Lisa,Estonia,2022-10-31
2483,Joseph,Leblanc,duncancarolyn@example.net,Lake Christinebury,Albania,2024-08-14
2484,Sara,Poole,nathanielgutierrez@example.com,Teresaborough,Saint Vincent and the Grenadines,2025-10-25
2485,Ashley,Rogers,susan90@example.org,Jasonview,Tanzania,2023-01-25
2486,Catherine,Howell,jimenezangela@example.org,Perezbury,El Salvador,2024-11-29
2487,Rebecca,Bradshaw,chad46@example.com,Ryanchester,Sri Lanka,2023-08-07
2488,Michelle,Cross,megan14@example.org,Patelbury,Egypt,2025-12-12
2489,Shane,Mccarty,shawn67@example.net,Charlesstad,Philippines,2026-06-13
2490,Jack,Gray,dallen@example.net,Williamsborough,Macao,2026-06-28
2491,Angel,Johnson,rayjohn@example.net,Port Sabrinamouth,Bosnia and Herzegovina,2023-08-31
2492,Benjamin,Levy,gabriellacarter@example.org,West Soniaside,Japan,2022-12-04
2493,Jill,Carr,lhooper@example.net,East Crystal,Montenegro,2024-11-02
2494,Preston,Smith,kbrooks@example.com,Kevinborough,British Virgin Islands,2025-05-29
2495,Lori,Williams,alan35@example.net,Roberthaven,Serbia,2024-05-08
2496,Curtis,Shea,ebaker@example.com,New Randyhaven,Mayotte,2024-05-16
2497,Donald,Frye,juliavillegas@example.com,New Paul,Liberia,2023-05-18
2498,Elizabeth,Morris,susan59@example.net,Marioland,Algeria,2023-08-21
2499,Denise,Holmes,ibutler@example.org,Pittmanland,Congo,2024-10-26
2500,Kathy,Garcia,russellanna@example.net,Smithside,Libyan Arab Jamahiriya,2022-12-05
2501,Barry,Wheeler,vargaskaren@example.com,North Donna,Chad,2025-11-29
2502,Dawn,Dunlap,jonesmarissa@example.org,South Jenny,Botswana,2025-11-27
2503,Heather,Hunter,parker59@example.org,Justintown,Greece,2022-11-05
2504,Anthony,Garcia,fmartin@example.com,New Gina,Tanzania,2023-10-29
2505,Julie,Scott,claudiaolsen@example.org,Webbmouth,Montenegro,2023-09-08
2506,Alyssa,Hayes,bpena@example.net,North Taylor,United States of America,2023-06-09
2507,Arthur,Howell,ofoster@example.org,Stewartmouth,Guyana,2026-06-25
2508,Sharon,Medina,cparks@example.org,Garzastad,Cameroon,2024-05-06
2509,James,West,kmcconnell@example.net,West Julie,Guam,2024-09-26
2510,Jacob,Smith,daniellealexander@example.net,Andreaborough,South Africa,2025-03-11
2511,Jeremy,Lewis,lsullivan@example.org,East Jennifer,Estonia,2026-01-17
2512,Paul,Ball,sherry14@example.com,East Lauren,Afghanistan,2024-03-31
2513,Christina,Turner,thomaslisa@example.com,West Ashley,Rwanda,2026-03-23
2514,David,Hale,tescobar@example.org,Luisbury,Lesotho,2025-04-25
2515,Valerie,Marshall,nsmith@example.org,Collinsland,Sudan,2025-10-25
2516,Brandon,Mitchell,sarabenson@example.net,Stevenstad,Zambia,2025-10-04
2517,Chelsea,Rogers,erikmason@example.net,Robertsonville,Tonga,2023-06-17
2518,Elizabeth,Hudson,jamesbrown@example.com,Henryhaven,Brazil,2023-05-07
2519,Tony,Baker,kathrynmurray@example.com,Sierratown,Azerbaijan,2025-10-16
2520,Evan,Steele,sarahperkins@example.com,Poolestad,Ireland,2026-01-10
2521,Keith,Mejia,patriciajohnson@example.com,Dorseystad,Kenya,2023-09-23
2522,Bryan,Miller,drodgers@example.net,Jennifershire,Tuvalu,2024-05-24
2523,Trevor,Williams,johnstontammy@example.com,East Maryview,Micronesia,2023-09-01
2524,Christopher,Roberts,milesalexandra@example.org,Craigbury,Saint Vincent and the Grenadines,2024-08-23
2525,Mark,Cox,william15@example.net,East Loriside,New Caledonia,2023-03-24
2526,Brianna,Ray,tranalan@example.org,West Joshua,Turks and Caicos Islands,2026-06-02
2527,Victoria,Castillo,princenicole@example.org,Vanessaville,Russian Federation,2023-08-03
2528,Stephen,Wang,kimberlylawson@example.org,Mahoneyfurt,Canada,2023-10-25
2529,Joseph,Rivera,marywilson@example.net,Mikefort,Philippines,2025-07-17
2530,Gregory,Richardson,kimberly50@example.org,Jeffreyside,Rwanda,2025-04-27
2531,Lori,Case,nicholas70@example.net,Phillipsville,Benin,2025-07-06
2532,Andrew,Bauer,pottsjackie@example.com,West Ronnie,Libyan Arab Jamahiriya,2026-01-18
2533,Rachel,Ross,orose@example.org,New Jonathantown,Saint Martin,2025-10-27
2534,Thomas,Ryan,lisaduncan@example.com,East Johnberg,Peru,2024-02-01
2535,Michael,Myers,jason75@example.org,Rogersborough,Azerbaijan,2026-06-09
2536,Angela,Taylor,ehall@example.org,South Chelseahaven,Spain,2026-02-11
2537,Matthew,Green,christopher79@example.net,North Matthewfort,Fiji,2024-04-23
2538,Kevin,Peterson,warrenbruce@example.org,Moralesside,Peru,2026-06-28
2539,Keith,Robbins,hjohnson@example.com,Ericfort,Antarctica (the territory South of 60 deg S),2023-05-17
2540,Monica,Jones,gutierrezjustin@example.net,Port Rhonda,Thailand,2026-07-18
2541,Lori,Hodge,monica04@example.com,Lake Marietown,Germany,2025-11-08
2542,Jesse,Moore,jeffreyjefferson@example.net,Xavierhaven,Kyrgyz Republic,2024-10-06
2543,Jessica,Nelson,sandra22@example.org,Lake Kimberlyside,Mauritius,2024-05-16
2544,Brian,Lee,jeffrey03@example.org,North Michaelfort,Burkina Faso,2025-11-29
2545,Debra,Quinn,obrennan@example.net,Trevormouth,Tonga,2025-07-10
2546,Sierra,Hall,dramirez@example.org,South Martin,Australia,2025-07-18
2547,Kathryn,Wilson,pfreeman@example.com,South Timothy,Liechtenstein,2024-11-27
2548,Tony,Harris,collinsthomas@example.com,Bernardhaven,Tuvalu,2022-12-28
2549,Caroline,Fields,padillaemily@example.net,South Douglasport,Belarus,2023-01-14
2550,Jessica,Hunter,tinabeltran@example.org,Aprilhaven,Slovenia,2023-03-16
2551,Lawrence,James,sharon37@example.net,Derrickview,Bolivia,2023-12-17
2552,Bradley,Matthews,ubutler@example.com,Gilbertville,Guatemala,2026-01-31
2553,Rebecca,Rodriguez,smithamanda@example.com,Lake Brandonmouth,Botswana,2022-10-27
2554,Denise,Montoya,jeffrey93@example.com,East Joelside,Philippines,2024-10-30
2555,Jared,Hall,taylor03@example.net,New Darinland,Mali,2024-08-15
2556,Laura,Kidd,jackie93@example.org,Lake Patrick,United Arab Emirates,2026-06-14
2557,Sarah,Bennett,joy53@example.org,North Andrewmouth,Vanuatu,2024-02-17
2558,Katherine,Wise,jacobwright@example.net,Randyport,Montserrat,2025-09-22
2559,Andrea,Wells,xmcneil@example.com,Geraldchester,Puerto Rico,2023-09-14
2560,Fred,Higgins,yolandavance@example.com,Port Davidside,Holy See (Vatican City State),2026-04-24
2561,Cindy,Taylor,wrighttheresa@example.net,Grantfort,Lebanon,2023-03-12
2562,Monica,Lewis,thompsonthomas@example.net,North Alexander,Papua New Guinea,2023-11-08
2563,Jason,Martin,danielle89@example.net,Turnermouth,Cuba,2026-05-26
2564,Robert,Spencer,teresameza@example.net,Morrisshire,Georgia,2025-12-14
2565,Douglas,Harris,williamsmary@example.net,Davisside,Antarctica (the territory South of 60 deg S),2023-10-24
2566,Harold,Wilson,david61@example.org,East Jasonfort,New Caledonia,2024-01-20
2567,Derek,Thompson,timothyhart@example.org,Port Barbara,Canada,2026-02-17
2568,Cassie,Dickerson,bnguyen@example.net,Andreamouth,Austria,2024-04-04
2569,Melissa,Gomez,richardryan@example.org,Kendraville,Tajikistan,2022-12-01
2570,Walter,Jones,collinsnicholas@example.com,North Gary,Burkina Faso,2024-07-23
2571,Justin,Allen,mvaughn@example.com,Millerport,Benin,2026-03-07
2572,Keith,Robles,holtbrenda@example.net,Port Ashleyton,Seychelles,2025-09-14
2573,Jacqueline,Holmes,ythompson@example.net,New Stephanie,Tokelau,2024-08-27
2574,Michael,Pierce,csullivan@example.com,Christopherside,Barbados,2024-02-07
2575,Crystal,Hanson,whughes@example.org,Powellville,Holy See (Vatican City State),2024-03-30
2576,Amber,Romero,sstein@example.com,Port Steven,New Caledonia,2025-03-23
2577,Rachel,Bell,christinehowe@example.com,East Aaronview,Liberia,2025-12-06
2578,Joel,Gregory,nicholastran@example.net,New Sydneyberg,Costa Rica,2022-08-07
2579,Krystal,Douglas,sjohnston@example.org,Port Katelyn,Austria,2024-03-07
2580,Amanda,Bowers,yfletcher@example.net,Lauraberg,Serbia,2024-07-21
2581,Jose,Wu,mitchelljoseph@example.net,Becktown,Niger,2023-06-05
2582,Michael,Ortiz,washingtonrachel@example.com,Jasonchester,Mozambique,2026-03-17
2583,Cassandra,Wilson,yowens@example.com,East Megan,Jamaica,2025-12-11
2584,Mark,Diaz,courtney34@example.com,Johnmouth,Pakistan,2025-12-18
2585,Stacy,Mcclain,blackwellbenjamin@example.com,Kendrahaven,Ireland,2022-10-18
2586,Alexandra,Webster,brianfernandez@example.net,Lake Kylestad,Somalia,2025-11-14
2587,Kristy,Wilson,pprice@example.com,New Alicefort,Kazakhstan,2022-08-25
2588,Karen,Robertson,zray@example.com,West Michellestad,New Caledonia,2022-10-09
2589,Kathryn,Gardner,williamwhite@example.com,Lake Kayla,Niger,2024-08-27
2590,Megan,Garcia,caseynicholas@example.org,Haysburgh,Central African Republic,2024-06-13
2591,Richard,Pierce,frankneal@example.net,Fishertown,Sudan,2024-04-06
2592,Justin,Olsen,dominguezashley@example.org,Jacobborough,Morocco,2024-12-31
2593,Cathy,Smith,perezantonio@example.net,New Xavier,Austria,2022-11-10
2594,Kimberly,Nelson,scott68@example.net,Timothyfurt,Austria,2024-03-13
2595,Timothy,Gill,heather46@example.org,Jaybury,Turkey,2026-03-21
2596,David,Warner,angela78@example.com,Port Lisaborough,Senegal,2023-02-14
2597,Travis,Moore,april10@example.org,Evansfort,Saudi Arabia,2024-07-17
2598,Randy,King,caguilar@example.org,South Sonia,Gibraltar,2026-01-29
2599,Daniel,Diaz,nsmith@example.com,Port Margaretshire,Senegal,2026-05-24
2600,Jessica,Richmond,rickyshah@example.com,Lake Rebeccaborough,Nepal,2024-04-08
2601,Albert,Baker,jacobscarla@example.org,Derrickshire,Liberia,2023-11-27
2602,Amy,Williams,ryan61@example.org,Richstad,Kazakhstan,2026-06-22
2603,David,Davis,jeremy11@example.org,Carlburgh,Seychelles,2024-06-14
2604,Elizabeth,Monroe,shannonfuller@example.org,West Christophermouth,Bouvet Island (Bouvetoya),2026-04-24
2605,Michael,Hall,kathryn04@example.org,Lake Peterton,Greece,2025-08-11
2606,Joshua,Nguyen,dlee@example.net,East Michael,Bosnia and Herzegovina,2025-04-15
2607,Robin,Mathews,sherry07@example.net,Mendozachester,Saint Vincent and the Grenadines,2025-01-31
2608,Laura,Graham,byrdamy@example.org,South Terri,Sri Lanka,2022-08-25
2609,Laura,Beasley,jasonwise@example.org,Alfredville,Slovakia (Slovak Republic),2023-03-31
2610,Daniel,Olsen,wisebradley@example.net,Ortizborough,South Georgia and the South Sandwich Islands,2023-06-12
2611,Ariel,Caldwell,halljames@example.com,South Kimberlyberg,Kiribati,2025-12-11
2612,Jessica,Lopez,brownkurt@example.net,New Steven,Kyrgyz Republic,2025-05-28
2613,Michele,Anderson,acooper@example.org,Kimberlyville,Lao People's Democratic Republic,2023-05-13
2614,Mark,Cooley,opeterson@example.net,Stacychester,Switzerland,2026-02-05
2615,Jason,Conner,lopezmark@example.net,Turnerton,Sri Lanka,2024-03-03
2616,Albert,Wilson,briandecker@example.com,Timothyton,Liberia,2023-10-03
2617,Shawn,Jones,terrihall@example.net,Jonathantown,Morocco,2023-08-28
2618,Jason,Watts,denisehouse@example.org,Port Kimberly,Thailand,2024-03-06
2619,Misty,Allen,wileycourtney@example.com,East Samanthamouth,Qatar,2022-11-30
2620,Colton,Hayes,leebenjamin@example.com,New Stuartton,Finland,2024-07-03
2621,Anne,Carey,clarkmitchell@example.net,Lake Raymondhaven,Russian Federation,2025-09-25
2622,Gabriel,Osborn,linda33@example.com,New Rose,Bhutan,2024-06-12
2623,Dominique,Hughes,jack52@example.com,Acostaberg,Cayman Islands,2022-10-02
2624,Jennifer,Weiss,kathrynchang@example.com,Taramouth,El Salvador,2025-03-23
2625,Jamie,Lopez,sanderschristopher@example.com,Lake Matthewton,Palau,2022-09-11
2626,James,Bradford,selenacollins@example.net,Clarenceshire,Guyana,2026-07-05
2627,Shannon,Bell,jason30@example.net,Michaelbury,Antarctica (the territory South of 60 deg S),2023-05-27
2628,Jennifer,Herrera,carriehayes@example.net,Biancaland,Ethiopia,2025-07-30
2629,Sydney,Chandler,stevengordon@example.com,Lindseyburgh,Zimbabwe,2025-12-04
2630,Brittany,Proctor,hjohns@example.org,Simmonsland,Burkina Faso,2025-12-16
2631,Eric,Pham,stephanienavarro@example.org,Gallowayfort,Namibia,2024-03-04
2632,Joseph,Watson,wooddiana@example.net,Port Dianeton,San Marino,2024-01-24
2633,Nicolas,Jackson,john99@example.net,Cisnerosport,Hungary,2024-01-04
2634,Douglas,King,ringram@example.com,East Michele,Mozambique,2024-12-04
2635,Emily,Anderson,ashleystacy@example.com,Parkerberg,Kyrgyz Republic,2025-07-15
2636,Blake,Mckenzie,millerthomas@example.com,North Leonardfort,Cote d'Ivoire,2023-11-11
2637,Colleen,Byrd,samantha96@example.org,East Veronica,Kiribati,2024-06-16
2638,Chad,Murphy,garciaandrea@example.com,East Jimmyshire,Pitcairn Islands,2023-09-04
2639,Michael,Bates,tricia91@example.com,Holmesfurt,Western Sahara,2024-10-05
2640,Kyle,Lane,collinsdawn@example.com,New Jacquelineport,Denmark,2023-12-21
2641,Jody,Sandoval,diana64@example.net,Williamchester,Guatemala,2025-07-10
2642,Michael,Brown,elizabethmartinez@example.org,Tinaville,Burkina Faso,2025-03-21
2643,Joshua,Hodges,jhill@example.net,Erinport,Serbia,2023-08-29
2644,Alexis,Powell,stricklandheather@example.com,Saraside,Iceland,2025-10-16
2645,Nicholas,Todd,paige07@example.net,Geraldshire,Faroe Islands,2024-09-07
2646,Tyler,Hodge,wjoyce@example.org,Wesleyshire,Maldives,2026-05-05
2647,Linda,Martin,john76@example.net,South Lisa,Macao,2024-05-14
2648,Madison,Gonzales,xstevens@example.org,East Timothyport,Uganda,2024-07-01
2649,Stephen,Green,kimberly73@example.org,North Ericview,Cape Verde,2023-11-06
2650,Candice,Cook,zacharyhughes@example.org,Claytonborough,Bosnia and Herzegovina,2023-03-17
2651,Peter,Smith,emilypierce@example.net,Hebertchester,Svalbard & Jan Mayen Islands,2023-04-05
2652,Anthony,Mccormick,shannon10@example.org,Halefort,Lao People's Democratic Republic,2023-07-22
2653,Kelly,Lee,sethmitchell@example.org,Dunlaptown,Saint Lucia,2022-11-08
2654,Jonathon,Mercado,sarah33@example.com,West Samuel,Bangladesh,2026-07-09
2655,Ashley,Mccarthy,nataliejones@example.org,Port Luke,Bouvet Island (Bouvetoya),2023-06-28
2656,Monica,Mccoy,james79@example.net,South Laurie,Tunisia,2024-04-17
2657,Emily,Freeman,carolynhouston@example.net,Samuelside,Sao Tome and Principe,2025-11-21
2658,Carl,Zuniga,bakeradrienne@example.org,Port Christineborough,Norway,2024-03-18
2659,Cristian,Cole,qcowan@example.org,Donaldstad,Nepal,2023-05-13
2660,Robert,Turner,michelle60@example.org,Joannmouth,Bangladesh,2025-06-11
2661,Katherine,Oconnor,griffincassie@example.net,Lake Alexis,Antigua and Barbuda,2025-08-04
2662,Jillian,Riley,beardsydney@example.org,Durhamborough,Bosnia and Herzegovina,2025-12-17
2663,Joshua,Roberts,zacharycook@example.net,East Jill,Trinidad and Tobago,2024-10-08
2664,Abigail,Robles,ssmith@example.org,Lake Karen,Peru,2025-02-16
2665,Sara,Howard,daviddean@example.org,South Brendan,Haiti,2024-08-04
2666,Kathleen,Meza,mccoytony@example.org,North Kurt,Heard Island and McDonald Islands,2024-09-02
2667,Pam,Wiggins,wrightlisa@example.net,Dorishaven,Jordan,2025-09-15
2668,Ann,Goodwin,anthonythompson@example.net,Davidfurt,Hungary,2022-11-10
2669,Frank,Washington,hsims@example.net,North Amandaport,Zimbabwe,2023-09-23
2670,John,Daniels,russellcooper@example.com,Kellyhaven,Spain,2026-03-22
2671,Jill,Bryan,aholland@example.org,New Kellyland,Romania,2025-07-01
2672,Joan,Dominguez,lstewart@example.net,Deannafurt,Singapore,2023-11-24
2673,Ian,Warren,crystal72@example.com,Annatown,Bangladesh,2023-04-01
2674,Clifford,Kemp,cainmatthew@example.net,South Michelle,Malaysia,2025-02-03
2675,Tina,Jackson,candice30@example.org,West Mariafort,Burkina Faso,2023-03-16
2676,Peter,Myers,garyjohnson@example.com,East Lindsayshire,Paraguay,2026-07-17
2677,Kelly,Davis,chambersjoseph@example.com,Taylorland,Cameroon,2022-12-21
2678,Beth,Brady,cameronzachary@example.com,Angelaberg,Zimbabwe,2022-11-22
2679,Anthony,Pena,combsguy@example.com,Annton,Afghanistan,2025-02-14
2680,Nathan,Lee,fsimmons@example.net,Tylerchester,Morocco,2024-08-06
2681,Kelly,Huffman,melinda71@example.org,East Kevin,Northern Mariana Islands,2024-01-01
2682,Hannah,Huff,dylanrussell@example.org,Fredshire,Morocco,2026-06-22
2683,Geoffrey,Barnes,fbarrett@example.com,Edwardfurt,Holy See (Vatican City State),2023-11-24
2684,John,Mendez,amychaney@example.org,Loriburgh,Belgium,2024-09-01
2685,Julie,Valentine,johnsonbrandon@example.com,West John,Christmas Island,2022-12-28
2686,Sheri,Villa,jennifertaylor@example.com,Thomasfurt,Cambodia,2024-10-05
2687,Tyler,Wade,smithdana@example.org,Jamesside,France,2025-04-05
2688,Christy,Pearson,jessicahowell@example.net,Coxhaven,Singapore,2023-01-01
2689,Mark,Duncan,fowlermelissa@example.com,Alexandraton,Spain,2023-10-04
2690,Stephanie,Ellison,amanda10@example.org,Kathyside,Taiwan,2023-05-31
2691,Tracey,Jones,heather67@example.org,Porterstad,Gambia,2024-06-27
2692,Brian,Russell,walkerwilliam@example.org,South Lisa,Madagascar,2026-06-08
2693,Jessica,Freeman,tracimartinez@example.net,New Colinfurt,Gabon,2024-01-31
2694,Paula,Blankenship,boonemichelle@example.net,Lake Daniel,Bangladesh,2023-10-13
2695,Julia,Sanchez,rkeller@example.com,Johnburgh,Northern Mariana Islands,2022-11-19
2696,Veronica,Bennett,srich@example.com,Leahmouth,Germany,2022-10-29
2697,Vanessa,Fletcher,karen12@example.net,Andersonchester,New Zealand,2026-03-11
2698,Colleen,Haas,goldendiana@example.org,Garyfurt,Central African Republic,2023-07-05
2699,Rachael,Stone,jacob01@example.org,East Michaeltown,Marshall Islands,2023-04-17
2700,Marcus,Graves,grayjulie@example.com,West Carolyn,South Africa,2022-11-27
2701,Tanya,Johns,jeffersonjames@example.org,Kennethside,Greenland,2023-03-13
2702,Ronald,Barnes,mknight@example.com,South Bruceton,Wallis and Futuna,2024-10-31
2703,Todd,Klein,mccormickmakayla@example.net,East Jamesbury,South Africa,2025-10-05
2704,Charles,Vance,williamsonshane@example.net,Lake Donald,Hong Kong,2023-03-24
2705,Amy,Wood,ahoward@example.com,Rachelstad,Australia,2022-10-19
2706,Kevin,Hebert,daviddowns@example.net,New Angela,Ghana,2023-06-26
2707,Caitlin,Hamilton,egeorge@example.org,Franklinville,Thailand,2025-07-14
2708,Michael,Parker,phillipsdavid@example.com,Port Kaylee,Mexico,2026-03-10
2709,Vincent,Graves,mia65@example.net,Port Michael,Brazil,2026-07-30
2710,Stacy,Todd,roy43@example.org,Laceytown,Latvia,2026-01-21
2711,Christian,Williams,lindafranco@example.org,East Michelleside,Cambodia,2024-03-19
2712,Brandon,Wright,rebeccacampbell@example.org,South Natalie,Zambia,2024-10-05
2713,Dylan,Hernandez,rasmussenmorgan@example.com,Port Carly,French Polynesia,2026-04-15
2714,Denise,Brown,danielle94@example.com,South Ericashire,Vietnam,2025-10-31
2715,William,Johnson,qbenitez@example.com,New Jessica,Nauru,2024-03-21
2716,Janet,Aguirre,morrisontina@example.net,East Philipside,Syrian Arab Republic,2023-10-20
2717,Jennifer,Hurley,cannondaniel@example.org,New Judyland,Bulgaria,2024-11-07
2718,Christina,Walker,robert10@example.org,North Ricky,Palestinian Territory,2026-06-18
2719,Robert,Davis,mauricejohnston@example.org,South Jamestown,Philippines,2026-03-19
2720,Donna,Dennis,katrina05@example.org,Kaitlynfurt,Western Sahara,2025-10-22
2721,Matthew,Lewis,mwelch@example.org,Gomezhaven,Guam,2026-03-26
2722,David,Hutchinson,jose28@example.net,Robertsborough,Saint Pierre and Miquelon,2024-11-16
2723,Autumn,Franklin,zmatthews@example.net,Thompsonhaven,Burkina Faso,2023-10-18
2724,Jenna,Long,sharon73@example.net,North Damonfort,Luxembourg,2024-12-11
2725,Anthony,Mcdowell,littlechristine@example.net,Nicholasberg,Sri Lanka,2023-08-10
2726,Ryan,Walker,uweber@example.net,Williamshaven,Ghana,2022-12-24
2727,Todd,Leonard,penanicole@example.com,Normantown,Guam,2023-02-25
2728,Jordan,Young,reyesjohn@example.org,Lake Ritamouth,American Samoa,2025-02-09
2729,Brittany,Williams,harrisdaniel@example.org,Emilyview,Faroe Islands,2026-05-14
2730,Michelle,Wallace,mario82@example.com,Nicholasborough,Cocos (Keeling) Islands,2025-04-19
2731,Linda,Reilly,jamesgriffin@example.net,North Hannahhaven,Costa Rica,2024-01-23
2732,Vicki,Caldwell,mooremary@example.org,Jonathanchester,Saudi Arabia,2022-09-26
2733,Geoffrey,Leblanc,allison93@example.org,New Jameshaven,Spain,2023-04-13
2734,Carrie,Murphy,michaelbarron@example.org,North Andreaville,Saint Lucia,2025-12-22
2735,Samantha,Garcia,sarahsmith@example.net,East Amber,Oman,2023-02-01
2736,Bobby,Barrett,terricantu@example.net,East Janice,Albania,2024-03-24
2737,Ryan,Clark,townsendkimberly@example.net,Willisstad,Sudan,2026-06-24
2738,Jimmy,Jordan,jonathansmith@example.com,Laurieburgh,Bolivia,2023-12-31
2739,Lisa,Gray,mathewsdaniel@example.com,Martinside,Tajikistan,2023-07-10
2740,Justin,Davis,natalierodriguez@example.net,New Phillipville,Japan,2024-10-24
2741,Andrea,Mercado,gabrielchandler@example.net,New Davidfurt,Burundi,2024-03-19
2742,Lance,Blair,iflores@example.com,Singletonchester,Comoros,2023-10-29
2743,Brett,Clark,mmccoy@example.com,Harveyland,Tonga,2023-02-04
2744,Ronald,Young,jennifer67@example.net,Poncebury,Algeria,2023-09-23
2745,Daniel,Allen,taylordanielle@example.net,South Markhaven,Tokelau,2023-11-11
2746,Sharon,Decker,qyoung@example.net,Dannyfurt,Hungary,2025-10-17
2747,Amanda,Mcdonald,hross@example.org,Ashleytown,Netherlands,2025-01-25
2748,Ann,Spencer,clarkmichael@example.net,Hayesborough,Austria,2025-04-03
2749,Michelle,Williams,stephanie15@example.org,Lopezville,Ireland,2022-11-30
2750,Samantha,Woodward,amanda00@example.com,West Kristafort,France,2024-12-12
2751,Kristen,Maldonado,elamb@example.org,Rachelstad,Cambodia,2025-07-26
2752,Bradley,Wilson,alexander21@example.org,Eddieshire,Iceland,2025-11-08
2753,Peter,Green,james41@example.net,Kingmouth,Chad,2023-02-16
2754,Antonio,Robertson,bonnie58@example.com,Mandyhaven,United States Virgin Islands,2022-11-26
2755,Ryan,Palmer,michaelpearson@example.net,Wrightport,San Marino,2024-08-19
2756,Christina,Steele,michaelmaynard@example.com,Kimberlyview,El Salvador,2024-03-14
2757,Cristian,Rojas,durantammy@example.net,Ochoaberg,Nigeria,2023-01-08
2758,Charles,Barker,jeffrey54@example.net,South Peter,Peru,2026-01-13
2759,Julie,Walker,brownrobert@example.org,West Christopher,Romania,2024-02-03
2760,Elizabeth,Rhodes,jimenezgary@example.com,Sarahfurt,Iran,2025-03-20
2761,Tracie,Stephenson,gbuchanan@example.org,Fitzgeraldmouth,Bouvet Island (Bouvetoya),2023-01-19
2762,Jennifer,Page,melodymoran@example.com,Caseyberg,Netherlands,2023-05-26
2763,Brett,Johnson,james77@example.com,Frankshire,Argentina,2023-09-21
2764,Russell,George,james31@example.com,Port Brettport,Guatemala,2024-11-11
2765,Dustin,English,smithkimberly@example.org,Port Scott,Germany,2024-12-24
2766,Veronica,Taylor,tuckercindy@example.net,West Timothy,Mali,2026-05-21
2767,James,Warren,obrown@example.org,East Kayla,Switzerland,2023-01-17
2768,Andre,Walsh,danielleward@example.net,Wallaceton,Djibouti,2025-08-23
2769,Paul,Benitez,meganmiller@example.com,Hickschester,Saint Vincent and the Grenadines,2026-05-18
2770,Debbie,Nelson,powelltheresa@example.com,Lake Scottport,Japan,2023-07-16
2771,William,Navarro,zramos@example.org,South Kenneth,French Guiana,2025-08-27
2772,John,Rivera,laura86@example.net,Jamietown,Libyan Arab Jamahiriya,2024-07-05
2773,Leslie,Rodgers,kimberly23@example.org,Greenville,Saint Helena,2026-03-16
2774,Ann,Robinson,ronald25@example.org,North Dawnside,Belgium,2024-05-11
2775,Michele,Cruz,michaeladkins@example.net,Fergusonmouth,Saudi Arabia,2024-02-10
2776,William,Thompson,michelle14@example.net,New Tinaside,Zambia,2023-03-30
2777,Kathleen,Lindsey,stephengarcia@example.com,Lovestad,Kuwait,2023-02-19
2778,Bobby,Hernandez,sylviajohnson@example.com,South Michaelborough,Palestinian Territory,2025-04-07
2779,Mark,Aguilar,fho@example.net,Smithland,Bosnia and Herzegovina,2026-01-28
2780,Kyle,Schneider,browncarol@example.com,West Zachary,Moldova,2023-04-22
2781,David,Pierce,promero@example.org,Alexanderfort,Moldova,2022-11-16
2782,Monica,Burke,michaelandrews@example.org,North Sarah,Nauru,2024-09-06
2783,Donna,Cardenas,markdouglas@example.com,East Andrewview,Isle of Man,2025-01-24
2784,Patricia,Gonzalez,dawn18@example.net,North Marvinborough,Serbia,2025-02-22
2785,Julie,Rodriguez,kylechambers@example.net,West Sara,Dominican Republic,2023-07-08
2786,Anne,Butler,elizabeth04@example.org,West Meredith,Bahamas,2023-12-02
2787,James,Miller,jessicamunoz@example.org,North Jessicamouth,Czech Republic,2022-11-13
2788,Laura,Weaver,dannyadams@example.net,Port Barbara,Cayman Islands,2026-07-16
2789,Gabrielle,Parks,wallernancy@example.com,Port Jason,Kiribati,2023-12-13
2790,Heidi,Carter,pwhite@example.org,New Diana,Slovenia,2023-11-11
2791,Katherine,Frye,hansenjoel@example.net,Lindaburgh,Saint Martin,2024-05-30
2792,Andrew,Thomas,msmith@example.com,Lake Kristenmouth,Saint Lucia,2025-12-27
2793,Cynthia,Gomez,willisadrian@example.net,West Cathy,France,2023-12-05
2794,Jacqueline,Payne,monicarussell@example.net,Lake Erin,Denmark,2024-04-30
2795,Christopher,Ramsey,kenneth06@example.org,Jonathanport,United States Virgin Islands,2025-11-19
2796,Michael,Dean,fuentesjeremy@example.com,Hickmanbury,Saint Helena,2023-03-16
2797,Lisa,Wade,tarabrown@example.net,Port Michaelfurt,Ethiopia,2024-03-11
2798,Alexandra,Cooper,justinsparks@example.com,Nataliehaven,San Marino,2023-02-02
2799,Tony,Jones,joel60@example.net,Ramirezside,Sao Tome and Principe,2022-11-19
2800,Brandon,Bridges,bellrenee@example.net,West Christineland,Saint Lucia,2023-04-13
2801,Nathan,Steele,peterevans@example.com,Dillonton,Barbados,2025-10-03
2802,Julian,Garrison,clarkcasey@example.net,North Timothy,Sierra Leone,2026-07-02
2803,Melissa,Garcia,wcortez@example.org,South Nicholas,El Salvador,2023-06-04
2804,Amanda,Hubbard,johnmiller@example.com,East Ginabury,Mexico,2024-08-02
2805,Wayne,Johnson,clarksteven@example.com,Lake Rachel,Holy See (Vatican City State),2023-04-06
2806,Emily,Ramirez,saradunn@example.com,Steventown,Christmas Island,2026-01-04
2807,Philip,Martinez,ghaas@example.com,South Rachaelhaven,Vanuatu,2026-03-09
2808,Dave,Wong,penajustin@example.com,West Christopher,Colombia,2025-04-03
2809,Nicole,Thomas,leahpowell@example.org,Port Tiffany,Burkina Faso,2024-07-22
2810,Jacob,Pierce,mossrandy@example.com,Toddmouth,Poland,2025-02-07
2811,Leonard,Pham,andersonshane@example.com,Lake Rebecca,United States Minor Outlying Islands,2025-04-25
2812,Kelsey,Richard,lindsey22@example.com,West Jenniferport,Cape Verde,2024-11-26
2813,Isabella,Gaines,joshua60@example.net,North Joshua,Saint Kitts and Nevis,2024-11-19
2814,Suzanne,Moss,lsnyder@example.net,Berryton,Papua New Guinea,2024-03-22
2815,Michael,Smith,dmartinez@example.org,South Jenniferland,Madagascar,2023-11-18
2816,Glenn,Richardson,tracybrown@example.com,North Sarah,Cook Islands,2022-09-08
2817,Pamela,Grant,ggonzalez@example.com,Traceyview,Estonia,2025-03-19
2818,Kaitlyn,Rose,powellalexis@example.org,West Dawnfurt,Kyrgyz Republic,2026-06-09
2819,Jackie,Hall,jamesspencer@example.net,North Ana,Jordan,2023-05-27
2820,Theodore,Holt,cynthia77@example.com,Jessicaborough,Bolivia,2025-02-17
2821,Tyler,Ward,pattersondenise@example.org,Lindahaven,Tonga,2024-06-30
2822,Melissa,Stein,timothyedwards@example.net,New Shirley,Mauritania,2023-11-11
2823,Robert,Johnson,carl03@example.net,New Stacey,United States of America,2022-12-19
2824,Jacqueline,Reilly,swansonmatthew@example.org,Port Aaronmouth,Sri Lanka,2026-01-18
2825,Destiny,Young,estestammy@example.org,East Oliviaville,Svalbard & Jan Mayen Islands,2024-05-05
2826,Colleen,Garcia,josephle@example.org,West Andrewborough,Faroe Islands,2023-07-02
2827,Kevin,Stewart,lwells@example.com,South Cynthia,Norfolk Island,2023-03-30
2828,William,Gutierrez,tracy87@example.org,South Angelashire,Kuwait,2025-10-11
2829,Felicia,Jones,xwheeler@example.com,Port Brianna,Monaco,2024-02-19
2830,Frank,Jacobson,cooketheresa@example.com,Lake Nicholas,Heard Island and McDonald Islands,2026-03-19
2831,Brittany,Graham,nicolecrane@example.net,New Katrinaton,Norway,2022-09-26
2832,Jeremy,Turner,shawnnguyen@example.com,South Anthony,Kazakhstan,2026-06-11
2833,Jeffrey,Baker,sandersamy@example.com,West Melissa,Guinea,2025-06-06
2834,Heather,Compton,reynoldsmark@example.net,Jimmyfort,Bosnia and Herzegovina,2024-04-08
2835,Brenda,Wells,mleach@example.org,Davisborough,Greenland,2023-09-10
2836,Rebecca,Peterson,aclark@example.com,Chadmouth,South Africa,2023-11-10
2837,Nathan,Blake,michelleray@example.net,East Caroline,Fiji,2024-01-22
2838,Ashley,Lewis,whitejoshua@example.net,Port Michaelstad,Saint Pierre and Miquelon,2023-12-01
2839,Bradley,Jackson,joshuakramer@example.net,South Mathewmouth,Lithuania,2024-01-04
2840,Kimberly,Casey,keithjackson@example.com,Derekmouth,Grenada,2023-07-12
2841,Chad,Wallace,harrellryan@example.org,Sharonfort,Myanmar,2026-07-31
2842,Mary,Perry,cole59@example.org,Timothymouth,Jamaica,2023-03-28
2843,Nina,Collins,cristian74@example.com,Amandafort,Japan,2025-07-13
2844,Kelly,Morris,taylorrobert@example.com,New Martha,Iceland,2023-09-01
2845,Joseph,Dennis,michael01@example.org,Gomezchester,Maldives,2022-12-12
2846,John,Torres,hicksjoseph@example.net,Brianchester,Montserrat,2025-07-02
2847,Tim,Richardson,riverajames@example.org,Scottville,Niue,2023-03-06
2848,Michelle,Sherman,debbiemcconnell@example.org,Smithchester,Kuwait,2025-05-03
2849,Thomas,Tucker,probinson@example.com,Matthewfurt,Bolivia,2023-06-08
2850,Tammie,Lee,phamilton@example.net,South Robert,Czech Republic,2022-08-07
2851,Edward,Kramer,xbutler@example.org,New Jessica,Congo,2024-02-27
2852,Todd,Cook,ana98@example.com,Taylorfort,Egypt,2023-06-07
2853,Lindsey,Fleming,williamssheila@example.com,South Timothy,Switzerland,2023-08-02
2854,Jennifer,Jensen,timothy61@example.net,Ronnieside,Serbia,2024-02-04
2855,Derrick,Garcia,mcleansherry@example.net,New Robin,Palau,2023-09-25
2856,Steven,Cole,michael89@example.org,Lake Jesseside,Hong Kong,2023-09-18
2857,Mary,Robbins,katie82@example.org,Toddburgh,Guam,2023-01-23
2858,Michael,Tyler,bruce20@example.org,East Adam,Guernsey,2024-11-09
2859,Peter,Hernandez,christopherarnold@example.com,Lake Kevinbury,Georgia,2025-10-08
2860,Mallory,Pruitt,audreypatel@example.com,Thomasport,Saint Martin,2023-06-19
2861,Tina,Lee,ujones@example.net,Stewartfurt,Tanzania,2023-10-26
2862,Amy,Burns,flynnmaria@example.net,Thompsonborough,Morocco,2025-09-10
2863,Kim,Davis,brownkarla@example.net,Alejandromouth,Portugal,2023-08-17
2864,Michael,Sawyer,fdean@example.org,East Fernandoberg,Ghana,2025-08-04
2865,Mary,Ayers,jasonjones@example.org,Duncanbury,Burkina Faso,2022-09-10
2866,Makayla,Kramer,markclark@example.net,Hillstad,Slovenia,2025-10-16
2867,Bradley,Higgins,jacksongary@example.org,New Joshuafurt,Barbados,2023-02-24
2868,Melissa,Velazquez,jameswagner@example.org,New Caitlin,Hong Kong,2025-01-25
2869,Angela,Lewis,jeremywilliams@example.com,West Jasminestad,United Kingdom,2022-09-27
2870,Ian,Johnson,jacob56@example.com,North Dianastad,Sri Lanka,2023-03-03
2871,Emily,Chang,johnmontes@example.org,Jenniferchester,Algeria,2024-10-26
2872,Devon,Walker,charles28@example.com,East Johnside,French Guiana,2023-07-04
2873,Suzanne,Johnson,george05@example.net,Christianhaven,Guinea,2023-12-02
2874,Brenda,Reeves,craigthomas@example.org,Smithshire,Djibouti,2024-08-11
2875,Dennis,Smith,brian50@example.org,North Rebeccafort,Romania,2022-10-16
2876,Misty,Gonzalez,patricia81@example.org,North Thomas,Yemen,2025-01-29
2877,Alisha,Carr,amanda95@example.com,Contrerasfurt,Northern Mariana Islands,2023-06-07
2878,Christopher,Carey,rcooper@example.net,Stevenshire,South Georgia and the South Sandwich Islands,2025-04-20
2879,Kent,Barr,justinshaw@example.net,New Andreaberg,Svalbard & Jan Mayen Islands,2023-04-12
2880,Anthony,Austin,juancaldwell@example.com,Port Christopher,Mongolia,2022-09-25
2881,Jodi,Thomas,nealamy@example.net,Suttonport,Panama,2025-04-14
2882,Frances,Oneal,shawneverett@example.net,Moodyville,United Arab Emirates,2024-02-09
2883,Brandon,Mathis,slane@example.net,Wyatthaven,Albania,2026-01-23
2884,Angela,Morse,samanthaquinn@example.org,New Wendy,Iceland,2024-09-09
2885,Amber,Moore,lauren50@example.com,West Joseview,Moldova,2022-08-11
2886,Courtney,Baker,lauraramirez@example.net,Alberthaven,Syrian Arab Republic,2023-11-06
2887,Angela,Mason,ifowler@example.net,Danielsberg,Puerto Rico,2024-10-24
2888,Troy,Bell,brichardson@example.com,Williamsport,Tokelau,2023-07-31
2889,Victoria,Davis,esteslisa@example.net,Christinetown,Cocos (Keeling) Islands,2023-07-28
2890,Billy,Park,markwilliams@example.com,Perezton,Saint Vincent and the Grenadines,2024-05-15
2891,Kevin,King,andrewkelly@example.net,Lynchhaven,Serbia,2023-11-20
2892,Scott,Mitchell,moodyandrea@example.net,Sylviafurt,Benin,2023-08-22
2893,Kayla,Owens,schmidtsteven@example.net,East Angela,Japan,2023-02-07
2894,Matthew,Delgado,lesliesalas@example.net,North Edwardfort,Spain,2022-09-15
2895,Heather,Boone,adudley@example.org,Scottshire,Montenegro,2025-10-05
2896,Jason,Erickson,julie03@example.net,Hodgesland,Palau,2023-11-23
2897,Amber,Williams,burchmichael@example.org,East Heather,Costa Rica,2025-04-08
2898,Peter,Reed,charlene59@example.net,Andreamouth,Denmark,2026-02-26
2899,John,Walker,matthew34@example.com,Thomasview,Christmas Island,2023-12-19
2900,Diane,Fischer,qgarrison@example.com,Lauramouth,Belgium,2022-12-02
2901,Richard,Castillo,yvaughn@example.com,North Eric,Montenegro,2024-07-18
2902,Cynthia,Munoz,courtneymartin@example.org,Jensenstad,Serbia,2022-10-20
2903,Kristen,Allen,lcardenas@example.com,Brianchester,Svalbard & Jan Mayen Islands,2025-07-06
2904,Matthew,Lane,michaelroberts@example.com,North Lauren,Sri Lanka,2024-01-09
2905,Derrick,Hunt,loriwilliams@example.org,East Jeremyfort,Estonia,2026-07-08
2906,Mckenzie,Holland,rosskimberly@example.org,Elizabethfort,Isle of Man,2025-10-30
2907,Jennifer,Lee,goodwinmonica@example.net,New Darinfurt,Sri Lanka,2025-01-24
2908,Mark,Mckenzie,stoutryan@example.net,Moorebury,Malaysia,2023-08-02
2909,Joseph,Jackson,kimjamie@example.org,Walshfurt,Grenada,2026-06-09
2910,Lauren,Taylor,davidkelley@example.org,West Jackburgh,Costa Rica,2025-08-01
2911,Courtney,Smith,tuckerbryan@example.net,Bradleymouth,Taiwan,2024-06-24
2912,Christopher,Norman,rebecca08@example.org,New Maryhaven,Mongolia,2022-10-06
2913,Ricky,Wright,brandonparker@example.org,Samanthamouth,British Indian Ocean Territory (Chagos Archipelago),2024-04-27
2914,Andrew,Nguyen,cowanryan@example.org,Clarkborough,Zambia,2024-08-16
2915,Caroline,Howell,duncangabriel@example.org,New Cameron,Bulgaria,2024-11-10
2916,Danielle,Sanchez,kimberlylewis@example.net,Port Teresa,Faroe Islands,2024-05-03
2917,Derrick,Brooks,bakerjeffery@example.org,West Hollyberg,Mongolia,2025-02-26
2918,Jordan,Moore,fischermelissa@example.net,South Karenburgh,Venezuela,2023-01-25
2919,Karina,Barr,karen22@example.com,Johnstonburgh,Mongolia,2026-03-15
2920,Anna,Acosta,jacksonamanda@example.org,South Jeremiah,El Salvador,2024-05-28
2921,Christopher,Herman,hannahmoses@example.net,Kimchester,Reunion,2025-07-11
2922,Anthony,Olsen,lorihill@example.net,West Elizabeth,Germany,2026-05-12
2923,Daniel,Cunningham,penningtonjessica@example.org,South Andreaton,Uganda,2023-09-04
2924,Elizabeth,Jones,sandovaljulie@example.org,Markburgh,Ghana,2025-12-13
2925,Amanda,Miles,cummingsalexandria@example.org,Amyville,Uganda,2024-08-01
2926,Brian,Goodman,joycegerald@example.com,Kellyshire,Bosnia and Herzegovina,2023-08-05
2927,Craig,Rodriguez,rmaldonado@example.net,Laraland,Korea,2026-02-08
2928,Brooke,Moore,nicholas15@example.com,Henryfort,Nauru,2023-06-15
2929,Jacqueline,Humphrey,garycastillo@example.com,Lake Heather,Burundi,2025-10-14
2930,Joseph,Maldonado,anthony17@example.com,East Samuel,Jersey,2022-09-23
2931,Paul,Wolfe,xbennett@example.net,Kyleburgh,Cameroon,2025-08-27
2932,Mark,Collins,stonetracey@example.com,Christopherfort,Cayman Islands,2025-09-14
2933,Andrew,Bryan,hparker@example.com,East Brad,Vietnam,2025-05-26
2934,Charlene,Gonzales,wagnerjustin@example.net,Cassandraborough,Colombia,2026-07-22
2935,Christopher,Lopez,oliversamuel@example.org,Kellychester,Hungary,2025-07-19
2936,Daniel,Reid,shawn44@example.org,Madisonhaven,Macao,2026-02-08
2937,Valerie,Powers,jacobfernandez@example.net,Smithborough,French Guiana,2024-07-18
2938,Karen,Snyder,patricia31@example.com,Maryhaven,Christmas Island,2023-08-24
2939,Linda,Ryan,psparks@example.net,Garciaport,Croatia,2022-12-26
2940,John,Garcia,meganbridges@example.com,Andrewstad,Brazil,2025-12-13
2941,William,Lewis,kliu@example.net,Kevinhaven,Saint Kitts and Nevis,2025-05-13
2942,Jonathan,Ramos,lindadavis@example.net,Lake David,Palau,2026-02-23
2943,Victoria,Chavez,pamelabentley@example.org,Kellermouth,Mozambique,2025-12-13
2944,Lori,Davis,sjones@example.com,Harmonside,Hong Kong,2022-09-14
2945,William,Hayden,nicholasjones@example.com,East Heather,Slovakia (Slovak Republic),2024-06-24
2946,Adam,Yu,peter48@example.org,Aliciamouth,Fiji,2022-09-05
2947,Kenneth,Snyder,wallcynthia@example.org,Hawkinsview,Guadeloupe,2023-06-06
2948,Jessica,Boone,craigcaroline@example.net,Vazquezborough,Tokelau,2025-05-06
2949,Joshua,Robbins,hartnicholas@example.net,Tylerview,Russian Federation,2024-06-11
2950,Kimberly,Rocha,austin39@example.com,Anthonyview,Algeria,2024-12-15
2951,Belinda,Mcdowell,marshtimothy@example.com,Lake Johnmouth,Lesotho,2025-04-06
2952,Ryan,Rangel,brent03@example.net,Jenniferville,Guam,2025-04-08
2953,Maria,Taylor,marie83@example.org,Brucebury,Saint Kitts and Nevis,2025-02-09
2954,Courtney,Haley,william03@example.com,Stoneville,Gambia,2023-01-03
2955,Richard,Williams,kristin23@example.org,Gomezmouth,Congo,2024-09-12
2956,Bradley,Lang,phelpskristen@example.org,New Mallory,United Kingdom,2026-08-02
2957,Kenneth,Gardner,jeffreymurphy@example.com,Shannonmouth,Ethiopia,2024-04-24
2958,David,Edwards,sgarza@example.org,Nicholasmouth,Taiwan,2023-09-22
2959,Alexander,Rivera,amanda64@example.org,North Gregoryside,Turkey,2024-10-06
2960,Todd,Brown,kenneth19@example.net,Powellland,Haiti,2023-06-03
2961,Amy,Cruz,birdjeanette@example.com,East Barbara,Poland,2026-02-24
2962,Janice,Oconnell,oramsey@example.com,Lake Gregory,American Samoa,2025-10-24
2963,Christina,Oneill,briannabarnes@example.com,Maldonadoshire,Nigeria,2023-08-04
2964,Kenneth,Barton,hardinkenneth@example.com,East Barbara,French Southern Territories,2024-12-08
2965,Jesse,Conway,andrea23@example.com,Joseview,Pitcairn Islands,2022-11-03
2966,Austin,Wright,brennankaitlyn@example.org,West Emily,Cuba,2024-11-01
2967,Edward,Miller,kari81@example.org,West Teresaton,Bhutan,2026-07-16
2968,Mary,Kim,spencezachary@example.com,South Nicholas,Canada,2023-08-16
2969,Beth,Doyle,kevinflores@example.org,West Pamela,Moldova,2025-02-23
2970,Sharon,Lozano,hkent@example.net,Lake Sarah,Serbia,2022-09-26
2971,Martin,Reed,erica43@example.org,West Robertton,Monaco,2023-10-21
2972,Sarah,Wallace,alexandermartin@example.com,Brentview,Falkland Islands (Malvinas),2026-03-01
2973,Erik,Juarez,sara54@example.org,Harrisville,Korea,2023-11-27
2974,Christopher,Cummings,tammy05@example.net,East Richard,Dominican Republic,2023-04-15
2975,Misty,Watson,michelefrost@example.net,New Mark,Togo,2022-10-26
2976,Michael,Garcia,timothynelson@example.org,New Tom,Micronesia,2024-02-25
2977,Hunter,Rice,amacias@example.com,Port Kimberlytown,Lesotho,2025-06-04
2978,Allen,Crawford,njohnson@example.org,Lake Tara,Comoros,2025-01-16
2979,Brandon,Higgins,aprillane@example.com,Phillipsborough,Estonia,2026-05-27
2980,Jamie,Little,zgutierrez@example.com,Port Juan,Isle of Man,2025-11-27
2981,Amanda,Ramos,pdavis@example.com,Scottberg,Bouvet Island (Bouvetoya),2026-04-18
2982,Alyssa,Galloway,umcdonald@example.net,East Jasonfurt,Ghana,2026-02-06
2983,Matthew,Obrien,rodriguezjamie@example.com,Gonzalezmouth,Albania,2025-04-24
2984,Alice,Wright,warrenamy@example.org,South Vickie,Pitcairn Islands,2025-02-23
2985,Melinda,Donovan,walkertyler@example.net,Parkerland,Spain,2025-06-08
2986,Larry,Ruiz,cknox@example.net,Kimberlyfurt,Ghana,2024-03-22
2987,Mitchell,Davis,mdavis@example.net,Davistown,Christmas Island,2024-10-25
2988,Jenna,Smith,ugreen@example.org,Port Valerie,Burkina Faso,2023-12-21
2989,Mindy,Schmidt,jasminecallahan@example.net,Shermanfurt,Saint Vincent and the Grenadines,2023-06-06
2990,Alejandro,Parker,ashleyamanda@example.net,Sandraberg,Thailand,2024-04-16
2991,Bradley,Miller,robertfitzpatrick@example.com,Hernandezborough,Haiti,2023-09-07
2992,John,Hughes,jamespeters@example.org,Youngville,Spain,2025-08-18
2993,Jeffrey,Schroeder,kristenkim@example.org,North Mercedesberg,Western Sahara,2022-10-02
2994,Tanya,Thompson,ldaniel@example.net,North James,Northern Mariana Islands,2024-05-16
2995,Brian,Adams,bonnie28@example.net,Goodwintown,Bulgaria,2022-10-04
2996,Natalie,Weaver,fieldsvalerie@example.org,Port Jason,Senegal,2023-12-21
2997,Ashley,Roach,jennastokes@example.net,South Michelle,Bahamas,2025-03-22
2998,Alexander,Flores,katherine12@example.com,Howardhaven,Isle of Man,2023-11-06
2999,Alyssa,Prince,shannon76@example.net,Lake Charles,Turkmenistan,2026-03-28
3000,Jennifer,Holloway,kristiacevedo@example.net,Rodriguezmouth,Netherlands Antilles,2023-04-17
3001,Jessica,Ross,adamlang@example.org,Donnachester,San Marino,2024-06-23
3002,Maurice,Ortiz,markruiz@example.com,Richardfort,Gambia,2024-02-24
3003,Ronnie,Arnold,allenmaureen@example.org,East Markside,Fiji,2022-09-27
3004,Phillip,Brown,hserrano@example.com,Petersenburgh,Albania,2023-06-11
3005,Calvin,Irwin,eddiewells@example.com,Jacksonmouth,Nigeria,2024-11-08
3006,Curtis,Robinson,jakebeasley@example.org,Lake Nathanville,Denmark,2025-07-07
3007,Dawn,Horton,jenniferkennedy@example.org,Stewartberg,United States Virgin Islands,2025-10-26
3008,Christian,Gates,apetty@example.com,South Keithfort,Dominica,2026-08-03
3009,Lauren,Collins,marybowman@example.net,Shariburgh,United States Virgin Islands,2023-09-15
3010,Joshua,Tucker,donna53@example.com,Matthewchester,United States of America,2024-02-06
3011,Shane,Mann,zcarter@example.net,Lake Scottfort,Bermuda,2024-03-15
3012,Maria,Scott,justinwilkins@example.net,Rogersport,Latvia,2026-03-17
3013,Carlos,Wells,taylordonald@example.net,Port Danielburgh,Togo,2023-08-05
3014,Jeremy,Garcia,amber20@example.com,West Michaelport,Germany,2024-11-12
3015,Stephanie,Mcpherson,kyliemiller@example.net,Annettehaven,Belize,2025-06-03
3016,Natalie,Ramirez,pboyer@example.org,West Jacqueline,Djibouti,2025-07-29
3017,Tina,Mendez,gwilson@example.com,Buchananton,Djibouti,2025-06-05
3018,Brittany,Stanley,ypalmer@example.org,Port Robertville,Hong Kong,2024-06-06
3019,Mark,Wong,ann81@example.net,Wellsland,Romania,2024-09-21
3020,Michael,Ray,janet12@example.org,Zacharyburgh,Madagascar,2025-09-14
3021,Lori,Chaney,shawnpearson@example.org,Murraychester,Belgium,2024-06-06
3022,Sara,Berg,porozco@example.com,Josephmouth,Bhutan,2025-03-07
3023,Daniel,Cain,luis07@example.net,Rodgersfurt,Panama,2026-02-27
3024,Lauren,Ray,richard68@example.com,South William,Chile,2025-05-03
3025,Jamie,Chandler,perezjonathan@example.net,West Davidmouth,Morocco,2023-11-18
3026,Shannon,Hayden,esparzachristopher@example.org,North Christophertown,Svalbard & Jan Mayen Islands,2022-12-20
3027,Kristin,Powell,parkerjeffery@example.org,Alisonmouth,Bahamas,2023-10-14
3028,Deborah,Case,benjaminjackson@example.org,Charlesberg,Korea,2023-12-04
3029,Devin,Fernandez,stacey83@example.net,West William,Bosnia and Herzegovina,2026-04-19
3030,Janice,Hughes,marc07@example.org,Port Karenburgh,French Guiana,2026-03-07
3031,David,Adkins,zmiranda@example.net,South Malik,Taiwan,2023-05-21
3032,Robert,Farrell,philip14@example.net,Christopherland,Bermuda,2022-09-27
3033,Troy,Cannon,zgrant@example.net,New Ryanfort,China,2024-05-03
3034,Corey,Jacobs,kyle76@example.net,Davidfort,Bulgaria,2024-12-24
3035,Holly,Bell,greengail@example.net,Sandraside,France,2025-06-23
3036,Ryan,Salazar,ksavage@example.com,West Alexandramouth,Mayotte,2023-04-16
3037,Chase,Hernandez,twebb@example.com,Smithmouth,Lao People's Democratic Republic,2023-01-15
3038,Shari,Nicholson,brittany34@example.net,Port Karen,Bermuda,2025-11-20
3039,Nancy,Carter,bergmatthew@example.net,Hollandbury,Morocco,2026-04-22
3040,Michelle,Cruz,walterskimberly@example.org,Davidstad,United States Minor Outlying Islands,2024-09-05
3041,Theresa,Sellers,aarontaylor@example.org,Port Jenniferburgh,Malta,2024-11-28
3042,James,Arnold,danielrivera@example.com,Roberttown,Tunisia,2024-09-05
3043,Jennifer,Ward,qmedina@example.com,Lauraburgh,Nauru,2023-09-18
3044,Connie,Higgins,michelledixon@example.net,West Jenniferbury,Guyana,2025-03-10
3045,Sabrina,Pittman,kathrynwoods@example.org,Port Stevenhaven,Panama,2026-03-02
3046,Lacey,Wood,randynguyen@example.com,Wolfeton,Argentina,2025-06-27
3047,Megan,Huber,mcclurejames@example.org,Meadowsburgh,Nicaragua,2025-06-05
3048,Julie,Cole,rbutler@example.org,Davidton,Greenland,2024-03-16
3049,Marvin,Foster,abigailchavez@example.net,New Melissa,Angola,2026-08-02
3050,Jason,Stanley,wrussell@example.net,North Robert,Italy,2025-04-04
3051,Sean,Lopez,xmoss@example.net,Port Jacobland,Netherlands Antilles,2024-12-24
3052,Adam,Ferguson,william79@example.com,Ramosmouth,Japan,2022-08-26
3053,Dawn,Boyer,matthew69@example.com,Madisonburgh,Bahamas,2023-07-15
3054,Michael,Williams,johnsonjohn@example.org,North Natalie,Sudan,2022-12-13
3055,Danielle,Sullivan,josephbutler@example.org,North Brandon,Colombia,2025-10-21
3056,Sara,Robinson,brownelizabeth@example.com,Lake Michael,Gibraltar,2024-07-15
3057,Mary,Williams,rodgersmichele@example.com,Andreaborough,Guinea,2025-10-28
3058,Patty,Leonard,campbellaustin@example.net,Parkston,Nigeria,2024-06-14
3059,Gregory,Mccoy,amberking@example.org,Cindyhaven,Congo,2022-10-16
3060,Wanda,Clay,latoyali@example.org,Lake Jillhaven,Canada,2026-02-01
3061,Tiffany,Hall,nicholas13@example.com,East John,Cote d'Ivoire,2022-09-08
3062,George,Boyd,shermanwilliam@example.net,Earlburgh,Sweden,2025-09-30
3063,James,Mann,christopher89@example.net,North Angelaton,Jersey,2025-02-19
3064,Tamara,Gibson,melissasmith@example.com,Port Terri,Djibouti,2023-06-05
3065,Lawrence,Taylor,johnholt@example.com,Lake Benjamin,Sudan,2023-05-04
3066,Meghan,Montgomery,walterramirez@example.com,Kyleville,Suriname,2025-04-15
3067,Diane,Martinez,hwhite@example.net,Heatherport,Gambia,2023-11-07
3068,Laurie,Williams,christinaromero@example.org,Charlesside,Tuvalu,2026-01-11
3069,Victoria,Brown,james86@example.net,Edwardborough,Ecuador,2023-09-09
3070,Dawn,Blankenship,lauriepage@example.com,New Samuelborough,Turkmenistan,2024-04-17
3071,Laurie,Edwards,vgrimes@example.net,Lake Laura,Greece,2025-05-21
3072,Debra,Rodriguez,katherinebrooks@example.org,West Lesliemouth,Mayotte,2025-09-23
3073,Glenn,Alvarado,pgriffin@example.com,Port Sherry,British Indian Ocean Territory (Chagos Archipelago),2025-07-16
3074,James,Orr,jasongraves@example.net,Lake Johnchester,Kenya,2023-12-17
3075,Jamie,Gilbert,lisabrown@example.org,Andersonchester,Cuba,2025-04-20
3076,Barbara,Carter,mvillarreal@example.org,Port Kellyville,Guadeloupe,2023-01-11
3077,Roy,Perez,philip44@example.net,Jeffreyberg,British Virgin Islands,2023-01-04
3078,Gloria,Hamilton,brucesalas@example.net,South Geraldview,United States Minor Outlying Islands,2022-11-08
3079,James,Castro,patriciaford@example.org,Tammymouth,Greenland,2025-08-11
3080,Luis,Rodriguez,ronaldarnold@example.org,South Eric,Greece,2023-03-09
3081,Eric,Smith,shepherddanielle@example.net,Reneeport,Maldives,2026-07-05
3082,James,Stein,eric77@example.org,Gregoryside,Cote d'Ivoire,2025-04-27
3083,Valerie,Harris,ehess@example.com,Port Matthewview,Uganda,2024-04-25
3084,Matthew,Best,marysmith@example.org,West Amandamouth,Jersey,2026-07-27
3085,Lisa,Cox,lacey49@example.com,Walshborough,Finland,2026-01-30
3086,Melissa,Frey,dennis27@example.net,Joycehaven,Mexico,2023-04-20
3087,Carol,Thompson,andrewlewis@example.org,Carpenterchester,Iceland,2025-07-18
3088,Shelly,Nelson,wendy70@example.net,Port Randybury,India,2024-02-04
3089,John,Conner,djohnson@example.org,South Joshua,Pitcairn Islands,2024-02-14
3090,Lauren,Smith,gskinner@example.com,Jenningsberg,Guyana,2025-08-29
3091,Christine,Noble,chapmancraig@example.org,Millerburgh,Thailand,2023-04-05
3092,Aaron,Saunders,reneewells@example.net,Cortezmouth,Czech Republic,2022-09-22
3093,Caleb,Schmitt,gutierrezdiane@example.org,West Marco,Kazakhstan,2023-11-09
3094,Sean,Christian,smithbrittany@example.net,Hicksmouth,El Salvador,2022-08-16
3095,Amy,Montgomery,maryjohnson@example.org,Lake Deanna,Ireland,2025-06-27
3096,Sarah,Parker,josephrosario@example.net,New Sabrina,Trinidad and Tobago,2022-09-22
3097,Luis,Barber,frederick40@example.com,Thomasborough,Senegal,2025-02-16
3098,Thomas,Ross,georgecastillo@example.org,South Grant,Liechtenstein,2024-04-27
3099,Samantha,Perry,darlene66@example.org,Lake Brandon,Estonia,2026-04-22
3100,Tyler,Fisher,ycastro@example.com,Youngburgh,Netherlands,2023-11-13
3101,Joshua,Rose,porterchad@example.com,East Meganfort,Myanmar,2024-06-20
3102,Robert,Burnett,gabriellejordan@example.com,Harveyberg,Sao Tome and Principe,2025-03-19
3103,Kenneth,Murray,emiller@example.com,Mollyshire,Reunion,2025-06-17
3104,Richard,Thompson,nealrachel@example.net,West Haley,Latvia,2023-02-19
3105,Daniel,Garcia,nsalazar@example.net,East Kimberly,Western Sahara,2023-09-16
3106,Robert,Petty,westdiana@example.org,Henrychester,Malawi,2024-09-18
3107,Carrie,Martinez,amandapearson@example.net,Robertsonmouth,Mali,2025-09-03
3108,Carla,Johnson,ashleynewton@example.org,South Jeromefort,Uruguay,2023-03-07
3109,George,Horn,hollandalison@example.com,Hendersonchester,Azerbaijan,2023-02-24
3110,Victor,Mills,becky39@example.org,Paulstad,Ethiopia,2024-04-12
3111,Tara,Alvarado,thomasgibbs@example.com,Brownborough,Argentina,2022-10-04
3112,Lauren,Haley,bowenkevin@example.org,Dianemouth,Barbados,2025-01-08
3113,Jeffrey,Jackson,stewartlarry@example.net,Mccartyberg,Honduras,2023-11-08
3114,Elijah,Johnson,bradymike@example.org,Cervantesmouth,Moldova,2025-02-22
3115,Joseph,Adams,fgonzalez@example.org,Lake Heidi,Cameroon,2024-08-02
3116,Samantha,Pineda,gambletyler@example.com,West Jonathanshire,United States Minor Outlying Islands,2023-10-08
3117,Bob,Jones,masontroy@example.com,Felicialand,Guam,2024-04-29
3118,Jonathan,Farley,stanleymartin@example.com,Harrismouth,Malawi,2025-01-22
3119,Logan,Hunt,christine22@example.com,West Carolineview,Cook Islands,2022-10-21
3120,Alexander,Morales,traci56@example.net,Lake Douglas,Turkey,2026-02-20
3121,Sarah,Harris,michelle22@example.com,West Nancy,Montenegro,2023-02-20
3122,Gabriel,Diaz,diana91@example.org,Aaronborough,Colombia,2022-08-25
3123,John,Johnson,hunterharvey@example.com,Michaelburgh,Suriname,2025-12-27
3124,Andrew,Owens,meyermaria@example.net,North Katie,Egypt,2022-09-13
3125,Matthew,Fields,hudsontodd@example.org,Port Marvinview,Tunisia,2023-05-06
3126,Crystal,Pacheco,banksdylan@example.com,Lake Jenniferberg,New Caledonia,2024-01-10
3127,James,Andrews,debbie81@example.net,Theresabury,Bahrain,2026-03-23
3128,Kathryn,Wyatt,henrydonna@example.org,South William,Honduras,2022-11-20
3129,Ronald,Bautista,larsondaniel@example.com,East Paul,United Kingdom,2025-11-15
3130,Brenda,Grant,alejandracollins@example.com,Lake Cynthia,Myanmar,2024-08-15
3131,John,Moore,russelldaniel@example.com,Lunaburgh,Bosnia and Herzegovina,2025-01-09
3132,Tracy,Wood,whitecarolyn@example.org,Andersonstad,Malaysia,2023-12-09
3133,Jeffrey,Nunez,adam07@example.org,South Amanda,Ghana,2025-06-16
3134,John,Nash,marsherin@example.org,New Sarah,Uruguay,2025-04-07
3135,Angela,Todd,strongjudy@example.net,East Coryburgh,Guinea,2025-11-30
3136,Susan,Bean,vstewart@example.com,Lawrencehaven,Burkina Faso,2025-02-18
3137,Zachary,Hale,xlang@example.net,Campbellburgh,Portugal,2025-08-24
3138,Courtney,Little,kelsey69@example.net,New Brett,New Zealand,2023-11-21
3139,Cole,Howard,staceycarroll@example.org,Cisnerosmouth,Aruba,2022-11-24
3140,Jill,Harrison,pthomas@example.org,Kellybury,Solomon Islands,2024-06-07
3141,Jose,Carter,mitchelllaura@example.org,Ronniefurt,Palau,2025-02-21
3142,James,Myers,ruizrachael@example.org,West Staceyside,Samoa,2022-11-27
3143,Andrew,Shepard,michaelmills@example.com,Martinland,New Zealand,2026-03-12
3144,Lisa,Brennan,alvarezchristopher@example.net,Dylanbury,Ethiopia,2022-09-23
3145,Timothy,Rodriguez,megan35@example.org,Ferrellstad,Trinidad and Tobago,2025-10-01
3146,Allen,Smith,michelle11@example.com,New Brian,Moldova,2023-05-10
3147,Janice,Sloan,uherrera@example.org,Myerston,Jersey,2024-07-06
3148,Andrea,Carroll,emily74@example.net,Lake Pedroview,Fiji,2024-04-21
3149,John,Choi,beckylambert@example.org,Williamsbury,Heard Island and McDonald Islands,2024-07-23
3150,Rachel,Alexander,salinassara@example.com,North David,Ukraine,2024-01-09
3151,Jacob,Rosario,rodriguezjason@example.org,Phillipsland,Saint Barthelemy,2024-04-01
3152,Jason,Walters,bryan57@example.com,Port Paige,Russian Federation,2024-11-18
3153,Randy,Williams,stephaniebrady@example.org,Lake Nicole,Syrian Arab Republic,2024-01-03
3154,Brian,Armstrong,christopher00@example.net,Davidshire,Bolivia,2024-03-13
3155,Austin,Clark,elizabeth87@example.org,Woodsmouth,Egypt,2025-02-11
3156,Michelle,Walker,adkinsrichard@example.com,South Jessica,Cayman Islands,2026-06-07
3157,David,Estrada,leematthew@example.com,Courtneybury,Suriname,2025-05-21
3158,Lauren,Cook,vincent19@example.com,Deborahview,San Marino,2024-06-09
3159,David,Wilson,audreycoleman@example.org,Chavezberg,French Southern Territories,2025-12-10
3160,Margaret,Manning,shawgeorge@example.net,Diazview,Philippines,2023-07-19
3161,Jeffrey,Meyer,irobertson@example.org,North Kelly,Gibraltar,2026-03-09
3162,Timothy,Henderson,mwhite@example.org,West Jessica,Svalbard & Jan Mayen Islands,2024-09-13
3163,Kristy,Brock,russellkathy@example.org,Josephborough,France,2023-06-18
3164,Jessica,Jackson,ylynch@example.com,Darrenstad,American Samoa,2024-08-19
3165,John,Nelson,alexander42@example.org,Port Dianemouth,Cook Islands,2023-12-25
3166,Jennifer,Moore,awall@example.org,Solisburgh,Mongolia,2023-07-01
3167,Hannah,Myers,christina46@example.org,Lake Lindseyport,Bangladesh,2025-03-05
3168,Kevin,Webster,greenanna@example.org,Johnsonbury,Cote d'Ivoire,2024-11-23
3169,Gabriella,Brown,joseblanchard@example.com,New Timothyville,Lebanon,2022-10-21
3170,Melissa,Nash,pcampbell@example.com,Lake Loriberg,Tuvalu,2024-05-14
3171,William,Oconnell,juliehale@example.net,North Lisa,Congo,2025-02-22
3172,Ronald,Padilla,jacksonalexa@example.net,East Michaelside,Montserrat,2023-08-09
3173,Susan,Quinn,cherrymichael@example.net,North Katrina,Latvia,2024-03-16
3174,Beth,Blair,bridgetlee@example.net,West Lindahaven,Madagascar,2023-11-10
3175,Gina,Short,christopher41@example.org,Port Christine,Australia,2025-06-14
3176,Nicole,Rodriguez,phillipstheresa@example.org,Lamport,Sudan,2023-03-17
3177,David,Garcia,yvalenzuela@example.com,Port Madeline,Solomon Islands,2025-01-19
3178,Carlos,Smith,shawn21@example.com,Clarkhaven,Isle of Man,2025-07-02
3179,Mary,Doyle,haydencalhoun@example.com,Beckyville,Senegal,2023-09-20
3180,Amy,Sheppard,michael03@example.com,East Katherine,Antarctica (the territory South of 60 deg S),2025-11-14
3181,Jimmy,Porter,sanchezelizabeth@example.net,Carrtown,Trinidad and Tobago,2026-05-13
3182,Edwin,Sweeney,leonardsalazar@example.org,Rhodestown,Hungary,2026-05-21
3183,Sean,Hoffman,woodsstephanie@example.net,Alexanderview,Tanzania,2023-07-05
3184,Anita,Taylor,mmartinez@example.com,Morrismouth,Gibraltar,2025-07-30
3185,Donna,Nguyen,robert35@example.org,Stephenchester,Malta,2024-12-06
3186,Misty,Flores,brianna90@example.com,Raymondchester,South Africa,2025-12-16
3187,Jody,Cooper,amandahamilton@example.com,Frenchmouth,Liberia,2026-06-13
3188,Jeffrey,Ruiz,martinadrian@example.com,Whitechester,Bahrain,2025-01-20
3189,Joshua,Cook,stanleydawn@example.org,New Angelaberg,Solomon Islands,2023-06-23
3190,Richard,Mcmahon,william44@example.com,Rhodesport,Aruba,2023-09-12
3191,Jeremy,Brown,toddnicole@example.com,East Jeffrey,Tokelau,2023-04-01
3192,Suzanne,Moore,jonessarah@example.net,Donnatown,Faroe Islands,2024-08-01
3193,Brenda,Young,dpierce@example.net,West Tina,United States Virgin Islands,2026-03-10
3194,Suzanne,Morris,ncrawford@example.org,Tatebury,Tokelau,2023-12-20
3195,Robin,Haynes,qlee@example.com,Sherribury,Cocos (Keeling) Islands,2025-06-25
3196,Allison,Sanchez,harrissylvia@example.com,Moonfurt,Serbia,2023-04-27
3197,Robert,Turner,barronnicole@example.com,West Chelsea,North Macedonia,2026-06-24
3198,Deborah,Keller,virginiayoung@example.com,Bridgesborough,Slovakia (Slovak Republic),2022-08-20
3199,Brandi,Rodriguez,anthony92@example.org,Kevinshire,Estonia,2025-08-14
3200,Sean,Coleman,spencerwhite@example.org,Michelleton,Slovenia,2025-04-05
3201,Christina,Taylor,kweaver@example.com,Roblesside,Sweden,2023-10-12
3202,Patricia,Strickland,jennifercamacho@example.org,Castroberg,Bahrain,2023-09-28
3203,Zachary,Mitchell,stantonalexander@example.net,North Andrea,Bangladesh,2026-05-26
3204,Frank,Carpenter,vhouston@example.org,Debbieborough,Taiwan,2025-06-07
3205,Peter,Ray,cwilson@example.com,Crystalshire,Papua New Guinea,2023-05-22
3206,Linda,Miller,neil99@example.com,South Brenda,Taiwan,2026-02-07
3207,Zachary,Bryant,rushcarlos@example.net,South Matthew,Norfolk Island,2026-07-23
3208,Valerie,Doyle,wmichael@example.org,Colonchester,Mali,2023-06-17
3209,Laura,Smith,jamessutton@example.net,East Megan,Kuwait,2022-08-16
3210,Felicia,Boyer,robertharris@example.org,Josephburgh,Zambia,2023-02-09
3211,Jessica,Carter,melissastout@example.org,Port Shelia,Swaziland,2024-11-29
3212,Ronald,Bond,pgarcia@example.net,Port Shawnport,Iraq,2023-09-11
3213,Francisco,Novak,hcurtis@example.com,Port Kellyborough,Cyprus,2025-11-26
3214,Louis,Allen,brooke57@example.com,Bartlettmouth,United States of America,2023-04-30
3215,Christopher,Ruiz,mrichardson@example.org,Lake Regina,Swaziland,2025-02-23
3216,Courtney,Martinez,samantha93@example.org,Calderonburgh,Bolivia,2026-08-04
3217,Alexis,Kim,david27@example.org,West Katiemouth,Saint Pierre and Miquelon,2022-12-02
3218,Vanessa,Banks,michelle82@example.org,South Brandonside,Vanuatu,2023-02-10
3219,Bryan,Gaines,robertsummers@example.org,North Ernest,Trinidad and Tobago,2025-07-17
3220,Charles,Smith,halllisa@example.org,South Luis,Turkmenistan,2025-09-05
3221,Elaine,Anderson,amykane@example.net,South Patrickstad,Bangladesh,2026-05-31
3222,Stephen,Crawford,roseshelley@example.com,Leeburgh,Ireland,2023-11-07
3223,Nicole,Aguirre,denniswilliam@example.net,Scottport,South Georgia and the South Sandwich Islands,2024-12-01
3224,Stephen,Jones,elizabethsmith@example.org,New Michael,Slovenia,2025-05-18
3225,Rebecca,Berry,idaniel@example.com,West Rogerton,Christmas Island,2023-12-26
3226,Devon,Edwards,sharonmurphy@example.org,West Randyland,South Africa,2026-04-07
3227,Shelley,Young,samantha00@example.com,South Sandraland,Botswana,2025-10-20
3228,Gary,Dodson,smontes@example.org,Obrienhaven,Antarctica (the territory South of 60 deg S),2022-12-13
3229,Kim,Reeves,leetony@example.org,Lake Meagan,Northern Mariana Islands,2026-04-03
3230,Melissa,Thompson,curtis79@example.com,Lake Natalieview,Lesotho,2024-01-01
3231,Sara,Powell,ibeltran@example.org,Wardborough,Myanmar,2023-06-01
3232,Jessica,Roberts,alicia38@example.net,Brownville,Austria,2023-10-19
3233,Joseph,Smith,julianforbes@example.net,East Karenport,Botswana,2022-12-03
3234,Angela,Hudson,guzmanclifford@example.org,Allisonside,Brazil,2024-09-03
3235,Brandy,Stone,kevinbryant@example.com,Hernandezshire,Angola,2023-12-29
3236,Jennifer,Nelson,klewis@example.org,South Nathan,Anguilla,2024-08-08
3237,Kelly,Thomas,meyerdavid@example.org,North Tammiefort,Serbia,2023-01-18
3238,Brent,Harris,travis45@example.org,Harrisborough,Holy See (Vatican City State),2023-12-09
3239,Jason,Price,sandersjames@example.org,Port Gregory,Uruguay,2026-06-17
3240,Holly,Cain,wsaunders@example.net,Lake Jasonchester,Maldives,2025-05-29
3241,Joseph,Brewer,woodstoni@example.com,Bowmanfort,United Kingdom,2023-01-07
3242,Amy,Wood,lisaking@example.net,Anthonyfurt,China,2023-10-10
3243,Justin,Adams,wilsonjames@example.org,Port Patriciashire,Burundi,2025-07-21
3244,Christina,Garcia,lisawright@example.org,New Deanna,Colombia,2023-06-26
3245,Cory,Brown,charleskeith@example.com,Rachelmouth,Belize,2024-05-24
3246,Lori,Norris,ikennedy@example.org,Hardingberg,Gibraltar,2026-05-23
3247,Amy,Smith,jonathanbrown@example.org,Lake John,Turkmenistan,2024-12-26
3248,Andrew,Moreno,codybond@example.org,New David,Guatemala,2022-11-07
3249,Anita,Rodriguez,mosleypamela@example.net,North Amanda,South Georgia and the South Sandwich Islands,2025-10-04
3250,Heather,Williams,nixonshelley@example.net,South Jaredhaven,France,2024-12-03
3251,William,Davidson,williamseric@example.net,Lake Michelle,Bhutan,2024-09-27
3252,Elizabeth,Anderson,jacquelinesteele@example.org,West Keith,Indonesia,2024-12-27
3253,Bryan,Smith,amiller@example.org,Coleport,Brunei Darussalam,2023-08-18
3254,Stephen,Todd,tracygilbert@example.org,North Kevin,Nicaragua,2023-12-03
3255,Daniel,Williamson,patrick51@example.org,Brendafort,Belarus,2026-03-25
3256,Louis,Allen,villajessica@example.net,Nicholsfurt,Vanuatu,2023-09-15
3257,Katherine,Schwartz,thomastammy@example.org,New Brandon,Kazakhstan,2023-02-12
3258,John,Peterson,anna36@example.com,South Michaelberg,Austria,2025-10-15
3259,Haley,Jackson,bjones@example.org,Lake Jennifer,Martinique,2024-03-30
3260,Amy,Sawyer,ryansarah@example.net,East John,Martinique,2025-03-21
3261,Andrew,Clark,jennifer41@example.net,Crystalton,Dominican Republic,2025-11-17
3262,Eric,Maynard,brenda97@example.org,East Erichaven,Guatemala,2025-08-15
3263,Christopher,Mendoza,harrellcatherine@example.org,Lake Richardchester,Isle of Man,2026-07-10
3264,Robert,Phillips,ujones@example.org,Williamborough,Mozambique,2026-05-02
3265,Janice,Allen,mary10@example.com,North Andrew,Iran,2023-05-30
3266,Tiffany,Morris,llewis@example.org,North Glenda,Vietnam,2026-07-15
3267,Patricia,Smith,garrettdavid@example.org,Mezaborough,Portugal,2025-12-01
3268,Lisa,Mclaughlin,tiffany27@example.net,South Scott,Morocco,2026-02-10
3269,Justin,Ellis,umiller@example.net,Lake Annview,Turkmenistan,2025-08-17
3270,Kelly,Hawkins,nmartinez@example.com,Lake Erik,Barbados,2023-09-23
3271,Sonya,Morgan,vcunningham@example.com,Kathrynfurt,Bahamas,2025-03-23
3272,Jessica,Saunders,joeharris@example.org,South Tinashire,Pitcairn Islands,2024-11-19
3273,Christopher,Mccormick,scottknox@example.net,Jonborough,British Virgin Islands,2023-11-19
3274,Nichole,Taylor,marygreene@example.org,Carriemouth,Paraguay,2023-12-12
3275,Lynn,Flores,kathleentorres@example.com,Dayland,Guam,2022-08-21
3276,Katherine,Garcia,jacksonricardo@example.net,North Lisamouth,Montenegro,2025-05-23
3277,Laura,Williams,fosterevelyn@example.org,Smithfurt,Suriname,2022-10-28
3278,David,Goodwin,sarah43@example.net,Lake Daniel,Cape Verde,2022-10-01
3279,Marcus,Love,rebecca57@example.com,Longstad,Serbia,2025-10-10
3280,James,Cohen,dylanmurphy@example.net,Tonyfurt,Cape Verde,2023-11-09
3281,Michelle,Bishop,garyjones@example.org,Newmanfort,Azerbaijan,2026-05-12
3282,Jason,Bryant,jessicahall@example.com,Johnsonmouth,North Macedonia,2023-10-17
3283,Melissa,Smith,mendozaedward@example.com,Whitneyport,Vietnam,2025-08-11
3284,Suzanne,Wilson,zrussell@example.com,Port Olivia,Dominica,2024-06-19
3285,David,Erickson,laurensolomon@example.org,Smithburgh,Haiti,2023-04-17
3286,Judy,Davenport,acastillo@example.net,Marieland,Reunion,2026-02-12
3287,Lance,Bell,shawna70@example.com,East Joshuaview,Sudan,2023-05-11
3288,James,James,cassandra91@example.net,Spencermouth,Zimbabwe,2025-04-30
3289,Melissa,Johnson,johnnydecker@example.com,New Timothyfort,Cook Islands,2024-10-07
3290,Kelly,Cobb,jennifer36@example.net,North Jefferyburgh,Montserrat,2026-01-03
3291,David,Ingram,jenniferdudley@example.net,Josephville,Honduras,2026-07-18
3292,Stephanie,Bailey,angelalong@example.net,Anthonyhaven,Andorra,2026-06-07
3293,Kaitlin,Horn,manningashley@example.net,Lake Donnatown,Anguilla,2025-09-15
3294,Valerie,Foster,shane11@example.net,West Melodybury,Romania,2023-03-08
3295,Nicholas,Small,pgreen@example.net,West Leahberg,American Samoa,2023-02-12
3296,Kimberly,Mcknight,paula11@example.org,East Joel,Saint Lucia,2026-04-04
3297,Heather,Thornton,bmarquez@example.org,West Michael,Norway,2026-06-25
3298,Annette,Tyler,mclaughlinhector@example.org,West Amy,Canada,2026-06-09
3299,Peggy,Avila,xgarcia@example.net,Harperberg,Cape Verde,2023-03-26
3300,Darlene,Rodriguez,margaret40@example.com,Port Jeffrey,Cyprus,2025-11-22
3301,Mary,Fitzpatrick,uhester@example.com,Lake Evelyn,Guadeloupe,2026-05-15
3302,Aaron,Moore,thompsonpaul@example.org,New Jerry,Estonia,2023-01-12
3303,Kristin,Howell,robert00@example.org,Port Jason,Jamaica,2025-12-25
3304,Corey,Carter,devindunn@example.org,West Roberto,Taiwan,2024-12-11
3305,Ryan,Hernandez,welchmegan@example.org,West Nicolestad,Tajikistan,2024-10-18
3306,Brianna,Palmer,ralphlevy@example.com,West Rebecca,Cameroon,2026-04-08
3307,Jason,Gross,laurie38@example.net,North Brianburgh,Azerbaijan,2025-01-02
3308,Taylor,Bryant,stephentaylor@example.com,Latashafurt,Lithuania,2025-05-25
3309,Deanna,Schneider,cmoore@example.com,Joshuatown,Macao,2024-11-10
3310,Michael,Rosales,williamsian@example.com,New Brittney,Costa Rica,2026-01-26
3311,Mary,Gibbs,markrojas@example.net,Simmonsbury,Panama,2026-04-09
3312,Timothy,Williams,sabrinaanderson@example.net,East Ashley,Dominican Republic,2023-01-19
3313,Christopher,Hunt,deborahray@example.com,Maryborough,Andorra,2026-06-03
3314,Wendy,Cruz,john71@example.com,New Jo,Micronesia,2022-08-08
3315,Tracy,Taylor,elizabethchavez@example.com,Crossside,Egypt,2025-07-25
3316,Anna,Blair,proberts@example.org,South Madison,Israel,2023-08-15
3317,Nathan,Carter,ahouse@example.com,East Deborahstad,Argentina,2024-11-06
3318,Shannon,Suarez,rgibson@example.net,South Davidstad,Guinea-Bissau,2025-06-21
3319,Denise,Small,catherine64@example.com,North Sara,Palau,2026-06-12
3320,Kelly,Walker,michael10@example.com,West Maryville,Panama,2022-10-10
3321,Ashley,Frost,foxdavid@example.com,Dawnmouth,Albania,2025-06-05
3322,Adrian,English,stephen87@example.com,Brandonburgh,Honduras,2025-10-16
3323,Michael,Sharp,ashley39@example.org,Timothymouth,Italy,2025-07-03
3324,James,Mcdonald,alanhall@example.org,West Jillianberg,British Virgin Islands,2026-04-28
3325,Mary,Riley,donnamiller@example.net,Mosesfort,Philippines,2023-10-09
3326,Sonia,Andersen,vanessa03@example.org,Lopezmouth,Costa Rica,2025-03-10
3327,Jacob,Butler,amy42@example.net,East Samanthaport,Peru,2022-09-04
3328,Jessica,Harris,brownamber@example.org,Melissaville,Germany,2022-11-29
3329,Barbara,Hill,hughesjennifer@example.org,Newmanborough,Lao People's Democratic Republic,2022-09-01
3330,Alexander,Ross,phelpslisa@example.com,West Aaron,Eritrea,2023-07-02
3331,Jeremy,Turner,michelegarcia@example.net,Shannonberg,Lebanon,2025-12-24
3332,Christina,Sanders,jacksonjennifer@example.com,Matthewmouth,Ghana,2023-10-01
3333,Jonathan,Whitehead,mccartytheresa@example.net,Bowenside,Guinea-Bissau,2025-01-15
3334,Jill,Randall,hbell@example.com,Hayestown,Liberia,2025-03-04
3335,Laura,Pruitt,ashley93@example.com,Smithshire,Senegal,2026-05-02
3336,Timothy,Pham,daviddudley@example.com,New Jamesburgh,Denmark,2024-09-09
3337,Mary,Garcia,blewis@example.org,Dianaburgh,Algeria,2023-12-30
3338,Jacob,Thompson,dianerichards@example.org,Jamesmouth,Jamaica,2026-07-08
3339,Kimberly,Glover,llee@example.net,North Rebeccaborough,Egypt,2023-12-16
3340,Nicholas,Haynes,jamesryan@example.net,North Joshuashire,Finland,2025-06-03
3341,Jason,Cain,barnesemily@example.net,Kathrynfurt,Kiribati,2025-11-18
3342,Thomas,Hanson,rogersmichelle@example.net,Grantport,Vanuatu,2025-04-27
3343,Alicia,Miller,hbrown@example.org,Frankmouth,Paraguay,2023-05-26
3344,Patrick,Daniels,rubentran@example.com,Alvaradochester,Netherlands,2023-11-14
3345,Amanda,Torres,kyle93@example.net,West Jennifer,Macao,2026-01-24
3346,Dakota,Jones,jeffrey17@example.net,Thompsonshire,Martinique,2023-03-03
3347,Scott,Snow,lsmith@example.net,Campbellmouth,French Polynesia,2026-05-18
3348,Veronica,Lynch,katie51@example.net,Allenville,Belarus,2025-09-09
3349,Gina,Greer,tchan@example.com,Fischerborough,Bahamas,2026-07-10
3350,Christopher,Mcclain,jodiward@example.net,East Renee,Morocco,2026-08-01
3351,Jonathon,Collins,robertroy@example.org,Thomaston,Gambia,2022-12-17
3352,Michael,Peterson,james22@example.com,Lake Timothyhaven,Netherlands,2023-07-15
3353,Richard,Hudson,johnsonlauren@example.com,Erinborough,Mauritania,2025-04-28
3354,Rachel,Walker,teresalopez@example.org,Port Jessica,Slovenia,2023-02-10
3355,Dan,Obrien,derrick68@example.com,East Brittany,Canada,2022-11-16
3356,Jose,Smith,scottlopez@example.org,South Anthonyland,Bulgaria,2022-09-05
3357,Veronica,Soto,kmoore@example.com,Anthonyville,Jamaica,2025-12-21
3358,Corey,Padilla,paul60@example.org,Dustinshire,French Southern Territories,2023-03-21
3359,Sean,Johnson,vsilva@example.org,New Gary,Palau,2023-08-29
3360,Alexander,Nixon,leslie72@example.org,Michaelmouth,Bosnia and Herzegovina,2025-09-01
3361,Anthony,Martin,pooleevan@example.org,Thomasport,Kiribati,2024-03-25
3362,Paul,Mitchell,jordanmedina@example.org,Ricestad,Namibia,2024-03-13
3363,Christian,Davidson,robertsonthomas@example.com,Blakemouth,Zimbabwe,2023-05-09
3364,Lisa,Good,eric70@example.com,Christinaton,United States Virgin Islands,2024-09-16
3365,Zachary,Townsend,handerson@example.org,Parsonstown,Palestinian Territory,2023-08-05
3366,Cheryl,Adkins,michael37@example.net,East Hollyshire,French Southern Territories,2024-10-15
3367,Jessica,Davis,dianeknapp@example.net,South Anthony,Gabon,2025-03-29
3368,Timothy,Phillips,astewart@example.com,Mcknightberg,Singapore,2023-08-17
3369,Justin,Singleton,xnorris@example.com,Haydenburgh,Luxembourg,2025-12-28
3370,Leah,Martin,roberto20@example.net,North Tammy,Saint Barthelemy,2022-10-22
3371,Matthew,Dickerson,valerie07@example.net,New Christopherstad,Myanmar,2025-10-05
3372,Jason,Hall,miguel22@example.net,West Thomas,Mexico,2026-02-18
3373,Leroy,Small,charles73@example.org,South David,Croatia,2023-01-11
3374,Michelle,Gallegos,youngbecky@example.org,Danabury,Bhutan,2026-06-02
3375,Jerry,Mullins,jennifermoore@example.com,New Ryanhaven,Ireland,2024-10-14
3376,Edward,Johnson,mercedesmedina@example.org,Salazarfort,Germany,2025-10-10
3377,Breanna,Campos,robertscarolyn@example.org,Mitchellborough,Cayman Islands,2023-05-24
3378,David,Brown,devin42@example.net,Leroychester,Wallis and Futuna,2024-02-18
3379,Mario,Scott,lisathomas@example.net,North Toddton,Guadeloupe,2026-07-03
3380,Ryan,Le,khall@example.org,Perkinston,Saudi Arabia,2022-12-21
3381,Alejandro,Rojas,wangtracy@example.com,Amandaville,Venezuela,2024-01-17
3382,Michael,Waller,skinnerzachary@example.org,Craigmouth,Romania,2024-01-19
3383,Megan,Haynes,lori67@example.net,Riceshire,Morocco,2024-04-16
3384,Jennifer,Schneider,jason57@example.net,Jacobbury,Fiji,2025-10-18
3385,David,Anderson,armstrongjustin@example.net,New Debra,Denmark,2025-09-04
3386,Shelby,Doyle,clarence60@example.org,Cookhaven,Philippines,2025-10-12
3387,Cynthia,Mitchell,ryan21@example.com,Brownstad,Costa Rica,2024-05-13
3388,Lori,Contreras,paula10@example.com,North Paulside,Comoros,2025-05-08
3389,Katie,James,charlesbrooks@example.org,Amandaview,Cyprus,2022-08-07
3390,Kathryn,Lopez,iperez@example.org,South Michele,United States of America,2025-11-24
3391,James,Hull,michele04@example.org,Williamsmouth,Indonesia,2025-05-17
3392,Emily,Richards,tamara22@example.com,Arroyoberg,Malaysia,2024-11-27
3393,Ebony,Jacobs,ukhan@example.net,West Ronald,Kyrgyz Republic,2022-10-18
3394,Edward,Goodman,wendy43@example.org,Port Joshuaville,Mongolia,2026-03-01
3395,Robert,Miles,edwardcooper@example.org,North Robert,Singapore,2024-11-20
3396,Jennifer,Cole,ethan98@example.com,Griffinfurt,French Polynesia,2023-04-16
3397,Beth,Hill,thompsongary@example.net,New Maryshire,North Macedonia,2022-12-26
3398,Steven,Perry,dunnmary@example.net,Lake Michaelshire,Solomon Islands,2026-02-10
3399,Adam,Williams,lisa48@example.org,Cliffordbury,Venezuela,2025-04-01
3400,Xavier,Johnston,jamiejohnson@example.com,South Matthew,Micronesia,2024-05-20
3401,Randy,Christian,cheryl99@example.com,North Brandi,Malta,2025-02-16
3402,Mary,Walters,markruiz@example.net,Terryview,Congo,2025-10-23
3403,Tamara,Kelly,sallywilson@example.net,Morenoborough,Ireland,2024-09-23
3404,Melvin,Schroeder,aaronthomas@example.org,Hillstad,Liberia,2025-05-12
3405,Eric,Holder,thomasmarshall@example.org,Aaronside,Jersey,2023-11-27
3406,Carolyn,Bailey,dawnclark@example.org,Port Jamestown,Bahamas,2025-03-06
3407,David,Brown,bradleycline@example.com,New Jeremy,Saint Lucia,2022-12-02
3408,Christina,Smith,nathan19@example.com,North Matthew,Burundi,2023-11-16
3409,Danielle,Jensen,brittany00@example.org,Stewartfurt,Northern Mariana Islands,2025-08-13
3410,Diana,Guzman,oboyd@example.org,Lake Kimberlyhaven,Japan,2024-06-13
3411,Adam,Ayers,christopherreynolds@example.net,East Jason,French Guiana,2024-08-23
3412,Ryan,Mejia,amandalong@example.com,Elizabethland,Cayman Islands,2025-01-05
3413,Kelly,Davis,njackson@example.org,Sarahport,Belize,2024-09-04
3414,Sandra,Walton,john77@example.org,South Aaronborough,Christmas Island,2025-09-03
3415,Rachel,Flores,lewismichelle@example.net,East Thomasfort,United States Virgin Islands,2024-04-27
3416,Aaron,Collins,brooksvincent@example.com,West Jeffreyland,Mozambique,2024-07-24
3417,Mackenzie,Lewis,richard04@example.org,Aliciaborough,Uruguay,2025-10-02
3418,Joshua,Clark,fsantiago@example.com,Bookerton,Belarus,2024-01-20
3419,Lisa,Ibarra,davidmorris@example.org,Owensstad,Bahrain,2024-03-25
3420,Jessica,Olsen,gjohnson@example.net,New Steve,South Africa,2025-07-29
3421,Sarah,Gilmore,nicole07@example.net,New Cynthiashire,Chile,2023-08-22
3422,Lisa,Chang,reynoldsdawn@example.net,East Saramouth,Oman,2026-06-01
3423,Steven,Schaefer,obowen@example.org,West Thomasfort,Vietnam,2024-08-22
3424,Catherine,Richmond,zblair@example.org,Priceborough,Netherlands,2024-01-12
3425,Jeffery,Peterson,angelamurphy@example.net,Coxtown,Sweden,2024-11-02
3426,Erik,Marshall,hunterjones@example.com,New Keithshire,Uganda,2025-12-16
3427,Gregory,Booker,mistylambert@example.net,Alexanderville,Netherlands,2024-01-29
3428,Caitlyn,Mcdonald,mcameron@example.org,South Robertstad,Tuvalu,2024-04-23
3429,Brian,Wade,sharonmorrison@example.org,Lake Leahmouth,Slovakia (Slovak Republic),2026-06-30
3430,Joe,Olson,ericahayes@example.org,Danielmouth,Tonga,2025-06-08
3431,Kevin,Miller,randypotts@example.net,Shanechester,Holy See (Vatican City State),2026-06-19
3432,April,Donovan,jessicabaker@example.com,New Caitlinshire,Nigeria,2022-09-20
3433,Amy,Gardner,shelly99@example.org,North Melissaview,Senegal,2023-06-11
3434,Margaret,Wilcox,stacey71@example.com,Joanchester,United States Minor Outlying Islands,2022-12-20
3435,Kimberly,Thompson,herickson@example.org,North Hollyburgh,Tajikistan,2023-09-04
3436,Thomas,Odonnell,sandramack@example.org,Davidborough,Mali,2023-12-21
3437,Sarah,Mccoy,michellejackson@example.com,Zacharytown,Central African Republic,2023-11-16
3438,Jessica,Fisher,sherryrichardson@example.com,West Johnstad,Panama,2022-08-29
3439,Mark,Leonard,seanbrennan@example.com,West Brianmouth,Cayman Islands,2026-02-15
3440,Amanda,King,hphillips@example.org,Mariabury,Niue,2022-11-08
3441,Derrick,Patel,adambridges@example.org,Jenkinsport,Peru,2025-07-15
3442,Dennis,Owens,jefferypittman@example.com,Lake Bradleyville,Anguilla,2026-02-25
3443,Daniel,Williams,martincatherine@example.net,Angelatown,Austria,2023-06-06
3444,Mary,Fisher,stacy63@example.net,Lake Austintown,Belize,2025-07-31
3445,Ernest,Mcmahon,jane75@example.org,Aaronton,Moldova,2026-02-01
3446,Kimberly,Mcgrath,seanwinters@example.net,Lake Brittanyland,Yemen,2024-06-30
3447,Daniel,Benitez,thomaskim@example.net,Mcdonaldshire,Liechtenstein,2024-12-20
3448,Alfred,Gallegos,kathleen70@example.com,Elizabethville,Greenland,2024-01-16
3449,Anthony,Stout,brittneyvega@example.com,Nortonchester,Azerbaijan,2026-07-10
3450,Eric,Daniels,amanda85@example.net,South Josephburgh,Italy,2024-06-03
3451,Travis,Greene,reidjustin@example.com,Robertfort,Holy See (Vatican City State),2026-05-21
3452,Emily,Brown,jscott@example.net,Thomastown,Philippines,2024-06-30
3453,Susan,Wong,ghardin@example.org,New Nicolemouth,Tokelau,2025-08-07
3454,Jill,Patel,stacyhawkins@example.net,Aprilton,United Arab Emirates,2024-12-04
3455,Brandon,Wilson,mitchelllevi@example.org,East Matthewville,Mongolia,2024-07-21
3456,Lindsey,Taylor,heather86@example.net,Dannybury,Pakistan,2025-11-12
3457,Kylie,Fry,kelly45@example.net,East Billyshire,Bouvet Island (Bouvetoya),2023-09-01
3458,Connie,Alexander,bdennis@example.org,Jennaborough,Indonesia,2023-01-26
3459,Chelsea,Rodriguez,christopher15@example.org,Lesterport,Qatar,2024-04-21
3460,Jacob,Pham,omarshall@example.net,West Ethan,Cape Verde,2025-03-14
3461,Danielle,Garrison,lauracastillo@example.com,Hillburgh,Belize,2023-06-27
3462,Douglas,Thompson,gblack@example.org,North Richardborough,Timor-Leste,2025-02-23
3463,Danielle,Taylor,vcastro@example.com,Rebeccatown,Sao Tome and Principe,2024-07-10
3464,Brandi,Chavez,thomasangela@example.net,Port Melissaburgh,Greenland,2026-08-05
3465,Nicole,Williams,thomascopeland@example.com,Jonesland,Latvia,2024-12-10
3466,Christopher,Carlson,watsonjessica@example.com,Melvinburgh,Papua New Guinea,2023-10-09
3467,Sharon,Mcmillan,lisajones@example.org,New James,Haiti,2023-12-17
3468,Christopher,Greene,rickygarcia@example.org,Wilsonside,Costa Rica,2023-01-09
3469,Justin,Conley,matthew58@example.net,Williamsside,Romania,2023-08-04
3470,Jason,Knight,clittle@example.com,Michaelbury,Ecuador,2023-11-24
3471,James,Hinton,smithpatrick@example.com,Batesfort,Austria,2023-09-22
3472,Lacey,Mcgrath,michael71@example.net,Mayton,Greece,2024-01-09
3473,Mark,Mcbride,stoutandrew@example.org,Sanchezborough,Peru,2023-07-21
3474,Matthew,Allen,kevinadams@example.org,New Julieview,Algeria,2025-09-06
3475,Janet,Davis,ivansanders@example.org,East Glennburgh,Latvia,2023-10-19
3476,Marvin,Stark,jcox@example.net,East Rebecca,Samoa,2023-05-04
3477,Jackson,Ramirez,castanedaanthony@example.org,Cunninghamhaven,Togo,2026-07-03
3478,John,Williams,shelia49@example.net,Gabrielamouth,Bangladesh,2024-12-14
3479,Lawrence,Cortez,andrewguzman@example.net,Lake Oliviashire,Saint Barthelemy,2024-11-16
3480,Monica,Wilson,martinezkatelyn@example.net,Lake Kylefurt,Cambodia,2024-01-05
3481,Nathan,Adams,mathisholly@example.org,Sarahbury,Namibia,2024-10-29
3482,Whitney,Scott,cassandra67@example.net,New Robertview,Sri Lanka,2023-04-15
3483,Meagan,Lin,zwilliams@example.net,Bellchester,Equatorial Guinea,2023-01-31
3484,Jessica,Matthews,lphillips@example.net,Lake Shelby,Azerbaijan,2025-12-18
3485,Katie,Ross,lhanson@example.org,East Christopher,Venezuela,2022-08-23
3486,Gina,Meza,joshuagonzalez@example.org,Jaredville,Belgium,2025-02-04
3487,Chelsea,Johnson,bowmanrobert@example.org,South Shaneburgh,Northern Mariana Islands,2025-12-01
3488,Nicholas,Johnson,harveythomas@example.com,Escobarside,Lebanon,2025-05-05
3489,Patricia,Chung,downsdarrell@example.net,Port Laura,Spain,2026-06-04
3490,Ashley,Singh,mmoyer@example.net,Andersonborough,Suriname,2025-07-05
3491,Elizabeth,Calhoun,perezwilliam@example.org,North Matthew,Bolivia,2023-09-27
3492,Breanna,Fox,mariah13@example.net,Rodriguezville,Madagascar,2023-11-04
3493,Daniel,Roman,alisoncooley@example.com,Jamestown,Benin,2024-04-07
3494,Peter,Esparza,wellsjeffery@example.com,South Jeremychester,Nicaragua,2025-01-23
3495,Beth,Lee,jboone@example.net,Garciamouth,Uzbekistan,2025-06-23
3496,Brandon,Rodriguez,scameron@example.org,Kevinbury,Norfolk Island,2025-03-03
3497,Brett,Diaz,rachelwebb@example.org,Edwardton,Burundi,2023-02-18
3498,Amy,Perez,shelly41@example.net,Mcbrideborough,Russian Federation,2024-05-30
3499,Mark,Noble,kevinsnyder@example.org,Port Ashleyview,Cayman Islands,2023-06-04
3500,Ricardo,Rodriguez,wshaw@example.com,Lopezhaven,Wallis and Futuna,2024-11-26
3501,Brian,Spence,zacharygilbert@example.com,Lake Laura,Denmark,2023-07-07
3502,Courtney,Clark,rossdavid@example.net,North Andrew,Iceland,2025-07-11
3503,Amy,Walters,anna17@example.org,Meyerstad,British Virgin Islands,2023-10-04
3504,Brian,Blake,ychristian@example.net,Christophermouth,Saint Lucia,2024-12-03
3505,Joshua,Evans,pwalker@example.com,Ericksonview,Uruguay,2026-01-20
3506,Felicia,Moore,xaustin@example.com,Allenville,Mayotte,2025-10-12
3507,Karen,Jensen,amywashington@example.net,West Christopher,El Salvador,2023-09-14
3508,Laura,Long,kimberly38@example.org,Starkhaven,North Macedonia,2025-04-29
3509,Madison,Olson,larry88@example.com,West Pamela,Switzerland,2025-06-09
3510,Kimberly,Shepard,brianrowland@example.org,Kimberlyview,Guinea,2024-08-31
3511,Wendy,Holloway,vharrell@example.com,Sharonfort,Burundi,2025-03-20
3512,Terri,Moore,danielwarren@example.org,Bennettmouth,India,2024-01-10
3513,Lauren,Vasquez,michael00@example.com,Mossport,Grenada,2025-10-31
3514,Stephen,Molina,dickersonbrittany@example.org,Josephborough,Bangladesh,2023-07-04
3515,Brian,Turner,pearsonsara@example.com,Davistown,Isle of Man,2024-10-07
3516,Julie,Bowen,robertpeck@example.org,North Ryan,Bosnia and Herzegovina,2023-04-15
3517,Cynthia,Mitchell,seannorris@example.org,Mendozastad,Iceland,2025-04-15
3518,Matthew,Crawford,williamsjane@example.org,Franklintown,Iceland,2026-01-14
3519,Lawrence,Salazar,robbinsmolly@example.com,East Kathrynton,Burkina Faso,2025-01-17
3520,Timothy,Williams,newmanchristopher@example.com,West Andrewshire,North Macedonia,2024-10-05
3521,Christopher,Sawyer,keith90@example.com,North Jennifer,Croatia,2023-02-25
3522,Patricia,Nguyen,marshallbryan@example.net,Nicolefort,Myanmar,2024-01-05
3523,Allen,Freeman,pjohnson@example.org,Curtisland,Greenland,2026-04-03
3524,Timothy,Thompson,alexandercaitlin@example.net,Ericchester,Bahamas,2023-09-27
3525,Christine,Stewart,jroberts@example.com,East Carl,Malta,2024-09-05
3526,Jeremy,Webb,zvaughn@example.com,Terrihaven,Georgia,2025-09-13
3527,Michael,Arnold,brian46@example.org,Lake Miranda,Switzerland,2024-06-22
3528,Tammy,Mueller,acostamatthew@example.net,Evansside,Uruguay,2023-10-26
3529,Michael,Bradshaw,jessica33@example.net,North Eric,Belarus,2023-02-01
3530,Jacob,Grant,xnorton@example.com,Timothymouth,Pitcairn Islands,2023-07-17
3531,Jose,Le,edavis@example.net,Lake Michael,Nigeria,2025-11-25
3532,Steven,Pena,rwong@example.com,Buckleybury,Tanzania,2023-10-09
3533,Travis,Campbell,woodstyler@example.net,Richardsonside,Liberia,2026-02-21
3534,Joseph,Rocha,daniellebates@example.com,Lake Angelamouth,Thailand,2024-05-19
3535,Paul,Townsend,elizabethyoung@example.com,Port Robin,Trinidad and Tobago,2025-09-24
3536,Todd,Ferguson,jessica20@example.org,Joanneburgh,United States Minor Outlying Islands,2025-02-05
3537,Debra,Young,uross@example.org,Cartermouth,Antigua and Barbuda,2024-01-21
3538,Amy,Cooke,twilson@example.net,Lake Jason,India,2025-05-06
3539,Mark,Lamb,yvette35@example.net,Woodstown,Samoa,2023-05-22
3540,Brian,Garcia,terri34@example.com,Port Chelseabury,Morocco,2023-04-06
3541,Tyler,Whitehead,kwise@example.net,Lake Andrew,Ireland,2022-08-20
3542,Haley,Hughes,blankenshipnancy@example.org,Colonfurt,Liberia,2024-05-19
3543,Gregory,Green,kelli72@example.com,Johnview,Peru,2025-11-17
3544,Felicia,Perez,harveyalexandra@example.com,South Walter,Tajikistan,2024-06-30
3545,Nicholas,Bennett,oscarmiller@example.com,North Shannonborough,Equatorial Guinea,2023-06-30
3546,Edwin,Reed,ngarcia@example.com,Lake Shirleyville,Tajikistan,2026-02-09
3547,Heather,Carrillo,tiffanyanderson@example.org,Fitzgeraldmouth,Guam,2025-04-26
3548,Victoria,Williams,kimberlybishop@example.org,Jorgeview,Wallis and Futuna,2025-08-29
3549,Paul,Black,salaslisa@example.net,Frankton,Trinidad and Tobago,2023-04-22
3550,Brian,Rodriguez,mwood@example.net,Jefferyton,Dominica,2024-09-06
3551,Kayla,Guerrero,rharris@example.com,West Jonathanfurt,Chad,2022-11-18
3552,Kimberly,Smith,umyers@example.net,North Stephen,Sri Lanka,2026-01-25
3553,Kristin,Anderson,shannonknox@example.org,Arellanobury,Israel,2023-09-16
3554,Bryan,Reed,anthonyrobbins@example.org,North Laurenton,Netherlands Antilles,2023-10-25
3555,David,Jones,john02@example.com,Petersonbury,Morocco,2023-06-04
3556,Michelle,Collins,vsteele@example.com,Chavezton,Tonga,2025-08-24
3557,Bruce,Robinson,wbrown@example.net,North Sarahville,Jersey,2023-10-04
3558,Shannon,Parker,qjackson@example.com,Michealhaven,Netherlands Antilles,2025-03-23
3559,Christine,Guerrero,nancyphelps@example.com,South Jason,Ukraine,2025-11-19
3560,Leslie,Peterson,nichole31@example.com,Esparzabury,Jersey,2026-05-13
3561,Anthony,Hall,martinezlaura@example.org,Heatherbury,Uzbekistan,2024-08-15
3562,James,Dean,justin43@example.com,New Noah,Congo,2025-03-17
3563,Jose,Griffith,francotimothy@example.org,Gregoryland,Lebanon,2025-02-20
3564,Bill,Gonzalez,scottcarrie@example.net,Patrickmouth,Lesotho,2026-01-12
3565,Tina,Johnson,ibarravanessa@example.net,Petersland,Zimbabwe,2024-04-27
3566,Megan,Flores,amandarodriguez@example.com,North Caseyport,Mexico,2022-08-11
3567,Scott,Neal,pfrederick@example.net,Kimberlyfort,Poland,2024-03-10
3568,Drew,Hanson,fwebster@example.org,Campbellview,Cambodia,2025-09-15
3569,Tammy,Carpenter,clarkjulie@example.net,North Carolyn,Tokelau,2026-02-25
3570,Patricia,Garcia,michaelbaker@example.org,South Adrianside,Japan,2024-01-05
3571,Sean,Saunders,mcphersonkimberly@example.com,Ramosshire,Bhutan,2024-02-24
3572,Michael,Fisher,ramirezdavid@example.com,Lake Jeffreyside,Ukraine,2024-05-18
3573,Jessica,Stanton,lwilson@example.org,Grosshaven,Eritrea,2025-02-11
3574,Lawrence,Crawford,mary48@example.com,Hallshire,Antigua and Barbuda,2022-12-12
3575,Donald,Andersen,ryanjones@example.org,Huangborough,Burkina Faso,2026-06-23
3576,Roger,Johnson,charles88@example.net,South Jeanetteside,Argentina,2025-12-10
3577,Gina,Patterson,caintina@example.org,Elizabethfort,Uruguay,2025-08-08
3578,John,Taylor,lindsay27@example.net,South Amber,Niue,2024-06-29
3579,Rebekah,Cunningham,rallison@example.com,Mcdonaldburgh,Equatorial Guinea,2022-08-15
3580,Keith,Robinson,clairemartinez@example.org,South Samanthatown,South Africa,2026-01-31
3581,Maria,Anderson,stephaniewhite@example.org,North Lisa,Congo,2023-03-05
3582,Susan,Smith,avilanicole@example.org,Andresshire,Trinidad and Tobago,2025-02-07
3583,Katie,Brown,ealexander@example.com,East John,Bermuda,2022-10-15
3584,Carrie,Moore,yjohnston@example.com,South Paul,Uganda,2025-03-11
3585,Jamie,Morgan,wwalker@example.net,Elizabethport,American Samoa,2022-10-27
3586,Ashley,Weiss,dylanwalker@example.net,West Lisa,Armenia,2025-11-28
3587,Donald,Martinez,laurieevans@example.org,New Gabriel,Jamaica,2025-01-09
3588,Andrew,Garrison,oturner@example.org,South Anne,Vanuatu,2025-01-29
3589,Daniel,Brown,kelly05@example.com,Tonyafort,Reunion,2022-12-11
3590,Steven,Webb,melvinpark@example.org,Michaelport,Austria,2026-05-15
3591,Johnny,Palmer,turnersarah@example.org,Robertamouth,Korea,2023-02-08
3592,Benjamin,Price,michellesanchez@example.com,Dominguezberg,Comoros,2023-09-26
3593,Leonard,Osborne,megan14@example.net,East Aprilberg,Vanuatu,2025-10-24
3594,Jessica,Benjamin,yfitzgerald@example.com,New Josephmouth,French Southern Territories,2025-07-18
3595,Larry,Howard,bguerrero@example.org,Lake Johnbury,Syrian Arab Republic,2024-07-26
3596,Sheila,Scott,david88@example.com,New Deanna,Somalia,2024-08-29
3597,Jacqueline,Ayers,jessica09@example.net,New Charlesville,Western Sahara,2022-09-13
3598,Raymond,Vargas,clintonbarron@example.net,New Jacobhaven,Heard Island and McDonald Islands,2025-12-10
3599,Caitlin,Dillon,ibarnett@example.org,South Stevenbury,Ecuador,2022-08-13
3600,Tyler,Armstrong,ricemegan@example.net,Port Josephstad,Turkmenistan,2026-04-16
3601,Laura,Neal,sullivandustin@example.com,Port Josefurt,Luxembourg,2024-06-11
3602,Jacob,Brown,ashleygarza@example.com,Stephanieshire,United States Virgin Islands,2024-11-07
3603,Sean,Gonzales,ahall@example.com,Deborahfurt,Indonesia,2025-10-20
3604,Nathan,Richards,dukelisa@example.org,New Kylemouth,Kenya,2023-08-30
3605,Scott,Huerta,rachael31@example.net,Baileyton,Bosnia and Herzegovina,2023-02-15
3606,Andrea,Powell,valenciaveronica@example.net,Christopherside,Bosnia and Herzegovina,2024-07-07
3607,Christopher,Carson,donaldcasey@example.com,Lonnieburgh,Palau,2024-01-16
3608,James,Hill,carrlauren@example.net,Johntown,Guinea,2025-11-09
3609,Adrienne,Ibarra,ajones@example.net,Lake Teresastad,Samoa,2022-09-29
3610,Matthew,Sanchez,nicoleperez@example.net,West Anthonyburgh,Belize,2023-02-28
3611,Richard,Douglas,josephhanson@example.com,Lake Williamfurt,Sri Lanka,2023-03-18
3612,Blake,Mckee,scottjoshua@example.org,Bassberg,Cape Verde,2024-03-06
3613,Joy,Marshall,joel78@example.net,Lake Chad,Lebanon,2025-03-21
3614,Jeffrey,Hayden,thomascarolyn@example.net,Alexischester,Bosnia and Herzegovina,2024-07-07
3615,Dennis,Barber,heather92@example.net,Brooksmouth,Greece,2023-01-18
3616,Paige,Rogers,rebeccaflores@example.net,New Chad,Palau,2024-10-12
3617,Kenneth,Jones,ashleyreilly@example.org,Brandonshire,Guinea,2025-04-25
3618,Alex,Griffin,andrewbrooks@example.net,Lake Sarah,Mexico,2025-03-13
3619,Kimberly,Kline,michael48@example.com,West Megan,Timor-Leste,2024-01-11
3620,Dustin,Kim,burkelaura@example.com,Doyleberg,Gambia,2023-07-16
3621,Randy,Stewart,fmiranda@example.com,Port Sara,Georgia,2026-01-26
3622,Kelly,Arnold,waltercatherine@example.org,East Jonathanmouth,Kenya,2026-07-03
3623,Billy,Collier,conniewright@example.com,Port Frankmouth,Armenia,2025-06-19
3624,Eric,Hernandez,sramsey@example.com,South Jacquelinehaven,Saint Vincent and the Grenadines,2023-03-01
3625,Judy,Gates,benjamin46@example.org,Boydchester,Taiwan,2022-08-27
3626,Scott,Roberts,harrisgregory@example.org,Port Chelseaton,Sierra Leone,2026-06-08
3627,Melissa,Patel,sandersandrea@example.net,North Bradley,Dominica,2025-07-20
3628,Katrina,Long,tina68@example.org,Cooleystad,Tanzania,2025-12-02
3629,Hannah,Thompson,agallagher@example.org,Johnsonmouth,Norway,2025-12-26
3630,Jessica,Ross,jonathanescobar@example.com,Robertton,Mauritania,2023-10-24
3631,Jason,Dunn,wrollins@example.com,Toddside,Jordan,2026-03-18
3632,Stephanie,Jones,stewartdevin@example.org,Davidton,Cape Verde,2022-11-09
3633,Luke,Powell,kathleen59@example.net,Josephburgh,Egypt,2026-05-26
3634,Michael,Young,serranoedward@example.org,Port William,Guernsey,2023-02-02
3635,William,Davis,erikabrooks@example.org,South Suebury,Israel,2023-03-18
3636,Patricia,Conner,jill88@example.net,North Steven,Kuwait,2024-09-26
3637,Evelyn,Ramirez,mary40@example.net,North Sandra,Bhutan,2026-03-17
3638,Heather,Anderson,rhonda23@example.com,West Janet,Saudi Arabia,2025-07-27
3639,Zachary,Rivera,kdonaldson@example.org,New Alicia,Chile,2024-05-15
3640,James,Rice,iwilliams@example.com,Brittanyfurt,Luxembourg,2025-10-16
3641,Richard,West,danielmcgee@example.com,Stephanieview,Greece,2025-05-04
3642,Randy,Valentine,bergerchristopher@example.com,Cookestad,Luxembourg,2025-08-25
3643,Emily,Bryant,nicole73@example.net,South Jerryside,Cayman Islands,2026-06-08
3644,Ricky,Klein,johnsonarthur@example.com,Port Travisfort,Latvia,2024-08-18
3645,Darren,Garza,hodgejennifer@example.org,Steveville,India,2023-09-01
3646,Jennifer,Williams,michaela06@example.net,Matthewfurt,Bahrain,2025-09-15
3647,Kenneth,Johnson,gilbertkaren@example.org,New Paulfurt,Albania,2025-11-23
3648,Karen,Barber,tamipena@example.net,Rosariofort,Solomon Islands,2024-11-13
3649,Roger,Roberts,qpeters@example.org,Gaineston,Ireland,2024-05-17
3650,Mark,Hansen,wstevenson@example.net,Alexanderchester,Yemen,2022-10-29
3651,Jonathan,Martin,ericwagner@example.net,West Sarah,Djibouti,2026-07-02
3652,Mary,Parker,monicamaldonado@example.com,Whitneyshire,Tokelau,2025-07-06
3653,Monica,Singh,steven20@example.org,Andrewland,Croatia,2024-05-14
3654,Christina,Elliott,katelyn97@example.com,East Amandaburgh,Ireland,2023-02-10
3655,Scott,Herrera,juliepena@example.com,Sarahville,Mayotte,2025-07-17
3656,Emily,Johnson,rjoseph@example.net,Petersberg,Iceland,2023-09-25
3657,Michael,Miller,vegajennifer@example.org,Lake Gordon,Kiribati,2023-01-28
3658,Tyler,Curtis,abigail11@example.net,Heatherland,Micronesia,2026-03-09
3659,April,Carr,joshua15@example.net,Maynardton,Algeria,2024-04-30
3660,Alison,Jones,hannadavid@example.com,Mckenzieland,Sri Lanka,2023-08-31
3661,Carol,Kelly,joshua71@example.net,North Katherine,Mali,2023-06-19
3662,Gabriela,Phillips,icoleman@example.com,Kingburgh,Ghana,2026-01-24
3663,Rachel,Shah,jacksongabriel@example.com,Sallyton,Tanzania,2026-05-13
3664,Diane,Ferguson,shannon87@example.net,Bobbystad,Philippines,2026-04-30
3665,Amanda,Peters,qrodriguez@example.net,East John,Cambodia,2023-12-03
3666,Victoria,Spears,mcbrideraymond@example.com,Amyborough,Malawi,2026-03-25
3667,Crystal,Walters,jonesdaniel@example.com,Smithburgh,Brazil,2023-05-07
3668,Cheryl,Jackson,fjames@example.net,Jamesburgh,Colombia,2024-12-29
3669,Sarah,Chambers,vhopkins@example.com,Lake Lawrence,South Georgia and the South Sandwich Islands,2023-08-30
3670,Stephen,Copeland,deleonbrandon@example.com,North Tina,Kiribati,2024-05-10
3671,Martha,Gregory,briangonzalez@example.org,Lake Nicole,Mexico,2025-12-20
3672,Nicole,Miller,john52@example.org,New Hunter,Paraguay,2022-12-22
3673,Jennifer,Sexton,vflores@example.com,West Anna,Northern Mariana Islands,2022-11-20
3674,Rachel,Moran,richardsrobert@example.org,Coleside,Tanzania,2024-01-16
3675,Colleen,Sutton,johncollins@example.com,South Shelley,Solomon Islands,2026-05-21
3676,Sandy,Mayer,jgonzalez@example.net,Garyville,North Macedonia,2024-05-23
3677,Jeremy,Harding,jeremiahvazquez@example.com,South Timothyton,Bermuda,2024-08-03
3678,Dalton,Cook,scottrichard@example.org,New Cheryl,Niue,2026-05-15
3679,Brenda,Walker,whitejustin@example.net,West Jason,Bosnia and Herzegovina,2025-04-18
3680,Raymond,Flynn,farrelltimothy@example.org,West Jacob,Guinea-Bissau,2024-12-30
3681,Joseph,Taylor,ryanpatterson@example.com,Port Teresamouth,Micronesia,2023-03-19
3682,Daniel,Peterson,johnsonmariah@example.net,Veronicastad,Austria,2024-12-27
3683,Juan,Orr,nicholssean@example.org,Curryland,Korea,2024-10-09
3684,Thomas,Mendoza,vpineda@example.com,East Paul,Heard Island and McDonald Islands,2023-09-20
3685,Ashley,James,baileykimberly@example.com,Kevinmouth,Poland,2025-03-14
3686,Carlos,Gray,asalas@example.org,Tamaratown,Trinidad and Tobago,2023-08-12
3687,Lauren,Daugherty,matthewdavis@example.net,West Peggy,Saint Helena,2023-07-03
3688,Sarah,Cooper,joneskatherine@example.com,West Michaelport,Senegal,2024-08-31
3689,James,Brennan,mary61@example.net,Hannahstad,Antigua and Barbuda,2024-11-10
3690,Daniel,Contreras,elizabeth08@example.com,Dominguezfurt,Singapore,2022-09-20
3691,Richard,Robinson,joseph96@example.net,South Evan,Eritrea,2023-02-04
3692,Tony,Swanson,mdoyle@example.com,South Christine,Philippines,2024-06-24
3693,Jessica,Baker,matthew95@example.com,Navarroport,El Salvador,2026-05-09
3694,Nancy,Peterson,alee@example.com,Heatherstad,Haiti,2026-03-22
3695,Dan,Mendez,hannah27@example.net,East Karen,British Virgin Islands,2025-11-02
3696,Jasmine,Butler,anthonyreynolds@example.org,Hartberg,Cocos (Keeling) Islands,2025-10-03
3697,Cody,Mccoy,sarahdavis@example.com,New Julietown,Ghana,2025-06-24
3698,Amy,Garrison,martinezchristopher@example.net,Christianburgh,Antigua and Barbuda,2024-06-21
3699,William,Dyer,lopezkaren@example.net,Alyssaland,Bahrain,2023-06-05
3700,Lisa,Mann,stephaniegolden@example.com,West Natashahaven,Austria,2024-09-01
3701,Donald,Robinson,ericacox@example.com,Stuartberg,Micronesia,2026-03-14
3702,Aaron,Sheppard,hensleydale@example.com,Christineton,Namibia,2025-05-13
3703,Jennifer,Johns,mclaughlintheodore@example.org,Harrisview,Slovakia (Slovak Republic),2024-08-24
3704,Brandon,Hernandez,svasquez@example.net,Keithside,Anguilla,2024-11-25
3705,Jason,Wright,hoffmanamanda@example.net,Sullivanchester,Fiji,2025-11-15
3706,David,Newman,zachary86@example.org,Martinezview,Canada,2025-07-18
3707,Kimberly,Lopez,douglas26@example.org,North Richard,Cayman Islands,2026-07-03
3708,Elizabeth,Cruz,hward@example.com,South Alexis,Congo,2024-04-16
3709,Keith,Harrington,vanessaward@example.com,Thomasstad,British Indian Ocean Territory (Chagos Archipelago),2025-12-26
3710,Kelly,Rose,coxmisty@example.com,Stevenland,Guatemala,2026-03-20
3711,Brian,Wolfe,ashleysmith@example.com,Port Timothyburgh,Kenya,2025-08-25
3712,David,Williamson,eddiestewart@example.org,Jenniferside,Niue,2023-11-19
3713,Tina,Scott,iberry@example.net,Ericfurt,Netherlands Antilles,2025-02-02
3714,Alex,Weiss,jenniferswanson@example.com,South Hannah,Armenia,2026-06-19
3715,Lisa,Jordan,cynthia90@example.com,Kennethhaven,Philippines,2025-03-03
3716,Mary,Melendez,lisasmith@example.net,Hensleymouth,Martinique,2023-01-17
3717,James,Warner,stephanie27@example.com,Joelport,Belize,2025-12-30
3718,Leslie,Martinez,oscott@example.com,East Jared,Zambia,2025-04-03
3719,Kimberly,Jackson,acannon@example.net,Navarrotown,China,2026-01-02
3720,James,Brown,rparker@example.net,West Elizabeth,Sierra Leone,2023-12-02
3721,Kathleen,Smith,lwilcox@example.com,New Matthewbury,Faroe Islands,2023-05-09
3722,Hannah,Patrick,xmartin@example.net,North Colinmouth,New Caledonia,2025-08-10
3723,Mark,Marsh,uward@example.net,Wardside,Burkina Faso,2024-09-26
3724,Megan,Pace,rasmussenhannah@example.net,West Kimberly,Dominica,2022-11-05
3725,Frank,Jennings,hannahthompson@example.com,Williamport,Brunei Darussalam,2024-02-28
3726,Joshua,Guzman,jeremy11@example.net,Joshualand,Paraguay,2025-06-27
3727,Hailey,Williams,gina79@example.net,Chenmouth,Montenegro,2025-05-05
3728,Aaron,Daniel,christine15@example.net,Samuelville,Iran,2023-10-01
3729,Patrick,Johnson,brightmaria@example.net,Courtneyborough,Cameroon,2024-04-12
3730,Justin,Gibson,stephanie80@example.org,North Davidton,Trinidad and Tobago,2024-10-25
3731,Jeffrey,Bentley,aaron56@example.net,South John,Bulgaria,2025-07-04
3732,Joanna,Mcbride,hlynn@example.com,Lake April,Swaziland,2024-01-23
3733,Amy,Bradshaw,linda04@example.org,New Sandra,Angola,2025-11-12
3734,Joyce,Hoover,katrina06@example.org,Lake Roberto,Mayotte,2026-05-27
3735,David,Baker,rachel22@example.org,West Kimberly,Azerbaijan,2022-10-17
3736,Hannah,Meyer,egraham@example.com,Port Angelamouth,Samoa,2022-10-09
3737,Gerald,Morris,campbelljordan@example.com,New Lori,Togo,2023-06-30
3738,Trevor,Freeman,wheelernicole@example.net,Port Rhondaville,Comoros,2026-04-13
3739,Carly,Taylor,tracyhurley@example.org,Sweeneytown,Macao,2023-09-27
3740,Christopher,Holmes,whitakerdavid@example.org,Lake Danielport,Mozambique,2024-04-10
3741,Sarah,Delgado,murphysharon@example.org,Port Stephanie,Lithuania,2026-02-01
3742,Laura,Wilson,jonathan07@example.com,West James,Suriname,2026-05-15
3743,Andrew,Jackson,walterkristi@example.org,Port Diana,Denmark,2026-02-16
3744,Scott,Smith,aaronwalters@example.org,Lake Vanessa,Lithuania,2025-12-26
3745,Regina,Lara,jason11@example.net,Laurenberg,Kazakhstan,2023-10-09
3746,David,Hester,jennifer40@example.com,Port Sherrihaven,British Indian Ocean Territory (Chagos Archipelago),2025-08-11
3747,Nicole,Jones,carlosrubio@example.org,East Barbara,Guinea-Bissau,2022-12-21
3748,Jessica,Rogers,raymondosborne@example.org,South Cassandra,Micronesia,2023-12-04
3749,James,Koch,vcrane@example.org,Jamesbury,French Southern Territories,2022-10-11
3750,Heather,Lopez,stevenmendoza@example.org,North Wendy,Micronesia,2023-10-31
3751,Christopher,Hoffman,matthew17@example.org,Hammondborough,Singapore,2023-01-12
3752,Curtis,Bauer,robinsonjerry@example.org,West Derrickton,Armenia,2023-06-14
3753,Kelly,Hill,ronald68@example.org,West Chloe,Honduras,2023-07-21
3754,Laura,Smith,mary74@example.org,Lake Josephbury,Congo,2023-05-22
3755,Kimberly,Sullivan,baileybush@example.com,Alexanderville,Panama,2024-02-19
3756,Erika,Ramos,evansgarrett@example.org,Cassieport,Bosnia and Herzegovina,2022-09-21
3757,Melissa,Harris,jodymcneil@example.com,Hudsonchester,Thailand,2023-08-29
3758,Ryan,Humphrey,ymatthews@example.com,Zacharyfurt,Thailand,2022-11-04
3759,Phillip,King,qsullivan@example.net,Danielhaven,Jersey,2023-03-07
3760,Bobby,Hardy,nancy56@example.net,North Mandy,Myanmar,2025-05-24
3761,Larry,Terry,david48@example.net,North Bryan,Micronesia,2026-02-09
3762,Martin,Brown,flemingdebbie@example.com,North Valerie,Gambia,2024-05-06
3763,Carol,Carpenter,andersoncourtney@example.net,Brandonborough,Saint Barthelemy,2023-10-27
3764,Yolanda,Norton,hoffmanrachel@example.com,Gravesside,Tuvalu,2022-11-24
3765,James,Patterson,holderallison@example.com,Laurenfort,Anguilla,2022-11-04
3766,Edward,Sanders,stephen06@example.com,New Jeremybury,Gabon,2025-06-27
3767,Lisa,Roy,conwayregina@example.org,Kristentown,Guinea-Bissau,2024-08-14
3768,Keith,Arnold,loweanthony@example.net,North Ashlee,New Zealand,2025-08-11
3769,Mary,Shepherd,patricia97@example.net,South Trevormouth,Russian Federation,2022-11-08
3770,Kevin,Jackson,smithdebra@example.org,Lake Jenniferside,Palau,2023-07-03
3771,Brittany,Herrera,moorematthew@example.org,South Austinfort,British Virgin Islands,2025-02-27
3772,Michael,Williams,hansontrevor@example.org,North Williammouth,Ireland,2025-10-12
3773,Laura,Hall,jacquelinecampbell@example.net,West Christopherchester,Western Sahara,2025-07-13
3774,Kevin,Thompson,sherrihaley@example.org,West Jeffrey,Uruguay,2024-11-27
3775,Christy,Collins,sandramoss@example.org,Dixonbury,Grenada,2022-08-28
3776,Henry,Olsen,timothyphillips@example.net,North Nicoleville,Kyrgyz Republic,2026-06-03
3777,Nathaniel,Mccullough,teresa46@example.net,New Peter,Mexico,2023-10-07
3778,Mary,Zimmerman,amandaramirez@example.net,East Michaelstad,Marshall Islands,2025-12-25
3779,Dustin,Small,oscar45@example.org,Troyburgh,Mozambique,2022-12-28
3780,Kathy,Rodriguez,kelleylouis@example.org,Robertsborough,Iraq,2024-03-13
3781,Eric,Mason,chloe17@example.com,Lestershire,Svalbard & Jan Mayen Islands,2025-10-15
3782,Haley,Estrada,ibraun@example.org,Phillipsbury,Thailand,2024-02-16
3783,Samantha,Smith,jessica88@example.net,Anthonyhaven,Chad,2026-05-02
3784,Alexander,Garcia,rmitchell@example.org,Karenborough,North Macedonia,2025-01-17
3785,Michael,Garcia,misty17@example.net,North Melissa,Haiti,2023-02-02
3786,Terrence,Byrd,gbarajas@example.net,South Manuel,Ecuador,2025-12-08
3787,Stacy,Clark,rdavis@example.com,West Tiffany,Peru,2025-10-04
3788,Debra,Palmer,amullins@example.org,Lake Deanport,Italy,2024-07-15
3789,Nicole,Vargas,michaelbates@example.com,East Alexander,India,2025-11-24
3790,David,Wiggins,avilaemily@example.net,South Henry,Mauritania,2022-11-11
3791,Kristen,Gutierrez,petersonjimmy@example.org,North Thomasberg,Haiti,2024-11-11
3792,Preston,Reyes,bjohnson@example.com,West Michaelfort,Reunion,2026-02-26
3793,Nancy,Aguilar,suarezjennifer@example.org,Deanberg,Malawi,2024-11-28
3794,Miguel,Elliott,vpacheco@example.net,Grayton,Serbia,2024-03-14
3795,Jennifer,Cobb,pking@example.org,East Tamaraside,Equatorial Guinea,2025-01-28
3796,Noah,Carroll,patricia13@example.com,Youngview,Mauritius,2026-06-13
3797,Samantha,Hayes,elizabethespinoza@example.org,Jadestad,Nauru,2024-06-11
3798,Elaine,Mcpherson,coxchad@example.net,Lyonsmouth,Andorra,2023-10-09
3799,Amber,Merritt,ecannon@example.com,South Johnfort,Tanzania,2025-11-16
3800,Christine,Morris,kimberlymullen@example.net,Blevinshaven,Jersey,2022-12-30
3801,Cynthia,Osborn,osims@example.com,Harrellton,Martinique,2023-01-10
3802,Matthew,Rose,jeffrey86@example.org,East Karenmouth,Trinidad and Tobago,2024-04-29
3803,Debra,Foster,nataliejohnson@example.org,New Christopherchester,Saint Kitts and Nevis,2025-10-02
3804,Jennifer,Daniels,bethanyshaw@example.org,West Pamela,Chile,2024-04-11
3805,Cheryl,Orr,natalie68@example.net,Mindyburgh,Slovenia,2023-04-25
3806,Courtney,West,ilevine@example.com,Glennbury,Faroe Islands,2022-11-18
3807,Alexander,Hayes,jacqueline65@example.com,Port Joan,Pakistan,2023-05-01
3808,Patricia,Thompson,cmonroe@example.org,Danielton,Tuvalu,2024-01-14
3809,Colin,Medina,nicholasclay@example.com,New Joseph,Guernsey,2024-10-14
3810,John,Guerra,lori85@example.com,North Trevor,Morocco,2024-07-06
3811,Cheryl,Larson,ocolon@example.net,Lake Vanessaport,Ethiopia,2024-03-15
3812,John,Mathis,eileenlogan@example.net,East Robinport,Haiti,2025-10-29
3813,Dennis,Jones,summersstephen@example.org,Port Andrew,Gabon,2026-07-28
3814,Shelley,Jones,alexanderking@example.com,Katherinemouth,Australia,2022-11-27
3815,Brandon,Miller,maryjones@example.org,Patrickside,Iraq,2025-12-27
3816,Charles,Hanson,carolynwright@example.org,Jacksonmouth,Hungary,2023-07-09
3817,Christopher,Robertson,deniseadams@example.org,Taylorberg,Cyprus,2023-04-11
3818,Kristin,Ramirez,willischeryl@example.com,Medinafurt,Algeria,2024-08-11
3819,Rachael,Williams,terri74@example.net,Richardshire,India,2024-07-31
3820,Amanda,Sanders,summersryan@example.com,Wangfurt,United States of America,2023-07-21
3821,Mario,Bryant,lanejoshua@example.com,Michaelmouth,Iraq,2023-10-23
3822,Kelly,Rodriguez,calderonsharon@example.org,Timothyfurt,New Zealand,2023-06-12
3823,Carrie,Robinson,kristina87@example.org,East Jennifer,Andorra,2025-12-19
3824,Lindsay,Carroll,rbenjamin@example.net,Kathleenchester,Uzbekistan,2023-01-27
3825,Clayton,Johnson,parkerharry@example.net,Hubbardmouth,Iran,2026-06-14
3826,Jacqueline,Woodward,simsamy@example.com,Marthafurt,Guatemala,2023-02-07
3827,Carolyn,Sandoval,ysimpson@example.com,West Melinda,Ecuador,2022-12-07
3828,Maria,Koch,matthew83@example.com,Jonathanside,British Indian Ocean Territory (Chagos Archipelago),2023-09-22
3829,Justin,Mejia,michellewalker@example.net,Loganhaven,Tonga,2025-03-25
3830,David,Avila,nicholascarey@example.net,East Allenborough,Vanuatu,2026-01-11
3831,Andrea,Johnson,phillip68@example.net,New Lisabury,Seychelles,2024-04-03
3832,James,Kennedy,rebeccagriffin@example.net,North Carol,Fiji,2024-03-18
3833,Terri,Bond,taylorpatrick@example.net,East Matthew,British Indian Ocean Territory (Chagos Archipelago),2025-12-07
3834,Nancy,Hartman,raymondstevens@example.org,Duncanshire,Chile,2024-08-22
3835,Danny,Mcdonald,hughesmary@example.net,North Elizabeth,Turkmenistan,2024-09-08
3836,Katelyn,Baker,stokesjennifer@example.org,Emilyview,Myanmar,2023-05-22
3837,Sheila,Thomas,brianalexander@example.org,West Lawrence,Cuba,2023-04-02
3838,Sherri,Allison,christine06@example.com,New Lisaville,Guatemala,2026-07-27
3839,Brett,Klein,wgriffith@example.org,South Brian,Solomon Islands,2023-10-10
3840,Erin,Pitts,lindseychristopher@example.net,New Kimberlyhaven,Nepal,2026-03-01
3841,Christopher,Howell,taylorfelicia@example.net,Lake Jerryburgh,Armenia,2022-08-24
3842,Tracey,Crosby,anne00@example.net,Woodburgh,Romania,2024-04-09
3843,Donald,Flores,carlos10@example.com,New Matthew,Hungary,2025-04-04
3844,Aaron,Middleton,shannon78@example.net,East Amberport,Eritrea,2022-12-23
3845,David,Coleman,marshalljared@example.org,Susanberg,Puerto Rico,2023-02-01
3846,Joseph,Smith,daviskenneth@example.net,East Danny,Jersey,2025-12-03
3847,Laura,Lawson,richardrussell@example.net,Wilsonfort,Christmas Island,2025-12-31
3848,Katherine,Allen,branchkenneth@example.net,West Maryfurt,Eritrea,2023-03-21
3849,Cheryl,Anthony,hamiltondaniel@example.net,Knappville,Czech Republic,2024-03-01
3850,Mark,Nichols,rebeccapham@example.org,Thompsontown,Finland,2023-07-05
3851,Janet,Wright,william50@example.com,Dennisshire,Mauritius,2024-09-09
3852,James,Hicks,melissarodriguez@example.net,Ethanport,Sao Tome and Principe,2025-03-28
3853,Jamie,Hudson,austinanita@example.org,South Justintown,Saint Lucia,2026-04-14
3854,Meredith,Henderson,zimmermanrhonda@example.com,South Jennifer,Andorra,2023-12-16
3855,Anthony,Goodwin,ewilliamson@example.org,East Cynthia,Latvia,2022-09-15
3856,Harry,Taylor,bsandoval@example.com,Evansview,Saudi Arabia,2024-07-28
3857,Laura,Watson,haleryan@example.com,Savagechester,Haiti,2026-06-25
3858,Jacob,Taylor,brandon76@example.org,West James,Sudan,2025-11-18
3859,Julia,Stewart,hartjay@example.net,East Dianaland,Gibraltar,2025-03-28
3860,Zachary,Smith,briandiaz@example.org,North James,Botswana,2025-09-25
3861,Jerry,Reed,xrivera@example.net,South Christopher,Martinique,2022-11-26
3862,Teresa,Hernandez,taylormeredith@example.org,New Michelleton,Tunisia,2024-07-24
3863,Darlene,Friedman,clarkcynthia@example.net,Matthewview,Serbia,2023-11-20
3864,Anna,White,hopkinscharles@example.com,Taylorfurt,Panama,2023-05-29
3865,Maurice,Daniel,erika60@example.net,New Jeffrey,Guam,2023-07-02
3866,Deborah,Hartman,kenneth49@example.net,West Sierra,French Guiana,2023-12-29
3867,Kimberly,Key,smithkara@example.org,Brendaton,Fiji,2022-11-24
3868,Zoe,Manning,adam71@example.org,New Sethview,Hong Kong,2025-09-28
3869,Jessica,Gonzalez,butlersamuel@example.com,South Daniel,Kazakhstan,2025-01-06
3870,Michelle,Glover,chapmanraymond@example.net,Port Stacyfurt,Cocos (Keeling) Islands,2023-07-31
3871,Michael,Kennedy,xwilliamson@example.net,East Dale,Myanmar,2022-09-15
3872,Dillon,Brown,millerjuan@example.net,East John,British Virgin Islands,2025-11-01
3873,Jennifer,Perez,andre71@example.com,Kevinhaven,Montenegro,2024-12-17
3874,Katherine,Campbell,imartinez@example.net,Hortonburgh,France,2022-11-01
3875,James,Fox,joshua82@example.net,Galvanmouth,Svalbard & Jan Mayen Islands,2025-09-11
3876,Steve,Jackson,joelkelley@example.org,Alyssachester,Dominica,2026-02-25
3877,Tracy,Yates,lisa67@example.com,East Taylorbury,Saint Barthelemy,2025-06-25
3878,Jesse,Mejia,castillodavid@example.org,South Melindafurt,Nauru,2026-07-27
3879,Taylor,Reynolds,andrewjohnson@example.org,Leefort,Bhutan,2023-10-07
3880,Haley,Frazier,victoriabarr@example.com,New Andrew,Saint Vincent and the Grenadines,2025-08-24
3881,Patrick,Reeves,kent85@example.com,Paulmouth,Kiribati,2023-10-22
3882,Joshua,Simon,dylanbrowning@example.org,West Brenda,Cape Verde,2025-11-27
3883,Scott,Bryant,qjacobson@example.net,North Sarah,Guatemala,2025-01-16
3884,Regina,Nguyen,pattersonrandy@example.net,Port Biancaport,Bouvet Island (Bouvetoya),2025-12-02
3885,Margaret,Anderson,drewkelly@example.net,New Valerie,Guinea-Bissau,2024-02-03
3886,Juan,Bailey,jason67@example.com,Port Jenniferburgh,Guinea-Bissau,2025-02-03
3887,Tim,Richards,luis24@example.net,New Denise,India,2025-10-29
3888,Gregory,Castillo,lawrence79@example.org,South Ashleyport,Turks and Caicos Islands,2023-09-03
3889,Robert,Baker,hjohnson@example.org,Dianeshire,Moldova,2025-10-01
3890,Cory,Hansen,holderbrian@example.org,North Heatherfurt,Yemen,2024-08-09
3891,Alyssa,Meyer,stanleykelsey@example.net,Pooleborough,Anguilla,2025-12-29
3892,Joshua,Adams,jdiaz@example.org,South Brittanybury,Comoros,2023-06-24
3893,Jason,Adkins,jquinn@example.com,Tammyland,Kenya,2023-02-15
3894,Meghan,Townsend,sarahking@example.org,North Robert,United States Minor Outlying Islands,2022-09-02
3895,Steven,Gibbs,elizabeth44@example.net,East Lisabury,Saudi Arabia,2023-11-01
3896,Brenda,Harris,rayjimmy@example.org,South Jeremy,Isle of Man,2024-08-26
3897,Jessica,Ryan,lisa16@example.org,New Tracy,Burkina Faso,2024-10-19
3898,Craig,Thomas,rodriguezsamantha@example.org,Angelaland,Tuvalu,2026-04-06
3899,Richard,Acosta,weekskelly@example.com,Flemingfurt,Svalbard & Jan Mayen Islands,2025-12-31
3900,Jessica,Keller,loritorres@example.org,Mclaughlinstad,Bouvet Island (Bouvetoya),2023-05-08
3901,Joseph,Duarte,kevinalvarado@example.org,New Nicoleville,Taiwan,2025-04-03
3902,Patrick,Schmidt,howardberry@example.com,East Donald,El Salvador,2024-02-25
3903,Jacob,Young,mpatton@example.com,Brooksport,Botswana,2023-10-09
3904,Amy,Fisher,gregory30@example.org,Jeremyborough,Lao People's Democratic Republic,2026-01-11
3905,Christopher,Hammond,jeremy10@example.com,New Seanberg,Panama,2025-01-18
3906,Christopher,Williams,dkirby@example.net,West Joseport,Colombia,2025-03-27
3907,Colleen,Adkins,ytorres@example.net,Lake Melanie,Malaysia,2023-06-04
3908,Vanessa,Thompson,jay47@example.com,Austinbury,United Kingdom,2026-05-08
3909,David,Harrington,davismarcus@example.org,Kimburgh,New Caledonia,2025-11-05
3910,Jennifer,Murillo,lindsaygilbert@example.net,Jessicaview,Andorra,2022-11-15
3911,Michele,Harvey,wendy59@example.com,South April,Iraq,2024-04-29
3912,David,Oconnell,wwilliams@example.com,New Carol,Tunisia,2025-07-18
3913,Brittney,Chavez,reidangela@example.net,North Laurenbury,Seychelles,2024-12-19
3914,Jerry,Ryan,mccarthyjordan@example.org,Johnview,China,2025-06-26
3915,Adam,Pitts,joshua41@example.org,East Mariastad,Costa Rica,2025-07-24
3916,Hannah,Campbell,marissa29@example.com,South Kelly,Japan,2025-05-21
3917,Adam,Cox,byrdlindsay@example.org,South Travismouth,Svalbard & Jan Mayen Islands,2026-03-27
3918,Michelle,Henry,celliott@example.org,Lake Michelle,Malaysia,2025-12-12
3919,Nicole,Rosario,wanda70@example.org,Vernonmouth,Gibraltar,2023-12-27
3920,Jessica,Malone,nguyencarmen@example.com,East Saramouth,Bhutan,2025-11-18
3921,Gregory,Williams,mcneiljesse@example.net,New Nathaniel,Saudi Arabia,2025-08-02
3922,David,Ross,johnsonnicole@example.net,Woodside,Guyana,2023-09-22
3923,Maurice,Hill,lcooper@example.org,South Jeremymouth,Mongolia,2023-10-28
3924,Kathryn,Lee,wyattashley@example.net,Kyleshire,Djibouti,2026-01-28
3925,April,May,ypeterson@example.com,Williamsville,Kenya,2024-11-12
3926,Anthony,Bennett,woodaaron@example.org,Curtisland,Netherlands Antilles,2022-08-13
3927,Jonathan,Morales,nicholashaas@example.com,Lake Patrick,Mayotte,2024-11-25
3928,Kim,Taylor,briggsrobert@example.net,Richardland,Tuvalu,2025-06-13
3929,Kelly,Haas,kcollins@example.net,Herreraville,El Salvador,2025-04-17
3930,Jacob,Schultz,npeters@example.org,West Brianna,Svalbard & Jan Mayen Islands,2025-09-29
3931,Judy,Thompson,jessicahamilton@example.com,East Jerryberg,South Georgia and the South Sandwich Islands,2024-02-29
3932,Marie,Jenkins,lopezkristen@example.com,Port Frankton,China,2025-04-20
3933,Michelle,Day,justin59@example.net,Sullivanborough,Cocos (Keeling) Islands,2025-04-05
3934,Rhonda,Turner,kaylajackson@example.net,South Adam,Fiji,2025-10-14
3935,Tyler,Dodson,scott91@example.org,Port Angelafort,Thailand,2026-04-26
3936,Ricardo,Washington,bradley39@example.com,Edwardsberg,Cote d'Ivoire,2024-09-30
3937,Ariana,Meyers,etaylor@example.net,Port Craig,San Marino,2025-11-27
3938,Tracy,Middleton,yestes@example.org,Maryborough,Saint Pierre and Miquelon,2026-06-29
3939,James,Guzman,teresa33@example.org,Carterfurt,Haiti,2025-04-22
3940,James,Taylor,mmccarthy@example.com,Justinmouth,Cape Verde,2023-01-05
3941,Brandon,Powell,ajohnson@example.com,Jadefurt,Lao People's Democratic Republic,2024-07-31
3942,Tyler,Williams,danielporter@example.com,Lake Vanessamouth,Vietnam,2024-07-12
3943,Michelle,Fernandez,wangleslie@example.org,North Randymouth,San Marino,2025-03-12
3944,Teresa,Miller,thompsonjasmine@example.org,South Matthew,Nauru,2024-03-05
3945,Kathryn,Lee,daisy61@example.com,East Garrettmouth,Mozambique,2023-10-02
3946,Sarah,Combs,hughesrenee@example.net,North Lisa,Netherlands Antilles,2023-07-25
3947,Jessica,Riley,aguilarandrea@example.net,Hickmanport,Christmas Island,2025-08-27
3948,Jennifer,Ellis,jordancarolyn@example.net,Lake Taramouth,Ecuador,2023-10-13
3949,Donald,Hughes,simpsonalbert@example.org,West Traceyborough,Congo,2024-06-12
3950,Dawn,Edwards,xgonzalez@example.net,Hughesshire,Antigua and Barbuda,2022-12-09
3951,Angela,Scott,timothy51@example.net,Port Stephen,Saint Kitts and Nevis,2026-01-25
3952,Jason,Johnson,xramirez@example.net,New Paul,Congo,2026-06-30
3953,Annette,Carr,michellesweeney@example.org,East Katrina,Haiti,2025-12-16
3954,Shawn,Daugherty,daniel05@example.org,Fostertown,Georgia,2026-02-16
3955,Janice,Gomez,melaniebryant@example.com,Lake Stanley,Guam,2022-11-05
3956,Latoya,Smith,bowmanjonathan@example.net,Graymouth,Switzerland,2022-11-24
3957,Angela,Phillips,victoriagreen@example.net,Goldenton,Seychelles,2025-08-22
3958,Brittany,Lewis,oblack@example.org,Stantonport,Marshall Islands,2025-09-11
3959,Travis,Conrad,vegabrandy@example.com,Gonzalezborough,Poland,2024-05-30
3960,Brian,Chung,acastillo@example.com,Lake Tyler,Iraq,2023-06-17
3961,Steven,Jackson,careybrian@example.com,North Mary,Ireland,2026-03-18
3962,Justin,Larsen,ztorres@example.org,Wheelerside,Angola,2026-05-22
3963,Matthew,Banks,jjones@example.net,Port Jessica,San Marino,2025-10-13
3964,Kelly,Walker,wyork@example.org,Crawfordshire,Cocos (Keeling) Islands,2025-01-10
3965,Victor,Holloway,mullinsbrandi@example.org,South Johnchester,Saint Martin,2023-08-07
3966,Martin,West,michaelfields@example.net,Tiffanyhaven,Mayotte,2025-04-14
3967,Robert,Moore,sonya60@example.com,Smithtown,Angola,2026-01-25
3968,Justin,Woods,morganamy@example.org,New Elizabethstad,Saudi Arabia,2024-10-08
3969,Shelby,Miller,tbarker@example.org,Lake Victorfort,Guyana,2024-01-27
3970,Madeline,Dillon,tfischer@example.com,North Yvonne,American Samoa,2023-09-12
3971,Robert,Smith,debbiemccoy@example.net,Gibsonshire,Lao People's Democratic Republic,2024-04-01
3972,Karen,Sanders,bakerchristopher@example.org,Rogersport,United Kingdom,2024-11-15
3973,Renee,Fowler,andreahumphrey@example.org,Adamtown,Jamaica,2024-03-28
3974,Todd,Taylor,fordangela@example.net,Christianshire,Denmark,2024-07-05
3975,Judith,Bell,danielrogers@example.org,Stoneland,Russian Federation,2026-03-15
3976,Kelly,Williams,ericfisher@example.com,North Nicolechester,New Zealand,2023-11-14
3977,William,Vincent,matthew59@example.com,East Audrey,Grenada,2024-10-18
3978,Frank,Reyes,melanie05@example.com,Deniseview,Saint Martin,2024-10-11
3979,Michael,Castillo,tonymorrow@example.org,Jordanside,Faroe Islands,2023-08-27
3980,Christopher,Huffman,jennifer63@example.org,North Timothy,Cote d'Ivoire,2025-04-21
3981,Heather,Patterson,hayden85@example.org,Tylermouth,Chad,2026-01-09
3982,Kevin,Clark,hardybailey@example.org,Jeremyshire,United Arab Emirates,2025-03-08
3983,William,Wallace,josephmorgan@example.org,Lake Patriciastad,Chad,2024-06-03
3984,Jose,Gonzales,ericwatkins@example.net,Hebertstad,Norfolk Island,2025-07-30
3985,Paul,Torres,juan55@example.net,Josephbury,Cameroon,2025-07-15
3986,Justin,Frazier,campbellray@example.net,West Dillon,Cambodia,2023-05-14
3987,Jennifer,Weaver,tclark@example.org,Riggsburgh,Turkey,2026-07-13
3988,Denise,Bird,gwright@example.net,Wernerbury,Iraq,2023-07-08
3989,Claire,Garcia,webbclinton@example.net,New Marcusport,Bahrain,2026-07-06
3990,Christopher,Johnson,tina02@example.org,Kimbury,Nauru,2026-04-28
3991,Brett,Mitchell,jonesheidi@example.org,East Heatherport,Kazakhstan,2025-05-18
3992,Kimberly,Ewing,hstewart@example.net,Jessicaside,Bermuda,2026-07-26
3993,Tiffany,Mccoy,scottanthony@example.org,Rodriguezshire,United Arab Emirates,2022-11-01
3994,Jeremy,Rich,lopezcrystal@example.org,Santosland,Cote d'Ivoire,2025-07-22
3995,Kevin,Moreno,hillluis@example.com,Hollyshire,Vietnam,2024-09-26
3996,Samantha,Stafford,patriciabeck@example.com,Port Nicolemouth,Niger,2023-09-05
3997,Laura,Cherry,whill@example.com,East Daniel,Madagascar,2022-10-17
3998,Patrick,Brown,larakelsey@example.net,East Jennifer,Korea,2023-10-30
3999,Thomas,Andrade,kristencurtis@example.com,East Stephanieview,Netherlands Antilles,2022-10-01
4000,Amy,Clements,omartinez@example.com,Lake Antonio,Bulgaria,2026-08-03
4001,Brian,King,msexton@example.net,South Tonya,Bolivia,2026-03-31
4002,Matthew,Carroll,ramirezmelissa@example.com,Lake Sarah,Albania,2026-03-29
4003,Christopher,Perry,mhampton@example.net,West Eric,Liberia,2023-03-15
4004,Nicole,Delacruz,eric03@example.com,West Christineburgh,Barbados,2025-03-12
4005,Vincent,Roth,suarezrandall@example.com,East Matthewside,Poland,2025-08-22
4006,Kimberly,Daniels,daniel64@example.org,West Mariah,Congo,2023-10-31
4007,Maria,Williams,aliciahowe@example.net,Ericfort,Marshall Islands,2025-01-10
4008,Catherine,Anderson,david68@example.org,Lake Ricardomouth,Monaco,2026-03-02
4009,Ashley,Mason,philip52@example.org,East Gary,Djibouti,2023-09-10
4010,Carl,Gibson,triciasmith@example.com,Hernandezport,Barbados,2025-01-23
4011,Johnny,Hunter,zbest@example.org,Burnsbury,British Indian Ocean Territory (Chagos Archipelago),2026-03-26
4012,Ebony,Oneill,scottpeterson@example.com,South Geraldstad,Heard Island and McDonald Islands,2022-08-15
4013,Sharon,Haley,amanda62@example.org,East Randystad,Saint Pierre and Miquelon,2024-02-18
4014,Lauren,Jensen,howard35@example.com,Billyberg,Tokelau,2023-07-18
4015,Bobby,Williams,sean83@example.net,Anthonyside,Russian Federation,2024-01-30
4016,Melanie,Cox,loliver@example.com,Schultzburgh,Monaco,2026-07-12
4017,Jennifer,Brooks,barretteric@example.net,Lisaview,Sudan,2026-05-23
4018,Teresa,Chapman,vrogers@example.com,New Jenniferport,Gibraltar,2024-11-24
4019,Brenda,Scott,crystal77@example.com,North Jamie,Guinea-Bissau,2023-11-21
4020,Monique,Black,zachary56@example.com,Howebury,Guinea-Bissau,2023-03-14
4021,Teresa,Ross,michael49@example.com,Maystad,Colombia,2025-03-28
4022,Wendy,Ross,chad29@example.net,New Christopherbury,Lao People's Democratic Republic,2023-12-09
4023,Sharon,Evans,ysmith@example.org,Carterville,Saint Martin,2023-12-11
4024,James,Price,tyler26@example.org,East Chelseaview,Bosnia and Herzegovina,2026-06-20
4025,Cynthia,Garcia,solismichael@example.com,Kennethview,Palestinian Territory,2025-03-30
4026,Benjamin,Brown,cjenkins@example.net,East Blakeburgh,British Virgin Islands,2023-02-22
4027,Michelle,Leach,huntpaul@example.com,South Williamchester,Pitcairn Islands,2024-05-02
4028,Susan,Williams,autumnwest@example.com,Vincentmouth,Ghana,2022-12-13
4029,Justin,Moss,matthewproctor@example.com,Charlesburgh,Mauritania,2024-09-13
4030,Debra,Villanueva,olee@example.net,West Danielle,Kyrgyz Republic,2026-02-10
4031,Michael,Molina,thomasbrandy@example.com,New Linda,Lao People's Democratic Republic,2025-09-21
4032,Tiffany,Johnson,teresarobinson@example.com,New Leonard,Mongolia,2025-06-12
4033,Sarah,Parks,shannonaustin@example.net,Beckerborough,Costa Rica,2025-11-20
4034,Stacy,Watson,kimberlybonilla@example.com,New Emily,Guinea-Bissau,2023-11-19
4035,Kevin,Chaney,guerrerostephanie@example.net,Barbaraview,Jordan,2023-04-04
4036,Marcus,Jackson,barrypage@example.net,New Stephanie,Tonga,2025-04-07
4037,Casey,Pace,alex83@example.net,Andersonmouth,Lesotho,2022-10-12
4038,Connor,Williams,grimeszachary@example.net,Lake Gabrielleburgh,Norway,2026-04-12
4039,Taylor,Haas,allisondalton@example.org,Lake Christophershire,Palestinian Territory,2025-03-22
4040,James,Castillo,mjones@example.com,Port Mitchellmouth,Nigeria,2025-08-02
4041,James,Rojas,seanbrown@example.net,Andrewfort,Vietnam,2023-12-14
4042,Charles,Johnson,halljessica@example.org,West Spencer,Bermuda,2026-03-10
4043,Jonathan,Sandoval,lauren33@example.com,South Michael,Mauritius,2026-06-23
4044,Debra,Kennedy,barrymueller@example.com,Kellyburgh,Papua New Guinea,2025-09-10
4045,Kenneth,Greer,manuel78@example.com,Port Christina,South Georgia and the South Sandwich Islands,2025-01-22
4046,Dana,Romero,paula48@example.org,East Randall,Kazakhstan,2023-10-10
4047,Alexander,Small,penagail@example.com,South Nicolestad,Kiribati,2025-05-26
4048,Anna,Sullivan,anna40@example.net,Danielton,Suriname,2025-06-15
4049,Holly,Anderson,briannawatson@example.net,Lake Paul,Andorra,2023-06-01
4050,Christopher,Richardson,athompson@example.net,Jeffreytown,Tokelau,2023-05-14
4051,Margaret,Johnson,carolyn07@example.org,Campbellfort,Hungary,2022-10-14
4052,Dennis,Nguyen,ashley89@example.com,East Annhaven,Ghana,2024-07-05
4053,Steven,Jackson,rthompson@example.org,Leebury,Singapore,2024-04-12
4054,Charles,Peterson,amber70@example.org,Amytown,Iceland,2022-11-07
4055,Nicole,Evans,danielwebb@example.net,North Brittany,Bouvet Island (Bouvetoya),2025-05-10
4056,Christopher,Mullen,kendraburton@example.net,South Sarahshire,Guernsey,2025-10-30
4057,Aaron,Douglas,jeffreyfranklin@example.org,Lake Whitney,Tuvalu,2026-07-19
4058,Margaret,Poole,qjohnson@example.org,Kylieton,Congo,2022-08-23
4059,Timothy,Edwards,danielle62@example.net,Gordonside,Tajikistan,2025-11-14
4060,Joshua,Powell,copelandjohn@example.org,Cohentown,Guadeloupe,2025-11-21
4061,Crystal,Taylor,leegillespie@example.com,Lake Timothy,Micronesia,2023-01-30
4062,Frances,Rivera,wrightmichael@example.com,Larryfurt,Croatia,2023-01-05
4063,Adrian,Mitchell,gregorywalker@example.com,Susanfort,Gibraltar,2024-05-22
4064,Michael,Smith,hmyers@example.com,Lake Paulview,Liechtenstein,2023-01-17
4065,Mark,Chapman,shelleypoole@example.com,New Dominique,Central African Republic,2024-01-17
4066,Vanessa,Medina,ashleyayala@example.net,Michaelside,Taiwan,2023-01-18
4067,David,Rogers,patriciarobinson@example.org,West Jennifershire,Austria,2026-03-30
4068,Rachel,King,ecochran@example.org,New Ryanport,Ethiopia,2023-02-09
4069,Duane,Evans,laura81@example.com,New Karen,Mexico,2026-07-23
4070,Steven,Brewer,allison02@example.org,South Brianview,Denmark,2024-04-03
4071,Erin,Griffin,john63@example.com,Hernandezmouth,Zambia,2022-12-29
4072,Lauren,Williams,rbrown@example.org,Kelleyberg,Luxembourg,2025-07-13
4073,Kimberly,Burke,pattersonchristine@example.org,East Loriport,South Georgia and the South Sandwich Islands,2023-01-09
4074,Kenneth,Moreno,jonesjessica@example.org,West Ryanland,Cuba,2025-06-27
4075,Douglas,Kirby,andersonchristopher@example.com,Amberland,Ukraine,2024-06-28
4076,Jose,Rhodes,vmaldonado@example.com,Murraybury,Poland,2026-04-02
4077,Robert,Stein,melissalewis@example.net,Darrellfort,Lithuania,2026-07-02
4078,Karen,Hernandez,djames@example.org,South Roberttown,Chile,2022-11-18
4079,Jonathan,Burton,millerjennifer@example.org,Brownhaven,Congo,2024-01-19
4080,Michael,Robinson,michaelcunningham@example.net,South Dawn,Zambia,2023-11-20
4081,Kim,Fisher,haynesdonna@example.net,West Phillip,Western Sahara,2025-12-20
4082,Courtney,Brown,jason69@example.org,Lake Daniel,Venezuela,2025-07-03
4083,Gene,Roy,mitchelljames@example.com,North Johntown,Taiwan,2025-08-02
4084,Lindsey,Harris,despinoza@example.net,Kayleechester,Timor-Leste,2024-04-10
4085,Eric,Chavez,xvega@example.net,North Lisa,India,2022-12-25
4086,Michael,Blevins,benjaminjohnson@example.net,West Courtneyborough,Estonia,2023-12-08
4087,Katie,Mejia,vmurphy@example.net,Port Nicholas,French Guiana,2023-11-02
4088,Dustin,Rogers,heatherkane@example.com,Katherineberg,Bangladesh,2022-09-01
4089,Jennifer,Torres,jackie68@example.net,Marissabury,Tanzania,2026-07-24
4090,Sue,Evans,paul83@example.com,Port Angelafort,Guinea,2025-09-23
4091,Allison,Campbell,garciaerika@example.org,Paulaberg,Brazil,2023-04-02
4092,Cory,Brown,kparker@example.com,New Justin,Kiribati,2025-08-06
4093,Kathleen,Carter,luke11@example.org,Lake Meganberg,Haiti,2023-04-01
4094,Cindy,Avery,qcooper@example.org,Dawnstad,Russian Federation,2023-05-20
4095,John,Jackson,angela74@example.net,Colleenshire,Vanuatu,2024-05-24
4096,Robert,Perez,patrickpatel@example.net,Meyersfurt,Philippines,2024-10-15
4097,Christopher,Daugherty,zshort@example.com,South Christopher,Bulgaria,2024-02-25
4098,Larry,Moody,medinajimmy@example.com,Wolffort,Ukraine,2026-02-25
4099,Claudia,Hammond,yray@example.net,West Robertfurt,Palestinian Territory,2023-02-12
4100,Laura,Daniels,angelacollins@example.com,Davistown,United States Minor Outlying Islands,2023-10-16
4101,Robert,Brown,karen61@example.org,Port Paul,Qatar,2023-06-02
4102,Brian,Best,wiselinda@example.net,Garyport,Tuvalu,2024-04-14
4103,Judy,Burgess,flowersholly@example.org,Larrytown,United Arab Emirates,2024-09-21
4104,Bobby,Jordan,kluna@example.com,Port Ernestport,Netherlands,2023-06-11
4105,Gail,Martin,ianwilliams@example.com,Jenniferfurt,Saint Pierre and Miquelon,2024-09-27
4106,Kimberly,Meza,flemingchristopher@example.com,Deniseburgh,Cayman Islands,2026-01-14
4107,Thomas,Morales,leon20@example.net,North Rebeccamouth,Hong Kong,2025-07-25
4108,Leslie,Richardson,petersshelly@example.com,North Darrylstad,Saint Helena,2024-12-31
4109,Justin,Case,carpenterveronica@example.org,Vickietown,Panama,2024-09-26
4110,Cathy,Brown,vanessa56@example.org,Shannonville,Peru,2025-10-21
4111,Derrick,Hall,aortiz@example.net,Port Michaelton,Nauru,2024-07-13
4112,Alison,Lang,jeanettecole@example.org,Reedton,Reunion,2023-03-18
4113,Wayne,Lambert,willislinda@example.org,Port Matthewborough,Grenada,2025-06-21
4114,David,Griffin,josecarpenter@example.org,North Sarah,Armenia,2025-07-08
4115,Drew,Miller,pfoster@example.net,Michaelstad,Bosnia and Herzegovina,2025-07-23
4116,Walter,Hall,robertsmith@example.org,Victorfort,Algeria,2026-06-21
4117,Cheryl,Woodard,smithryan@example.org,Charlesberg,Uganda,2023-01-07
4118,Raven,Martin,david34@example.net,Edwardhaven,Kazakhstan,2023-02-26
4119,Christine,Vincent,rbooker@example.com,Smithside,Mexico,2023-12-07
4120,Robert,Olson,stacyperez@example.com,East Jacquelinetown,Congo,2025-05-16
4121,Stacey,Rivas,michaelhaley@example.org,Sanchezfort,Croatia,2026-01-10
4122,Barbara,Nelson,jrowe@example.com,Duncanview,Saint Martin,2026-06-28
4123,Jeffrey,Avila,andrewjackson@example.com,Taylorbury,Holy See (Vatican City State),2025-06-28
4124,Alyssa,King,mvillarreal@example.com,Collinshaven,Taiwan,2025-04-04
4125,Michelle,Nixon,oaustin@example.net,Port Robert,Oman,2025-05-23
4126,Grace,Fischer,david70@example.com,East Tylermouth,Andorra,2024-04-07
4127,Samantha,Kim,timothyclements@example.com,Mcdonaldborough,South Africa,2024-05-21
4128,Joseph,Jackson,atkinsjustin@example.net,Johnchester,Kyrgyz Republic,2024-07-09
4129,John,Wright,awheeler@example.com,South Lauratown,El Salvador,2023-08-01
4130,Stacy,Romero,sgonzales@example.org,Butlerberg,Heard Island and McDonald Islands,2025-09-11
4131,Kathleen,Farrell,bridgeskristin@example.com,Pamelaton,Saudi Arabia,2023-09-23
4132,Sherry,Gonzalez,patty88@example.org,Griffinhaven,Sudan,2022-09-22
4133,Dennis,Mckinney,catherinesummers@example.net,East Elizabeth,Guinea-Bissau,2023-08-16
4134,Lisa,Davidson,uweiss@example.org,North Raymondhaven,Greece,2026-03-15
4135,Kyle,Powers,crystal30@example.net,New Caitlin,Liechtenstein,2026-03-19
4136,Ryan,Brown,ryang@example.org,East Keithshire,Myanmar,2023-04-02
4137,Michael,Meyers,aaronanderson@example.com,Jonestown,Madagascar,2024-08-18
4138,Daniel,Clark,phillipsmiranda@example.org,Smithland,Northern Mariana Islands,2025-01-25
4139,Christopher,Booker,mcdonaldadam@example.net,East James,North Macedonia,2023-02-20
4140,Kimberly,Bradley,natalie88@example.com,Andersonhaven,Wallis and Futuna,2025-10-16
4141,Caitlin,Simpson,neil47@example.org,Christinechester,Antarctica (the territory South of 60 deg S),2026-07-03
4142,Vicki,Solomon,wagneranna@example.org,Port Janet,Spain,2026-01-08
4143,Lori,Williams,nicole15@example.net,Robertborough,Guam,2024-11-06
4144,Melanie,Wood,cwalker@example.net,Michelechester,Madagascar,2025-10-01
4145,Vanessa,Newton,amber25@example.com,Richardside,New Zealand,2026-06-06
4146,Gregory,Clark,wsmith@example.com,Ramirezport,Peru,2023-11-04
4147,Denise,Burton,phelpsjonathan@example.net,Mcneilview,Madagascar,2025-10-09
4148,Kevin,Davis,maureenmartinez@example.org,Chasefort,Samoa,2024-07-01
4149,Kristen,Fletcher,kristine72@example.com,Paulborough,Malawi,2024-04-08
4150,Gregory,Gutierrez,ian84@example.org,Garzastad,Slovenia,2023-06-22
4151,David,Fisher,randygarcia@example.org,Lake Andrewville,Costa Rica,2026-02-02
4152,Theresa,Ryan,walkertony@example.com,Christyton,Moldova,2022-10-16
4153,Christopher,Collins,tiffany89@example.com,Bradystad,Chile,2022-08-16
4154,Christopher,Williams,nicolewilliams@example.com,Williamsfort,Gambia,2024-03-12
4155,Jade,Morgan,kevinbird@example.com,West Thomas,Congo,2023-02-12
4156,Jennifer,Ruiz,edwardbradford@example.org,New Jared,Congo,2023-08-23
4157,Jennifer,Smith,mackenzie60@example.net,Lake Nicholasside,Lebanon,2025-11-02
4158,Justin,Davis,cynthiamelendez@example.org,Mindymouth,Pakistan,2023-05-25
4159,Allison,Lopez,rzamora@example.org,Velasquezmouth,Netherlands Antilles,2023-08-08
4160,Michael,Padilla,francismason@example.net,East Heather,Uruguay,2025-07-24
4161,Hayley,Harris,jennifergonzalez@example.net,West Joseph,Tonga,2024-02-22
4162,Ruben,Cruz,shieldsjason@example.org,Rodriguezborough,Sierra Leone,2022-11-09
4163,John,Moore,campbellfelicia@example.com,Davidmouth,Netherlands,2026-01-11
4164,Michelle,Perkins,williamjacobs@example.net,Caseyfort,France,2025-03-13
4165,Christine,Jimenez,wilsonkeith@example.com,Caitlinview,Kiribati,2025-11-10
4166,Kimberly,Jenkins,jermaine71@example.net,East Elizabeth,Lebanon,2024-03-13
4167,Gabriela,Miller,ncasey@example.com,North Alisha,Finland,2025-02-09
4168,Jennifer,Stanton,rberry@example.net,Castilloview,Congo,2023-05-21
4169,Shirley,Douglas,stephen13@example.com,Christopherland,Macao,2024-02-13
4170,John,Maldonado,crystal34@example.net,Walterfort,Malaysia,2022-10-19
4171,Mathew,Glover,tgibbs@example.org,Port Angel,Pakistan,2026-03-06
4172,Dalton,Payne,xlong@example.org,Salasfort,Mauritania,2024-12-21
4173,Tanya,Santos,klinechristopher@example.net,Davisborough,Israel,2025-06-12
4174,Melissa,Daniels,vgardner@example.net,Melissatown,Denmark,2025-06-27
4175,Susan,Dennis,richard46@example.net,Andrealand,Antarctica (the territory South of 60 deg S),2025-11-18
4176,Nichole,Marshall,susandavies@example.org,Cameronmouth,Guadeloupe,2023-05-22
4177,William,Fowler,kennethhoward@example.net,Lake Audreyshire,Antarctica (the territory South of 60 deg S),2022-09-04
4178,Jimmy,Wilson,steven18@example.org,South Stevenfurt,Uzbekistan,2023-05-28
4179,Christopher,Wilson,kimberlyrowland@example.com,Swansonfurt,Bosnia and Herzegovina,2025-01-09
4180,Thomas,Ray,jamesmcgee@example.net,Karentown,Tunisia,2023-10-26
4181,Karen,Holland,jasonkennedy@example.org,Kimhaven,Saint Pierre and Miquelon,2023-01-28
4182,Jeffrey,Holloway,bdudley@example.net,Fuentesburgh,Tuvalu,2023-11-04
4183,Isaiah,Case,monicamolina@example.net,Harperport,Rwanda,2023-04-12
4184,Jennifer,Hines,david24@example.org,Deanberg,Western Sahara,2023-09-23
4185,Joshua,Miller,brian15@example.org,New Pamela,Guernsey,2023-09-17
4186,Edward,Jennings,smithjulie@example.com,Walshfort,Albania,2026-07-26
4187,Krista,Ramirez,eparker@example.com,Rodriguezfurt,Uruguay,2023-04-10
4188,Jason,Stewart,christophersmith@example.org,West Andrew,Greenland,2023-07-03
4189,James,Baird,nsoto@example.net,Lake Ashley,Zambia,2025-01-03
4190,Joseph,Wilson,banksmelanie@example.com,New Jenniferfurt,United States of America,2022-08-14
4191,Kevin,Vazquez,gregorysantos@example.net,Cruzton,Guinea-Bissau,2022-09-26
4192,Erik,Davidson,barbarasmith@example.net,Lake Richard,Cuba,2022-11-27
4193,Jonathan,Flynn,william82@example.org,Martinton,Kenya,2024-10-19
4194,Shannon,Ramos,richmondjose@example.com,Samuelton,Croatia,2025-02-08
4195,Kelly,Arroyo,lisa02@example.org,Lake Linda,Bangladesh,2023-04-26
4196,Jennifer,Ferguson,bryanluis@example.com,Kevinmouth,Singapore,2025-03-13
4197,Todd,Richardson,gonzalezjonathon@example.org,Taraburgh,Armenia,2024-08-01
4198,Walter,Smith,jerryvazquez@example.com,West Jonathan,Colombia,2023-12-14
4199,Erin,Patton,jwalton@example.net,East Sandra,Lithuania,2022-12-06
4200,Tamara,Maldonado,qarias@example.org,Lake Melissamouth,French Polynesia,2024-04-26
4201,William,Hill,richardpierce@example.org,Jonathanton,Central African Republic,2025-10-05
4202,Jason,Miller,howardrichard@example.net,South Tracyborough,Libyan Arab Jamahiriya,2023-11-15
4203,Kathy,Carroll,fflores@example.net,Frankstad,Japan,2025-02-04
4204,Jamie,White,alexandergregory@example.org,East Tamaraland,Sudan,2023-03-21
4205,Tiffany,Rodriguez,cynthiagutierrez@example.net,East Paula,Nauru,2024-02-09
4206,Stanley,Pope,loganfreeman@example.org,Port Dawn,Kazakhstan,2024-09-13
4207,Karen,Davis,pamelaharris@example.net,Maddoxchester,Jersey,2026-03-22
4208,Nicholas,Johnson,christopherbonilla@example.com,Alexandramouth,Niue,2022-12-16
4209,Carl,Baker,ashleyford@example.com,Maysview,Ethiopia,2025-06-11
4210,Christina,Walton,randy70@example.org,Stephaniemouth,Oman,2025-06-13
4211,Deborah,Walters,gomezjonathan@example.com,Jacksonburgh,El Salvador,2022-10-13
4212,Elizabeth,Clark,uburns@example.net,North Jason,Luxembourg,2023-01-17
4213,Kelly,Watts,jenniferjohnson@example.org,New Justin,Marshall Islands,2024-03-24
4214,Amber,Perez,vmoran@example.org,Daviston,Panama,2023-04-27
4215,Zachary,Curtis,tgutierrez@example.net,New Heather,Monaco,2026-05-20
4216,Angela,Jackson,randalltricia@example.org,Laurenmouth,Tunisia,2023-03-17
4217,Susan,Holmes,cookrandall@example.org,Lake Jimmyside,Sudan,2025-11-26
4218,Scott,Miller,mccormickmichael@example.org,North Nicholas,Dominican Republic,2025-05-17
4219,Hailey,Cook,laurie48@example.org,Schroederfort,Bouvet Island (Bouvetoya),2023-04-03
4220,Alexis,Henderson,brucehansen@example.com,Lake Antonio,Wallis and Futuna,2025-01-05
4221,Danielle,Mcdonald,robertgonzalez@example.com,Saraborough,Malawi,2025-11-15
4222,Charles,Ramos,candace80@example.com,Levychester,Suriname,2023-03-24
4223,Leah,Hamilton,kbrown@example.org,Lake Erikshire,Turkmenistan,2023-03-20
4224,Micheal,Day,rromero@example.com,Jasonport,Korea,2025-10-25
4225,Kyle,Garcia,alicia22@example.org,Sandratown,Mozambique,2023-04-23
4226,Adam,Andrade,tsmith@example.net,Shortview,Mayotte,2026-03-31
4227,Brenda,Thornton,brucemary@example.org,Katieland,Panama,2023-11-08
4228,Jim,Parker,christinegonzalez@example.net,East Jenniferstad,Venezuela,2024-08-30
4229,Eric,Ellis,emorris@example.org,Brownborough,Holy See (Vatican City State),2025-08-15
4230,Autumn,Campbell,newmanmatthew@example.net,Orozcomouth,Cambodia,2026-01-13
4231,Lori,Mills,bbrooks@example.org,Lake Samuel,Belgium,2023-02-01
4232,Jessica,Gonzales,taylormichele@example.com,Joshuabury,Sao Tome and Principe,2025-09-24
4233,Aaron,Carrillo,kgreene@example.com,Deborahchester,Montenegro,2025-01-20
4234,Cynthia,Long,jprice@example.com,Bradmouth,Mayotte,2023-09-21
4235,Kathryn,Trevino,flynnedward@example.org,Sanchezhaven,Lao People's Democratic Republic,2024-03-06
4236,Patricia,Raymond,solisstuart@example.org,Francisport,Guinea,2024-02-05
4237,John,Rivera,nathan16@example.net,Yolandastad,Lesotho,2026-02-08
4238,Michael,Greene,ralphrobinson@example.net,Christopherport,Turkmenistan,2024-12-28
4239,Lorraine,Valdez,oanderson@example.org,Lake Corey,Poland,2023-02-07
4240,Stephen,Harris,amandathompson@example.com,Jasonmouth,Uganda,2025-02-12
4241,Tracey,Stewart,aharrison@example.org,East Christophershire,Kuwait,2024-05-02
4242,Robert,Arnold,williamswilliam@example.org,Brandonfurt,Saint Pierre and Miquelon,2024-08-29
4243,Jamie,Vargas,epotter@example.net,North Susan,Serbia,2026-05-23
4244,James,Mccarthy,stanleydonald@example.net,East Howard,Lesotho,2022-10-24
4245,Evelyn,Miller,ashleysimmons@example.com,Sethbury,Saint Helena,2022-11-21
4246,Eric,Barnes,josephwilliams@example.com,South Kathleenburgh,Fiji,2026-02-19
4247,Judith,Mitchell,kyle96@example.net,Andreaville,Italy,2023-07-23
4248,Danielle,Cooley,hartzachary@example.com,New Kimberlyview,British Indian Ocean Territory (Chagos Archipelago),2026-07-18
4249,Michael,Hunt,gonzalezallen@example.com,Cruzfort,Switzerland,2024-09-11
4250,John,Andersen,smithlisa@example.org,East Brandon,Serbia,2025-10-27
4251,Bryan,Lyons,kevinroberts@example.com,New Regina,Guinea-Bissau,2025-06-18
4252,Patricia,Chan,john54@example.org,Alexborough,Estonia,2026-03-25
4253,Michael,Booth,victorgonzales@example.com,South Eric,Czech Republic,2022-11-07
4254,Kathy,Mccall,rachelhubbard@example.com,West Jasmine,Isle of Man,2025-01-11
4255,Christopher,Jones,buchananheather@example.net,North Kevinside,Comoros,2024-06-24
4256,Jennifer,Norton,jmays@example.net,Johnsonfurt,Gabon,2024-03-24
4257,Cynthia,Spencer,znguyen@example.net,Elizabethport,Sri Lanka,2024-11-04
4258,Lindsey,Cervantes,frazierandre@example.net,Carpenterland,Hungary,2026-01-06
4259,Bradley,Smith,agood@example.com,Sandersborough,Saint Helena,2025-05-01
4260,Michelle,James,higginslori@example.com,Millerport,Cambodia,2024-10-21
4261,Mary,Hudson,gaymary@example.org,East Tinashire,Gabon,2025-02-16
4262,Kristy,Barker,silvapenny@example.net,South Samanthaberg,Wallis and Futuna,2024-10-16
4263,Veronica,Moore,davidfreeman@example.net,Jacksonport,Saint Lucia,2025-06-16
4264,Samuel,Everett,maria54@example.org,Johnsonshire,Venezuela,2023-09-07
4265,Brian,Flores,valeriesantos@example.net,Lake Andrew,American Samoa,2026-06-28
4266,Alexander,Russell,tinalove@example.com,Jacquelineland,Luxembourg,2024-08-09
4267,Richard,Santos,wilsonnathan@example.org,Port Edwardberg,Malawi,2023-11-27
4268,Matthew,Wong,lestes@example.org,Garrettchester,Andorra,2024-02-13
4269,Robert,Rodriguez,amy21@example.org,South Joshua,United States Minor Outlying Islands,2024-10-18
4270,Misty,Williams,ramirezjames@example.com,Munozshire,Sweden,2023-03-07
4271,Virginia,Fields,millermatthew@example.com,East Joshua,Norway,2025-03-12
4272,Kelsey,Rose,hawkinsroberta@example.com,East Karenshire,Grenada,2025-08-08
4273,Terri,Contreras,vsmith@example.com,Aaronchester,Dominican Republic,2026-03-21
4274,Kenneth,Whitehead,josephmegan@example.com,New Wendyburgh,Mali,2023-03-11
4275,Phillip,Maldonado,aguirrelisa@example.com,Johnshire,Nauru,2022-10-28
4276,Paul,Hendricks,pharris@example.com,Cherylborough,Cyprus,2023-01-22
4277,Curtis,Richard,karen01@example.com,Walkermouth,Micronesia,2025-12-19
4278,Kevin,Morgan,jennifer87@example.net,Xaviermouth,Jamaica,2023-11-11
4279,Matthew,Pena,carpenterfernando@example.com,North Danielle,Uruguay,2026-01-08
4280,Tracy,Delgado,atorres@example.org,Masonland,Seychelles,2023-11-18
4281,Mary,Roberson,castroanthony@example.com,Watersborough,Cote d'Ivoire,2025-10-05
4282,Alicia,Fry,caldwelljustin@example.net,Lake Staceyside,Slovakia (Slovak Republic),2025-07-25
4283,Amber,Lawson,manuelgordon@example.net,Holmeston,Lao People's Democratic Republic,2026-03-24
4284,Sean,Johnson,jsmith@example.net,South Wendy,Eritrea,2025-05-02
4285,Eric,Moore,christopher29@example.org,New Deborah,Switzerland,2024-08-30
4286,Danielle,Baker,julieschmidt@example.com,Cartershire,Papua New Guinea,2026-03-16
4287,Rebecca,Rodriguez,amy74@example.com,South Jonathan,Saint Pierre and Miquelon,2024-04-13
4288,Kevin,Bush,howardmelinda@example.org,South Wesleyport,Ethiopia,2023-01-17
4289,Lee,Flores,evanedwards@example.org,New Travis,Senegal,2026-04-02
4290,Anna,Montes,srichards@example.net,North Nicolestad,Congo,2024-03-24
4291,Jonathan,Howell,cherylgarcia@example.org,Andrewhaven,Fiji,2023-07-25
4292,Adrienne,Mccoy,brooksjoyce@example.org,New Carolyn,Yemen,2024-02-22
4293,Robert,Williams,brittany56@example.org,Jenniferfort,Saint Barthelemy,2023-11-27
4294,Cheryl,Brennan,zimmermansherry@example.com,New Daniel,Bermuda,2023-05-03
4295,Shelia,Martin,chris66@example.org,Allenton,Yemen,2022-08-17
4296,Marie,Long,taraanderson@example.com,East Gina,Cayman Islands,2025-06-03
4297,David,Velazquez,ryancastillo@example.net,Natalieshire,Germany,2022-10-05
4298,Mark,Wilson,andersonjose@example.net,Lake Jared,Nicaragua,2022-10-30
4299,Amy,Jones,jordanjulie@example.com,Peterton,Namibia,2025-09-06
4300,Lisa,Flores,milleramanda@example.net,Karenbury,Ecuador,2024-10-21
4301,Mary,Wiley,dixonryan@example.net,Williamsberg,Niue,2023-06-22
4302,Philip,Romero,gibsonhannah@example.net,Lindsayberg,French Guiana,2025-04-01
4303,Kathryn,Lindsey,cindy42@example.org,East Jonathanview,Georgia,2024-01-06
4304,Derrick,Mahoney,francisco74@example.org,South Alexandria,Saint Helena,2024-12-17
4305,Jane,Thomas,cory53@example.net,Port Howard,Marshall Islands,2023-01-30
4306,Harry,Mcbride,shelly47@example.net,Port William,Falkland Islands (Malvinas),2024-06-04
4307,Russell,Nunez,joshua04@example.org,West Michaelville,Ireland,2023-06-13
4308,Susan,Valenzuela,christinesmith@example.com,Shannonport,Trinidad and Tobago,2025-07-17
4309,Kenneth,Logan,stephanie81@example.com,Port Michael,Afghanistan,2025-10-20
4310,Jean,Knight,tarahickman@example.org,Gordonville,Nauru,2022-08-12
4311,Adrian,Lambert,rgillespie@example.net,Lake Nathan,Slovenia,2024-06-12
4312,Brandon,Hanson,dana73@example.com,East Wesley,Spain,2023-10-21
4313,Jeffrey,Hall,jeffrey42@example.org,West Arielborough,Nauru,2024-09-30
4314,Martin,Lee,johnsoneugene@example.org,Acevedoport,Russian Federation,2026-07-12
4315,Daniel,Pratt,teresaflowers@example.org,Taylorfurt,Finland,2022-10-01
4316,Jamie,Hunter,thomashill@example.org,South Saratown,British Indian Ocean Territory (Chagos Archipelago),2025-07-15
4317,Timothy,Sanchez,websternatalie@example.org,East Theresaberg,Sri Lanka,2025-03-28
4318,Kevin,Adams,grimesmichael@example.net,Coleland,Lebanon,2025-07-16
4319,Christine,Guerra,christinafletcher@example.net,North Richardstad,Seychelles,2023-07-03
4320,Jonathan,Walker,fisheranthony@example.net,New Darrell,Somalia,2024-07-07
4321,Teresa,Chambers,drichardson@example.net,New Kyleburgh,Madagascar,2025-06-22
4322,Amy,Bell,patricialucas@example.net,Lake Donnafort,Paraguay,2023-03-19
4323,Marie,Harris,james46@example.net,Jonesshire,Northern Mariana Islands,2024-04-24
4324,Jerry,Flores,whiteashley@example.com,Jennifertown,Rwanda,2025-01-22
4325,Louis,Krueger,smithalexandra@example.org,Scottfurt,Albania,2024-05-06
4326,Stacey,Harvey,debra32@example.com,Reneeland,Guinea-Bissau,2026-05-07
4327,Robert,Walsh,nnguyen@example.com,Taylormouth,Monaco,2023-02-17
4328,Tanya,Pratt,gonzalezmary@example.com,Brianchester,Guinea-Bissau,2024-06-25
4329,Julia,Daugherty,sydneyrobertson@example.com,New Lisa,Iran,2023-12-07
4330,Ashlee,Taylor,oramirez@example.org,Lake Mark,Tokelau,2025-04-04
4331,Leah,Rice,candiceross@example.org,Guzmanville,Cocos (Keeling) Islands,2024-10-23
4332,Angela,Peters,myerspaul@example.com,Port Veronicaview,Djibouti,2023-08-11
4333,Brandon,Ellis,adriana00@example.org,New Sandra,Luxembourg,2025-02-20
4334,Kristine,May,jonessteven@example.net,Colebury,United States Minor Outlying Islands,2023-03-28
4335,Lisa,Scott,jlove@example.net,West Ruben,Ukraine,2025-01-23
4336,Jennifer,Schroeder,carterbrenda@example.org,Medinaport,Cameroon,2023-04-18
4337,Antonio,Evans,juliapatel@example.net,Burnsside,Canada,2025-10-23
4338,Brittany,Phillips,rturner@example.com,New Wesleymouth,Saint Kitts and Nevis,2026-02-04
4339,Claudia,Benjamin,dakotasmith@example.net,Annamouth,Cape Verde,2025-08-28
4340,Elizabeth,Dunn,campbelllori@example.org,West Jamesfurt,Syrian Arab Republic,2024-02-05
4341,Susan,Macias,kimberly82@example.net,New Anthony,Bermuda,2024-02-01
4342,Amy,Short,andrew89@example.org,Fosterfurt,Azerbaijan,2022-12-24
4343,Jennifer,Martin,mary85@example.com,East Timothy,El Salvador,2026-07-07
4344,Lisa,Holland,matthewwilliams@example.org,Ballberg,Vietnam,2023-04-15
4345,Rebecca,Hill,vicki04@example.org,Lake Johnborough,Anguilla,2025-02-25
4346,Jacob,Pratt,psantos@example.org,Schmidtside,Malaysia,2025-05-05
4347,Mariah,Banks,owensmaria@example.com,South Andrewfort,Peru,2023-05-05
4348,Jared,Jackson,nbaker@example.org,Jenkinsland,Saint Kitts and Nevis,2022-12-14
4349,April,Floyd,lynchscott@example.net,East Danielshire,Trinidad and Tobago,2026-04-20
4350,Manuel,Baker,xayala@example.org,Josephview,Equatorial Guinea,2024-11-23
4351,Samuel,Flores,brewerkatelyn@example.com,North Jamesshire,Ecuador,2025-05-05
4352,Jack,Davis,thompsontamara@example.net,Pamelaport,Mongolia,2024-07-04
4353,Andrea,Dean,hamiltoncolin@example.net,Jackieborough,Turks and Caicos Islands,2025-12-10
4354,Randy,Patrick,christophersparks@example.net,North Brian,British Indian Ocean Territory (Chagos Archipelago),2023-01-01
4355,Maria,Gonzalez,maria44@example.net,Stanleymouth,Reunion,2024-01-19
4356,Tracy,Holloway,jeffreytaylor@example.com,South Davidfurt,Mexico,2026-03-21
4357,Melissa,Flores,christopherhawkins@example.org,Kellyfurt,Djibouti,2026-01-14
4358,Kyle,Davis,daviscaitlin@example.org,Johnburgh,Czech Republic,2023-03-10
4359,Jonathan,Kent,ryanchan@example.com,Lake Michael,Palestinian Territory,2024-05-30
4360,Teresa,Perry,taylorkrista@example.org,West Joshuaborough,Martinique,2023-09-01
4361,Eric,Johnson,shawn28@example.org,Stewartberg,Israel,2023-04-12
4362,Mary,Martin,dwashington@example.net,North Jacqueline,Philippines,2026-02-16
4363,Nicole,Baker,charles65@example.net,Smithland,Myanmar,2026-06-27
4364,Leslie,Mcdonald,jamesbailey@example.net,Snyderville,Haiti,2025-12-18
4365,Michael,Garcia,rodriguezamber@example.com,Lindamouth,Hong Kong,2025-05-18
4366,Crystal,Silva,garciajohn@example.net,Karenhaven,Belarus,2026-07-26
4367,Scott,Morgan,atkinsondavid@example.org,Coxberg,Hungary,2024-08-29
4368,Kenneth,Jones,lthompson@example.net,Watsonland,Liechtenstein,2024-01-16
4369,Tamara,Peck,wilsonamanda@example.com,West Jennifer,Cambodia,2026-06-16
4370,David,Lawson,scott22@example.com,North Josefort,Bermuda,2024-03-19
4371,Charles,Lutz,christy65@example.com,Kingport,Vanuatu,2025-08-16
4372,Timothy,Doyle,pescobar@example.net,South Desireeville,British Indian Ocean Territory (Chagos Archipelago),2023-11-30
4373,Thomas,Smith,cindy63@example.net,South Michaelburgh,Austria,2025-08-09
4374,Walter,Perez,asanchez@example.org,Katelynfurt,Vietnam,2025-09-27
4375,Calvin,Padilla,wendy11@example.net,Martinezburgh,Anguilla,2025-07-09
4376,Jodi,Meyer,ifleming@example.com,Lake Charlesview,Kiribati,2024-08-23
4377,Shelly,Lynn,pparker@example.org,Clineport,Thailand,2023-10-27
4378,Kristina,Campbell,kimberlymurray@example.net,Parkerburgh,Niue,2025-03-02
4379,Melissa,Price,kathy65@example.net,New Edwin,Heard Island and McDonald Islands,2026-02-14
4380,Michael,Baxter,palmerjeffrey@example.org,Davisfort,Jersey,2022-10-16
4381,Lisa,Jackson,haley52@example.net,South Markchester,Saint Martin,2024-01-27
4382,Vincent,Mack,tiffanystark@example.org,Emilyborough,Faroe Islands,2025-03-04
4383,Robert,Collins,dmitchell@example.net,West Matthewport,Singapore,2025-12-01
4384,James,Dunn,brucedavis@example.com,Anitaberg,Croatia,2022-08-09
4385,Eric,Mills,lpratt@example.net,Port Timothymouth,Monaco,2025-03-27
4386,Richard,Harrison,richard39@example.net,Edwardburgh,Iran,2026-06-02
4387,Emily,Haley,shepardnicole@example.com,Melodymouth,Greenland,2026-06-28
4388,Danielle,Lee,josephgonzalez@example.net,New Alicetown,Sudan,2025-10-31
4389,Dillon,Romero,dustin64@example.org,Port Susan,British Indian Ocean Territory (Chagos Archipelago),2026-04-14
4390,Brandon,Graham,andersonkaren@example.net,North Angela,United Arab Emirates,2023-02-06
4391,Mark,Pineda,agriffith@example.net,Graymouth,Romania,2024-05-19
4392,Marvin,Crawford,erica71@example.com,Port Michael,British Indian Ocean Territory (Chagos Archipelago),2025-05-29
4393,Donald,Benton,jeanetteweiss@example.org,Christianfurt,Cayman Islands,2023-05-26
4394,Rodney,Figueroa,kpadilla@example.org,Jamesmouth,Estonia,2024-02-10
4395,Lauren,Lopez,jenningslinda@example.net,Alexismouth,Tanzania,2024-02-09
4396,Tabitha,White,samuel50@example.net,Baileyville,Sierra Leone,2025-05-07
4397,Shelby,Downs,davidreynolds@example.net,Ibarraland,Dominican Republic,2023-08-20
4398,Jason,Johnson,qburgess@example.net,Markville,Nicaragua,2025-01-31
4399,Ashley,Davis,ajones@example.org,New Heidimouth,Tokelau,2022-11-29
4400,Jennifer,James,nicolas87@example.com,East Deniseland,Bouvet Island (Bouvetoya),2025-01-26
4401,Nicole,Montes,erichardson@example.net,East Christine,Yemen,2024-05-01
4402,James,Levine,ymoore@example.org,East Glenland,Western Sahara,2025-08-30
4403,Madeline,Thomas,michael80@example.org,New Erin,Iceland,2023-03-19
4404,Jimmy,Thompson,richardsonadriana@example.org,Myersshire,Montenegro,2024-10-06
4405,Debbie,Peters,robertoowen@example.net,Mccarthyside,Sierra Leone,2026-05-21
4406,Richard,Wright,edward14@example.com,Shawnfort,Czech Republic,2025-06-09
4407,Brian,Carroll,martinezamy@example.net,Kramermouth,American Samoa,2022-08-11
4408,Aaron,Blackwell,katherinedavis@example.com,East Michael,El Salvador,2024-11-23
4409,Melissa,Rodriguez,beardmichelle@example.org,North Williamside,Gambia,2022-11-06
4410,Joseph,Berg,yeseniamullen@example.com,Lake Steve,Cyprus,2025-12-23
4411,Diana,Jennings,pcannon@example.net,Port Jennifer,Martinique,2025-07-05
4412,Laura,Simpson,heathersmith@example.net,Rossburgh,Isle of Man,2022-11-20
4413,Barbara,Jones,andrea18@example.org,New Samuel,Mayotte,2023-09-20
4414,Thomas,Rodriguez,alvaradomanuel@example.org,South Keithtown,Turkmenistan,2025-10-24
4415,Danielle,Daniels,dominguezkristen@example.net,Kellyview,Kyrgyz Republic,2023-05-19
4416,Justin,Hernandez,faith51@example.com,West Kyleland,Pitcairn Islands,2026-02-13
4417,Cameron,Cline,jodywilliams@example.net,North Timothy,Cameroon,2023-08-03
4418,Donna,Washington,jacobnelson@example.org,East Stevefurt,Iran,2026-07-30
4419,Amanda,Vazquez,cruzkevin@example.com,Antonioside,Faroe Islands,2025-02-25
4420,Jamie,Hubbard,sherryrobinson@example.net,East Tyler,Wallis and Futuna,2023-12-12
4421,Erica,Johnson,elainejohnston@example.com,Thompsonview,Croatia,2024-09-09
4422,Anthony,Medina,warrennatasha@example.com,Barrchester,Christmas Island,2023-05-26
4423,Lindsey,Flowers,susan67@example.org,Matthewburgh,Cuba,2023-05-29
4424,Kimberly,Morris,allison03@example.com,Brownbury,Zimbabwe,2022-12-03
4425,Joanna,Bryant,mark64@example.org,East Tyler,Cote d'Ivoire,2025-10-02
4426,Amanda,Dunn,margaretrhodes@example.com,Elizabethfurt,Morocco,2025-08-04
4427,Erika,Cross,vickichang@example.org,North Rebeccaside,Czech Republic,2025-12-01
4428,Jennifer,Flores,robert02@example.org,Thompsonburgh,Belize,2025-05-17
4429,Justin,Ryan,rasmussenalexander@example.org,Lake Michaelfort,Tonga,2024-05-09
4430,Megan,Castillo,djuarez@example.net,Lake Michael,Suriname,2025-10-21
4431,Matthew,Walton,alexandra31@example.org,Griffithside,Kazakhstan,2024-07-24
4432,Sara,Graves,smoore@example.net,Sancheztown,Falkland Islands (Malvinas),2023-06-14
4433,Vanessa,Johnson,michaelstewart@example.net,Maxwellside,Palestinian Territory,2026-01-06
4434,Michael,Hines,sharon32@example.net,Crystalside,Sri Lanka,2024-03-24
4435,Michelle,Webb,cobbalan@example.org,West Joshua,Bermuda,2024-02-20
4436,Barbara,Little,miranda37@example.net,Coreystad,Pitcairn Islands,2025-04-24
4437,Brandon,Daniels,lorihernandez@example.com,East Brianburgh,Micronesia,2022-12-03
4438,Tara,Moran,dale11@example.net,Mendozaville,Hungary,2024-08-20
4439,William,Campbell,ochapman@example.org,Andersontown,Anguilla,2023-03-03
4440,Adam,Smith,lisa02@example.net,New Reginald,Puerto Rico,2023-08-14
4441,Matthew,Rodriguez,amy54@example.org,New Derrickview,Gibraltar,2025-09-24
4442,Richard,Patel,helliott@example.net,Port Johnberg,Gambia,2025-05-12
4443,Veronica,White,vcampbell@example.com,Russellburgh,Zambia,2026-02-10
4444,Anthony,West,qmorrison@example.org,West Curtis,Thailand,2025-12-30
4445,Jeffrey,Garcia,johnjohnson@example.com,Susanland,Mali,2025-09-16
4446,Angela,Johnson,carolalexander@example.org,Millerstad,Bermuda,2025-09-08
4447,Richard,Miller,stevencoleman@example.net,Port Jacob,Cayman Islands,2026-02-11
4448,Judy,Leon,allisondelacruz@example.net,South Sylvia,French Polynesia,2023-01-11
4449,Margaret,Finley,kimberlywood@example.com,East Melissatown,Guatemala,2022-10-27
4450,Jennifer,Oneal,julie02@example.net,Port Gary,Sri Lanka,2024-09-12
4451,Christopher,Adams,chenjonathan@example.org,Tylerland,Uganda,2024-03-08
4452,Christopher,Foster,jacobrivera@example.org,Josephbury,Iran,2022-10-10
4453,Lisa,Harmon,brian67@example.org,Shawntown,Belize,2023-07-05
4454,Stephanie,Navarro,smithalexis@example.com,Johnsonbury,Bulgaria,2025-02-27
4455,Emily,Williams,williamgarcia@example.com,New Lori,South Africa,2023-04-02
4456,Kimberly,Anderson,brandon89@example.net,Simsburgh,British Indian Ocean Territory (Chagos Archipelago),2023-09-29
4457,James,Rodriguez,otucker@example.org,East Scott,Italy,2026-01-27
4458,Harold,Smith,iwhite@example.org,New Richard,Timor-Leste,2025-03-08
4459,Robert,Williams,michelle45@example.org,Marquezshire,Anguilla,2026-01-10
4460,Crystal,Santana,uscott@example.com,New Sean,United States of America,2025-04-30
4461,Alicia,Torres,rogersana@example.org,Victorville,Kazakhstan,2024-01-08
4462,Joanne,Gonzalez,lisa96@example.com,East Christopher,Lao People's Democratic Republic,2024-07-29
4463,Tyler,Adkins,briangarcia@example.com,Markport,Fiji,2024-01-25
4464,Victor,Ruiz,julia68@example.net,East Carly,Togo,2024-12-26
4465,Nancy,West,colinmoore@example.net,East Jasmineborough,Ireland,2024-05-13
4466,Rachel,Moran,whitedawn@example.com,North Stephanie,Sudan,2026-06-24
4467,Jason,Caldwell,taylorbaker@example.net,Jasminemouth,Central African Republic,2023-08-19
4468,Madeline,Nunez,sparksalejandra@example.net,East Michelleport,Cameroon,2022-12-24
4469,Katherine,Franklin,millercathy@example.com,North Abigailfort,Somalia,2026-04-04
4470,Rachel,Miller,isaac09@example.org,North Jeffreybury,Holy See (Vatican City State),2025-05-30
4471,Sherry,Cardenas,kward@example.com,Watersstad,Iraq,2026-03-24
4472,Charles,Garcia,scole@example.net,East Joseph,Vietnam,2024-04-28
4473,Amy,Harrell,leemarcus@example.org,Youngfurt,Svalbard & Jan Mayen Islands,2024-02-05
4474,Claudia,Paul,beltrancraig@example.org,Marcmouth,Saint Vincent and the Grenadines,2024-11-09
4475,Andrew,Miller,scottsutton@example.com,North Chrisburgh,Bosnia and Herzegovina,2024-02-03
4476,Bianca,Shaffer,thomasmorrison@example.net,New Joseph,Christmas Island,2022-08-16
4477,Yolanda,Mendoza,christina02@example.net,Lake Ashleyshire,Saint Lucia,2024-07-14
4478,Jeremy,Carey,brownmark@example.org,North Laura,Niue,2024-06-01
4479,Samantha,Burns,floyddale@example.org,Jonesmouth,Bangladesh,2024-04-05
4480,Marissa,Smith,esmith@example.com,East Jonathan,Saint Helena,2024-05-27
4481,Alisha,Ritter,eshelton@example.net,North Toddmouth,Turks and Caicos Islands,2024-12-20
4482,Melanie,Jones,davisjeffrey@example.net,New Laura,Ethiopia,2024-07-21
4483,Elaine,Daniels,ypatel@example.com,Freemanland,Kiribati,2025-11-27
4484,Steven,Whitehead,tonysanders@example.com,Rogerstown,Russian Federation,2024-11-05
4485,Sara,Vargas,miguelellis@example.org,East Dylan,Mozambique,2023-04-08
4486,Arthur,Hogan,timothy44@example.org,Lake Lorraineview,United States Virgin Islands,2025-04-27
4487,Robert,Stein,alexissmith@example.org,Jorgeburgh,Pitcairn Islands,2025-02-26
4488,Heidi,Frazier,samanthasmith@example.com,East James,Zambia,2026-03-06
4489,Amanda,Garner,vknapp@example.net,Michaelstad,Netherlands Antilles,2025-12-26
4490,Katrina,Webb,johnsonmelanie@example.com,Port Bryanbury,United States of America,2024-03-06
4491,Brian,Cannon,carolynmendez@example.net,Walkerbury,Montserrat,2024-01-23
4492,Jose,Miller,emily40@example.org,South Robertview,Papua New Guinea,2024-08-18
4493,Elizabeth,Mitchell,millerandrew@example.net,Lake Pamelaside,Canada,2022-11-15
4494,Angela,Garcia,angela33@example.net,Morganmouth,Congo,2026-04-03
4495,Lindsay,Odom,millsandrea@example.org,Stephaniebury,French Guiana,2025-05-25
4496,Shannon,Cobb,autumn28@example.com,East Wanda,Finland,2023-02-10
4497,Richard,Robinson,donald15@example.com,Friedmanborough,Micronesia,2024-08-05
4498,Philip,Moore,brownjason@example.net,South Michaelashire,Algeria,2025-12-27
4499,Donald,Owens,dserrano@example.net,Coxside,Estonia,2023-07-16
4500,Melissa,Thomas,mendozachad@example.net,Lindaborough,Suriname,2024-02-05
4501,Crystal,Lewis,lucastina@example.com,West Donaldhaven,Bosnia and Herzegovina,2023-09-02
4502,Tracie,Miller,emitchell@example.org,Lake Katherine,Palestinian Territory,2022-11-01
4503,Katie,Ramos,dustinbrown@example.com,Lake Jordan,Fiji,2024-08-12
4504,Barbara,Young,copelandthomas@example.org,North Patricia,Sweden,2026-06-10
4505,Shelly,Booth,frankcarol@example.net,Lake Larryville,Martinique,2024-09-28
4506,Yolanda,Buchanan,harringtonmariah@example.com,Henryborough,Iraq,2022-11-28
4507,Kathleen,Henderson,sanderssherri@example.org,Lake Andres,Spain,2023-12-13
4508,Joseph,Williams,dbradford@example.com,Glovertown,Madagascar,2023-12-29
4509,Nicole,Parks,dhughes@example.net,Lake Monicaberg,Cuba,2025-05-06
4510,William,Barker,ffaulkner@example.org,Port Ashley,Argentina,2026-04-07
4511,Lauren,Weaver,emily06@example.com,East Amanda,Sri Lanka,2024-11-13
4512,Deanna,Gonzalez,mark92@example.com,Wolfeside,Poland,2024-11-29
4513,Gina,Bridges,youngrhonda@example.com,Valenciashire,Brunei Darussalam,2025-07-28
4514,James,Bowman,kathy47@example.net,Brianabury,Saudi Arabia,2023-07-11
4515,Tasha,West,brian49@example.net,Marksshire,Ghana,2025-09-16
4516,Jasmin,Walton,tmack@example.com,East Alexander,Eritrea,2026-04-18
4517,Amy,Serrano,framirez@example.org,Davisfurt,Papua New Guinea,2026-07-03
4518,Daniel,Lambert,bryanturner@example.org,East Tammy,El Salvador,2023-12-05
4519,Joseph,Church,steven17@example.com,East Charles,Brunei Darussalam,2025-06-24
4520,Cory,Lewis,michaelingram@example.com,Paulfort,Venezuela,2024-02-21
4521,Richard,Johnson,amberthomas@example.net,West Brandon,Philippines,2025-05-05
4522,Catherine,Smith,denisewillis@example.com,Wellsfurt,Sweden,2024-05-09
4523,Perry,Harris,brownlaura@example.org,Wagnerside,Turkey,2023-06-04
4524,Brian,Brown,jglenn@example.org,Lake Derrickland,Saint Lucia,2024-01-17
4525,Brenda,Stein,tyrone51@example.net,South Joshuachester,Poland,2022-11-13
4526,April,Villanueva,vleonard@example.org,Villarrealburgh,Russian Federation,2024-10-28
4527,Matthew,Walker,natashawilson@example.net,Welchtown,India,2026-02-17
4528,Jean,Moran,donnahobbs@example.net,New Sherryfort,Kenya,2025-02-20
4529,Sara,Bailey,sharon42@example.org,East Adrian,Tunisia,2026-02-10
4530,Susan,Thomas,wpayne@example.com,Loveville,Cameroon,2025-07-02
4531,Brandy,Curtis,cassandranelson@example.net,Trevorberg,Andorra,2025-05-10
4532,Peter,Salazar,fatkinson@example.net,Lyonsbury,Mozambique,2023-05-08
4533,Jessica,Smith,millerjudy@example.org,North Zoe,Turkmenistan,2025-03-01
4534,Monique,Powers,christophermathis@example.net,North Susanburgh,Jordan,2024-10-20
4535,Stephanie,Ramsey,ntanner@example.com,Newmanburgh,Bosnia and Herzegovina,2024-11-24
4536,Monica,White,johnsonjeff@example.org,East Victorbury,Mexico,2025-09-16
4537,Jessica,Romero,stephendrake@example.net,Natashaport,Rwanda,2024-09-04
4538,Martin,Perez,johnsonjeffrey@example.net,Kyleton,Uruguay,2025-08-31
4539,Chelsea,Flores,jayscott@example.org,Vargasmouth,Guadeloupe,2023-12-08
4540,Peter,Powell,aaron86@example.com,South Lisa,United Arab Emirates,2023-01-24
4541,Tony,Carroll,abigail65@example.org,West Christopherland,Aruba,2026-02-26
4542,Rodney,Kennedy,stephen25@example.net,West Jamesborough,Mozambique,2024-12-15
4543,Michelle,Mckee,zavalabrenda@example.net,Meyerhaven,Saint Pierre and Miquelon,2025-08-15
4544,Michael,Mckinney,nathan65@example.com,Lake Kennethmouth,Congo,2025-10-18
4545,Lisa,Ross,austin00@example.net,Kristentown,Ireland,2025-09-14
4546,Michael,Osborn,angelica94@example.net,Melissaport,Kiribati,2024-05-27
4547,Eric,Weaver,hullryan@example.com,Cartermouth,France,2024-12-24
4548,Russell,James,yking@example.net,Lake Adam,Malawi,2023-06-21
4549,Jennifer,Johnson,iwilson@example.org,Bryantstad,Guatemala,2025-05-26
4550,Kathryn,Collier,zespinoza@example.net,East Markstad,Solomon Islands,2023-03-11
4551,Gregory,Curtis,rowedarlene@example.net,Savannahmouth,Papua New Guinea,2025-11-27
4552,Richard,Johnson,davidtaylor@example.net,Bushmouth,Comoros,2023-01-11
4553,Cynthia,Terry,reynoldsstuart@example.net,South Jenna,Colombia,2023-04-22
4554,Jeffrey,Robinson,colleenray@example.org,North Nicholas,Sierra Leone,2026-04-04
4555,Christopher,Gonzalez,tina20@example.net,Lisatown,Liechtenstein,2023-03-31
4556,Paula,Wallace,stephanie93@example.net,Lake Briannahaven,Saint Pierre and Miquelon,2025-01-09
4557,Megan,Williams,lhenry@example.com,South Russell,Timor-Leste,2025-06-01
4558,Melissa,Garcia,michael59@example.com,Williamshaven,Malawi,2026-01-24
4559,Natalie,Booker,seansalazar@example.net,Chasestad,Togo,2022-12-03
4560,Timothy,Contreras,garrett26@example.com,Tinaport,Fiji,2026-06-24
4561,Lisa,Brown,kcarlson@example.org,South Timothychester,Lao People's Democratic Republic,2023-12-16
4562,April,Shelton,garciarachel@example.org,East Robert,Finland,2024-06-18
4563,Henry,West,nparker@example.net,Gonzalezfurt,Czech Republic,2024-07-18
4564,Alexandra,Harris,ashley40@example.org,Paulton,Russian Federation,2024-06-13
4565,Russell,Harrison,michelle92@example.org,Abigailfurt,Anguilla,2024-06-12
4566,Megan,White,ericsimpson@example.org,Amandamouth,French Polynesia,2023-10-02
4567,Paige,Howard,asoto@example.net,Michaelside,Senegal,2023-11-27
4568,Rebecca,Jenkins,jacqueline55@example.com,Aliciashire,Yemen,2023-09-20
4569,Elizabeth,Reyes,zgrant@example.org,West Roger,French Polynesia,2025-05-15
4570,Karen,Johnson,youngalexis@example.org,Alvarezport,Albania,2022-12-11
4571,Bernard,Moore,stanleykyle@example.net,Davisfort,American Samoa,2025-01-29
4572,Andrea,Mcintyre,brucespence@example.org,Ronaldfurt,Liechtenstein,2024-04-07
4573,Barbara,Walker,jamesmitchell@example.org,Garzahaven,Cameroon,2023-07-14
4574,Gilbert,Johnson,mcbriderichard@example.net,South Jeremy,Uruguay,2023-10-02
4575,Mary,Bishop,alyssa10@example.org,West Anthonyburgh,British Indian Ocean Territory (Chagos Archipelago),2023-11-27
4576,Jennifer,Hall,hayesmichael@example.org,Troyland,Nauru,2023-10-13
4577,Brian,Ramirez,richardperez@example.net,Michellefort,Micronesia,2026-02-03
4578,Douglas,Johnston,gsmith@example.net,Port Manuelstad,El Salvador,2025-03-21
4579,Nicholas,Pope,emilyferguson@example.org,East Rogerberg,Lao People's Democratic Republic,2022-09-12
4580,Larry,Nguyen,cummingsmarissa@example.net,Sandovalborough,Tanzania,2026-02-26
4581,Scott,Nelson,qpotter@example.net,North Jennifermouth,Burkina Faso,2023-07-01
4582,Sabrina,Smith,royallen@example.net,West Amber,Kuwait,2024-11-24
4583,Patrick,Fernandez,sdavis@example.com,Watsonfort,Guam,2026-07-01
4584,Kelly,Barber,cassandra15@example.org,North Derekside,Cambodia,2023-10-18
4585,Patricia,Alvarado,deborah58@example.org,Howardmouth,Uruguay,2025-06-19
4586,William,Carney,tonylynn@example.com,West Jerry,Andorra,2025-05-15
4587,Linda,Bell,julie83@example.net,Lake Luis,Netherlands Antilles,2024-12-07
4588,Megan,Thompson,sparrish@example.net,Jennifermouth,Bolivia,2026-02-03
4589,Angela,Hill,christina63@example.net,Garychester,Trinidad and Tobago,2023-05-08
4590,Antonio,Spencer,beckchad@example.com,East Dillon,Northern Mariana Islands,2022-10-21
4591,James,Stanley,rblack@example.org,Port Billystad,Cambodia,2026-01-11
4592,Lorraine,Berger,helenrocha@example.com,Carlsonstad,Georgia,2025-05-13
4593,Ronald,Barnett,mckenziediamond@example.com,Aprilstad,Northern Mariana Islands,2025-02-12
4594,Julie,Thornton,nathandiaz@example.net,Collierside,Isle of Man,2025-02-14
4595,Gabrielle,Jones,harrisvanessa@example.net,Kevinhaven,Nepal,2025-05-30
4596,Kenneth,Townsend,whayes@example.com,South Holly,South Africa,2025-05-12
4597,William,Phillips,jillzavala@example.org,Parsonsburgh,Greece,2025-09-09
4598,Karen,Lucas,lisareynolds@example.net,Walkerview,Bolivia,2024-11-04
4599,Keith,Young,dhickman@example.net,Robertfort,Faroe Islands,2025-01-30
4600,George,Hall,brendamorrow@example.net,Port Jennifer,Comoros,2024-07-04
4601,Jessica,Taylor,jacobflowers@example.com,North Tara,Comoros,2026-06-12
4602,Christine,Gates,lancehenderson@example.net,Trevormouth,Armenia,2025-08-17
4603,Manuel,Gill,davidwang@example.com,Natashaview,New Zealand,2024-03-27
4604,Cheryl,Powell,lindsaylee@example.com,South Craig,French Southern Territories,2022-08-06
4605,Connor,Morris,vernon74@example.org,West Monicatown,Mongolia,2023-08-31
4606,Nathaniel,Drake,lmartinez@example.net,Kellybury,Trinidad and Tobago,2024-07-28
4607,Eugene,Smith,ftaylor@example.org,Sarahburgh,Pitcairn Islands,2022-09-25
4608,Michael,Murphy,bishopjanet@example.net,North Teresaburgh,Svalbard & Jan Mayen Islands,2026-06-16
4609,Sandra,Leon,porterlori@example.org,North Rachel,Congo,2025-07-14
4610,Dwayne,Patel,hbuck@example.net,North Christinachester,Ethiopia,2024-03-13
4611,Bradley,Gonzales,destinymurray@example.org,East Robert,Tunisia,2024-09-15
4612,Sean,Walters,andrew74@example.org,Wrightstad,Faroe Islands,2024-08-27
4613,Derek,Rios,katie96@example.com,East John,Congo,2023-01-09
4614,Heather,Horne,william16@example.net,Taylorport,Bosnia and Herzegovina,2026-03-09
4615,William,Robinson,snowjeffrey@example.net,West Roberttown,Netherlands Antilles,2023-04-08
4616,Andrea,Rocha,melissa91@example.net,Curtisfort,United Arab Emirates,2024-06-14
4617,Michelle,Parker,tranangela@example.org,Whitneyland,Mauritius,2024-10-14
4618,Kimberly,Lopez,hollyhenry@example.com,East Tammy,Austria,2022-09-16
4619,Larry,Golden,thomaschristine@example.net,North Toddmouth,Poland,2025-09-24
4620,Jerry,Patterson,nicolesimpson@example.com,Port Warren,Christmas Island,2026-04-18
4621,Derek,Franco,fpowell@example.net,Douglasview,Cook Islands,2025-12-06
4622,Summer,Brown,gallen@example.com,North Deborahmouth,Guadeloupe,2024-08-03
4623,Gary,Kelly,arichards@example.org,Johnbury,Saint Barthelemy,2023-11-14
4624,Brittany,Rice,dillonjohnson@example.net,West Katiefurt,Rwanda,2024-10-26
4625,Andrew,Cantu,hessjill@example.com,New Carlos,Honduras,2025-11-11
4626,Linda,Ball,bryantvicki@example.com,New Daniel,Barbados,2024-12-15
4627,Anna,Atkins,jeffery79@example.com,Saraside,American Samoa,2025-03-28
4628,Alan,Davis,matthewfernandez@example.net,Goodwinside,South Africa,2026-05-26
4629,Michael,Taylor,jgoodwin@example.com,Taylorchester,Liberia,2024-06-19
4630,Wesley,Woods,ugeorge@example.net,Lake Cynthiaview,Tanzania,2022-09-17
4631,Kristen,Carroll,joseph73@example.net,Longborough,Congo,2025-08-31
4632,Benjamin,West,williamreilly@example.net,Wrightport,United Kingdom,2024-04-16
4633,Jill,Madden,mjuarez@example.net,West Robert,Greece,2025-01-07
4634,Cynthia,Nelson,aowens@example.org,Garciaborough,Mexico,2024-03-27
4635,Justin,Ford,cooperdouglas@example.net,New Brian,Cape Verde,2024-11-11
4636,Brian,Compton,ashley13@example.org,Vanessaberg,South Africa,2026-01-23
4637,Maria,Johnson,stevenhurst@example.com,Hornmouth,Trinidad and Tobago,2024-07-01
4638,Joshua,Jackson,pughmarcus@example.org,Karenfort,Moldova,2023-05-12
4639,Susan,Holland,megan28@example.com,Danielport,Hungary,2023-06-07
4640,Christine,Ali,andersonmanuel@example.com,North Claytonborough,Philippines,2023-07-03
4641,Christopher,Davis,uwilliams@example.org,Owensberg,Saint Kitts and Nevis,2024-02-03
4642,Michael,Wallace,christinagibson@example.net,New Kristinamouth,Gambia,2022-09-07
4643,John,Schwartz,tinapetersen@example.org,New Kenneth,Georgia,2022-09-08
4644,Misty,Decker,odalton@example.com,Brendahaven,Algeria,2024-11-27
4645,Emily,Wilson,marcwhite@example.com,Port Cheryl,Kazakhstan,2024-07-08
4646,Brandon,Brown,kim20@example.org,Territown,Cameroon,2023-01-12
4647,Nicole,Franklin,dwatson@example.net,East Jessica,North Macedonia,2026-02-15
4648,Anita,Guerra,fthomas@example.com,North Kayla,Romania,2023-06-07
4649,Holly,Calderon,bwilliams@example.org,Lake Randall,Holy See (Vatican City State),2024-06-19
4650,Tiffany,Solomon,janice27@example.net,Brittanychester,Singapore,2023-09-21
4651,William,White,sherry93@example.com,Tammiebury,Tanzania,2024-08-23
4652,Ricky,Parker,randynelson@example.com,Kelseyfort,Georgia,2024-06-18
4653,Jamie,Evans,qjones@example.net,West Aaron,Northern Mariana Islands,2026-03-28
4654,Jonathan,Fuentes,rmorris@example.net,North Elizabethberg,San Marino,2024-01-07
4655,Richard,Martinez,lhall@example.net,Danielton,Sao Tome and Principe,2025-07-28
4656,Christopher,Fowler,gordonpowell@example.com,East Gregorytown,India,2024-10-23
4657,Patricia,Harmon,davidsoncourtney@example.com,Leeview,Bouvet Island (Bouvetoya),2026-06-28
4658,Joseph,Shea,navarrotaylor@example.org,North Teresaport,Niger,2025-10-01
4659,Ethan,Andrews,sdixon@example.org,Walterstad,Holy See (Vatican City State),2024-08-13
4660,Jacob,Morales,itaylor@example.com,West Thomaschester,Burundi,2023-01-28
4661,Todd,Petty,jeffreywagner@example.net,North Austin,Mozambique,2025-12-15
4662,Maria,Roy,dmaxwell@example.com,New Raymond,Palestinian Territory,2023-04-18
4663,Kimberly,Wilson,dale39@example.net,New Ashleyborough,Mali,2026-07-21
4664,Mathew,Martin,kimberlyperez@example.org,South Richardton,Mozambique,2026-04-14
4665,Katherine,Mclaughlin,russelljanice@example.com,Bowmanville,Ukraine,2024-10-19
4666,Theresa,Guzman,gutierrezdouglas@example.org,Lake Susanburgh,Cocos (Keeling) Islands,2026-07-07
4667,Brenda,Oneill,qpowell@example.net,Kimberlyview,Chad,2026-04-06
4668,Alexa,Curtis,madisonmiller@example.com,Smithborough,Cayman Islands,2024-09-27
4669,Janice,Wheeler,deleonronald@example.net,South Shelly,Western Sahara,2023-01-04
4670,Jenny,Brown,ylittle@example.org,Port Michael,Mozambique,2025-10-31
4671,Kari,Tapia,harriskelly@example.net,Lanechester,Germany,2023-08-14
4672,James,Carson,patriciamoore@example.net,New Michaelland,Uruguay,2024-06-20
4673,Danielle,Webb,bailey34@example.org,East Nicole,Swaziland,2024-10-22
4674,Kimberly,Robinson,jasonbrowning@example.com,Lorichester,Fiji,2023-04-01
4675,Molly,Wright,tbass@example.org,Lake Stephanieberg,Taiwan,2024-11-21
4676,Alyssa,Cowan,natashabell@example.org,Chanberg,Saint Vincent and the Grenadines,2026-03-10
4677,Alyssa,Galvan,rebekah96@example.com,South Angela,Japan,2024-08-08
4678,William,Jackson,rbell@example.net,South John,El Salvador,2026-05-17
4679,Kristen,Espinoza,hannah61@example.com,South Monica,Guinea,2024-12-12
4680,Mark,James,rodgerstina@example.com,Port Kellihaven,Bulgaria,2022-12-24
4681,Lynn,Farmer,jwatson@example.net,Lake Michelleville,Mexico,2026-04-08
4682,Deanna,Davis,mary93@example.org,New Stephen,Gabon,2025-11-08
4683,Alejandro,Taylor,jwolf@example.com,South Dannychester,Guernsey,2022-08-24
4684,Richard,Roberts,jefferygonzalez@example.com,Gutierrezchester,Croatia,2023-06-05
4685,William,Spencer,andrekelley@example.com,Port Garyport,Argentina,2025-04-20
4686,Roy,Wood,timothy33@example.net,South Paulberg,Comoros,2026-03-16
4687,Andrew,Johnson,nstokes@example.com,North Robert,Palestinian Territory,2023-01-12
4688,Allen,Lewis,jessehernandez@example.net,New Linda,Anguilla,2025-04-05
4689,Matthew,Mccarty,larryallen@example.com,Rollinsville,Andorra,2023-03-08
4690,Martha,Hernandez,austinhumphrey@example.com,Walkerbury,Romania,2025-08-26
4691,Walter,Ballard,lbishop@example.org,Antoniofurt,Zimbabwe,2025-06-13
4692,Victor,Thomas,kelly81@example.com,Louismouth,France,2022-10-24
4693,Robert,Carter,longjeffrey@example.com,Joseshire,Australia,2023-07-16
4694,Patrick,Vega,obarker@example.net,Mariaville,Sao Tome and Principe,2024-02-14
4695,Kenneth,Miller,bensonluis@example.org,Melissachester,Bermuda,2022-10-22
4696,Michael,Hernandez,summer93@example.net,Lake Austin,French Southern Territories,2025-07-22
4697,Regina,Saunders,yflores@example.net,Loribury,Antigua and Barbuda,2026-07-06
4698,Ebony,Mcintosh,miguelgarcia@example.org,Barryhaven,Namibia,2023-07-25
4699,Angela,Good,douglas32@example.org,Reedville,Dominica,2024-06-01
4700,Shawn,Barry,qfields@example.net,South Paul,Lebanon,2024-04-19
4701,Kimberly,Bird,ehunt@example.org,Lake Jay,Venezuela,2026-06-23
4702,Amber,Woodward,jmorse@example.org,Pamelamouth,Iceland,2024-09-26
4703,Brianna,Underwood,bellduane@example.com,Williambury,Guatemala,2024-12-19
4704,Kayla,Wheeler,scottblanchard@example.com,Port David,Mexico,2023-10-30
4705,Lucas,Osborne,kellyvargas@example.net,Freemanport,United States Virgin Islands,2025-11-03
4706,Gina,Hughes,daniel69@example.net,East Sandra,Serbia,2024-06-03
4707,Charles,Larson,tdavis@example.net,Davidbury,Central African Republic,2023-06-12
4708,Robert,Phillips,awilliams@example.org,Pricechester,Iceland,2023-08-17
4709,Julia,Johnson,vcruz@example.org,Debbieberg,Japan,2024-09-10
4710,Jack,Huff,karenoliver@example.com,Petersland,Saint Vincent and the Grenadines,2023-01-21
4711,Amy,Smith,noah97@example.net,Nelsonchester,Guinea-Bissau,2022-09-15
4712,Lindsey,Shah,barbara57@example.org,West Lorifort,Bosnia and Herzegovina,2022-10-31
4713,Martin,Hinton,larsenelizabeth@example.com,Kennethborough,Israel,2025-10-06
4714,Stephen,Morris,megan16@example.org,New Robinshire,Kiribati,2023-05-25
4715,Andrea,Patton,david59@example.net,Meganport,Turkey,2026-04-01
4716,Cheryl,Vasquez,jamesnorman@example.com,West Paulbury,Tunisia,2024-11-11
4717,Connie,Maynard,leedesiree@example.org,Jacksonstad,France,2026-02-23
4718,Christy,Humphrey,herrerajoseph@example.org,Villanuevamouth,Togo,2023-05-01
4719,Joseph,Hubbard,sullivangeoffrey@example.org,North Royton,Mauritius,2024-11-14
4720,William,Campos,qmcintosh@example.net,Dianeborough,Slovakia (Slovak Republic),2023-11-22
4721,Brittany,Kelley,qhill@example.net,Veronicashire,Hungary,2023-03-07
4722,Ronald,Webster,laurenfranklin@example.net,East Lauren,Micronesia,2022-10-21
4723,Timothy,Buckley,charleszavala@example.org,Frankstad,Mongolia,2025-08-11
4724,Stacie,Cohen,mlane@example.com,West Travis,Azerbaijan,2026-04-06
4725,Kiara,Garcia,nmarks@example.org,New Janet,Paraguay,2024-07-06
4726,Ian,Paul,ellisjeffery@example.com,East Cindyhaven,Uganda,2025-04-26
4727,Melinda,Hensley,mccoyerik@example.net,Millerport,Martinique,2024-12-15
4728,Mason,Nelson,fostershannon@example.net,Shelbyborough,Myanmar,2025-06-26
4729,Scott,Jones,moniquecampbell@example.net,Samanthafurt,Turkey,2023-06-16
4730,Alicia,Oneal,grosskaitlyn@example.org,Hamiltontown,Andorra,2025-02-19
4731,Barbara,Johnson,bradygerald@example.org,Jaclynland,Saint Martin,2026-04-06
4732,Michelle,Peterson,dpena@example.net,Carrshire,Hungary,2024-12-14
4733,Mary,Roberts,upugh@example.net,Patrickberg,Venezuela,2022-12-01
4734,Kelly,Evans,castromorgan@example.net,West Matthewtown,New Zealand,2023-03-04
4735,Jessica,Johnson,summer39@example.net,Smithton,Tunisia,2024-10-18
4736,Megan,Smith,rogersalexis@example.org,Parksberg,Morocco,2023-06-20
4737,Whitney,Smith,wernerlaura@example.net,Williamsborough,New Caledonia,2025-05-13
4738,Brandy,Ross,uharding@example.com,New Oliviafurt,Papua New Guinea,2024-10-18
4739,Justin,Wells,joshuaharris@example.com,Melissahaven,Burkina Faso,2026-01-20
4740,David,Kirk,davesmith@example.net,Lake Sandra,Sao Tome and Principe,2024-05-14
4741,Ashley,Acevedo,jasoncampbell@example.com,Kathleenborough,Liechtenstein,2022-11-11
4742,Olivia,Williams,ikent@example.com,North Faithborough,Tunisia,2022-12-17
4743,Sara,Warner,murraygavin@example.com,Sophiabury,Equatorial Guinea,2024-02-01
4744,Courtney,Robertson,yolanda75@example.org,Mcphersonmouth,Honduras,2024-03-15
4745,Jonathan,Wilson,james74@example.net,Russellville,Madagascar,2025-10-08
4746,Donald,Larson,david12@example.net,Nelsonside,Brazil,2024-11-23
4747,Christopher,Haynes,john74@example.com,Marcusshire,Bhutan,2022-09-10
4748,Dustin,Burns,chandlerdennis@example.net,Lake Jenniferton,Palestinian Territory,2024-10-17
4749,Brandi,Gonzalez,davidpalmer@example.net,Port Rachel,China,2023-04-25
4750,Theresa,Berry,qpowell@example.com,East Robert,Botswana,2026-03-08
4751,Terri,Malone,brandy31@example.org,South Amanda,Croatia,2024-02-18
4752,Wesley,Bird,zhayden@example.org,Bryantview,Guatemala,2025-09-23
4753,Cindy,Garza,robertlucas@example.org,New Michael,Saint Martin,2026-04-08
4754,Mary,Martinez,goodjames@example.com,South Tracey,Libyan Arab Jamahiriya,2023-02-08
4755,Andrew,Snyder,gilbertdennis@example.com,South James,Niue,2025-02-06
4756,Amy,Chambers,qtaylor@example.net,Port Matthew,Australia,2026-07-28
4757,Teresa,Williams,mariatucker@example.net,East Jefferyhaven,Botswana,2024-10-11
4758,Hannah,Johnston,desireelee@example.com,Elizabethfort,Poland,2024-01-23
4759,April,Thomas,sherri88@example.com,New Malloryborough,Samoa,2026-07-02
4760,Tracy,Johnson,danajones@example.com,New Billton,Christmas Island,2023-03-28
4761,Melvin,Wright,marco42@example.org,Nancyland,Denmark,2022-09-28
4762,Peter,Riggs,laneerica@example.org,South Ruben,Haiti,2024-12-08
4763,Lisa,Simmons,fischertimothy@example.org,West Sharon,Kenya,2025-09-14
4764,Erica,Duncan,suarezjohn@example.net,Annechester,Sweden,2025-04-14
4765,Daisy,Cole,johnstonrebecca@example.com,North Jamesside,Saint Helena,2026-07-20
4766,James,Fry,claytoncarmen@example.com,Bridgesshire,Tunisia,2024-09-30
4767,Amy,Benson,vickidouglas@example.net,New Lisa,Mauritania,2026-01-20
4768,Michael,Moore,rosebecky@example.net,Jasminemouth,Isle of Man,2024-06-09
4769,Daniel,Roach,glyons@example.net,New Dylanborough,Nepal,2024-11-14
4770,Misty,Riley,ejackson@example.com,Bryanview,Antarctica (the territory South of 60 deg S),2024-05-25
4771,Deborah,Mayer,yharrison@example.com,Sarahland,Austria,2024-08-15
4772,Louis,Watson,barnold@example.org,New Travistown,Christmas Island,2023-06-04
4773,Julie,Diaz,alyssacollins@example.net,West Sara,Lebanon,2023-04-25
4774,Holly,Valdez,susanhartman@example.com,North Christina,El Salvador,2025-06-14
4775,Craig,Lee,roberthaynes@example.com,Ashleyside,Kenya,2025-06-02
4776,Emily,Lucero,xsoto@example.org,Mackton,Morocco,2023-09-16
4777,Edwin,Johnson,kathryn47@example.net,East Curtisbury,Hungary,2025-11-17
4778,Robert,Stewart,hilllisa@example.com,Muellertown,Myanmar,2022-12-30
4779,Holly,Combs,andrea66@example.net,Porterborough,Sierra Leone,2024-03-08
4780,Omar,Marshall,aaronhill@example.net,Donaldsonview,India,2023-08-23
4781,Erica,Gonzales,heatherwaller@example.org,Michaelhaven,Cape Verde,2022-10-15
4782,Martha,Phillips,ngarrison@example.org,Lake Deborah,Argentina,2026-03-29
4783,William,Roberts,imedina@example.com,Smithbury,Colombia,2025-06-03
4784,Destiny,Lopez,bryantdavid@example.net,Shannonland,Bhutan,2025-08-02
4785,Kevin,Lawson,bradycarter@example.com,New Carolyn,Georgia,2023-09-20
4786,Sandra,Stone,raylynn@example.net,South Sean,Guam,2023-10-31
4787,Mark,Cross,kimberly14@example.com,Port Christophershire,Ghana,2023-07-09
4788,John,Herman,leah43@example.org,West Glenn,Portugal,2025-01-16
4789,Kyle,Williams,robert65@example.org,Port Bailey,Lebanon,2025-11-16
4790,Robert,Price,qgreen@example.net,New Kristenmouth,Jamaica,2025-02-28
4791,Jeffrey,Zamora,james46@example.com,Bishopville,Romania,2024-03-18
4792,Teresa,Cortez,mroberts@example.net,Myersfurt,Chad,2022-10-31
4793,Ashley,Valencia,ericsuarez@example.com,Robertton,Falkland Islands (Malvinas),2023-10-05
4794,Alexander,Edwards,sgilbert@example.org,South Henry,Sri Lanka,2026-02-18
4795,Jamie,Smith,anichols@example.net,Port Bradley,Zambia,2025-06-23
4796,Sue,Hernandez,brendan91@example.com,Thomasland,Israel,2025-03-18
4797,Edward,Glenn,oharper@example.org,West Christopherchester,Libyan Arab Jamahiriya,2026-04-06
4798,Justin,Morales,valeriesimmons@example.com,Kingside,Uruguay,2026-04-18
4799,Brianna,Rivera,dwebb@example.net,Andreaville,Yemen,2024-08-19
4800,Cathy,Ware,hsilva@example.net,East Grantmouth,Bahamas,2023-03-12
4801,Scott,Adams,tanya19@example.com,Timothymouth,Guatemala,2022-10-28
4802,Jennifer,Hall,misty70@example.net,Lake Hannah,Ireland,2026-04-27
4803,Lori,Gill,amandajones@example.com,Jonhaven,Cook Islands,2025-08-07
4804,David,House,kmcdaniel@example.net,Simmonsburgh,Italy,2022-09-13
4805,Faith,Rogers,ytaylor@example.org,East Anthony,El Salvador,2026-07-26
4806,Donald,King,zoejenkins@example.org,Brocktown,Pitcairn Islands,2023-12-12
4807,Jonathan,Robinson,heidi25@example.com,Wolfshire,Egypt,2026-02-13
4808,Rebecca,Richard,iharris@example.net,Heatherbury,Hong Kong,2024-12-13
4809,Christopher,Haynes,richedward@example.com,South Aprilview,Sudan,2025-04-12
4810,Daniel,Whitney,nallen@example.net,Robertborough,Cyprus,2023-02-06
4811,Tanya,Jimenez,jamiegonzalez@example.net,Millertown,Gibraltar,2023-09-28
4812,Michelle,Hernandez,eileenclark@example.com,Martinezville,Barbados,2023-12-31
4813,Franklin,Hoffman,olopez@example.org,Annatown,Reunion,2024-10-12
4814,Javier,Harris,kathy81@example.net,Port Andrea,Poland,2026-06-14
4815,George,Byrd,vanessathomas@example.org,Hernandezberg,Serbia,2025-04-04
4816,Ruth,Ferrell,dannyhurst@example.com,New Francisco,Lao People's Democratic Republic,2025-02-09
4817,Dylan,Chandler,toddmichael@example.com,West Kimberly,Canada,2026-08-02
4818,Stephen,Cruz,kellylowe@example.net,New John,Jamaica,2024-11-06
4819,David,Maxwell,wsanford@example.org,West Shannonview,Benin,2024-06-21
4820,Calvin,Wagner,waterspatrick@example.net,Brewerburgh,Vanuatu,2023-05-14
4821,Laurie,Young,christinegarcia@example.net,South Sandrahaven,Singapore,2025-04-21
4822,Michael,Griffin,william61@example.org,Morrisborough,Malawi,2026-02-26
4823,Dana,Smith,cummingswilliam@example.com,South Jamesshire,Sweden,2025-02-20
4824,Anna,Olson,monica60@example.com,Lake Donald,Peru,2025-10-26
4825,Steven,Moyer,nevans@example.net,Lopezchester,Heard Island and McDonald Islands,2024-06-08
4826,Savannah,Rosario,catherine33@example.com,South Travisside,Grenada,2025-04-18
4827,Kristen,Ray,vincentgraham@example.net,Michelleview,Mexico,2022-11-01
4828,John,Gray,brentgordon@example.com,West Derek,Turks and Caicos Islands,2024-07-26
4829,Desiree,Boyd,evansrichard@example.com,Nathanfort,Antarctica (the territory South of 60 deg S),2023-12-01
4830,Eric,Moss,pbaker@example.org,Lake Joseph,Tuvalu,2025-09-26
4831,William,Ortega,aallen@example.com,Gonzaleshaven,Saudi Arabia,2026-07-06
4832,Terrence,Villarreal,daviswendy@example.org,North Jennifer,Timor-Leste,2024-06-03
4833,Gary,Anderson,nmcdaniel@example.net,South Johnview,Mauritius,2025-08-15
4834,Crystal,Jones,ubarr@example.org,Gonzalezton,Ecuador,2025-10-19
4835,Holly,Roman,suttoncolleen@example.net,Castrotown,Tuvalu,2022-08-28
4836,Maria,Bowman,fmorgan@example.net,Port Arthur,Yemen,2024-01-22
4837,Keith,Wilson,rachelsmall@example.net,Deannashire,Finland,2024-03-03
4838,Stefanie,Everett,opatel@example.org,Port Connie,Saint Vincent and the Grenadines,2025-07-06
4839,Jeffrey,Ramirez,pearsonjon@example.com,North Lauraburgh,Guam,2024-03-14
4840,Melissa,Hernandez,kristinrichardson@example.org,Jesusport,Micronesia,2026-03-18
4841,Jeffery,Huang,katherinecook@example.net,North Kayla,Christmas Island,2026-02-21
4842,Sara,Jimenez,ncook@example.org,Ericabury,Samoa,2024-10-02
4843,Andrew,Becker,sdickerson@example.net,Phillipstown,Russian Federation,2024-02-07
4844,Vincent,Young,warrenchristian@example.org,East Erica,Finland,2025-02-18
4845,James,Bird,laura47@example.com,Bensonbury,Micronesia,2024-02-09
4846,Robert,Osborn,shannon40@example.net,Lake Monique,Reunion,2026-01-28
4847,Sandra,Valenzuela,robin48@example.com,Davidfort,New Zealand,2025-04-12
4848,Alison,Brown,jraymond@example.org,Port Elizabethbury,Angola,2025-03-14
4849,Scott,Gibson,nicholasfuller@example.org,New Lindsey,China,2022-11-03
4850,David,Bryant,colleen36@example.org,Ellisville,Paraguay,2023-11-20
4851,Joseph,Oliver,darrellhudson@example.org,West James,Israel,2025-08-21
4852,Larry,Berger,michaelmoses@example.com,Port Cynthia,Equatorial Guinea,2024-03-12
4853,Andrea,Cox,donna41@example.net,Lake Jerry,Saint Helena,2024-03-26
4854,Sarah,Sanders,cohenjessica@example.org,South Travischester,Falkland Islands (Malvinas),2025-07-01
4855,Jonathan,Blankenship,chad69@example.net,West Gregory,Swaziland,2024-04-10
4856,John,Griffin,thomasmicheal@example.org,Santosmouth,Saint Vincent and the Grenadines,2026-05-14
4857,Brian,Lawson,teresatapia@example.org,Justinborough,Montenegro,2022-11-20
4858,Jonathan,Wiggins,cameronmurphy@example.com,New Melissaburgh,Saint Lucia,2024-06-29
4859,Angela,Vaughn,tsullivan@example.org,Sanchezville,Tuvalu,2022-08-19
4860,Fred,Whitehead,megan11@example.com,Matthewburgh,Cote d'Ivoire,2023-10-01
4861,Ian,Mcdonald,kathrynoliver@example.com,East Benjaminshire,Guinea-Bissau,2023-08-23
4862,Eric,Simmons,stokescarl@example.com,New Heidi,Solomon Islands,2025-09-19
4863,Keith,Watson,angela52@example.net,Kristenhaven,Zimbabwe,2025-01-21
4864,Eric,Freeman,xmcmahon@example.com,Cowanstad,Comoros,2023-01-07
4865,Dean,Leonard,benjamin00@example.org,Michaelville,Malawi,2023-11-09
4866,Lindsay,Simpson,carloswolfe@example.net,Lake Kimberly,Saint Martin,2025-09-23
4867,Christine,Medina,debraharris@example.org,Lake Jocelynmouth,Japan,2023-01-09
4868,Holly,Bentley,teresaescobar@example.org,South Joshua,Guadeloupe,2024-04-03
4869,Joshua,Roth,ortizjustin@example.net,East Kelly,Hong Kong,2026-01-31
4870,Christina,Levy,allisonrobinson@example.net,Port Luisville,Venezuela,2023-12-23
4871,Kayla,Warner,ricardolam@example.com,Jeffreychester,United Arab Emirates,2025-06-28
4872,Christopher,Henderson,christopherfrazier@example.net,Pricetown,Guam,2025-08-13
4873,Desiree,Moore,williamselaine@example.com,Jasonbury,Poland,2024-06-25
4874,Marcus,Bryan,bramos@example.org,Port Nancy,Papua New Guinea,2025-05-14
4875,Deborah,Leach,elizabeth74@example.com,Port Richardport,South Africa,2023-04-26
4876,Michelle,Rodriguez,jonathan61@example.org,West Nancyfurt,Belarus,2023-12-03
4877,Vanessa,Pacheco,vsimpson@example.net,Knightfurt,Uganda,2022-11-19
4878,Christopher,Mckenzie,bryanvillanueva@example.com,Taylormouth,Bouvet Island (Bouvetoya),2023-04-26
4879,Lauren,French,cruzdebra@example.org,Port Sheilaberg,Falkland Islands (Malvinas),2025-03-27
4880,Jason,Rivera,nvillarreal@example.net,Lake Markmouth,Bulgaria,2024-01-07
4881,John,Anderson,jacksonadam@example.net,Port Brian,Guernsey,2024-04-01
4882,Phillip,Vazquez,katherine73@example.org,New Richard,Turkmenistan,2025-03-22
4883,Olivia,Blair,alexandrabarnett@example.org,Lake Lauriechester,Croatia,2022-11-04
4884,Carrie,Mcdaniel,sheri70@example.com,Longport,United States Minor Outlying Islands,2024-10-23
4885,Ryan,Koch,wstephens@example.com,Lake Lisamouth,Libyan Arab Jamahiriya,2025-06-16
4886,Cynthia,Lewis,lorettacollins@example.com,Petersonville,Slovakia (Slovak Republic),2024-09-19
4887,Shawna,Garcia,isutton@example.com,South Megan,Isle of Man,2022-08-28
4888,Tonya,Evans,brittanyrobinson@example.org,East Deanstad,Venezuela,2024-05-28
4889,Samuel,Morales,jamie43@example.net,Harrisonhaven,Western Sahara,2025-05-25
4890,Samantha,Richmond,oliveryvonne@example.net,Jessicachester,Grenada,2022-10-20
4891,Stephen,Hernandez,luke92@example.org,Shawnland,Samoa,2024-09-22
4892,Robert,Brown,kburns@example.net,Mezaborough,Heard Island and McDonald Islands,2025-12-17
4893,Samuel,Larsen,conniehernandez@example.com,Cherrybury,Wallis and Futuna,2026-05-16
4894,Joseph,Murray,hoganabigail@example.com,Katieport,Togo,2025-11-11
4895,Barbara,Bailey,nelsonjessica@example.com,Melissastad,Lithuania,2025-06-26
4896,Erin,Boyd,warerebekah@example.net,West Davidshire,Guinea-Bissau,2023-08-23
4897,Patricia,Webb,nicholegonzales@example.org,West Andre,Spain,2026-03-11
4898,Jennifer,Smith,mannmegan@example.org,East Jennifer,Cuba,2025-11-21
4899,Mallory,Parker,alyssaallen@example.net,Youngview,Estonia,2023-05-29
4900,Linda,Carr,bgarcia@example.org,Lake Gary,Ethiopia,2023-08-14
4901,Eric,Briggs,nmeyers@example.org,Danielsfurt,Liechtenstein,2026-01-24
4902,Melissa,Levy,wwebb@example.net,Choiberg,United Kingdom,2025-12-05
4903,Sophia,Scott,woodstimothy@example.com,South Jillianfurt,Libyan Arab Jamahiriya,2022-09-21
4904,Amy,Hendrix,bernardrobert@example.com,Halltown,Guinea,2023-12-21
4905,Kayla,Jackson,karenblevins@example.org,South Dustin,Angola,2023-05-06
4906,Stephen,Christensen,harrischristie@example.org,Smithtown,Moldova,2023-09-13
4907,Brittany,Salazar,mcdanielregina@example.com,Fuenteshaven,Marshall Islands,2024-07-22
4908,Rhonda,Green,andrew14@example.com,Port Chadhaven,Montserrat,2024-06-02
4909,Ryan,Gibson,jgaines@example.com,West Karen,United States of America,2024-01-12
4910,John,Willis,thompsonjustin@example.com,Freyport,Togo,2025-03-09
4911,Miranda,Guerrero,kwilliams@example.com,Jessicachester,Cote d'Ivoire,2023-01-15
4912,Maurice,Anderson,andresobrien@example.org,West Jamesville,Poland,2025-07-12
4913,Michael,Davis,krussell@example.org,South Gregorymouth,Poland,2026-06-27
4914,Katherine,Hayes,yhobbs@example.net,New Jon,Croatia,2025-06-07
4915,Kimberly,Graves,monicajohnson@example.com,North Sarah,Mauritius,2023-10-09
4916,Samantha,Knight,russellkaitlyn@example.org,Paulbury,Iceland,2026-03-11
4917,Edward,Smith,riddlebrent@example.org,Elizabethside,Anguilla,2023-02-07
4918,James,Harris,harrisluis@example.net,Lake Jamieside,Lebanon,2024-06-21
4919,Brian,Garcia,wramirez@example.org,Nashside,Kazakhstan,2025-10-29
4920,Wesley,Williams,angelasummers@example.net,Port Kimberlyport,Bahamas,2026-06-09
4921,Crystal,Brown,benjamin87@example.com,Summerville,Netherlands Antilles,2023-12-03
4922,Katrina,Lewis,joanne53@example.net,Rebeccaberg,Montserrat,2023-09-22
4923,Jennifer,Jones,unewman@example.net,Pattersonfort,Wallis and Futuna,2024-11-29
4924,Jonathan,Johns,thughes@example.com,Neilport,Niger,2023-03-08
4925,Laura,Weber,stevenfernandez@example.org,Martinezhaven,Namibia,2025-04-20
4926,Steven,Thompson,zrowe@example.com,North Jeremy,Kiribati,2023-05-19
4927,Nicholas,Zimmerman,gharrison@example.net,Lake Gregorychester,Trinidad and Tobago,2022-12-06
4928,Caitlin,Miles,hamiltondarrell@example.org,Jensenchester,Estonia,2025-05-17
4929,Stephanie,Reed,kimberly67@example.net,Blankenshipstad,Bhutan,2026-06-20
4930,Seth,Hunt,kenneth08@example.org,Christinebury,Ghana,2023-05-30
4931,Jason,Thomas,joseph93@example.org,Wendyville,Faroe Islands,2025-10-19
4932,Michael,Melton,ashley13@example.net,Terryville,Pitcairn Islands,2023-08-12
4933,Michael,Oliver,lewismeredith@example.net,New Kyle,Finland,2024-04-07
4934,Adam,Mason,brownsara@example.com,Port Jessica,Algeria,2024-10-25
4935,Bianca,Jacobs,richard90@example.net,Lisaborough,Lesotho,2025-08-14
4936,Jennifer,Riddle,burnsnicole@example.org,West Francisco,Bulgaria,2023-06-20
4937,Cynthia,Walsh,emilyrivera@example.com,Scotthaven,Equatorial Guinea,2023-12-20
4938,Patrick,Macdonald,angel18@example.org,Lake Christopherhaven,Western Sahara,2025-05-23
4939,Felicia,Larson,eduardosmith@example.com,West Andrewshire,British Virgin Islands,2024-04-19
4940,Matthew,Espinoza,evansmichael@example.com,South Coryfurt,Mauritania,2023-09-29
4941,James,Herrera,adrienne37@example.org,Williamhaven,Afghanistan,2025-03-01
4942,Benjamin,Morris,fletchermargaret@example.org,West Johnborough,Egypt,2024-02-12
4943,Thomas,Scott,nholloway@example.org,Amyton,French Guiana,2023-04-29
4944,George,Jimenez,madisonbarton@example.org,Danielport,Antigua and Barbuda,2023-02-05
4945,Jennifer,Young,cindy04@example.net,Kyleview,Kenya,2025-01-28
4946,Mary,Gray,patriciasmith@example.org,South Lisa,Guernsey,2025-08-02
4947,David,Wolfe,brian89@example.com,Susanview,Samoa,2023-10-10
4948,Jerry,Duncan,mhill@example.com,Port Richardmouth,Mayotte,2024-12-23
4949,Susan,Taylor,ksmith@example.com,South Dustinshire,Zimbabwe,2026-02-25
4950,Andrea,Torres,oford@example.com,Lake Larryside,New Caledonia,2022-11-02
4951,Leslie,Brown,maddoxjustin@example.net,South Christopherfort,Somalia,2026-04-14
4952,Paul,Malone,hmurillo@example.org,New Jason,Israel,2023-04-27
4953,Shelby,Jackson,amycruz@example.com,New Corey,Palestinian Territory,2024-09-09
4954,Cody,Martin,sherri73@example.com,Timothychester,Isle of Man,2024-02-21
4955,Elizabeth,Griffin,xmiller@example.net,Robertahaven,Lesotho,2024-07-28
4956,Jason,Schroeder,sarah16@example.net,Jessicaborough,Saint Lucia,2026-03-29
4957,Jennifer,Curtis,stevenramirez@example.com,Nicoleside,United Arab Emirates,2023-10-31
4958,Andrea,Howard,manningronald@example.com,West Kristinaview,Myanmar,2022-09-08
4959,Erin,James,jdouglas@example.com,New Stevenside,South Africa,2026-01-13
4960,Tracy,Blackburn,pfields@example.net,Garciastad,Spain,2024-02-20
4961,Lacey,Boyd,austinkevin@example.org,North Dennis,Indonesia,2025-02-02
4962,Karen,Miller,miketaylor@example.com,Debbieport,Nigeria,2023-01-31
4963,Casey,Baxter,carterdaniel@example.net,Wagnershire,Argentina,2026-02-11
4964,Bobby,Schwartz,ygardner@example.org,Hayesfurt,Sweden,2023-12-25
4965,Alicia,Hahn,vangallison@example.org,Samanthamouth,Somalia,2024-05-07
4966,Sandra,Baker,yobrien@example.com,Theresafurt,Dominican Republic,2023-12-27
4967,Jackson,Lutz,epratt@example.com,Novakstad,Tonga,2023-07-14
4968,Alyssa,Flores,charles30@example.org,Port Anthonyfort,Kiribati,2025-04-17
4969,Cynthia,Wade,martineztyler@example.org,Ryanton,North Macedonia,2023-02-04
4970,Jeremy,Padilla,sandrathomas@example.org,West Norman,Liberia,2023-07-15
4971,Michael,Mendoza,zjackson@example.com,North Natashaborough,Haiti,2024-11-14
4972,Nicole,Johnson,yesenia86@example.net,Port Ricardo,Hungary,2026-01-02
4973,David,Tucker,walkerneil@example.com,Philliphaven,Morocco,2023-02-26
4974,Rachel,Young,kyoung@example.com,East Christopher,Yemen,2024-01-26
4975,Reginald,Gregory,whansen@example.com,Lake Johnborough,Bouvet Island (Bouvetoya),2022-08-23
4976,Christina,Davis,edwardroman@example.com,Katieburgh,Turkey,2022-10-06
4977,Amber,Watson,xsmith@example.com,Drewberg,South Africa,2025-04-09
4978,Barbara,Campbell,jasoncortez@example.net,Port Robin,United Kingdom,2026-07-27
4979,Mitchell,King,ramirezcody@example.net,New Wesleystad,Switzerland,2024-05-19
4980,Jennifer,Howard,christiantyler@example.org,North Mariachester,Falkland Islands (Malvinas),2023-02-27
4981,Oscar,Evans,mollybrown@example.org,Danielside,Saint Pierre and Miquelon,2025-01-29
4982,Ashlee,Ramirez,marychambers@example.org,North Justinville,Seychelles,2025-05-08
4983,Anthony,Cline,robertjones@example.com,Samuelland,Micronesia,2023-02-27
4984,Glenda,Hall,tammy77@example.net,Latoyatown,Greece,2023-04-07
4985,Kevin,Austin,delgadolaura@example.org,Brianchester,Niger,2023-12-22
4986,Mary,Davis,torresgabriel@example.net,Lake Jessica,Guam,2024-10-14
4987,John,Young,mcdonaldmark@example.com,Alexanderview,Hong Kong,2026-02-24
4988,Timothy,Clark,nancyking@example.org,Port Nicholasland,Cuba,2026-07-27
4989,Amanda,Rodriguez,bsutton@example.org,Abigailbury,Cape Verde,2025-01-15
4990,Benjamin,Colon,juliehernandez@example.net,South Tiffany,Ghana,2024-05-25
4991,Shannon,Barber,robertpaul@example.org,Robinsonton,Gibraltar,2023-10-23
4992,Steve,Ferrell,michele41@example.org,Jenniferberg,Niger,2024-11-01
4993,Amy,Vargas,jacquelinehawkins@example.net,Lake Felicia,United States of America,2026-02-13
4994,Gloria,Hamilton,roberthopkins@example.com,Port Pamela,Bosnia and Herzegovina,2025-03-20
4995,Jordan,Jackson,kingrichard@example.net,New Terrymouth,Hungary,2026-04-29
4996,Eric,Hernandez,jonesadrienne@example.org,East Jacobshire,Trinidad and Tobago,2023-08-29
4997,John,Thomas,hintonmichael@example.net,North Tonya,Ukraine,2025-01-06
4998,Brian,Smith,collinslindsey@example.com,West Brianfurt,Cambodia,2023-04-30
4999,Darius,Robinson,joseph69@example.net,Troyside,Sudan,2023-01-02
5000,Beverly,Smith,williambennett@example.org,Port Jennifer,Korea,2026-07-28
