order_id,customer_id,order_date,status
1,4889,2025-07-25 19:14:02,Completed
2,824,2024-12-21 18:22:13,Completed
3,2427,2026-02-26 01:53:51,Completed
4,1470,2025-02-24 14:28:32,Completed
5,4376,2025-11-06 17:32:23,Completed
6,373,2025-08-12 03:18:47,Cancelled
7,4534,2025-04-11 01:54:34,Completed
8,1035,2024-08-26 12:42:43,Completed
9,4022,2024-10-05 17:09:12,Completed
10,101,2026-03-08 21:43:17,Completed
11,3846,2026-05-01 19:14:14,Completed
12,2792,2025-01-20 12:53:42,Completed
13,421,2025-06-25 10:12:01,Completed
14,3914,2025-04-03 05:55:07,Completed
15,536,2025-05-30 18:25:20,Completed
16,607,2025-05-11 02:08:57,Completed
17,440,2024-11-20 11:08:51,Completed
18,4611,2026-04-20 12:07:35,Cancelled
19,698,2025-01-30 11:31:46,Cancelled
20,971,2025-12-30 22:12:07,Completed
21,3410,2025-07-15 08:11:22,Completed
22,1849,2025-12-05 21:45:38,Completed
23,3117,2025-03-27 05:53:28,Completed
24,3627,2024-11-22 18:28:55,Completed
25,4822,2026-01-26 02:20:06,Cancelled
26,2502,2025-03-13 18:38:20,Completed
27,494,2025-09-29 05:48:01,Completed
28,813,2026-01-18 07:31:21,Cancelled
29,1703,2025-08-04 22:37:47,Completed
30,2168,2025-01-12 17:55:38,Completed
31,1287,2025-03-25 07:06:54,Completed
32,4522,2025-11-05 11:06:12,Pending
33,22,2026-01-15 20:13:35,Completed
34,4865,2024-12-08 23:28:09,Completed
35,268,2025-11-25 06:50:33,Completed
36,2317,2025-03-03 17:49:42,Completed
37,3720,2026-03-15 20:32:54,Pending
38,1913,2025-06-07 10:09:40,Cancelled
39,4832,2024-10-31 17:53:49,Completed
40,1621,2025-01-19 04:15:01,Completed
41,4462,2024-11-12 06:03:19,Completed
42,1221,2026-06-05 09:12:47,Cancelled
43,1166,2026-03-17 17:15:43,Pending
44,1360,2025-01-20 20:33:48,Completed
45,4875,2024-08-27 00:06:31,Completed
46,4663,2024-08-20 03:23:56,Cancelled
47,3598,2025-12-13 21:42:01,Completed
48,2492,2025-04-13 11:45:49,Completed
49,2231,2025-10-23 10:06:25,Completed
50,4046,2025-05-10 07:24:59,Completed
51,4900,2026-07-24 14:14:05,Pending
52,3540,2026-01-07 20:20:13,Completed
53,4946,2025-04-21 17:27:51,Completed
54,749,2024-08-22 23:40:44,Completed
55,4713,2026-05-23 00:18:31,Completed
56,170,2025-03-07 18:47:33,Cancelled
57,2208,2026-07-25 10:00:15,Completed
58,1436,2026-05-25 10:13:09,Completed
59,3623,2024-10-11 20:27:16,Cancelled
60,1487,2024-12-12 02:17:52,Cancelled
61,3571,2025-03-29 03:12:26,Completed
62,4029,2025-09-29 05:12:58,Cancelled
63,3851,2025-10-04 22:20:57,Completed
64,2731,2025-08-14 04:46:39,Completed
65,857,2025-03-21 03:12:07,Completed
66,2702,2025-09-09 10:38:34,Completed
67,4059,2025-03-02 17:12:40,Completed
68,3281,2025-06-15 17:48:57,Completed
69,4507,2024-10-02 01:01:19,Pending
70,722,2025-02-27 05:30:15,Completed
71,2649,2026-06-06 23:09:13,Completed
72,3312,2026-04-01 06:12:42,Completed
73,10,2025-02-10 08:23:28,Completed
74,4445,2026-04-16 05:55:03,Completed
75,445,2025-05-04 08:47:46,Completed
76,2964,2025-06-21 04:32:44,Completed
77,4084,2024-11-19 21:35:28,Completed
78,423,2025-10-31 13:05:38,Completed
79,4500,2025-07-13 15:45:37,Completed
80,2360,2025-01-22 08:53:07,Completed
81,3971,2025-08-01 15:09:16,Completed
82,4988,2025-01-23 23:35:43,Completed
83,1298,2026-07-26 09:30:02,Completed
84,113,2025-09-25 09:17:07,Completed
85,764,2025-12-19 20:01:35,Completed
86,930,2024-09-11 23:35:50,Completed
87,963,2026-04-10 02:08:37,Completed
88,1262,2024-11-10 17:02:17,Completed
89,2391,2026-02-10 11:36:09,Completed
90,2240,2026-02-22 21:20:41,Completed
91,3953,2025-12-26 04:40:56,Cancelled
92,1997,2026-04-08 00:35:17,Completed
93,1185,2025-10-07 05:49:58,Completed
94,4911,2024-10-06 09:37:19,Completed
95,1119,2025-01-07 01:26:21,Completed
96,2264,2026-04-18 09:36:17,Completed
97,3400,2026-05-12 18:03:56,Completed
98,4160,2025-05-21 23:44:12,Completed
99,22,2025-07-25 01:12:55,Completed
100,2446,2026-01-29 12:46:28,Completed
101,4751,2026-06-24 11:41:30,Cancelled
102,4012,2024-10-31 07:51:03,Completed
103,3659,2026-06-09 19:16:16,Completed
104,2828,2025-03-18 00:09:17,Completed
105,4452,2025-07-29 13:49:36,Completed
106,2637,2025-08-17 14:43:12,Completed
107,1957,2025-05-14 15:00:32,Completed
108,1914,2025-10-27 10:55:00,Completed
109,3366,2025-01-11 00:35:04,Pending
110,3875,2024-10-07 04:45:30,Completed
111,3124,2026-03-04 02:59:03,Completed
112,1247,2025-05-20 06:11:35,Completed
113,304,2025-10-19 02:42:05,Completed
114,4835,2026-06-18 04:39:30,Completed
115,823,2025-01-18 20:09:34,Completed
116,3607,2026-04-21 17:37:02,Pending
117,3744,2025-12-01 08:01:30,Pending
118,1181,2026-03-16 08:00:30,Completed
119,1265,2025-07-01 00:22:32,Pending
120,2172,2024-12-02 05:17:07,Completed
121,3257,2025-04-11 18:46:31,Completed
122,2692,2024-08-23 12:36:31,Completed
123,4372,2024-08-20 18:36:01,Completed
124,2595,2025-07-07 08:56:18,Completed
125,3998,2025-01-20 08:19:50,Completed
126,295,2024-09-19 08:56:11,Completed
127,1924,2025-11-19 06:35:28,Completed
128,2355,2026-04-16 22:39:11,Cancelled
129,741,2026-04-16 19:25:38,Completed
130,807,2026-02-09 08:17:58,Completed
131,824,2025-04-24 08:34:28,Completed
132,2454,2025-03-01 14:28:04,Cancelled
133,377,2025-02-08 09:43:39,Completed
134,460,2025-06-14 20:00:18,Completed
135,3071,2024-10-14 13:29:30,Completed
136,2001,2025-12-08 05:02:10,Completed
137,4637,2024-09-24 05:15:35,Completed
138,1476,2025-07-08 10:01:43,Completed
139,647,2026-08-01 07:23:44,Completed
140,3134,2025-11-23 21:08:58,Completed
141,1973,2024-10-22 11:26:11,Completed
142,4778,2025-05-06 06:21:58,Completed
143,3778,2026-01-10 18:22:28,Completed
144,3765,2025-07-02 17:52:20,Completed
145,77,2025-06-19 04:31:55,Completed
146,3812,2025-10-16 21:21:31,Cancelled
147,4478,2025-03-26 23:43:41,Completed
148,3619,2025-03-11 05:17:58,Cancelled
149,4814,2026-04-22 16:18:40,Completed
150,3476,2026-05-14 05:52:56,Completed
151,3743,2024-09-28 03:28:50,Completed
152,1632,2024-09-19 17:31:13,Cancelled
153,3959,2026-03-10 00:10:33,Completed
154,3125,2024-10-28 13:34:44,Completed
155,4709,2025-06-12 05:26:23,Completed
156,2419,2025-12-08 17:31:37,Pending
157,3243,2026-02-21 17:23:01,Completed
158,4637,2026-06-16 18:54:56,Completed
159,402,2025-11-05 09:29:08,Cancelled
160,4070,2026-02-07 17:50:43,Completed
161,2345,2024-12-31 19:31:31,Completed
162,1886,2024-10-07 16:14:55,Completed
163,2887,2025-12-10 07:30:40,Completed
164,1558,2025-04-22 23:24:36,Completed
165,1121,2026-06-04 05:23:45,Completed
166,323,2025-12-22 00:16:53,Completed
167,3612,2025-11-24 22:45:10,Pending
168,2989,2025-08-06 20:51:53,Completed
169,739,2025-03-12 13:01:00,Cancelled
170,2677,2024-11-24 18:44:09,Completed
171,1439,2025-05-17 22:15:06,Completed
172,4419,2026-06-08 00:49:10,Completed
173,2998,2024-09-22 12:29:44,Completed
174,2233,2025-05-22 20:34:04,Completed
175,2106,2026-02-10 02:24:22,Cancelled
176,3948,2025-01-31 07:13:56,Cancelled
177,2418,2024-10-21 07:40:51,Completed
178,2775,2024-08-23 07:45:23,Completed
179,3837,2026-01-22 19:02:55,Cancelled
180,1154,2025-07-23 23:46:53,Completed
181,1849,2025-02-09 09:00:09,Completed
182,3256,2025-09-30 23:54:55,Cancelled
183,4566,2026-01-26 15:57:02,Completed
184,3233,2026-07-27 22:48:49,Pending
185,4396,2025-08-21 12:20:17,Completed
186,3020,2025-11-23 03:31:40,Completed
187,2148,2026-06-26 02:22:02,Completed
188,3044,2025-08-20 21:01:27,Completed
189,1916,2025-10-08 10:59:09,Completed
190,4600,2026-02-05 05:30:12,Completed
191,4998,2025-02-04 03:54:38,Completed
192,518,2025-10-15 14:47:21,Completed
193,3804,2025-10-25 16:08:14,Cancelled
194,2476,2026-05-17 06:23:16,Completed
195,956,2026-04-08 19:35:25,Completed
196,305,2025-06-05 12:31:51,Completed
197,4036,2026-07-15 03:33:06,Completed
198,1924,2026-07-24 09:55:56,Completed
199,1112,2025-03-10 02:45:20,Completed
200,3040,2026-04-24 02:56:17,Completed
201,4426,2026-02-08 04:35:20,Completed
202,1266,2026-07-06 16:36:01,Completed
203,812,2025-09-21 02:41:42,Completed
204,3344,2025-05-09 00:59:26,Cancelled
205,2292,2024-10-11 07:52:27,Pending
206,3036,2024-08-16 07:44:50,Completed
207,3643,2025-01-25 01:46:03,Cancelled
208,2972,2026-06-26 22:59:04,Pending
209,3010,2026-02-22 09:42:30,Completed
210,2939,2025-12-09 14:28:44,Pending
211,2261,2025-11-29 12:52:52,Completed
212,1001,2025-11-11 09:36:42,Cancelled
213,3726,2025-06-08 08:24:53,Pending
214,1738,2025-06-18 16:54:26,Completed
215,4892,2025-09-18 23:45:15,Cancelled
216,415,2024-09-21 08:01:38,Completed
217,1996,2024-11-04 00:02:41,Cancelled
218,4626,2025-07-09 09:51:07,Completed
219,4541,2025-02-13 11:54:43,Completed
220,1770,2026-04-24 14:55:46,Completed
221,1909,2026-06-18 21:10:42,Completed
222,1209,2024-11-12 10:51:44,Completed
223,4883,2024-11-27 17:27:55,Pending
224,1186,2024-12-01 06:16:25,Cancelled
225,4426,2025-03-15 11:33:39,Completed
226,1430,2026-07-18 18:56:54,Completed
227,212,2026-07-17 20:19:56,Completed
228,2935,2026-05-18 04:54:15,Completed
229,1950,2026-05-06 06:30:07,Completed
230,130,2025-01-11 08:39:43,Completed
231,430,2025-09-13 18:15:46,Completed
232,3449,2026-01-10 01:33:35,Completed
233,521,2024-10-05 22:29:37,Completed
234,2966,2025-01-10 07:52:07,Completed
235,894,2026-05-07 02:10:24,Completed
236,1815,2025-07-09 08:01:42,Cancelled
237,356,2025-03-20 02:12:18,Completed
238,4272,2025-08-02 03:29:46,Completed
239,256,2026-01-04 13:25:39,Pending
240,3924,2025-08-03 16:22:05,Completed
241,3493,2024-08-17 16:57:02,Completed
242,4017,2025-02-05 23:14:40,Completed
243,3634,2025-12-07 14:26:37,Pending
244,662,2025-11-04 12:44:20,Completed
245,1216,2025-02-16 15:28:51,Pending
246,2253,2025-12-15 09:03:32,Completed
247,4796,2025-07-18 08:35:46,Completed
248,2664,2025-12-15 01:59:31,Completed
249,4894,2025-07-11 21:07:01,Completed
250,3717,2025-02-06 04:34:29,Completed
251,3525,2026-02-07 06:33:04,Pending
252,938,2025-10-02 04:41:16,Completed
253,4517,2024-12-12 22:53:13,Completed
254,1762,2024-11-25 16:57:44,Completed
255,1872,2025-02-06 10:52:43,Completed
256,3716,2026-06-19 19:30:13,Completed
257,779,2024-10-05 15:31:34,Completed
258,2561,2025-04-28 20:53:26,Completed
259,3067,2026-01-12 09:34:15,Cancelled
260,3886,2025-07-19 15:47:10,Pending
261,700,2025-04-07 13:07:14,Pending
262,792,2026-06-11 12:22:36,Completed
263,3053,2026-04-25 06:48:26,Completed
264,4558,2025-10-05 19:37:42,Pending
265,4601,2025-10-24 05:32:44,Completed
266,1002,2025-11-09 12:19:24,Completed
267,3465,2025-08-03 00:15:08,Completed
268,422,2025-07-22 13:55:04,Cancelled
269,4919,2025-06-27 08:26:47,Completed
270,849,2025-08-25 02:41:06,Completed
271,1743,2025-07-09 19:32:56,Completed
272,3951,2026-03-01 21:05:12,Completed
273,887,2025-12-22 02:16:11,Completed
274,4557,2025-07-27 07:29:48,Completed
275,2283,2024-12-09 08:22:13,Completed
276,3516,2026-03-07 01:16:06,Completed
277,4561,2025-02-28 10:04:15,Pending
278,2191,2026-01-08 21:15:25,Pending
279,2239,2026-06-23 05:26:18,Completed
280,2532,2026-07-09 03:14:24,Cancelled
281,2876,2025-08-10 21:21:56,Pending
282,1174,2024-12-28 15:41:28,Completed
283,3284,2024-11-13 15:17:01,Pending
284,252,2025-11-02 07:05:47,Pending
285,4346,2026-06-24 15:17:28,Completed
286,3440,2025-03-26 05:59:14,Completed
287,1290,2025-03-03 21:44:28,Completed
288,2658,2026-04-27 18:15:10,Completed
289,4650,2024-09-04 18:35:00,Completed
290,431,2024-12-23 16:24:45,Completed
291,408,2024-10-29 11:47:26,Completed
292,2230,2024-08-20 10:13:28,Completed
293,3474,2025-03-27 16:48:08,Completed
294,3622,2025-05-01 16:29:05,Completed
295,1766,2025-09-24 04:26:19,Completed
296,933,2026-05-07 13:43:28,Completed
297,909,2025-03-18 06:45:18,Completed
298,4859,2025-07-19 01:17:41,Completed
299,2527,2025-04-18 09:08:26,Pending
300,3238,2025-01-28 14:25:05,Cancelled
301,449,2024-10-19 16:59:26,Pending
302,2470,2026-07-28 06:26:07,Cancelled
303,1125,2024-09-11 04:17:57,Completed
304,2372,2025-10-02 20:14:12,Completed
305,64,2025-10-16 06:56:30,Completed
306,3528,2026-01-13 20:14:39,Completed
307,3115,2025-08-16 00:20:27,Completed
308,1886,2026-04-01 19:20:22,Completed
309,2902,2026-07-29 15:38:01,Pending
310,347,2025-09-06 06:49:22,Completed
311,3767,2025-09-13 19:51:25,Cancelled
312,2565,2025-12-29 12:10:56,Completed
313,4698,2025-10-24 14:29:46,Completed
314,3422,2025-08-03 05:22:24,Completed
315,3319,2025-02-25 09:29:29,Pending
316,2661,2026-05-01 22:54:33,Completed
317,3770,2026-01-05 14:31:30,Completed
318,2965,2025-07-16 18:41:13,Pending
319,868,2025-01-27 04:46:48,Completed
320,4825,2024-11-03 19:17:54,Completed
321,645,2025-07-28 01:01:27,Completed
322,2542,2025-05-22 02:57:50,Completed
323,1816,2025-08-13 20:33:37,Completed
324,1378,2025-05-28 06:03:26,Pending
325,935,2025-09-11 18:52:52,Completed
326,1589,2025-01-21 19:31:16,Cancelled
327,2863,2026-05-31 14:00:52,Completed
328,1210,2025-06-12 03:00:28,Completed
329,1200,2025-01-05 07:00:18,Completed
330,1422,2025-01-20 18:08:09,Completed
331,618,2026-01-11 02:19:36,Completed
332,4048,2026-02-14 03:33:48,Completed
333,4619,2025-12-05 14:17:19,Completed
334,3678,2025-06-06 03:48:10,Completed
335,4625,2026-04-25 21:40:52,Completed
336,2648,2026-07-19 17:41:46,Completed
337,2590,2026-05-01 21:37:24,Completed
338,560,2026-04-01 14:04:33,Completed
339,2481,2025-08-26 13:40:57,Completed
340,4845,2024-12-25 05:38:57,Pending
341,4157,2025-04-01 00:47:58,Pending
342,3783,2025-05-31 23:30:13,Completed
343,467,2026-03-28 08:34:57,Completed
344,2352,2024-09-02 21:57:01,Pending
345,740,2025-02-17 22:39:46,Completed
346,4154,2026-03-27 18:39:05,Completed
347,4755,2026-07-11 22:38:46,Completed
348,337,2026-07-23 04:55:46,Completed
349,4684,2024-10-06 01:23:42,Completed
350,2634,2025-12-26 06:53:26,Completed
351,4108,2026-01-17 15:52:04,Completed
352,507,2025-03-12 00:03:38,Completed
353,2814,2025-12-06 18:58:05,Cancelled
354,691,2026-02-12 23:30:03,Completed
355,1414,2025-08-01 06:55:45,Pending
356,3587,2025-10-14 08:22:10,Cancelled
357,4294,2026-04-07 04:57:52,Completed
358,1301,2026-02-15 15:55:16,Completed
359,2318,2026-08-06 16:31:38,Completed
360,2772,2026-06-05 08:58:21,Completed
361,429,2025-08-12 23:20:41,Completed
362,2742,2025-02-26 17:38:47,Pending
363,775,2024-10-31 20:13:13,Completed
364,3167,2026-04-15 16:26:44,Completed
365,4938,2025-09-13 03:02:25,Completed
366,2731,2025-02-26 05:06:07,Pending
367,1159,2026-04-02 16:30:14,Cancelled
368,2542,2025-04-17 12:00:46,Cancelled
369,3211,2024-11-06 04:51:34,Completed
370,695,2026-07-15 03:42:38,Completed
371,3086,2025-04-09 23:16:45,Completed
372,2691,2025-05-24 17:58:07,Completed
373,4313,2025-12-03 23:38:19,Pending
374,3469,2026-01-28 10:13:27,Completed
375,150,2025-09-17 22:46:51,Completed
376,1477,2025-06-13 11:47:20,Cancelled
377,2800,2024-09-29 09:43:38,Cancelled
378,3984,2025-06-30 09:56:55,Completed
379,1127,2025-03-22 23:50:39,Completed
380,2424,2025-01-21 15:21:21,Completed
381,829,2025-11-12 16:25:32,Completed
382,4422,2025-05-15 00:56:48,Completed
383,4314,2025-07-11 16:52:25,Pending
384,2759,2025-07-08 18:42:41,Completed
385,1074,2025-02-02 05:11:43,Completed
386,1264,2024-09-27 12:56:31,Completed
387,1357,2026-01-21 06:14:22,Completed
388,358,2024-08-14 03:09:53,Completed
389,1946,2025-02-01 03:12:05,Cancelled
390,2335,2024-08-17 21:16:08,Completed
391,3678,2025-03-30 21:02:04,Completed
392,1960,2026-03-21 13:28:49,Completed
393,3843,2025-04-18 23:43:47,Cancelled
394,1590,2025-12-28 02:38:05,Completed
395,4673,2026-01-17 07:33:39,Cancelled
396,3783,2025-07-04 11:14:37,Completed
397,3129,2024-11-16 17:47:44,Completed
398,3430,2026-07-04 12:58:00,Cancelled
399,1636,2026-04-25 21:35:17,Completed
400,1134,2025-08-31 03:19:27,Completed
401,428,2026-02-01 01:25:38,Completed
402,3041,2025-12-30 11:18:00,Completed
403,841,2026-05-02 06:32:09,Completed
404,4227,2024-10-21 00:40:45,Completed
405,2336,2025-04-02 22:55:36,Pending
406,1314,2025-07-25 20:56:12,Completed
407,4206,2025-02-06 12:48:37,Completed
408,3584,2025-10-20 15:06:00,Pending
409,1819,2025-01-21 01:46:41,Completed
410,2864,2026-05-14 05:54:44,Cancelled
411,3399,2025-09-30 03:07:49,Pending
412,4113,2026-06-12 17:57:53,Completed
413,3164,2024-12-07 23:39:18,Cancelled
414,3072,2025-03-30 23:50:11,Completed
415,2611,2026-07-05 15:52:20,Cancelled
416,2747,2025-07-01 02:51:20,Completed
417,1128,2025-10-21 10:09:46,Pending
418,3871,2026-07-27 13:08:41,Completed
419,1137,2026-04-28 18:04:17,Completed
420,3843,2026-03-23 06:31:18,Completed
421,44,2025-09-26 23:46:04,Cancelled
422,156,2026-04-07 06:22:10,Completed
423,1225,2025-03-24 10:36:34,Completed
424,4988,2026-07-22 01:15:56,Completed
425,911,2026-08-03 05:07:47,Completed
426,1947,2025-07-06 08:17:30,Completed
427,392,2025-01-23 02:14:47,Completed
428,3745,2025-04-02 15:15:48,Pending
429,4095,2024-09-21 10:38:56,Completed
430,135,2025-07-12 23:34:49,Completed
431,4711,2025-12-27 18:14:54,Completed
432,1177,2025-10-28 21:29:39,Completed
433,13,2024-12-27 14:52:17,Completed
434,1971,2026-06-27 21:58:40,Completed
435,1535,2026-02-11 20:08:32,Completed
436,702,2025-09-14 23:10:02,Completed
437,2955,2024-08-29 06:04:17,Pending
438,4310,2026-04-13 12:26:39,Completed
439,4159,2024-11-26 23:11:07,Completed
440,3199,2024-08-31 03:40:42,Completed
441,357,2026-03-15 20:11:11,Completed
442,3059,2025-06-26 17:36:35,Completed
443,134,2025-08-01 09:30:14,Completed
444,554,2025-01-15 15:53:32,Completed
445,850,2026-04-22 00:14:21,Completed
446,2724,2025-08-13 23:29:12,Completed
447,2887,2025-06-24 23:06:03,Completed
448,1435,2024-10-17 23:22:18,Completed
449,3807,2024-09-17 06:10:44,Cancelled
450,3921,2025-01-16 23:01:34,Completed
451,1105,2026-01-11 11:21:30,Pending
452,3750,2025-03-30 06:03:21,Pending
453,1652,2025-04-25 09:01:43,Pending
454,1635,2026-03-18 08:13:43,Completed
455,2586,2024-08-11 07:53:54,Cancelled
456,4223,2026-01-05 03:26:12,Completed
457,4449,2025-08-16 20:57:01,Completed
458,300,2025-04-04 17:38:53,Completed
459,1566,2024-12-04 01:36:18,Completed
460,392,2025-04-12 05:05:24,Completed
461,2720,2026-04-06 16:26:35,Completed
462,3015,2026-06-06 18:55:40,Completed
463,3277,2024-11-26 23:07:06,Completed
464,3168,2025-03-19 08:38:46,Completed
465,1531,2025-12-12 00:30:26,Completed
466,4076,2025-06-18 09:30:05,Completed
467,4254,2025-05-12 18:09:12,Completed
468,677,2024-11-28 05:14:10,Completed
469,647,2025-11-22 13:57:42,Completed
470,1479,2025-02-18 01:42:17,Completed
471,2632,2024-08-24 17:27:34,Completed
472,2687,2026-07-12 09:22:05,Completed
473,2511,2026-01-18 17:44:37,Completed
474,3491,2026-03-29 07:14:30,Completed
475,3637,2026-04-13 03:10:54,Completed
476,347,2025-07-18 18:44:57,Completed
477,2889,2025-12-14 03:29:32,Completed
478,3564,2024-08-29 18:01:52,Completed
479,470,2025-07-21 21:37:22,Pending
480,3328,2025-07-04 06:06:52,Completed
481,1311,2025-03-24 09:51:55,Cancelled
482,1170,2025-05-18 09:21:20,Completed
483,3590,2025-12-24 06:54:53,Pending
484,551,2024-09-15 04:06:11,Completed
485,3001,2025-12-25 14:36:05,Completed
486,4647,2025-07-25 12:12:16,Pending
487,1257,2025-03-31 06:01:01,Completed
488,3039,2024-10-26 06:35:02,Completed
489,630,2025-06-10 12:13:54,Completed
490,4338,2026-06-29 10:50:47,Completed
491,2576,2026-03-21 12:22:38,Completed
492,2045,2026-01-22 02:56:42,Cancelled
493,213,2024-12-23 23:34:14,Completed
494,4089,2026-05-18 19:50:04,Completed
495,4602,2026-07-11 19:18:01,Completed
496,2133,2024-11-08 19:12:27,Completed
497,1758,2026-03-23 20:32:26,Cancelled
498,2340,2024-12-18 11:22:41,Completed
499,4024,2024-09-18 16:01:43,Completed
500,1112,2024-09-26 13:06:35,Completed
501,3704,2024-12-23 22:12:13,Completed
502,3647,2026-02-24 18:04:33,Cancelled
503,2619,2024-08-26 23:13:41,Completed
504,532,2026-06-05 14:30:09,Completed
505,2379,2025-12-26 03:00:03,Completed
506,1291,2025-09-05 17:48:04,Completed
507,1427,2025-05-07 06:32:04,Completed
508,4168,2025-02-09 12:15:48,Completed
509,1647,2024-08-20 19:58:47,Completed
510,1940,2024-08-16 04:51:08,Completed
511,216,2025-09-15 12:48:55,Completed
512,4689,2025-01-05 06:29:51,Completed
513,4520,2024-09-24 22:46:09,Completed
514,707,2026-05-05 05:22:35,Pending
515,3262,2025-05-13 06:08:26,Cancelled
516,3922,2025-12-18 22:25:47,Completed
517,3355,2025-08-31 19:52:35,Completed
518,605,2025-03-10 11:33:18,Completed
519,2598,2026-03-26 22:13:02,Completed
520,3687,2025-08-31 11:22:15,Completed
521,4239,2025-10-18 15:24:03,Completed
522,4517,2025-11-30 22:40:39,Completed
523,1491,2025-11-13 14:17:41,Completed
524,1058,2025-09-27 01:20:32,Completed
525,454,2025-12-21 04:58:28,Completed
526,4245,2026-05-10 09:01:13,Completed
527,1349,2024-09-04 16:02:43,Completed
528,1848,2026-01-19 14:26:59,Completed
529,4251,2025-02-27 13:33:26,Completed
530,647,2025-11-02 09:17:49,Completed
531,4513,2025-09-14 16:00:17,Completed
532,2481,2026-01-19 09:47:30,Completed
533,766,2026-01-20 09:53:14,Completed
534,1382,2026-06-20 07:43:30,Completed
535,4757,2025-11-23 09:04:24,Completed
536,4958,2025-08-11 09:55:40,Completed
537,4618,2025-08-01 18:28:45,Pending
538,233,2025-04-05 10:47:58,Pending
539,4725,2024-12-01 11:37:34,Completed
540,1727,2025-05-13 04:07:40,Completed
541,3413,2025-05-12 01:26:52,Completed
542,249,2024-08-24 17:46:54,Completed
543,4470,2025-07-06 20:37:41,Completed
544,2475,2026-06-08 12:25:51,Completed
545,3327,2025-02-04 23:14:13,Completed
546,598,2025-03-04 04:29:08,Completed
547,1295,2025-01-25 10:11:12,Completed
548,3967,2025-12-09 22:47:08,Completed
549,2787,2025-01-20 08:47:48,Completed
550,2561,2025-11-16 01:46:48,Completed
551,2616,2025-05-24 06:15:02,Completed
552,2830,2025-03-28 15:37:22,Cancelled
553,1072,2025-04-29 03:38:42,Completed
554,4219,2025-07-19 18:29:52,Completed
555,2615,2024-09-05 18:58:34,Completed
556,1004,2025-01-17 02:18:35,Completed
557,2031,2026-06-06 04:30:18,Completed
558,415,2026-04-17 10:01:33,Completed
559,3147,2025-03-29 09:30:44,Completed
560,3426,2026-04-11 05:01:28,Completed
561,1309,2026-05-09 22:58:38,Completed
562,4733,2025-01-08 22:37:09,Completed
563,1556,2024-10-22 16:01:23,Completed
564,4082,2025-09-02 22:54:51,Cancelled
565,3825,2026-01-01 10:36:07,Completed
566,2528,2024-08-12 23:20:47,Completed
567,738,2025-03-27 07:04:26,Cancelled
568,4141,2026-06-10 02:13:35,Completed
569,1973,2025-04-24 00:10:41,Completed
570,2891,2026-04-01 19:51:55,Pending
571,2305,2025-01-21 15:07:29,Completed
572,3856,2025-05-29 06:27:04,Completed
573,67,2024-09-17 05:39:35,Completed
574,3531,2024-12-28 16:01:35,Completed
575,2167,2026-06-25 03:50:54,Completed
576,3304,2025-01-05 20:09:17,Completed
577,3282,2024-11-14 16:36:17,Pending
578,4603,2026-02-10 19:27:04,Completed
579,4533,2024-10-19 13:19:07,Completed
580,3165,2026-01-17 18:10:32,Completed
581,4505,2025-05-03 20:24:20,Completed
582,974,2025-06-21 17:28:46,Completed
583,793,2026-07-02 12:15:15,Completed
584,2778,2025-07-13 10:03:18,Completed
585,2996,2026-03-31 10:18:08,Completed
586,1631,2024-11-10 23:25:42,Completed
587,3289,2025-08-05 06:32:15,Completed
588,372,2024-12-28 18:06:15,Pending
589,2729,2025-02-17 00:27:19,Completed
590,4255,2025-01-07 05:11:27,Completed
591,4967,2026-06-06 07:50:59,Completed
592,1146,2024-08-13 13:30:59,Completed
593,2610,2024-09-01 09:40:26,Completed
594,2452,2025-04-03 18:46:11,Completed
595,4156,2026-04-02 11:32:52,Completed
596,4361,2025-04-22 07:37:09,Completed
597,4612,2026-01-29 12:41:32,Completed
598,137,2025-05-08 12:04:35,Completed
599,898,2026-04-08 00:46:34,Cancelled
600,4782,2024-12-11 00:41:34,Completed
601,219,2025-10-17 17:56:33,Completed
602,2176,2026-06-15 08:37:28,Cancelled
603,4739,2025-05-19 14:16:19,Completed
604,421,2025-11-07 18:27:10,Completed
605,1397,2026-03-26 19:12:26,Completed
606,3115,2026-02-04 21:20:34,Completed
607,1985,2025-10-29 23:39:48,Pending
608,901,2025-10-16 06:42:50,Completed
609,3613,2025-12-26 19:16:16,Completed
610,1241,2026-05-02 05:23:12,Completed
611,1671,2026-05-08 18:32:49,Completed
612,3864,2025-12-24 22:25:12,Completed
613,511,2025-04-01 14:22:56,Completed
614,4250,2026-08-06 06:35:44,Completed
615,2663,2025-05-25 03:56:55,Cancelled
616,3919,2024-08-13 04:40:21,Completed
617,2571,2026-03-24 09:59:42,Cancelled
618,3766,2025-12-09 21:54:33,Cancelled
619,2805,2025-02-01 07:41:56,Completed
620,2166,2025-11-28 17:02:31,Completed
621,1576,2025-10-30 22:40:29,Cancelled
622,2286,2026-07-21 02:05:01,Completed
623,1843,2024-11-03 08:50:15,Cancelled
624,2439,2024-10-10 06:15:34,Completed
625,1699,2025-12-17 19:40:11,Completed
626,4006,2024-09-01 19:34:55,Completed
627,2858,2025-05-06 05:20:30,Completed
628,2241,2026-01-30 11:55:13,Completed
629,4698,2025-02-27 12:27:57,Completed
630,3111,2026-04-24 11:20:54,Completed
631,3233,2024-12-01 11:32:23,Completed
632,1200,2025-04-25 23:28:26,Completed
633,2357,2024-09-23 20:52:10,Cancelled
634,648,2025-07-27 12:57:33,Completed
635,3624,2026-05-08 06:07:37,Completed
636,3925,2024-12-31 21:25:10,Completed
637,4413,2026-06-09 11:40:03,Completed
638,4605,2025-12-21 21:53:33,Completed
639,1125,2026-01-05 20:50:19,Completed
640,4808,2025-06-19 19:06:21,Completed
641,416,2026-07-22 08:05:20,Completed
642,4351,2026-07-25 23:32:37,Completed
643,1908,2025-09-01 22:34:41,Pending
644,3386,2024-08-27 02:03:09,Completed
645,3870,2024-12-24 02:05:53,Completed
646,1127,2025-08-03 07:59:09,Pending
647,4509,2026-06-19 14:18:01,Cancelled
648,1294,2026-05-26 12:20:51,Completed
649,3897,2025-06-12 17:49:07,Completed
650,1634,2025-11-07 18:29:36,Completed
651,2354,2026-05-11 09:49:10,Completed
652,485,2026-03-15 04:44:12,Cancelled
653,733,2025-11-26 14:48:02,Completed
654,1903,2025-10-11 05:18:20,Completed
655,306,2026-01-22 15:57:55,Cancelled
656,1435,2025-05-29 12:29:49,Completed
657,1441,2026-08-06 08:31:55,Cancelled
658,298,2026-06-16 11:07:47,Cancelled
659,3253,2025-12-28 01:25:05,Completed
660,1527,2025-07-24 12:08:41,Cancelled
661,2372,2024-09-29 10:22:47,Completed
662,76,2024-08-31 22:01:17,Completed
663,4938,2026-06-05 18:10:14,Completed
664,2745,2026-02-27 17:50:02,Completed
665,4451,2025-08-05 03:45:21,Completed
666,1100,2026-03-19 16:58:09,Completed
667,3835,2024-10-09 16:32:46,Completed
668,923,2026-02-28 06:59:57,Completed
669,3760,2026-05-13 19:02:31,Completed
670,1526,2026-05-07 11:23:56,Pending
671,2762,2026-01-31 19:25:39,Completed
672,4652,2026-03-22 15:23:46,Completed
673,1583,2026-07-12 10:53:59,Completed
674,3322,2026-06-07 13:26:46,Completed
675,4222,2025-03-07 03:24:31,Completed
676,3284,2024-10-15 12:48:22,Completed
677,1514,2024-10-31 04:22:22,Cancelled
678,3912,2025-05-16 15:27:56,Completed
679,2033,2025-05-16 19:01:15,Pending
680,3143,2025-10-20 09:02:08,Completed
681,2188,2025-07-22 03:27:30,Cancelled
682,2474,2025-03-14 15:36:59,Completed
683,4694,2024-09-21 12:59:12,Pending
684,2946,2025-05-23 19:16:27,Completed
685,509,2026-01-11 11:19:29,Completed
686,3813,2025-10-31 20:28:43,Completed
687,3322,2024-12-18 16:03:28,Completed
688,2548,2024-10-12 12:13:06,Completed
689,2417,2025-11-04 15:27:56,Completed
690,1810,2026-04-22 19:45:48,Completed
691,1095,2025-03-30 06:04:28,Completed
692,3728,2026-04-25 11:09:26,Completed
693,4963,2024-10-20 18:21:10,Completed
694,4500,2025-06-04 07:08:07,Cancelled
695,4404,2025-02-01 06:05:07,Completed
696,1790,2024-10-29 19:31:47,Completed
697,4881,2025-03-25 05:48:58,Completed
698,671,2025-04-19 16:18:13,Completed
699,4327,2025-12-31 04:09:45,Completed
700,640,2025-08-01 07:13:45,Cancelled
701,920,2025-02-21 07:22:54,Pending
702,4487,2026-03-14 17:49:30,Cancelled
703,1657,2026-03-21 12:25:28,Completed
704,1228,2024-12-01 11:09:09,Completed
705,4263,2026-04-06 08:07:01,Completed
706,1683,2026-05-21 07:09:00,Completed
707,4005,2025-10-21 23:20:48,Pending
708,4181,2024-08-20 03:46:16,Completed
709,456,2025-08-02 19:11:40,Completed
710,4205,2024-08-12 05:45:56,Completed
711,4620,2025-05-02 20:00:20,Pending
712,3788,2025-02-21 12:49:56,Completed
713,2525,2026-02-02 17:54:23,Completed
714,3244,2025-05-13 12:00:52,Completed
715,25,2025-04-21 14:44:05,Completed
716,4738,2026-04-01 07:05:15,Pending
717,3471,2025-03-02 13:23:18,Completed
718,523,2024-09-21 07:14:48,Completed
719,494,2025-05-27 12:09:28,Cancelled
720,566,2024-09-08 00:21:34,Cancelled
721,3868,2026-06-04 15:45:46,Pending
722,3350,2025-05-17 19:49:50,Completed
723,1110,2024-11-27 03:33:04,Completed
724,3444,2025-11-30 18:07:05,Completed
725,3134,2026-07-07 14:20:19,Completed
726,3093,2024-12-05 19:46:16,Completed
727,4418,2024-11-21 06:43:46,Completed
728,2849,2025-03-17 05:16:09,Completed
729,4402,2026-05-27 03:47:45,Completed
730,1044,2025-04-06 15:06:42,Completed
731,1825,2026-01-04 21:55:06,Completed
732,187,2025-03-23 03:02:07,Cancelled
733,3793,2026-06-01 23:02:58,Completed
734,4461,2026-06-04 00:02:53,Completed
735,3108,2024-11-06 02:34:43,Completed
736,2028,2025-03-21 13:36:45,Completed
737,1271,2025-08-25 00:23:33,Completed
738,925,2026-07-17 15:47:53,Pending
739,3435,2026-07-15 17:45:21,Completed
740,129,2024-10-22 18:02:01,Completed
741,552,2026-03-07 17:59:28,Completed
742,276,2025-07-19 07:40:13,Completed
743,399,2026-01-13 21:55:07,Completed
744,363,2026-06-30 16:41:55,Completed
745,1920,2025-09-21 09:18:01,Completed
746,463,2024-12-04 05:30:13,Completed
747,2370,2025-10-20 20:06:21,Completed
748,4720,2025-11-17 16:59:14,Completed
749,4899,2025-05-24 12:09:08,Completed
750,2627,2025-03-28 17:58:30,Completed
751,1174,2025-04-06 00:12:09,Cancelled
752,4271,2025-07-19 09:33:20,Completed
753,2462,2026-03-14 17:17:06,Completed
754,4561,2025-03-18 14:42:12,Cancelled
755,1435,2024-12-29 07:54:43,Completed
756,3500,2024-11-20 06:22:47,Completed
757,385,2026-03-06 14:04:41,Cancelled
758,3123,2024-10-30 18:43:16,Completed
759,2612,2025-02-01 16:16:35,Completed
760,3345,2025-02-19 18:49:51,Completed
761,3084,2025-06-27 15:37:34,Completed
762,4407,2025-11-23 06:57:00,Completed
763,1847,2024-10-23 00:56:22,Completed
764,1183,2026-04-16 20:25:25,Completed
765,473,2025-06-10 03:55:37,Completed
766,3413,2026-01-24 19:14:22,Completed
767,1099,2026-02-10 15:46:16,Completed
768,2089,2025-02-01 10:04:24,Completed
769,648,2025-07-07 15:35:36,Cancelled
770,3040,2025-06-14 12:00:50,Pending
771,1561,2025-03-03 21:08:01,Pending
772,3090,2024-09-14 09:20:06,Completed
773,4940,2025-06-27 11:10:23,Pending
774,597,2025-08-08 14:41:51,Completed
775,4814,2025-03-21 00:54:48,Completed
776,4579,2025-10-05 22:25:04,Completed
777,1712,2026-03-13 06:46:47,Completed
778,2728,2024-10-10 14:55:08,Completed
779,126,2024-09-10 21:03:43,Completed
780,1557,2024-11-22 13:33:34,Cancelled
781,962,2025-02-06 23:34:27,Completed
782,3924,2024-10-22 18:13:38,Cancelled
783,4952,2024-09-22 04:46:00,Completed
784,3250,2026-03-15 10:59:56,Cancelled
785,4523,2026-02-12 06:29:55,Completed
786,2319,2024-09-05 13:47:54,Completed
787,4372,2026-07-16 18:05:51,Completed
788,2527,2025-03-30 07:31:08,Completed
789,4201,2026-07-29 07:04:11,Completed
790,3818,2025-06-01 19:30:23,Pending
791,3847,2025-11-20 12:01:20,Completed
792,2624,2024-08-25 05:49:01,Cancelled
793,3037,2025-09-17 08:22:01,Completed
794,375,2025-08-20 21:34:03,Completed
795,1813,2025-05-30 09:35:03,Completed
796,133,2024-12-16 08:19:51,Completed
797,4785,2024-11-14 16:02:02,Completed
798,3421,2026-03-14 01:15:32,Completed
799,1608,2025-12-21 12:35:10,Completed
800,3112,2025-05-03 08:55:56,Completed
801,2014,2024-08-18 21:29:42,Completed
802,2766,2025-11-21 21:21:17,Completed
803,4003,2026-02-18 05:53:11,Cancelled
804,4019,2025-07-01 11:32:04,Completed
805,2886,2025-09-09 21:15:03,Completed
806,4478,2025-09-05 22:33:20,Completed
807,4442,2025-02-06 00:26:32,Cancelled
808,482,2025-05-25 09:17:17,Completed
809,609,2025-04-29 11:15:44,Cancelled
810,398,2026-01-30 03:01:01,Completed
811,3379,2026-08-05 15:13:37,Completed
812,1896,2026-05-19 09:15:02,Pending
813,1238,2024-12-25 13:56:26,Pending
814,4143,2025-08-08 17:55:34,Completed
815,496,2025-05-14 17:20:20,Completed
816,3959,2024-12-05 03:50:53,Completed
817,129,2025-11-26 14:55:31,Pending
818,4520,2024-11-04 23:25:43,Completed
819,138,2025-07-20 21:48:37,Completed
820,2251,2026-07-04 02:23:04,Completed
821,2349,2025-12-09 00:24:12,Pending
822,3528,2025-09-15 10:20:58,Completed
823,1469,2025-05-09 03:44:58,Completed
824,790,2025-06-16 04:06:43,Completed
825,1975,2025-02-11 21:39:58,Completed
826,4313,2026-03-25 16:02:49,Completed
827,2904,2025-12-16 18:58:29,Completed
828,3252,2025-05-23 21:34:40,Pending
829,3327,2024-11-12 09:27:36,Completed
830,1993,2025-09-11 19:38:15,Cancelled
831,1851,2025-09-22 05:41:12,Completed
832,661,2025-01-10 17:57:57,Completed
833,260,2025-11-22 14:38:40,Pending
834,3107,2024-12-11 13:45:02,Completed
835,3900,2024-09-03 09:14:06,Pending
836,78,2025-07-02 23:58:08,Completed
837,678,2026-02-28 19:12:09,Completed
838,3555,2025-12-31 09:55:00,Completed
839,2714,2026-02-15 17:03:53,Completed
840,782,2025-01-25 09:31:54,Completed
841,349,2025-04-17 07:33:14,Completed
842,4644,2025-02-11 20:10:37,Completed
843,382,2025-08-24 12:14:25,Cancelled
844,2297,2026-04-17 06:52:33,Completed
845,4617,2025-11-16 14:43:56,Completed
846,1470,2025-07-13 17:48:46,Cancelled
847,2577,2026-06-21 16:35:12,Pending
848,1698,2025-12-26 12:46:34,Completed
849,3263,2025-10-18 11:55:45,Cancelled
850,2452,2024-09-13 00:25:14,Completed
851,1970,2024-10-28 06:36:12,Completed
852,3188,2025-12-08 10:07:38,Completed
853,4429,2025-08-31 16:34:30,Completed
854,1147,2025-09-01 03:23:39,Completed
855,643,2026-04-25 23:37:38,Completed
856,2834,2024-08-10 05:51:56,Pending
857,3581,2026-03-28 06:12:32,Completed
858,623,2025-12-12 04:02:56,Completed
859,4880,2025-12-06 22:38:21,Completed
860,2674,2025-05-16 22:51:10,Pending
861,2240,2024-11-07 21:28:00,Completed
862,3691,2024-08-13 01:40:06,Completed
863,2915,2026-02-19 00:18:23,Completed
864,3076,2025-03-25 12:13:18,Completed
865,4800,2026-02-10 19:52:28,Completed
866,703,2025-10-02 11:27:45,Completed
867,2420,2026-02-04 21:52:08,Completed
868,603,2025-06-26 01:07:48,Pending
869,1264,2025-02-19 08:19:03,Completed
870,1264,2026-07-09 14:50:52,Completed
871,2595,2025-03-30 04:54:30,Completed
872,750,2025-02-02 12:25:04,Pending
873,2526,2026-01-12 13:28:17,Completed
874,2210,2026-06-13 07:14:56,Completed
875,716,2025-12-21 18:59:13,Completed
876,3677,2025-06-20 09:04:05,Completed
877,4198,2025-06-24 23:56:14,Completed
878,216,2025-10-20 14:17:32,Pending
879,4541,2026-05-23 03:24:08,Pending
880,4900,2025-09-22 21:34:14,Completed
881,3156,2024-08-19 06:22:08,Pending
882,3390,2025-04-24 22:01:56,Completed
883,694,2026-01-04 01:12:50,Completed
884,4584,2024-11-02 21:12:14,Cancelled
885,1989,2024-09-24 18:44:26,Completed
886,1390,2025-09-12 15:03:19,Completed
887,1389,2025-11-23 00:57:00,Completed
888,2467,2026-07-17 14:39:11,Completed
889,1196,2025-04-28 23:52:49,Pending
890,3561,2025-01-05 09:32:55,Completed
891,2456,2026-04-19 08:25:45,Completed
892,631,2026-02-11 20:50:31,Completed
893,2021,2026-05-29 21:30:49,Completed
894,4062,2025-10-19 10:50:58,Completed
895,1602,2024-09-11 00:11:41,Completed
896,1110,2026-04-21 00:26:22,Completed
897,3242,2024-11-20 22:11:39,Completed
898,3113,2026-06-18 09:00:30,Completed
899,2700,2025-10-01 03:17:14,Completed
900,3528,2026-03-20 16:38:59,Completed
901,4870,2025-07-27 21:17:08,Completed
902,2627,2026-01-14 10:31:56,Completed
903,1646,2026-05-24 08:39:30,Completed
904,1456,2025-05-20 06:26:07,Cancelled
905,2615,2026-01-23 17:47:18,Completed
906,4023,2025-04-22 11:14:57,Cancelled
907,1986,2026-06-26 20:20:55,Completed
908,2297,2024-09-02 07:10:26,Completed
909,3219,2026-06-21 10:45:16,Completed
910,4620,2025-10-03 08:55:56,Completed
911,4470,2025-10-17 18:05:50,Completed
912,4507,2026-03-11 04:58:14,Pending
913,3782,2025-07-22 14:58:09,Cancelled
914,1718,2025-08-30 09:55:04,Completed
915,2387,2025-01-02 08:42:51,Completed
916,567,2024-10-16 10:42:38,Completed
917,3352,2025-06-30 09:57:34,Completed
918,1141,2025-09-18 07:23:14,Completed
919,1983,2026-01-02 23:17:30,Completed
920,1263,2025-02-05 06:54:56,Completed
921,3089,2025-02-13 12:30:49,Pending
922,4899,2025-01-21 12:39:48,Completed
923,3284,2026-05-10 19:56:01,Completed
924,3427,2024-09-07 01:29:54,Completed
925,2946,2025-09-12 13:26:57,Completed
926,4399,2026-02-08 21:53:13,Completed
927,697,2025-02-11 10:44:50,Completed
928,2034,2024-10-03 04:37:38,Completed
929,2909,2025-02-07 06:25:04,Completed
930,363,2026-03-25 03:20:21,Completed
931,3274,2025-05-10 02:56:36,Cancelled
932,2717,2026-04-25 21:02:11,Cancelled
933,3527,2026-01-06 22:56:08,Completed
934,808,2026-07-26 06:38:11,Completed
935,4184,2025-08-20 13:58:30,Completed
936,4572,2024-10-11 17:06:04,Completed
937,4713,2025-09-22 17:33:38,Completed
938,3065,2025-07-27 11:34:25,Completed
939,4822,2026-08-06 07:41:21,Completed
940,1235,2025-07-18 07:23:11,Completed
941,202,2026-04-24 07:27:31,Completed
942,2421,2025-12-21 02:59:38,Completed
943,704,2025-09-01 08:25:29,Completed
944,1161,2024-12-18 20:01:27,Completed
945,2811,2024-11-18 12:44:22,Completed
946,1695,2025-04-17 16:13:45,Completed
947,2854,2026-06-15 14:42:02,Completed
948,3590,2025-11-23 21:54:14,Completed
949,3707,2025-03-16 02:47:56,Completed
950,2460,2025-10-24 02:59:27,Pending
951,943,2025-11-19 03:37:28,Pending
952,2811,2025-09-18 07:30:57,Completed
953,1347,2026-04-23 11:22:04,Cancelled
954,1999,2025-03-26 22:01:31,Completed
955,4522,2025-03-07 21:30:07,Completed
956,4587,2025-04-12 20:49:20,Completed
957,3786,2026-06-28 09:45:24,Completed
958,3319,2025-07-08 02:55:30,Completed
959,1527,2025-12-02 15:29:01,Completed
960,3541,2025-05-13 21:52:40,Completed
961,1617,2025-07-07 20:41:26,Completed
962,3519,2024-09-19 17:14:35,Completed
963,1760,2024-12-26 18:37:40,Completed
964,513,2026-02-23 03:28:05,Completed
965,4399,2025-05-13 17:33:42,Completed
966,2671,2026-03-26 08:52:33,Completed
967,934,2024-11-18 20:41:01,Completed
968,4010,2025-10-28 22:55:40,Completed
969,2568,2026-06-27 07:56:04,Completed
970,3216,2024-09-22 06:19:03,Completed
971,2851,2025-10-20 11:38:46,Completed
972,3751,2024-10-17 01:55:57,Completed
973,2437,2026-07-18 18:50:45,Cancelled
974,4835,2025-08-30 11:18:24,Pending
975,1098,2025-03-30 13:54:15,Completed
976,1955,2024-12-25 04:54:23,Completed
977,1500,2024-09-13 08:25:49,Completed
978,1159,2026-02-08 00:36:05,Completed
979,3427,2025-05-18 12:40:05,Completed
980,4709,2026-01-11 23:07:33,Completed
981,1522,2025-08-20 05:06:17,Completed
982,4403,2025-01-20 03:49:34,Completed
983,1420,2025-10-10 09:04:31,Completed
984,4012,2026-06-20 09:10:51,Completed
985,1533,2025-02-25 23:55:03,Completed
986,3695,2026-05-18 13:11:20,Completed
987,2942,2025-05-02 07:07:44,Cancelled
988,3970,2024-10-05 05:33:36,Completed
989,3146,2025-08-23 03:24:59,Cancelled
990,4141,2024-08-13 22:21:36,Completed
991,3352,2024-09-12 05:02:38,Completed
992,3405,2025-05-07 21:50:36,Completed
993,3637,2025-09-04 13:46:16,Completed
994,678,2024-08-07 06:04:25,Completed
995,1807,2025-07-19 03:01:00,Completed
996,2252,2025-07-10 22:22:49,Completed
997,2365,2025-10-25 23:04:38,Completed
998,3747,2026-05-30 07:23:47,Completed
999,4058,2025-03-29 07:21:57,Completed
1000,928,2025-06-23 00:13:57,Completed
1001,2195,2025-03-03 06:40:47,Completed
1002,3006,2026-06-01 19:55:15,Completed
1003,341,2026-01-20 12:11:52,Completed
1004,3616,2024-12-11 01:34:45,Completed
1005,3483,2025-04-27 12:40:42,Completed
1006,2028,2025-02-24 00:53:52,Completed
1007,265,2024-10-17 10:20:33,Completed
1008,2856,2025-12-30 21:06:46,Completed
1009,713,2026-06-08 11:27:15,Completed
1010,962,2025-11-14 17:39:39,Completed
1011,1942,2026-01-17 05:19:11,Completed
1012,4817,2025-08-23 16:16:13,Completed
1013,5000,2025-10-05 03:54:44,Completed
1014,1360,2026-06-27 07:27:33,Completed
1015,1693,2025-09-15 00:49:20,Completed
1016,487,2025-07-01 21:12:26,Completed
1017,4361,2025-06-11 14:14:09,Completed
1018,4414,2026-02-08 22:52:00,Completed
1019,2398,2026-02-22 23:06:53,Completed
1020,2191,2026-06-07 05:15:20,Cancelled
1021,4215,2025-09-10 21:12:52,Cancelled
1022,781,2025-02-18 20:56:53,Completed
1023,3372,2026-04-26 20:57:15,Cancelled
1024,2272,2024-08-13 23:30:12,Completed
1025,1040,2025-10-20 23:28:27,Completed
1026,1088,2024-12-06 00:45:21,Completed
1027,2639,2024-08-08 17:52:14,Completed
1028,3218,2024-11-01 03:54:56,Completed
1029,4731,2026-01-07 14:21:51,Completed
1030,3394,2024-10-28 18:32:19,Completed
1031,619,2026-07-13 20:31:14,Completed
1032,763,2025-12-31 07:21:31,Completed
1033,2280,2025-12-05 16:03:37,Completed
1034,3024,2026-03-08 19:36:21,Completed
1035,3999,2025-09-28 19:51:05,Completed
1036,21,2024-09-01 16:44:37,Completed
1037,764,2024-11-03 15:46:48,Completed
1038,3756,2025-08-06 00:01:26,Completed
1039,2935,2026-05-23 21:03:56,Completed
1040,4379,2025-01-24 20:39:39,Completed
1041,3520,2026-05-07 10:32:02,Completed
1042,4053,2026-08-02 03:45:56,Completed
1043,2324,2025-11-24 18:12:29,Completed
1044,4735,2025-05-27 03:42:46,Completed
1045,3976,2025-12-18 23:17:22,Completed
1046,397,2024-11-26 19:45:14,Pending
1047,3765,2026-04-26 08:55:46,Pending
1048,1295,2025-03-01 12:11:44,Completed
1049,6,2026-03-29 10:19:23,Cancelled
1050,3505,2026-06-17 08:50:12,Completed
1051,1081,2025-12-15 06:50:17,Completed
1052,2473,2025-05-08 13:57:09,Completed
1053,2245,2025-04-26 00:02:49,Pending
1054,2953,2024-10-01 04:28:21,Completed
1055,3047,2025-11-27 10:50:36,Completed
1056,1356,2026-01-05 01:16:40,Pending
1057,2503,2025-03-05 09:44:25,Completed
1058,1919,2025-05-09 22:24:29,Completed
1059,748,2025-02-15 02:06:08,Completed
1060,9,2024-12-09 04:50:58,Completed
1061,639,2024-11-27 19:16:46,Completed
1062,1853,2025-09-22 08:02:12,Completed
1063,3646,2026-07-03 16:13:27,Pending
1064,2815,2025-07-30 06:44:51,Completed
1065,3460,2025-12-29 15:32:55,Completed
1066,3914,2026-03-27 21:16:03,Pending
1067,3139,2024-10-23 13:30:51,Pending
1068,840,2024-09-08 02:15:05,Completed
1069,3012,2026-02-18 16:27:03,Completed
1070,1124,2025-05-11 13:20:53,Completed
1071,1091,2026-05-10 10:06:52,Completed
1072,1171,2025-08-07 09:10:13,Pending
1073,4615,2024-10-10 09:57:00,Pending
1074,1345,2026-07-01 10:15:24,Completed
1075,1746,2026-04-24 15:45:25,Completed
1076,1241,2025-04-08 17:10:58,Cancelled
1077,3625,2025-06-20 22:59:55,Completed
1078,711,2024-11-18 23:50:41,Completed
1079,1147,2026-07-10 21:03:43,Completed
1080,4830,2025-05-18 02:18:52,Completed
1081,2880,2025-08-05 06:52:23,Cancelled
1082,2577,2026-02-26 08:37:38,Completed
1083,2030,2025-03-24 12:26:27,Completed
1084,691,2026-05-08 04:08:59,Completed
1085,4924,2026-07-22 02:07:30,Completed
1086,4978,2026-06-23 10:33:03,Completed
1087,220,2025-10-10 09:41:22,Completed
1088,2472,2025-05-05 01:55:38,Completed
1089,4972,2025-03-03 04:04:38,Completed
1090,3210,2025-09-29 01:40:36,Completed
1091,448,2025-09-01 07:40:41,Completed
1092,1961,2025-10-13 03:18:04,Completed
1093,924,2025-12-06 13:49:17,Completed
1094,4866,2025-11-02 07:21:03,Pending
1095,99,2024-11-06 21:51:53,Cancelled
1096,2593,2024-10-02 01:34:37,Completed
1097,4657,2025-12-12 02:17:01,Completed
1098,4476,2025-07-08 04:22:59,Completed
1099,3859,2024-12-18 03:28:42,Cancelled
1100,598,2024-10-28 05:36:47,Pending
1101,554,2026-01-01 21:03:17,Pending
1102,1768,2025-01-01 21:47:08,Pending
1103,496,2025-03-08 03:31:43,Cancelled
1104,3261,2026-07-04 22:44:24,Completed
1105,4105,2026-05-11 08:13:40,Completed
1106,3470,2025-10-14 10:26:26,Completed
1107,676,2026-02-09 08:25:03,Completed
1108,4405,2024-11-10 10:37:30,Completed
1109,2274,2024-08-29 05:11:31,Pending
1110,648,2026-01-24 21:45:54,Completed
1111,1665,2025-04-13 20:18:30,Cancelled
1112,1273,2025-06-18 02:53:23,Completed
1113,3201,2026-05-05 04:42:54,Completed
1114,542,2025-08-10 21:49:35,Completed
1115,3584,2026-06-25 19:31:19,Completed
1116,1955,2026-05-16 15:38:44,Pending
1117,707,2024-12-19 16:18:54,Cancelled
1118,951,2025-09-15 13:32:05,Completed
1119,4988,2025-08-27 18:20:24,Pending
1120,1439,2025-08-06 06:56:35,Completed
1121,1125,2025-10-05 21:27:58,Completed
1122,1343,2025-04-11 12:01:40,Completed
1123,2841,2025-08-31 03:11:39,Completed
1124,2124,2025-07-18 07:45:27,Completed
1125,1040,2025-06-18 12:27:03,Completed
1126,2202,2026-06-19 23:52:58,Completed
1127,968,2026-04-10 10:42:12,Completed
1128,241,2026-01-19 20:20:25,Completed
1129,3518,2024-12-28 05:50:23,Completed
1130,524,2024-11-11 07:43:54,Completed
1131,4724,2026-05-07 00:14:10,Completed
1132,4065,2026-02-21 18:03:28,Completed
1133,2951,2025-10-26 14:37:40,Pending
1134,4644,2024-09-13 09:42:10,Completed
1135,1289,2025-03-01 12:59:47,Completed
1136,843,2024-12-20 09:53:55,Completed
1137,945,2024-09-07 08:03:10,Completed
1138,4169,2026-06-27 23:00:42,Pending
1139,101,2024-12-19 19:08:50,Completed
1140,3865,2026-07-06 21:05:49,Completed
1141,1230,2024-10-16 00:45:08,Completed
1142,290,2024-09-26 21:05:17,Completed
1143,3436,2025-10-22 08:50:53,Completed
1144,2034,2026-03-27 03:07:02,Completed
1145,2621,2025-04-13 08:15:42,Completed
1146,639,2026-05-23 23:21:25,Completed
1147,979,2024-08-23 16:27:23,Completed
1148,432,2024-12-18 03:36:31,Completed
1149,4226,2024-12-01 22:34:51,Cancelled
1150,3285,2026-04-16 09:37:02,Pending
1151,3811,2024-12-02 19:09:58,Completed
1152,2546,2025-04-20 13:34:43,Completed
1153,4531,2026-06-22 22:33:52,Completed
1154,3023,2026-07-28 11:26:15,Completed
1155,4619,2025-09-17 02:44:46,Completed
1156,1988,2025-08-23 20:40:25,Completed
1157,4848,2025-01-10 15:35:19,Cancelled
1158,1601,2025-10-23 23:08:27,Completed
1159,4478,2025-03-15 14:00:28,Completed
1160,2009,2026-07-06 13:31:56,Completed
1161,3360,2025-07-27 13:17:00,Pending
1162,4437,2026-06-05 10:38:42,Completed
1163,79,2025-08-29 01:15:30,Cancelled
1164,12,2025-03-07 11:16:23,Completed
1165,3083,2026-01-06 05:23:44,Completed
1166,2520,2025-05-12 01:36:11,Completed
1167,4341,2026-06-09 22:13:15,Cancelled
1168,3440,2026-03-31 13:17:38,Completed
1169,491,2025-12-21 14:25:26,Cancelled
1170,1167,2025-11-16 04:57:47,Completed
1171,763,2026-06-10 01:17:07,Pending
1172,1897,2025-06-26 18:17:36,Completed
1173,4258,2025-09-18 12:21:06,Completed
1174,3052,2025-11-27 13:03:03,Completed
1175,696,2026-03-10 11:50:01,Completed
1176,4141,2025-05-25 09:01:01,Completed
1177,3231,2025-01-12 14:26:28,Pending
1178,4652,2025-04-30 03:21:07,Pending
1179,1071,2026-07-09 05:47:14,Completed
1180,2139,2026-02-10 11:48:13,Completed
1181,3220,2025-12-10 07:13:50,Completed
1182,2673,2026-05-28 02:27:03,Completed
1183,2228,2025-02-18 15:21:33,Completed
1184,1661,2024-11-16 01:18:44,Completed
1185,4790,2026-07-25 10:47:55,Completed
1186,866,2026-06-19 04:39:12,Completed
1187,3818,2025-07-11 05:48:38,Completed
1188,990,2026-01-07 09:37:59,Completed
1189,1701,2025-06-25 03:26:44,Completed
1190,3796,2025-05-13 11:07:51,Completed
1191,983,2025-07-16 23:13:04,Pending
1192,2493,2026-07-30 06:53:43,Completed
1193,4943,2024-08-23 08:51:29,Pending
1194,2686,2026-06-21 16:07:59,Completed
1195,2034,2025-05-22 12:33:47,Cancelled
1196,3247,2026-02-12 11:00:53,Completed
1197,2449,2025-04-12 13:33:15,Completed
1198,1425,2025-10-15 00:33:11,Pending
1199,3313,2024-11-22 07:09:55,Completed
1200,4555,2026-01-15 04:45:44,Completed
1201,2047,2026-06-03 11:15:49,Pending
1202,835,2025-07-23 19:59:07,Completed
1203,1146,2025-12-05 07:46:31,Completed
1204,506,2025-09-18 02:09:26,Completed
1205,1821,2026-07-29 06:39:13,Completed
1206,3282,2025-11-30 20:46:12,Completed
1207,689,2025-09-30 08:30:04,Completed
1208,2121,2025-10-01 23:00:49,Cancelled
1209,615,2025-05-14 12:07:20,Pending
1210,529,2025-02-25 05:50:25,Completed
1211,3633,2024-08-31 08:28:02,Completed
1212,754,2024-10-15 14:06:59,Cancelled
1213,2717,2024-08-19 01:42:30,Completed
1214,3777,2024-10-14 10:41:32,Pending
1215,4702,2026-06-11 06:40:17,Completed
1216,3236,2025-02-05 17:09:39,Completed
1217,3136,2024-10-23 15:48:42,Completed
1218,1416,2026-02-09 17:29:55,Completed
1219,1534,2026-01-27 22:10:15,Completed
1220,3654,2026-08-06 15:31:58,Completed
1221,284,2025-01-02 01:35:34,Completed
1222,2014,2025-12-29 21:10:13,Completed
1223,4087,2026-01-25 08:57:41,Completed
1224,4512,2025-07-10 00:57:34,Completed
1225,719,2026-07-21 04:33:43,Completed
1226,1125,2024-11-06 11:38:27,Completed
1227,4308,2024-11-19 15:56:00,Completed
1228,4454,2024-11-13 05:47:12,Completed
1229,3134,2025-07-23 15:43:41,Completed
1230,2942,2025-03-09 19:29:06,Completed
1231,3971,2024-08-24 23:29:30,Completed
1232,4634,2025-09-19 23:16:47,Completed
1233,3182,2025-08-01 10:57:51,Completed
1234,214,2026-03-27 03:31:49,Completed
1235,1795,2025-05-03 05:33:46,Pending
1236,2302,2025-11-29 19:11:25,Pending
1237,3865,2025-08-14 19:22:59,Completed
1238,4785,2025-07-27 08:49:31,Cancelled
1239,1308,2026-01-30 04:04:12,Completed
1240,1976,2026-02-06 20:53:18,Completed
1241,459,2026-02-12 12:02:29,Completed
1242,1798,2025-08-19 16:27:55,Completed
1243,3182,2025-05-17 23:07:56,Completed
1244,1424,2025-08-18 17:45:08,Completed
1245,4854,2025-07-03 14:15:51,Completed
1246,2940,2025-01-20 14:24:22,Cancelled
1247,232,2026-05-16 10:20:16,Completed
1248,2881,2026-07-10 03:40:48,Cancelled
1249,4618,2025-01-11 02:30:28,Completed
1250,1543,2025-02-21 02:37:39,Completed
1251,4033,2024-12-12 23:51:34,Completed
1252,1439,2025-03-09 15:52:49,Completed
1253,740,2024-08-14 03:13:04,Pending
1254,4929,2024-11-12 18:40:58,Completed
1255,4313,2025-10-21 19:14:21,Completed
1256,2718,2025-11-10 19:41:49,Cancelled
1257,1651,2026-02-11 03:19:38,Completed
1258,2792,2025-07-03 11:46:29,Completed
1259,2651,2026-04-23 22:22:38,Pending
1260,1211,2024-10-14 10:43:17,Completed
1261,1161,2025-05-25 14:11:49,Completed
1262,4312,2024-09-09 20:36:23,Completed
1263,595,2026-05-22 05:30:29,Completed
1264,3241,2025-05-19 04:47:36,Completed
1265,2758,2025-03-16 01:34:52,Completed
1266,1118,2025-12-09 05:03:54,Cancelled
1267,3579,2026-01-08 04:53:03,Completed
1268,3992,2025-05-24 12:49:51,Completed
1269,1428,2025-07-04 03:57:11,Completed
1270,4604,2024-11-04 08:46:29,Completed
1271,2924,2025-12-16 01:31:21,Completed
1272,4825,2026-03-19 09:49:52,Completed
1273,3100,2024-11-01 03:59:19,Completed
1274,2413,2026-07-19 06:43:42,Completed
1275,15,2026-03-28 05:22:31,Cancelled
1276,4693,2024-09-07 18:20:55,Completed
1277,4649,2026-06-24 07:00:15,Pending
1278,4935,2024-10-21 10:33:57,Completed
1279,1810,2025-08-31 15:08:51,Completed
1280,853,2026-03-28 00:25:00,Cancelled
1281,1153,2025-03-02 10:22:20,Completed
1282,638,2025-12-16 13:01:09,Completed
1283,2618,2024-09-11 01:01:07,Completed
1284,727,2024-10-06 21:01:30,Completed
1285,2751,2025-10-02 03:04:43,Completed
1286,2173,2025-04-30 05:02:54,Completed
1287,556,2025-05-25 03:16:58,Completed
1288,886,2026-03-25 12:58:11,Completed
1289,395,2025-01-17 22:48:03,Completed
1290,3438,2025-12-19 11:24:30,Cancelled
1291,3392,2025-06-11 20:38:36,Completed
1292,3103,2025-01-11 19:17:06,Completed
1293,3075,2024-10-25 03:02:30,Completed
1294,3928,2025-07-30 15:31:12,Completed
1295,4736,2025-05-30 19:14:33,Completed
1296,1848,2025-09-27 10:34:50,Completed
1297,604,2024-09-12 11:59:32,Completed
1298,274,2025-11-21 15:38:25,Completed
1299,2611,2024-11-18 16:03:56,Completed
1300,858,2024-10-28 21:07:46,Pending
1301,1394,2024-09-17 13:30:07,Completed
1302,1319,2026-03-24 15:59:58,Completed
1303,4482,2026-02-26 09:58:57,Cancelled
1304,763,2025-11-28 17:11:13,Completed
1305,3955,2025-05-24 08:37:31,Completed
1306,3534,2025-03-31 01:45:08,Cancelled
1307,1352,2026-07-03 15:10:27,Completed
1308,3557,2024-12-15 18:45:32,Completed
1309,830,2025-12-07 05:26:46,Completed
1310,1557,2025-08-04 00:55:34,Completed
1311,4540,2026-06-06 08:43:29,Completed
1312,4425,2026-03-13 11:14:40,Completed
1313,2307,2025-03-24 19:10:15,Completed
1314,786,2025-05-04 22:38:09,Pending
1315,4684,2025-04-21 05:58:49,Completed
1316,4022,2024-12-26 15:29:28,Completed
1317,2956,2025-02-15 23:08:01,Pending
1318,718,2025-01-14 08:05:08,Completed
1319,4917,2024-09-08 04:15:03,Completed
1320,795,2025-01-18 19:54:44,Pending
1321,1400,2025-05-25 19:05:54,Completed
1322,672,2025-01-24 02:33:43,Completed
1323,947,2025-01-26 22:26:06,Completed
1324,3257,2026-01-17 14:24:46,Completed
1325,2171,2026-05-18 05:48:10,Pending
1326,4458,2025-05-23 08:44:24,Completed
1327,3040,2025-02-12 06:34:30,Completed
1328,3027,2024-08-27 11:49:36,Completed
1329,366,2026-05-17 01:47:51,Completed
1330,3810,2025-11-21 08:11:03,Completed
1331,2201,2024-11-10 00:15:07,Completed
1332,1239,2025-01-22 05:45:14,Completed
1333,793,2026-06-17 08:26:48,Pending
1334,2817,2026-07-11 21:29:07,Completed
1335,3392,2026-07-12 12:24:59,Cancelled
1336,4832,2026-04-18 13:41:28,Completed
1337,500,2024-08-15 19:28:25,Completed
1338,4281,2026-02-20 08:53:08,Completed
1339,4387,2026-04-08 19:13:40,Completed
1340,3890,2024-10-07 12:10:46,Completed
1341,1931,2025-09-05 06:31:17,Completed
1342,647,2025-06-02 13:08:26,Completed
1343,285,2026-03-19 17:04:21,Completed
1344,4234,2024-09-06 07:41:34,Completed
1345,1208,2024-12-19 00:13:24,Completed
1346,3679,2024-10-26 00:30:55,Completed
1347,1370,2025-10-12 02:24:32,Cancelled
1348,1579,2024-12-16 19:53:51,Completed
1349,3469,2024-09-02 00:30:55,Pending
1350,3567,2026-02-28 03:10:34,Completed
1351,1212,2024-12-01 03:02:18,Completed
1352,2113,2025-07-12 23:44:47,Completed
1353,549,2025-12-31 05:23:17,Pending
1354,4558,2024-09-27 23:19:05,Completed
1355,2672,2025-07-28 16:16:48,Completed
1356,4258,2025-04-25 06:04:44,Completed
1357,102,2025-05-16 17:00:40,Completed
1358,4814,2026-02-01 20:12:09,Completed
1359,3438,2025-09-22 19:04:08,Completed
1360,1226,2026-07-26 20:22:18,Completed
1361,4817,2026-01-12 22:04:48,Completed
1362,821,2026-05-13 18:31:56,Cancelled
1363,4610,2025-02-15 22:23:44,Completed
1364,2344,2026-02-06 11:09:07,Completed
1365,2817,2026-05-14 14:31:58,Completed
1366,2164,2025-03-23 13:49:32,Completed
1367,3978,2025-06-19 23:04:53,Completed
1368,3876,2025-02-27 14:20:26,Pending
1369,2257,2026-06-13 22:02:44,Completed
1370,4987,2024-10-01 13:31:51,Completed
1371,3291,2025-04-04 17:28:14,Pending
1372,2716,2024-10-16 11:43:27,Completed
1373,404,2025-05-18 05:03:08,Completed
1374,2201,2024-09-15 02:12:01,Completed
1375,166,2025-10-20 15:38:20,Completed
1376,2483,2025-12-27 08:29:27,Completed
1377,4028,2025-08-28 05:35:37,Completed
1378,805,2025-10-09 22:07:32,Cancelled
1379,1868,2026-02-17 22:21:03,Completed
1380,3630,2025-11-15 09:43:10,Completed
1381,2629,2025-01-08 02:44:55,Completed
1382,3415,2025-12-29 10:13:00,Completed
1383,732,2025-07-25 13:16:59,Completed
1384,1732,2026-07-04 20:00:50,Cancelled
1385,3336,2025-01-23 11:50:07,Completed
1386,4232,2025-05-21 03:45:54,Completed
1387,461,2026-06-03 01:12:03,Completed
1388,1303,2025-09-02 10:24:36,Pending
1389,4152,2026-02-11 01:39:55,Completed
1390,4295,2025-08-29 13:32:59,Completed
1391,238,2025-03-09 07:06:55,Completed
1392,1645,2024-12-08 01:06:45,Completed
1393,2044,2026-04-27 13:56:34,Pending
1394,415,2025-08-04 02:19:00,Cancelled
1395,1632,2024-09-20 00:41:47,Completed
1396,3803,2025-05-15 05:39:39,Completed
1397,1015,2026-06-29 11:53:47,Completed
1398,1982,2026-04-03 12:23:11,Completed
1399,4867,2026-07-29 08:53:33,Completed
1400,3888,2025-02-20 07:43:45,Completed
1401,2866,2025-03-11 17:21:31,Completed
1402,2119,2024-09-14 03:04:51,Completed
1403,741,2026-01-21 07:55:06,Completed
1404,3167,2024-10-13 06:26:20,Pending
1405,4688,2025-04-04 02:42:52,Completed
1406,1756,2025-05-18 23:02:11,Completed
1407,1845,2025-10-13 03:19:35,Completed
1408,2205,2025-10-24 18:29:31,Completed
1409,4205,2024-10-15 22:55:13,Pending
1410,73,2024-09-14 05:46:50,Completed
1411,1084,2025-10-26 17:29:55,Completed
1412,4925,2024-10-13 06:53:49,Completed
1413,1834,2025-11-16 20:27:11,Completed
1414,2503,2024-11-15 19:22:02,Completed
1415,2256,2025-12-06 18:51:09,Completed
1416,3085,2025-07-28 18:32:41,Completed
1417,3761,2025-12-22 22:44:10,Completed
1418,3824,2026-07-21 02:26:57,Completed
1419,4266,2024-09-15 21:22:30,Completed
1420,3254,2025-01-15 09:22:35,Completed
1421,61,2026-07-05 23:56:54,Completed
1422,3066,2025-04-06 08:50:10,Completed
1423,4865,2024-12-22 02:36:36,Completed
1424,2446,2025-02-25 18:50:36,Completed
1425,3947,2025-06-13 03:53:41,Pending
1426,2265,2025-02-03 19:13:45,Completed
1427,2269,2025-09-24 21:32:33,Completed
1428,2448,2025-08-13 11:52:39,Completed
1429,4238,2025-06-27 21:50:56,Completed
1430,466,2024-09-12 16:14:15,Completed
1431,4916,2026-05-28 16:09:43,Completed
1432,2619,2026-06-15 06:07:31,Completed
1433,209,2026-06-08 05:44:33,Completed
1434,2422,2025-12-02 05:59:49,Completed
1435,3429,2025-03-17 20:38:24,Completed
1436,290,2025-10-13 23:41:06,Completed
1437,4687,2025-10-05 23:44:26,Completed
1438,2812,2024-09-04 05:22:41,Completed
1439,1822,2026-05-16 13:22:28,Completed
1440,3898,2026-06-24 20:04:01,Cancelled
1441,2937,2025-11-16 22:49:06,Completed
1442,1393,2025-05-11 22:26:06,Completed
1443,4574,2025-01-17 21:51:26,Completed
1444,800,2026-06-13 22:36:00,Completed
1445,2119,2025-08-11 06:39:01,Completed
1446,4580,2024-09-19 23:43:41,Completed
1447,1500,2025-08-02 07:06:43,Cancelled
1448,2750,2025-03-05 21:07:41,Completed
1449,1821,2025-12-14 09:59:36,Completed
1450,2516,2026-02-08 09:12:28,Completed
1451,2715,2025-05-22 01:53:44,Completed
1452,4797,2024-08-31 03:08:51,Completed
1453,965,2026-02-28 13:24:46,Completed
1454,4781,2025-11-08 07:15:43,Completed
1455,584,2026-07-05 21:17:25,Completed
1456,1594,2025-05-08 18:47:27,Completed
1457,3127,2026-01-06 13:56:33,Completed
1458,3385,2025-09-07 17:36:45,Pending
1459,1236,2026-04-13 14:06:23,Completed
1460,1641,2025-06-15 18:45:21,Completed
1461,4665,2026-04-04 16:51:24,Completed
1462,3749,2025-07-14 06:56:29,Completed
1463,1478,2024-12-16 10:59:16,Completed
1464,3995,2024-10-11 12:19:46,Completed
1465,1449,2026-05-06 11:23:11,Completed
1466,476,2025-08-03 12:12:31,Pending
1467,2241,2024-12-05 08:09:17,Completed
1468,1382,2024-11-09 08:38:00,Completed
1469,1298,2026-05-05 18:35:09,Completed
1470,722,2026-04-02 20:26:35,Completed
1471,3553,2025-10-20 18:58:15,Completed
1472,3305,2025-07-23 16:05:25,Completed
1473,3911,2024-09-03 11:06:07,Completed
1474,310,2025-12-26 17:34:15,Completed
1475,3057,2025-02-13 03:09:28,Cancelled
1476,2640,2025-03-08 19:10:30,Completed
1477,4351,2025-10-28 01:01:20,Completed
1478,34,2025-07-04 07:10:44,Completed
1479,2039,2025-05-27 10:41:10,Completed
1480,2821,2025-09-23 19:47:03,Completed
1481,842,2026-08-01 14:13:29,Completed
1482,4823,2026-04-29 18:57:38,Completed
1483,535,2025-08-20 02:53:34,Completed
1484,2443,2025-12-15 14:30:03,Cancelled
1485,3735,2025-08-11 13:35:45,Completed
1486,4886,2025-10-22 12:50:52,Completed
1487,3553,2025-04-12 17:27:21,Completed
1488,1097,2026-04-28 23:52:18,Completed
1489,4016,2024-09-15 17:56:41,Completed
1490,1544,2025-07-12 12:44:03,Completed
1491,3305,2025-07-18 17:30:03,Pending
1492,1838,2026-05-10 09:16:00,Completed
1493,1075,2026-05-15 20:31:53,Completed
1494,180,2025-06-26 15:01:21,Completed
1495,1385,2026-06-05 08:08:24,Completed
1496,307,2024-12-22 04:52:29,Completed
1497,2096,2025-01-14 17:55:08,Completed
1498,399,2025-11-30 22:21:19,Completed
1499,393,2025-02-11 07:51:31,Completed
1500,162,2026-02-04 05:39:48,Pending
1501,949,2025-01-13 16:40:36,Completed
1502,3116,2025-12-05 20:01:56,Completed
1503,2071,2025-06-22 19:18:29,Completed
1504,1255,2025-07-31 21:11:52,Completed
1505,77,2026-08-01 17:12:25,Completed
1506,828,2025-10-09 23:50:40,Completed
1507,2212,2026-07-04 14:45:38,Completed
1508,1124,2024-10-05 19:58:24,Completed
1509,860,2024-10-14 11:50:14,Completed
1510,965,2025-08-02 15:16:51,Completed
1511,871,2025-03-17 09:16:39,Completed
1512,4989,2025-10-25 22:59:27,Completed
1513,2155,2025-05-24 12:36:25,Completed
1514,1653,2026-08-02 20:08:25,Completed
1515,3357,2025-10-19 23:34:17,Completed
1516,323,2025-04-22 22:00:38,Completed
1517,1702,2024-10-21 10:38:12,Completed
1518,3938,2026-07-04 00:15:05,Completed
1519,23,2025-07-16 13:17:38,Pending
1520,730,2024-09-27 10:57:06,Cancelled
1521,4704,2025-07-05 08:54:42,Completed
1522,1222,2025-02-01 07:29:20,Cancelled
1523,4192,2026-03-19 15:51:55,Pending
1524,830,2026-06-24 04:07:37,Cancelled
1525,1894,2026-01-26 05:40:25,Completed
1526,2426,2025-10-10 01:54:59,Completed
1527,411,2025-08-06 13:49:40,Pending
1528,1432,2026-07-05 12:39:30,Completed
1529,2381,2025-08-09 12:19:22,Completed
1530,2562,2025-02-09 08:38:42,Completed
1531,950,2025-10-19 11:32:13,Pending
1532,376,2024-12-09 23:36:04,Pending
1533,1134,2025-06-21 09:56:41,Completed
1534,1397,2024-10-27 18:19:02,Completed
1535,3586,2025-11-13 03:58:34,Cancelled
1536,2198,2025-05-11 16:30:14,Completed
1537,762,2026-06-09 16:04:06,Completed
1538,2808,2025-06-16 22:08:38,Completed
1539,3284,2026-03-04 21:29:29,Completed
1540,3740,2025-04-12 17:39:05,Completed
1541,3160,2024-11-20 05:46:00,Completed
1542,3918,2024-10-07 21:31:08,Completed
1543,1367,2026-06-25 11:27:43,Completed
1544,481,2024-08-09 10:24:39,Cancelled
1545,1306,2026-04-02 07:11:55,Completed
1546,4840,2025-10-08 16:10:05,Completed
1547,4661,2025-11-13 10:04:29,Completed
1548,1485,2026-05-12 06:01:55,Completed
1549,2938,2025-05-22 10:42:18,Completed
1550,1071,2024-09-11 21:25:16,Completed
1551,3999,2025-07-08 00:25:16,Completed
1552,3370,2025-06-22 21:15:15,Completed
1553,519,2024-10-31 13:06:36,Completed
1554,2575,2024-08-23 22:17:22,Pending
1555,4300,2026-04-22 23:27:25,Completed
1556,4724,2025-02-03 13:11:31,Completed
1557,1835,2025-04-13 12:11:31,Cancelled
1558,2772,2026-01-09 12:18:28,Completed
1559,781,2024-09-01 16:18:32,Completed
1560,2037,2025-11-30 06:38:23,Completed
1561,3153,2025-07-27 00:40:22,Completed
1562,4574,2024-12-18 04:42:58,Completed
1563,448,2025-12-19 02:40:40,Pending
1564,1286,2025-06-16 20:21:00,Completed
1565,3845,2026-03-21 05:46:16,Completed
1566,1355,2024-12-12 12:39:32,Pending
1567,4028,2026-04-22 01:35:33,Completed
1568,2711,2025-09-27 20:26:37,Cancelled
1569,413,2025-05-14 11:59:34,Completed
1570,4510,2025-06-06 11:29:16,Completed
1571,3304,2025-01-06 13:50:38,Completed
1572,646,2025-03-07 05:57:30,Completed
1573,4695,2025-04-09 19:22:05,Completed
1574,4084,2025-02-07 18:02:47,Completed
1575,973,2024-08-25 01:56:28,Cancelled
1576,146,2025-10-22 00:44:48,Completed
1577,3378,2026-03-20 12:56:26,Pending
1578,4499,2025-10-03 10:02:15,Pending
1579,745,2025-06-22 02:19:19,Completed
1580,2496,2026-03-29 17:10:11,Completed
1581,4607,2026-06-28 00:16:09,Completed
1582,3738,2025-12-17 16:44:05,Cancelled
1583,2977,2024-10-15 02:45:11,Completed
1584,1827,2026-05-31 08:49:43,Completed
1585,2720,2025-11-29 08:00:25,Completed
1586,4915,2025-05-04 21:28:44,Completed
1587,2977,2025-09-23 00:21:10,Completed
1588,935,2025-03-09 08:26:33,Pending
1589,1817,2025-07-20 12:33:49,Pending
1590,2910,2026-01-25 19:00:54,Completed
1591,2392,2025-12-10 03:23:50,Completed
1592,3063,2026-06-20 02:10:11,Completed
1593,376,2025-06-06 06:13:34,Completed
1594,4034,2025-07-10 18:45:22,Completed
1595,3353,2025-08-14 09:03:13,Completed
1596,1605,2025-07-23 20:08:25,Completed
1597,3219,2025-03-27 10:52:14,Completed
1598,1562,2026-06-18 01:01:54,Completed
1599,883,2026-01-22 10:46:49,Completed
1600,381,2025-06-15 12:24:31,Cancelled
1601,4824,2024-11-26 07:55:15,Completed
1602,3691,2025-08-31 08:51:57,Completed
1603,4828,2026-04-28 16:04:53,Cancelled
1604,1103,2026-06-27 15:56:35,Cancelled
1605,36,2024-12-03 15:46:23,Completed
1606,398,2025-07-05 22:55:19,Completed
1607,3546,2025-04-23 15:14:08,Completed
1608,3957,2024-09-12 05:42:12,Cancelled
1609,1452,2026-07-27 18:02:20,Completed
1610,1423,2024-11-12 17:50:11,Completed
1611,1052,2026-04-25 07:20:41,Completed
1612,4920,2025-07-07 04:24:24,Completed
1613,2637,2025-01-06 10:45:47,Completed
1614,3152,2025-08-24 22:44:46,Completed
1615,4989,2025-11-07 02:45:36,Cancelled
1616,2034,2025-10-18 12:20:38,Completed
1617,2809,2026-01-16 00:16:13,Cancelled
1618,3710,2025-05-14 18:30:55,Completed
1619,1132,2026-07-12 03:11:26,Completed
1620,4197,2025-01-06 20:00:15,Completed
1621,4488,2026-06-10 21:37:02,Completed
1622,4535,2026-04-15 05:02:59,Completed
1623,1646,2024-11-08 05:13:10,Completed
1624,2381,2026-08-04 02:20:49,Completed
1625,1087,2024-11-08 11:52:30,Cancelled
1626,1457,2026-07-09 12:08:45,Completed
1627,2641,2025-04-02 17:09:56,Completed
1628,2886,2026-04-24 02:43:21,Completed
1629,4775,2025-02-02 09:30:50,Completed
1630,3420,2026-03-22 00:08:02,Completed
1631,4374,2025-08-18 13:07:16,Completed
1632,3461,2025-07-16 23:45:05,Completed
1633,4283,2025-02-20 14:31:06,Completed
1634,3121,2024-12-25 16:47:11,Completed
1635,464,2026-01-08 07:08:23,Completed
1636,1319,2026-07-07 01:44:22,Cancelled
1637,2053,2025-07-18 15:05:40,Completed
1638,509,2026-05-30 19:53:36,Completed
1639,2418,2024-09-17 16:09:11,Completed
1640,4434,2026-07-22 18:42:03,Pending
1641,3708,2024-09-19 11:10:13,Completed
1642,4603,2025-01-07 20:36:50,Completed
1643,4598,2024-10-19 07:12:38,Completed
1644,4186,2025-06-23 18:10:16,Completed
1645,2357,2025-07-09 09:54:53,Completed
1646,385,2024-12-05 14:34:29,Cancelled
1647,3175,2025-01-03 07:25:19,Completed
1648,2562,2025-08-09 20:46:21,Cancelled
1649,441,2026-02-16 19:17:40,Pending
1650,2059,2024-11-12 23:07:23,Completed
1651,3630,2025-04-05 01:54:50,Completed
1652,3013,2024-11-29 13:39:54,Completed
1653,4478,2026-05-07 03:04:59,Completed
1654,1610,2025-07-12 13:23:59,Completed
1655,1586,2025-11-12 01:25:00,Completed
1656,1454,2025-12-24 18:17:42,Cancelled
1657,611,2026-06-01 07:45:19,Completed
1658,1424,2025-05-27 00:55:20,Completed
1659,978,2025-04-01 07:37:22,Completed
1660,3511,2024-09-29 00:36:10,Completed
1661,2165,2025-06-05 02:06:08,Completed
1662,4785,2024-11-23 16:29:26,Completed
1663,47,2026-05-05 19:07:34,Completed
1664,1269,2025-06-21 06:59:51,Pending
1665,2643,2024-12-19 06:31:42,Completed
1666,2468,2025-10-13 19:20:02,Completed
1667,4692,2024-12-24 23:42:36,Completed
1668,598,2025-01-20 01:16:03,Completed
1669,2604,2026-02-02 21:02:50,Completed
1670,1507,2025-11-16 19:38:17,Completed
1671,4139,2024-11-11 22:47:26,Completed
1672,4449,2025-06-16 13:18:13,Completed
1673,754,2025-11-29 00:30:22,Completed
1674,1748,2025-07-31 09:55:15,Completed
1675,2713,2025-06-30 20:26:57,Completed
1676,1790,2025-07-24 03:25:51,Cancelled
1677,4346,2025-06-14 13:18:35,Completed
1678,4599,2026-03-05 09:42:25,Completed
1679,73,2024-12-10 16:57:41,Completed
1680,2835,2025-09-20 00:44:20,Completed
1681,1998,2025-12-11 13:24:31,Cancelled
1682,2630,2025-05-01 11:37:20,Completed
1683,929,2025-02-19 12:26:51,Completed
1684,4426,2025-11-11 15:27:04,Completed
1685,203,2025-08-06 06:09:23,Cancelled
1686,3072,2026-01-30 06:20:04,Completed
1687,4168,2026-03-11 21:29:34,Completed
1688,360,2024-10-31 10:14:31,Completed
1689,1578,2025-02-17 19:36:20,Completed
1690,675,2025-10-07 20:02:09,Cancelled
1691,1372,2024-09-12 23:12:06,Cancelled
1692,4408,2025-05-15 14:29:35,Completed
1693,537,2026-06-13 05:01:04,Completed
1694,1747,2024-11-29 15:25:00,Completed
1695,3476,2026-01-17 12:49:09,Completed
1696,1685,2025-12-10 20:28:54,Completed
1697,3566,2026-04-13 00:14:08,Completed
1698,591,2025-10-25 11:49:53,Completed
1699,1260,2026-07-24 20:06:39,Pending
1700,2718,2025-09-18 16:57:37,Pending
1701,601,2025-03-15 22:52:18,Pending
1702,2064,2025-06-30 03:26:38,Completed
1703,4711,2024-08-19 15:53:59,Completed
1704,2119,2025-11-03 00:39:14,Completed
1705,3696,2025-02-12 03:19:39,Completed
1706,3548,2024-09-01 08:55:30,Completed
1707,3191,2025-04-23 09:36:50,Completed
1708,4382,2025-01-17 11:32:39,Pending
1709,519,2025-09-14 16:18:39,Completed
1710,4798,2025-10-15 01:25:38,Pending
1711,595,2025-04-18 21:13:04,Completed
1712,4120,2024-11-01 02:35:12,Completed
1713,2469,2024-11-12 09:10:45,Completed
1714,2307,2025-06-14 21:45:28,Completed
1715,3586,2025-12-07 17:27:22,Completed
1716,253,2025-10-06 04:35:23,Completed
1717,4371,2025-09-20 04:11:51,Completed
1718,3204,2025-05-24 02:50:39,Completed
1719,4471,2025-04-07 03:07:41,Completed
1720,1181,2024-12-14 12:37:17,Completed
1721,3057,2024-10-19 06:38:05,Cancelled
1722,92,2026-02-15 18:24:28,Completed
1723,4548,2026-06-24 01:33:30,Completed
1724,343,2025-08-30 11:55:19,Pending
1725,4888,2024-08-11 22:52:57,Completed
1726,4486,2025-05-24 04:01:12,Cancelled
1727,2497,2024-08-20 10:39:19,Completed
1728,2817,2026-06-19 04:29:53,Completed
1729,4199,2024-10-22 07:09:13,Completed
1730,1508,2026-01-10 22:58:57,Completed
1731,2071,2024-10-07 20:47:36,Completed
1732,1486,2025-02-21 23:07:57,Completed
1733,4648,2026-08-06 13:01:34,Completed
1734,4497,2026-05-13 10:06:01,Completed
1735,4503,2024-11-16 00:00:22,Pending
1736,552,2026-03-25 05:54:44,Completed
1737,1618,2025-07-04 08:58:08,Completed
1738,3992,2025-02-22 19:39:01,Cancelled
1739,2926,2025-05-02 00:33:21,Completed
1740,1922,2025-01-25 07:20:02,Completed
1741,572,2025-03-18 03:18:31,Cancelled
1742,2604,2026-02-02 15:16:06,Completed
1743,2690,2024-08-07 17:36:21,Completed
1744,2505,2026-05-26 05:16:26,Completed
1745,1249,2025-04-20 07:41:34,Completed
1746,2986,2026-02-02 10:24:34,Completed
1747,3509,2026-05-21 11:48:38,Completed
1748,2566,2026-02-10 12:20:45,Completed
1749,1815,2025-09-27 20:29:49,Completed
1750,3573,2024-08-08 13:57:19,Completed
1751,2945,2024-11-27 15:15:35,Completed
1752,2717,2025-05-02 18:41:33,Completed
1753,3792,2025-02-16 15:20:56,Completed
1754,2503,2025-07-24 05:19:13,Completed
1755,892,2026-03-14 23:41:27,Completed
1756,4970,2025-06-25 14:28:34,Pending
1757,2299,2024-12-04 05:58:10,Completed
1758,1147,2024-08-26 01:36:41,Completed
1759,1610,2025-05-10 04:43:40,Completed
1760,627,2024-09-15 18:07:53,Completed
1761,153,2025-01-13 23:05:51,Completed
1762,256,2025-10-09 23:38:43,Completed
1763,4743,2025-05-02 04:53:32,Completed
1764,4834,2025-06-01 04:22:18,Completed
1765,301,2025-02-09 16:34:12,Completed
1766,4453,2024-12-02 16:29:46,Completed
1767,4422,2026-03-15 01:17:17,Completed
1768,1218,2024-10-10 08:50:20,Completed
1769,1830,2026-08-04 07:05:53,Completed
1770,4831,2024-12-20 13:23:03,Completed
1771,2384,2024-10-23 06:28:16,Completed
1772,4106,2024-09-14 01:27:31,Completed
1773,3251,2024-08-19 17:10:41,Completed
1774,87,2025-09-03 13:32:01,Completed
1775,1359,2025-11-11 00:46:53,Completed
1776,1150,2025-09-26 18:29:11,Completed
1777,1468,2024-09-05 00:22:45,Completed
1778,4636,2024-08-21 20:15:05,Completed
1779,1198,2025-06-01 15:42:03,Completed
1780,3961,2025-10-10 09:18:11,Cancelled
1781,332,2025-11-06 10:37:37,Completed
1782,3995,2024-10-06 06:50:30,Completed
1783,2166,2024-09-27 19:45:04,Completed
1784,351,2025-11-06 06:14:29,Completed
1785,4243,2024-11-04 00:39:25,Cancelled
1786,2960,2025-05-04 10:41:30,Completed
1787,3725,2024-11-07 13:19:27,Completed
1788,327,2024-10-31 02:39:18,Cancelled
1789,2655,2024-11-07 10:49:52,Completed
1790,4272,2024-08-20 14:19:36,Completed
1791,2241,2024-10-21 15:11:51,Completed
1792,2158,2026-01-29 20:37:48,Completed
1793,4671,2026-07-24 11:02:36,Completed
1794,3101,2026-05-06 01:31:59,Completed
1795,638,2026-03-29 22:33:52,Completed
1796,3083,2025-03-16 12:14:57,Cancelled
1797,1826,2025-08-12 05:51:17,Completed
1798,2891,2026-05-26 09:26:25,Completed
1799,2827,2026-07-26 01:14:10,Completed
1800,3950,2025-03-17 01:01:09,Completed
1801,55,2025-05-04 06:35:12,Completed
1802,1139,2024-11-12 01:21:08,Completed
1803,1885,2025-04-10 21:28:18,Pending
1804,2301,2026-01-24 21:27:04,Completed
1805,1532,2025-12-06 06:22:39,Completed
1806,4932,2024-12-06 20:35:46,Completed
1807,970,2026-01-16 17:43:50,Completed
1808,3397,2024-09-17 14:32:57,Completed
1809,929,2025-07-11 06:12:48,Completed
1810,3923,2025-09-16 23:15:02,Completed
1811,4840,2026-05-18 06:38:59,Completed
1812,3367,2026-01-25 16:27:55,Pending
1813,354,2025-08-20 14:34:45,Completed
1814,4853,2024-11-27 21:10:42,Completed
1815,4200,2026-07-05 04:10:33,Pending
1816,4689,2026-04-19 16:40:09,Completed
1817,1363,2026-02-18 18:26:48,Completed
1818,1475,2025-11-17 02:37:52,Completed
1819,3322,2025-05-12 02:40:13,Completed
1820,4618,2025-08-26 18:52:30,Completed
1821,2323,2024-12-18 15:29:51,Cancelled
1822,1775,2024-08-14 14:41:53,Completed
1823,3862,2025-07-16 17:37:59,Completed
1824,1398,2024-09-06 23:02:37,Completed
1825,3366,2025-07-12 03:47:21,Completed
1826,4774,2025-08-27 04:23:02,Completed
1827,1490,2024-10-19 14:17:51,Completed
1828,4185,2025-01-11 18:22:38,Completed
1829,2808,2026-02-14 11:15:02,Cancelled
1830,4887,2024-10-16 16:46:07,Completed
1831,1883,2026-05-20 00:22:34,Completed
1832,1084,2026-02-08 08:54:21,Completed
1833,1658,2026-07-30 07:50:24,Completed
1834,4132,2026-04-09 20:05:12,Completed
1835,1226,2025-03-26 23:04:53,Completed
1836,1454,2026-04-07 20:00:39,Completed
1837,4914,2025-08-16 03:08:28,Pending
1838,4354,2026-07-09 20:52:23,Completed
1839,963,2025-06-07 07:48:03,Pending
1840,1068,2026-04-12 08:25:31,Cancelled
1841,4418,2026-01-24 09:12:16,Completed
1842,3535,2025-09-26 14:32:13,Completed
1843,3035,2025-01-01 15:07:59,Completed
1844,4341,2025-01-19 20:43:19,Completed
1845,3950,2026-04-10 12:25:21,Completed
1846,3124,2025-08-20 19:28:16,Completed
1847,4720,2024-12-22 19:11:12,Pending
1848,1097,2025-05-11 20:18:28,Completed
1849,1905,2025-09-01 16:22:26,Cancelled
1850,687,2025-09-22 11:23:27,Completed
1851,4455,2026-01-17 20:42:51,Completed
1852,1549,2025-08-14 05:04:19,Pending
1853,59,2025-08-15 13:46:00,Completed
1854,966,2025-11-13 21:07:27,Completed
1855,3073,2025-08-18 01:58:44,Completed
1856,2588,2026-07-26 16:22:11,Completed
1857,874,2026-04-04 03:42:30,Completed
1858,4796,2024-08-22 03:53:27,Completed
1859,4392,2026-02-15 16:36:28,Completed
1860,2996,2024-12-22 08:25:00,Completed
1861,3256,2026-03-14 08:29:36,Completed
1862,3386,2026-05-04 06:42:43,Completed
1863,4568,2025-03-01 03:29:35,Completed
1864,3033,2026-05-12 08:26:31,Completed
1865,3963,2025-09-23 14:41:40,Completed
1866,2513,2024-11-04 04:52:19,Completed
1867,3262,2025-03-21 03:12:07,Completed
1868,976,2026-03-26 08:12:39,Completed
1869,3659,2025-07-23 18:04:31,Completed
1870,1326,2025-10-10 13:05:32,Completed
1871,4165,2024-12-08 13:43:57,Completed
1872,2773,2024-08-18 22:38:29,Completed
1873,427,2026-05-10 00:03:50,Completed
1874,44,2025-03-18 08:18:01,Completed
1875,1191,2026-03-07 03:22:33,Completed
1876,4918,2025-02-05 14:04:08,Completed
1877,525,2025-02-04 02:57:37,Completed
1878,3038,2026-02-17 18:16:25,Pending
1879,310,2026-04-14 18:22:06,Completed
1880,3283,2025-02-16 16:04:46,Completed
1881,4269,2025-10-19 02:08:18,Completed
1882,4895,2025-11-25 20:54:31,Pending
1883,1436,2025-05-31 04:18:13,Completed
1884,3597,2024-12-20 12:25:58,Pending
1885,4245,2025-06-16 12:13:57,Completed
1886,276,2026-07-19 01:05:05,Completed
1887,4183,2024-12-27 11:08:36,Completed
1888,1898,2026-05-30 13:29:07,Completed
1889,296,2025-02-08 10:27:03,Completed
1890,3,2025-01-06 08:37:59,Cancelled
1891,712,2025-02-12 07:47:41,Cancelled
1892,3273,2025-03-21 20:28:19,Completed
1893,3238,2026-06-29 06:41:20,Completed
1894,1641,2026-07-19 22:43:45,Completed
1895,563,2025-01-08 07:31:37,Cancelled
1896,4503,2025-11-25 19:23:57,Completed
1897,4581,2024-09-27 20:23:10,Cancelled
1898,2852,2024-08-13 18:53:56,Completed
1899,2266,2025-03-12 16:38:32,Completed
1900,1594,2026-06-27 14:53:51,Completed
1901,3310,2026-02-27 00:52:42,Completed
1902,2139,2026-03-29 08:39:31,Completed
1903,4148,2026-07-24 04:38:13,Completed
1904,593,2026-05-14 04:58:22,Completed
1905,2786,2025-08-03 06:18:57,Cancelled
1906,4205,2024-10-25 06:49:21,Cancelled
1907,4407,2025-07-12 03:36:31,Completed
1908,4710,2025-03-26 19:25:28,Completed
1909,3628,2025-08-18 08:58:19,Cancelled
1910,4614,2025-12-07 06:00:16,Completed
1911,1993,2025-01-06 08:56:35,Completed
1912,3759,2026-01-15 21:48:40,Completed
1913,4808,2026-02-21 08:10:50,Completed
1914,3949,2026-06-21 02:19:02,Completed
1915,554,2024-10-16 13:12:14,Completed
1916,1806,2026-06-28 03:13:35,Completed
1917,1884,2025-09-28 02:42:27,Completed
1918,3379,2025-10-21 02:04:04,Cancelled
1919,4232,2026-02-13 20:34:32,Completed
1920,2158,2024-08-27 05:36:44,Completed
1921,762,2024-09-19 08:34:01,Completed
1922,2802,2024-12-26 23:59:01,Pending
1923,1463,2026-04-10 09:16:27,Completed
1924,2897,2024-12-08 20:43:52,Completed
1925,4700,2025-06-07 02:08:10,Completed
1926,1558,2024-08-13 05:45:27,Completed
1927,1636,2025-08-26 20:19:43,Completed
1928,1983,2024-08-09 23:51:13,Completed
1929,1694,2024-10-11 03:52:18,Completed
1930,2046,2025-12-20 05:18:11,Completed
1931,2917,2026-05-20 22:30:38,Completed
1932,874,2025-06-25 01:36:23,Completed
1933,643,2025-03-22 08:06:12,Completed
1934,4036,2024-08-24 14:23:22,Completed
1935,4436,2026-06-18 08:04:18,Cancelled
1936,3951,2026-07-26 18:57:16,Completed
1937,2584,2026-06-06 06:56:46,Completed
1938,4707,2025-02-22 20:20:31,Completed
1939,4021,2026-03-28 01:09:19,Completed
1940,4188,2024-08-16 01:35:35,Completed
1941,1820,2024-12-20 12:39:21,Completed
1942,1051,2025-08-23 10:20:40,Pending
1943,3467,2026-01-14 05:50:50,Completed
1944,4430,2026-01-19 16:06:03,Pending
1945,2845,2026-02-16 10:40:05,Completed
1946,1432,2024-09-12 11:20:45,Completed
1947,987,2025-05-26 12:02:00,Completed
1948,3769,2026-04-21 06:41:27,Completed
1949,69,2026-05-29 12:57:20,Pending
1950,1727,2025-05-01 14:17:44,Completed
1951,826,2026-05-09 03:13:12,Completed
1952,2128,2025-10-09 21:31:38,Completed
1953,2154,2026-04-17 02:46:11,Completed
1954,3862,2025-03-09 14:16:10,Cancelled
1955,2811,2025-11-13 17:21:12,Completed
1956,4086,2025-08-25 07:48:59,Completed
1957,3434,2025-02-06 13:26:44,Completed
1958,3050,2026-06-01 15:11:49,Completed
1959,3282,2025-07-03 06:12:40,Completed
1960,1474,2024-08-08 10:06:09,Completed
1961,4718,2024-08-31 10:21:18,Completed
1962,819,2025-08-01 19:12:48,Completed
1963,1932,2025-01-07 14:35:25,Completed
1964,3121,2025-03-31 19:22:28,Completed
1965,1226,2025-10-25 00:06:02,Completed
1966,80,2026-03-29 14:53:58,Completed
1967,4093,2026-04-10 06:08:36,Completed
1968,4236,2025-09-21 13:58:29,Completed
1969,2587,2025-04-17 20:27:25,Completed
1970,2458,2025-03-18 08:11:31,Completed
1971,4652,2025-05-18 01:20:38,Pending
1972,811,2025-12-06 06:36:10,Completed
1973,492,2024-11-27 08:25:20,Completed
1974,2084,2025-01-26 08:21:18,Completed
1975,789,2025-12-30 07:02:39,Completed
1976,2742,2026-01-04 22:23:44,Completed
1977,2952,2024-08-28 22:42:01,Completed
1978,2112,2025-10-23 14:41:51,Completed
1979,3374,2026-03-23 21:36:00,Completed
1980,4961,2026-07-04 16:58:45,Completed
1981,4718,2024-08-18 17:01:02,Completed
1982,4411,2026-02-24 21:11:15,Completed
1983,2332,2025-04-19 04:53:45,Completed
1984,4182,2025-06-07 18:40:17,Completed
1985,3662,2026-04-13 03:06:47,Completed
1986,3122,2025-11-08 05:30:57,Completed
1987,3800,2025-02-07 05:04:59,Completed
1988,1187,2025-02-02 20:22:43,Completed
1989,2764,2025-10-28 00:43:39,Completed
1990,4683,2025-08-07 09:34:22,Completed
1991,585,2026-07-03 15:42:09,Pending
1992,2815,2025-05-21 01:10:58,Completed
1993,2596,2026-02-26 11:32:14,Completed
1994,2192,2026-05-17 19:33:08,Completed
1995,3240,2025-07-15 03:27:39,Completed
1996,3645,2024-09-15 13:50:28,Completed
1997,2976,2024-10-20 21:49:38,Completed
1998,4268,2025-07-06 06:52:36,Cancelled
1999,3392,2024-09-22 00:36:13,Completed
2000,190,2024-12-19 00:32:18,Completed
2001,1923,2025-07-17 23:05:18,Completed
2002,656,2024-09-24 14:06:23,Completed
2003,3253,2026-05-29 23:06:45,Completed
2004,523,2025-06-02 07:48:26,Cancelled
2005,3877,2025-10-26 16:32:58,Completed
2006,216,2025-04-12 15:32:36,Completed
2007,4293,2026-06-18 09:41:23,Completed
2008,682,2025-01-14 18:26:54,Completed
2009,1273,2026-03-04 02:13:09,Pending
2010,3194,2025-12-05 00:15:21,Completed
2011,2027,2025-04-14 10:39:15,Completed
2012,3631,2025-06-14 14:45:23,Completed
2013,1076,2024-10-30 13:35:05,Completed
2014,1398,2024-11-11 23:50:58,Pending
2015,2924,2024-09-12 06:31:13,Completed
2016,2665,2024-12-31 10:29:38,Completed
2017,3828,2024-11-29 19:44:01,Cancelled
2018,4429,2024-12-20 13:54:10,Cancelled
2019,4494,2026-06-21 08:05:13,Completed
2020,4418,2026-04-28 22:38:44,Completed
2021,4896,2026-05-17 05:39:20,Completed
2022,4621,2025-12-29 16:05:49,Completed
2023,4373,2026-02-07 14:18:03,Completed
2024,2845,2025-02-24 05:58:24,Completed
2025,1861,2025-12-30 13:23:13,Completed
2026,3620,2025-03-24 03:46:49,Completed
2027,3377,2026-08-06 11:44:33,Completed
2028,2487,2025-12-26 14:41:04,Pending
2029,4288,2024-12-26 19:07:12,Completed
2030,1117,2025-04-02 02:35:54,Completed
2031,3844,2025-08-08 10:21:24,Completed
2032,4030,2025-05-30 19:11:03,Cancelled
2033,3909,2024-08-16 09:11:18,Completed
2034,3527,2026-07-19 22:56:28,Completed
2035,4891,2025-06-06 22:06:51,Completed
2036,60,2026-07-29 23:38:35,Completed
2037,1545,2026-02-13 16:29:29,Completed
2038,4593,2025-06-01 01:12:17,Completed
2039,2048,2026-05-09 19:58:17,Completed
2040,3193,2024-12-14 19:33:15,Completed
2041,1808,2025-03-06 18:13:02,Completed
2042,3459,2025-12-29 03:33:22,Completed
2043,4233,2024-08-31 09:15:31,Completed
2044,2228,2024-12-19 16:25:51,Completed
2045,4358,2025-07-02 03:52:24,Completed
2046,3383,2026-05-18 07:36:04,Completed
2047,561,2026-01-06 22:34:03,Completed
2048,2373,2026-02-19 02:30:06,Completed
2049,3731,2024-09-07 19:33:03,Completed
2050,2230,2025-05-22 10:59:30,Completed
2051,4031,2024-10-31 08:23:25,Completed
2052,159,2025-05-26 03:01:34,Completed
2053,4383,2025-07-23 19:38:01,Pending
2054,838,2026-02-20 23:01:15,Completed
2055,1025,2026-03-03 16:14:14,Completed
2056,68,2026-06-19 17:53:44,Completed
2057,1235,2025-05-08 03:50:23,Pending
2058,1780,2025-06-01 07:38:09,Completed
2059,2553,2026-02-06 23:26:24,Completed
2060,4083,2025-06-23 02:13:39,Cancelled
2061,3799,2026-07-10 13:28:47,Completed
2062,260,2024-10-28 14:00:53,Completed
2063,1197,2025-05-17 01:14:45,Pending
2064,3215,2025-05-06 22:31:08,Pending
2065,3852,2025-07-28 23:49:52,Completed
2066,2049,2026-01-10 08:42:23,Completed
2067,104,2025-10-12 04:06:34,Completed
2068,2040,2026-05-01 14:50:16,Completed
2069,3629,2025-07-06 17:44:07,Completed
2070,275,2024-11-12 17:18:01,Completed
2071,770,2025-01-17 13:36:08,Completed
2072,1708,2025-08-05 13:15:29,Completed
2073,2557,2026-05-31 21:32:28,Cancelled
2074,1300,2025-10-05 23:20:31,Completed
2075,346,2025-04-30 19:12:45,Completed
2076,4503,2024-09-22 10:49:12,Completed
2077,2076,2025-10-02 02:55:07,Completed
2078,2448,2025-05-30 16:16:57,Completed
2079,427,2025-09-23 11:34:04,Completed
2080,1785,2025-07-21 03:13:50,Cancelled
2081,1934,2026-04-26 06:02:56,Completed
2082,2659,2025-04-09 08:58:57,Pending
2083,2262,2026-05-18 21:23:52,Completed
2084,3243,2024-11-13 00:37:15,Completed
2085,74,2025-10-05 01:51:09,Cancelled
2086,4761,2025-01-04 23:42:00,Completed
2087,3894,2026-03-06 14:59:21,Completed
2088,1270,2024-08-11 17:48:20,Completed
2089,734,2025-11-20 15:20:10,Completed
2090,4096,2026-05-05 19:17:34,Pending
2091,2773,2024-10-24 06:43:52,Cancelled
2092,492,2026-02-18 08:53:38,Pending
2093,1261,2026-02-27 23:18:31,Completed
2094,880,2025-05-30 22:01:51,Completed
2095,1907,2025-10-07 10:13:04,Completed
2096,4575,2026-04-15 08:10:51,Completed
2097,2846,2026-06-04 09:13:53,Completed
2098,3594,2026-06-01 07:08:59,Completed
2099,175,2024-12-01 21:17:05,Completed
2100,2935,2025-03-30 06:06:00,Completed
2101,2054,2024-12-17 10:29:08,Completed
2102,3976,2026-06-14 04:31:16,Completed
2103,4580,2025-03-04 15:48:54,Completed
2104,4015,2024-08-07 14:57:02,Completed
2105,1529,2024-08-06 15:40:59,Completed
2106,2652,2026-01-20 09:36:07,Completed
2107,2256,2025-01-25 21:51:47,Completed
2108,4905,2025-10-21 08:47:54,Cancelled
2109,4543,2026-02-25 05:37:28,Completed
2110,4352,2024-10-08 05:20:29,Completed
2111,2423,2025-03-09 06:32:16,Completed
2112,4437,2024-08-06 17:19:04,Completed
2113,6,2026-04-03 21:35:55,Completed
2114,4145,2026-01-11 03:44:17,Completed
2115,1520,2026-04-09 12:43:32,Completed
2116,2983,2024-11-29 21:28:20,Completed
2117,1957,2024-11-17 12:27:56,Completed
2118,519,2025-06-13 09:43:05,Completed
2119,4416,2025-01-03 16:51:53,Completed
2120,1556,2025-09-18 22:03:57,Completed
2121,4076,2026-01-06 01:48:05,Completed
2122,1263,2025-09-24 14:38:24,Completed
2123,2643,2024-11-23 18:37:37,Completed
2124,2639,2025-02-25 08:14:39,Completed
2125,4287,2025-03-10 20:32:46,Completed
2126,359,2025-02-25 20:02:00,Completed
2127,1064,2025-03-13 00:01:30,Completed
2128,257,2025-07-10 05:11:13,Completed
2129,3977,2026-02-18 01:57:43,Completed
2130,261,2025-06-07 17:12:18,Completed
2131,3184,2024-12-24 20:23:01,Completed
2132,4308,2025-12-02 16:38:20,Completed
2133,4836,2026-04-01 22:21:20,Completed
2134,3002,2026-04-04 11:08:23,Completed
2135,581,2025-09-13 08:36:41,Pending
2136,1710,2026-02-21 07:18:25,Completed
2137,656,2025-08-15 15:12:10,Completed
2138,498,2026-05-13 10:59:48,Completed
2139,3408,2025-03-09 23:30:29,Completed
2140,478,2025-02-22 07:13:19,Completed
2141,2178,2024-10-10 08:14:22,Completed
2142,577,2025-03-27 17:16:27,Completed
2143,639,2024-12-31 20:53:35,Cancelled
2144,4256,2024-10-30 20:35:28,Pending
2145,1893,2026-04-26 07:03:54,Completed
2146,1553,2026-01-25 17:11:36,Completed
2147,2038,2024-10-20 23:59:00,Completed
2148,1466,2026-01-03 20:42:48,Completed
2149,4573,2025-05-11 08:29:41,Completed
2150,865,2024-12-03 00:54:40,Completed
2151,4724,2024-08-25 08:00:31,Completed
2152,3758,2025-03-27 04:07:52,Completed
2153,3499,2024-10-02 14:57:31,Completed
2154,1367,2024-12-06 19:08:37,Completed
2155,4506,2025-07-07 07:31:05,Completed
2156,2765,2026-07-01 12:01:19,Completed
2157,4374,2026-07-25 08:23:36,Cancelled
2158,3630,2025-01-31 13:59:43,Cancelled
2159,2582,2026-03-21 15:06:54,Completed
2160,2660,2025-05-08 15:45:03,Completed
2161,3378,2025-01-28 15:18:23,Completed
2162,3528,2025-09-03 19:32:29,Completed
2163,2650,2024-08-25 01:49:40,Completed
2164,4614,2024-08-31 21:15:51,Completed
2165,3073,2026-03-29 03:45:13,Completed
2166,2082,2026-03-13 01:04:57,Completed
2167,3707,2026-05-27 19:37:52,Completed
2168,3253,2024-09-03 02:54:55,Pending
2169,284,2025-12-25 00:54:48,Cancelled
2170,4881,2026-03-02 11:54:50,Pending
2171,1107,2024-12-05 13:36:57,Cancelled
2172,2473,2025-04-29 16:11:48,Pending
2173,1818,2025-06-14 02:28:27,Completed
2174,2580,2026-01-15 17:02:08,Pending
2175,2261,2026-04-27 20:13:50,Cancelled
2176,4189,2025-01-26 07:04:05,Completed
2177,4683,2025-06-03 09:14:06,Completed
2178,310,2026-06-02 00:21:18,Completed
2179,1279,2025-07-18 04:15:14,Completed
2180,3008,2026-05-27 02:18:28,Completed
2181,2047,2025-09-05 19:41:31,Completed
2182,2461,2026-05-26 02:22:43,Pending
2183,3276,2024-12-18 08:39:23,Completed
2184,1782,2025-08-06 11:49:41,Completed
2185,2660,2025-08-23 20:07:08,Completed
2186,1417,2026-02-23 18:27:29,Completed
2187,4721,2025-05-09 13:49:33,Completed
2188,782,2025-09-05 01:47:39,Completed
2189,2461,2025-05-30 03:57:25,Pending
2190,4721,2024-11-08 23:14:23,Completed
2191,459,2026-06-26 19:30:08,Cancelled
2192,2740,2025-05-01 01:18:00,Completed
2193,3558,2025-05-15 02:36:21,Completed
2194,988,2026-03-04 03:52:34,Completed
2195,1858,2025-08-27 09:23:38,Completed
2196,4935,2025-07-20 05:15:19,Cancelled
2197,3134,2024-10-03 11:08:31,Pending
2198,4296,2025-09-01 17:25:51,Pending
2199,4424,2026-04-30 05:07:55,Completed
2200,2678,2024-08-13 15:19:16,Completed
2201,1809,2026-06-10 16:08:58,Completed
2202,3219,2024-08-28 21:04:26,Cancelled
2203,4876,2025-11-07 01:34:48,Completed
2204,738,2025-12-17 18:23:22,Completed
2205,2374,2026-07-25 07:25:35,Completed
2206,1213,2025-12-23 23:10:02,Completed
2207,677,2026-07-24 14:02:04,Completed
2208,404,2025-12-18 09:10:52,Completed
2209,2151,2025-03-17 08:06:01,Pending
2210,4111,2026-01-13 00:45:15,Completed
2211,1069,2024-10-30 02:51:27,Completed
2212,3940,2024-11-15 12:18:08,Completed
2213,3997,2025-12-11 03:16:35,Completed
2214,4681,2025-03-02 07:35:38,Completed
2215,4295,2025-02-12 20:32:52,Completed
2216,587,2026-06-28 03:31:40,Completed
2217,3524,2026-03-23 07:41:12,Completed
2218,4719,2025-06-18 08:10:51,Pending
2219,3389,2025-11-12 07:08:33,Completed
2220,2854,2026-07-14 18:19:52,Completed
2221,2823,2025-11-12 04:35:57,Completed
2222,199,2026-05-15 02:06:17,Completed
2223,1387,2025-10-11 20:27:32,Cancelled
2224,3623,2025-06-03 17:10:26,Completed
2225,3609,2025-06-21 04:59:43,Pending
2226,1913,2025-09-09 02:09:18,Completed
2227,3063,2024-08-07 02:01:06,Completed
2228,703,2026-04-22 03:02:05,Completed
2229,447,2026-02-09 04:07:55,Completed
2230,1210,2024-09-21 02:52:25,Completed
2231,2357,2025-12-03 23:42:02,Pending
2232,912,2025-01-30 00:28:44,Completed
2233,3860,2026-02-11 16:43:14,Pending
2234,1713,2025-12-12 13:23:10,Completed
2235,1736,2025-07-28 00:43:02,Completed
2236,4287,2024-11-14 09:31:16,Completed
2237,4496,2026-01-24 23:44:12,Completed
2238,1158,2025-01-08 03:53:55,Completed
2239,151,2026-05-05 20:33:23,Completed
2240,4316,2026-01-25 06:07:57,Pending
2241,1396,2026-06-09 01:10:12,Pending
2242,1645,2026-06-15 18:28:36,Completed
2243,2223,2025-05-10 18:01:40,Pending
2244,69,2026-01-03 04:23:13,Pending
2245,2223,2024-08-10 13:11:39,Completed
2246,2951,2026-03-03 13:49:49,Completed
2247,157,2026-04-10 17:56:37,Completed
2248,3167,2026-07-23 13:18:30,Completed
2249,3119,2024-12-23 23:57:47,Completed
2250,816,2025-07-31 20:25:05,Cancelled
2251,3971,2026-01-28 07:36:57,Completed
2252,4355,2026-04-20 17:16:36,Pending
2253,1630,2025-12-18 00:54:06,Completed
2254,3752,2024-11-21 03:16:33,Completed
2255,177,2025-01-28 08:58:26,Pending
2256,4337,2025-01-20 06:20:30,Completed
2257,4014,2024-10-29 13:29:48,Completed
2258,1287,2024-12-23 21:55:45,Pending
2259,2883,2025-10-02 15:05:40,Completed
2260,2477,2025-01-27 13:05:41,Completed
2261,4107,2026-06-30 07:33:52,Completed
2262,508,2026-01-14 07:35:20,Completed
2263,3172,2026-01-24 05:55:12,Completed
2264,242,2025-12-26 04:01:31,Cancelled
2265,2296,2024-08-20 18:25:56,Completed
2266,2800,2025-10-26 21:27:08,Completed
2267,1125,2025-09-29 02:32:31,Pending
2268,3132,2024-11-06 10:15:58,Completed
2269,1864,2024-08-26 14:08:23,Completed
2270,4694,2025-01-25 20:53:42,Completed
2271,2560,2026-02-19 22:01:18,Cancelled
2272,2698,2025-01-18 00:55:44,Completed
2273,1080,2025-05-12 07:13:13,Completed
2274,1136,2025-08-11 20:13:07,Completed
2275,1658,2026-03-27 19:32:39,Completed
2276,2532,2025-08-18 09:08:31,Completed
2277,4292,2025-05-17 19:34:07,Cancelled
2278,3524,2025-04-05 08:50:02,Cancelled
2279,1190,2025-05-09 08:00:47,Completed
2280,4628,2026-07-22 08:04:44,Cancelled
2281,2601,2025-02-04 07:32:22,Pending
2282,4367,2025-05-30 04:51:40,Cancelled
2283,970,2025-08-27 21:42:00,Completed
2284,1193,2025-04-03 04:33:30,Completed
2285,2611,2024-10-01 08:29:43,Completed
2286,3392,2025-03-24 01:25:40,Cancelled
2287,2486,2026-03-28 13:54:24,Completed
2288,2243,2026-01-17 02:42:11,Completed
2289,1540,2026-02-07 00:57:05,Completed
2290,1514,2025-04-29 00:58:37,Pending
2291,2187,2025-07-23 02:32:07,Completed
2292,1892,2025-02-13 23:25:32,Completed
2293,1892,2026-06-15 19:07:19,Completed
2294,2944,2025-09-11 11:59:40,Pending
2295,3905,2026-05-18 23:52:20,Completed
2296,4954,2024-11-15 10:06:55,Completed
2297,3064,2025-05-25 10:30:31,Completed
2298,3175,2025-07-16 16:29:05,Completed
2299,1127,2025-11-21 05:48:38,Completed
2300,1854,2026-01-15 01:34:14,Pending
2301,123,2026-02-22 14:00:10,Cancelled
2302,3384,2026-06-25 18:00:51,Completed
2303,1662,2025-05-11 08:05:02,Completed
2304,542,2025-12-11 04:45:14,Completed
2305,3599,2026-02-18 02:47:41,Completed
2306,4014,2025-07-23 03:36:24,Completed
2307,3749,2025-05-10 13:03:33,Completed
2308,3503,2024-11-20 12:03:23,Completed
2309,343,2024-10-06 15:08:24,Completed
2310,3117,2025-05-02 11:51:59,Completed
2311,3229,2024-09-17 05:09:56,Completed
2312,4686,2025-01-07 16:59:45,Completed
2313,4303,2025-02-25 01:03:34,Completed
2314,316,2025-09-12 15:00:45,Completed
2315,3700,2026-07-09 13:50:02,Completed
2316,348,2026-04-14 03:11:51,Completed
2317,2013,2026-05-16 09:09:45,Completed
2318,3241,2026-03-14 06:17:08,Cancelled
2319,322,2026-03-15 22:57:31,Completed
2320,4229,2026-01-24 00:59:57,Completed
2321,404,2025-02-13 16:59:06,Completed
2322,3601,2026-02-07 22:41:09,Completed
2323,2495,2025-08-17 01:20:51,Completed
2324,2343,2026-05-01 11:15:45,Completed
2325,3461,2025-03-08 13:19:10,Completed
2326,447,2025-01-26 19:59:54,Completed
2327,1166,2026-02-19 11:34:22,Completed
2328,3701,2025-12-08 18:09:01,Pending
2329,4102,2026-04-12 20:48:04,Completed
2330,4796,2025-03-24 10:43:44,Cancelled
2331,4477,2025-08-01 12:27:50,Completed
2332,3388,2025-02-28 06:16:30,Completed
2333,205,2026-06-03 21:31:22,Completed
2334,4836,2024-09-03 14:06:31,Completed
2335,1655,2025-09-13 17:43:08,Completed
2336,739,2026-04-05 11:46:29,Completed
2337,1344,2024-09-25 23:40:40,Completed
2338,1013,2025-02-01 07:59:24,Pending
2339,3682,2026-07-25 01:10:23,Completed
2340,699,2024-10-22 12:08:04,Completed
2341,3147,2025-07-18 02:22:45,Completed
2342,4192,2024-09-11 23:19:56,Completed
2343,1310,2025-08-17 06:21:27,Completed
2344,3118,2024-11-02 19:07:58,Pending
2345,1400,2025-09-06 06:37:57,Cancelled
2346,4633,2025-09-09 20:32:34,Completed
2347,1230,2025-01-16 03:23:47,Completed
2348,1185,2025-01-25 03:28:33,Completed
2349,421,2025-03-05 08:47:09,Completed
2350,2536,2026-02-15 06:12:14,Completed
2351,3656,2025-10-11 05:35:33,Completed
2352,1481,2025-11-29 13:14:28,Completed
2353,1078,2026-04-28 00:54:25,Cancelled
2354,29,2025-11-10 08:04:48,Completed
2355,2074,2024-12-22 13:20:49,Pending
2356,4077,2025-05-20 06:26:55,Completed
2357,4453,2024-11-30 06:58:38,Completed
2358,4981,2024-11-18 00:25:22,Completed
2359,1949,2024-12-22 12:59:29,Completed
2360,3898,2025-03-30 18:18:25,Completed
2361,3620,2024-09-16 06:56:22,Pending
2362,4917,2024-09-21 22:03:11,Pending
2363,4484,2026-05-30 16:58:55,Completed
2364,4568,2025-01-09 23:19:17,Completed
2365,1701,2025-03-28 04:12:14,Pending
2366,1215,2025-03-18 10:41:05,Pending
2367,2860,2024-11-17 22:44:21,Pending
2368,266,2026-05-16 18:04:44,Completed
2369,4943,2025-08-21 00:13:08,Completed
2370,719,2026-06-01 10:10:57,Pending
2371,3416,2026-07-03 12:56:02,Cancelled
2372,1322,2026-01-13 21:34:25,Completed
2373,4874,2024-11-11 19:59:12,Completed
2374,4606,2025-08-19 21:11:18,Completed
2375,3731,2026-08-06 05:30:59,Completed
2376,2951,2025-01-22 11:33:41,Cancelled
2377,763,2026-03-25 00:43:33,Completed
2378,2645,2025-11-17 16:12:34,Completed
2379,3105,2026-06-17 07:49:23,Completed
2380,3501,2026-02-05 06:44:04,Completed
2381,532,2024-11-05 22:09:06,Completed
2382,1103,2026-07-24 10:38:02,Completed
2383,2249,2026-04-15 10:31:02,Completed
2384,3390,2024-12-31 15:38:03,Completed
2385,1713,2026-01-31 13:25:13,Completed
2386,896,2026-06-18 16:10:52,Completed
2387,4334,2025-12-19 12:08:11,Cancelled
2388,3963,2026-02-05 00:57:12,Completed
2389,4955,2025-10-17 12:33:01,Cancelled
2390,2353,2025-04-02 10:14:37,Completed
2391,2593,2024-11-27 12:13:15,Completed
2392,4712,2025-10-31 11:03:46,Cancelled
2393,2899,2025-11-10 17:10:49,Cancelled
2394,4610,2025-03-31 20:33:49,Completed
2395,4078,2025-11-15 10:17:07,Completed
2396,1474,2025-07-20 21:45:03,Completed
2397,1907,2024-11-02 05:53:08,Completed
2398,1586,2025-04-24 12:19:59,Pending
2399,197,2026-02-25 12:30:36,Completed
2400,967,2026-03-24 13:02:25,Completed
2401,1699,2026-07-25 18:14:57,Completed
2402,3397,2024-08-09 09:13:31,Completed
2403,2735,2024-10-23 16:13:49,Completed
2404,1740,2025-04-20 08:24:51,Pending
2405,1649,2026-02-15 05:41:55,Completed
2406,2085,2024-08-12 22:41:48,Completed
2407,2522,2025-05-12 05:43:49,Completed
2408,4506,2025-12-13 20:01:21,Completed
2409,51,2024-10-08 14:17:49,Completed
2410,2731,2025-11-01 12:54:00,Completed
2411,4661,2024-11-29 04:30:19,Completed
2412,239,2024-11-11 15:57:56,Completed
2413,1590,2024-10-18 02:13:01,Completed
2414,2769,2025-04-16 09:25:28,Cancelled
2415,3925,2025-02-18 21:48:47,Cancelled
2416,292,2024-08-10 11:02:46,Completed
2417,3945,2026-05-02 02:00:01,Completed
2418,3774,2025-09-14 19:17:22,Completed
2419,4399,2026-04-03 02:51:38,Completed
2420,3789,2025-05-26 18:12:32,Completed
2421,3392,2026-01-13 20:54:12,Cancelled
2422,459,2024-08-20 10:44:23,Completed
2423,2453,2024-08-16 11:44:02,Completed
2424,2585,2025-08-18 04:30:32,Completed
2425,154,2026-06-02 18:10:30,Completed
2426,2718,2025-02-20 17:34:24,Completed
2427,2897,2025-04-04 09:25:40,Pending
2428,1224,2026-01-24 06:03:56,Completed
2429,256,2026-06-18 12:00:07,Completed
2430,3074,2024-10-03 09:01:39,Completed
2431,1360,2024-12-30 03:17:25,Completed
2432,3192,2026-06-15 23:24:02,Completed
2433,958,2026-03-12 05:50:24,Completed
2434,2526,2025-04-01 14:42:33,Completed
2435,2577,2026-05-15 06:49:32,Completed
2436,2225,2025-10-26 02:57:50,Completed
2437,4072,2025-06-17 13:41:04,Completed
2438,3045,2025-12-04 03:49:01,Completed
2439,2480,2025-10-01 00:29:40,Completed
2440,2477,2026-02-06 10:22:25,Completed
2441,3066,2024-11-25 18:14:52,Completed
2442,1656,2024-08-14 01:06:29,Cancelled
2443,3636,2024-09-23 17:02:26,Completed
2444,3954,2026-06-11 02:11:51,Cancelled
2445,1263,2026-03-22 21:01:10,Completed
2446,3961,2025-07-21 13:32:11,Completed
2447,4290,2026-06-01 09:41:39,Completed
2448,2682,2026-03-11 17:12:19,Completed
2449,805,2025-08-14 09:54:13,Completed
2450,4229,2025-06-17 17:48:19,Completed
2451,1088,2025-10-04 08:53:06,Completed
2452,300,2026-01-24 21:46:23,Completed
2453,4280,2025-01-28 19:16:04,Completed
2454,2548,2024-09-25 15:41:50,Cancelled
2455,4869,2024-08-09 23:47:58,Completed
2456,2731,2026-06-17 18:57:26,Completed
2457,378,2025-08-04 09:09:39,Completed
2458,2560,2025-02-08 17:45:04,Pending
2459,2558,2026-01-11 20:01:34,Completed
2460,1720,2024-08-27 00:20:31,Completed
2461,1578,2026-07-07 04:53:50,Completed
2462,4361,2025-04-27 23:47:20,Completed
2463,3614,2025-03-18 08:00:48,Completed
2464,2234,2024-08-22 19:04:10,Completed
2465,2242,2025-08-17 03:39:32,Completed
2466,4585,2025-01-28 22:52:01,Completed
2467,1693,2026-06-14 02:00:41,Completed
2468,4501,2025-06-07 09:14:10,Completed
2469,1160,2025-04-03 04:43:24,Cancelled
2470,2321,2024-10-04 13:28:23,Completed
2471,1404,2025-06-24 20:46:18,Pending
2472,2775,2024-10-16 19:22:21,Completed
2473,416,2025-11-02 13:31:50,Completed
2474,3857,2026-02-05 00:51:11,Cancelled
2475,414,2025-07-25 07:40:42,Completed
2476,441,2025-07-28 10:42:32,Pending
2477,3211,2024-11-26 11:30:53,Completed
2478,4884,2025-08-16 21:58:26,Completed
2479,3653,2026-04-19 10:15:19,Completed
2480,2560,2025-12-02 07:03:00,Completed
2481,1624,2025-01-29 23:49:52,Completed
2482,4371,2024-08-13 18:08:14,Pending
2483,3815,2024-12-02 13:07:49,Completed
2484,762,2025-05-09 16:30:55,Completed
2485,3837,2026-03-20 11:59:03,Pending
2486,2543,2025-01-15 18:55:26,Completed
2487,3813,2025-05-23 03:36:20,Completed
2488,1834,2024-09-27 03:01:52,Completed
2489,2114,2025-07-21 00:24:54,Cancelled
2490,3212,2025-03-29 03:37:14,Completed
2491,2707,2024-09-28 06:13:21,Completed
2492,2661,2025-01-04 22:57:08,Completed
2493,248,2026-04-02 15:44:46,Pending
2494,925,2025-10-31 08:29:28,Completed
2495,3779,2026-01-26 18:20:13,Completed
2496,2313,2026-04-09 02:37:23,Completed
2497,4952,2025-11-19 08:11:39,Completed
2498,4162,2024-10-02 20:53:43,Completed
2499,877,2025-09-30 03:56:33,Completed
2500,582,2026-04-29 16:36:35,Completed
2501,4365,2025-03-04 11:35:18,Completed
2502,4838,2024-12-22 04:06:37,Completed
2503,1997,2024-12-30 15:27:34,Completed
2504,3952,2024-10-16 03:58:44,Completed
2505,2792,2026-02-06 05:53:11,Completed
2506,4842,2026-01-07 06:58:05,Completed
2507,3567,2025-12-18 02:35:21,Completed
2508,2804,2025-10-03 21:32:03,Completed
2509,1935,2026-04-25 09:32:43,Completed
2510,639,2024-12-25 09:03:14,Completed
2511,4704,2025-09-15 08:25:37,Completed
2512,937,2025-02-18 09:13:50,Completed
2513,3793,2025-09-23 23:39:09,Completed
2514,800,2025-06-22 15:32:56,Completed
2515,1444,2024-09-30 18:32:17,Completed
2516,3325,2025-05-03 10:44:41,Pending
2517,891,2024-11-18 14:13:16,Completed
2518,4886,2025-03-14 15:42:34,Completed
2519,3105,2026-04-19 19:53:37,Completed
2520,504,2024-12-22 04:59:34,Pending
2521,1139,2025-06-01 20:03:59,Completed
2522,2,2026-04-14 16:03:56,Completed
2523,1223,2024-10-29 20:12:25,Completed
2524,2388,2025-08-31 22:11:15,Completed
2525,4735,2026-07-22 03:01:13,Completed
2526,1685,2025-03-06 06:29:08,Completed
2527,2594,2024-09-09 10:19:25,Completed
2528,2495,2025-11-03 13:18:18,Cancelled
2529,3562,2025-04-18 08:14:05,Completed
2530,2821,2025-06-18 00:23:14,Cancelled
2531,4774,2026-02-10 21:00:56,Pending
2532,4182,2026-04-15 22:31:32,Completed
2533,1045,2024-10-06 04:43:50,Completed
2534,512,2026-03-19 05:17:05,Completed
2535,4497,2026-01-05 06:32:03,Cancelled
2536,7,2026-05-27 09:14:21,Completed
2537,2943,2025-12-20 02:51:49,Completed
2538,2312,2024-08-09 09:37:57,Completed
2539,1928,2025-04-08 18:42:28,Completed
2540,4835,2024-08-07 16:09:17,Completed
2541,2607,2026-06-14 14:15:38,Completed
2542,3327,2024-12-22 03:09:12,Completed
2543,4466,2024-12-31 20:05:14,Completed
2544,1421,2025-12-20 16:57:02,Completed
2545,1542,2024-12-05 09:30:45,Completed
2546,2952,2026-03-13 13:25:24,Completed
2547,1264,2024-10-14 17:43:56,Completed
2548,1029,2026-07-09 00:28:28,Completed
2549,588,2026-03-26 20:21:27,Completed
2550,1180,2025-12-15 14:34:22,Completed
2551,3988,2024-11-24 09:15:34,Completed
2552,1113,2026-06-18 11:08:26,Pending
2553,3407,2025-04-30 04:24:52,Completed
2554,4952,2025-07-05 20:48:15,Cancelled
2555,1473,2025-10-17 09:57:40,Completed
2556,3475,2024-12-06 01:41:34,Completed
2557,3687,2025-09-23 06:41:56,Completed
2558,1850,2025-08-19 16:56:14,Completed
2559,4953,2025-10-08 13:29:54,Pending
2560,4081,2025-04-24 18:29:35,Completed
2561,1940,2024-08-12 07:11:35,Completed
2562,2206,2025-10-13 12:45:14,Completed
2563,4475,2025-04-02 17:44:49,Completed
2564,275,2024-10-15 17:11:47,Cancelled
2565,4655,2026-05-02 06:48:25,Completed
2566,3020,2026-07-19 09:52:22,Completed
2567,3945,2024-10-28 15:21:53,Cancelled
2568,656,2025-12-09 18:05:32,Completed
2569,4313,2026-01-27 15:19:02,Cancelled
2570,2290,2024-09-22 14:17:23,Completed
2571,641,2025-12-25 08:38:09,Completed
2572,4998,2025-07-16 11:15:47,Pending
2573,3871,2026-06-26 08:22:21,Completed
2574,640,2024-10-24 18:51:09,Completed
2575,4418,2026-06-30 12:43:41,Completed
2576,2560,2026-07-20 20:41:46,Completed
2577,2815,2026-06-02 07:22:26,Completed
2578,89,2026-04-10 20:07:01,Completed
2579,4200,2024-11-07 22:37:18,Cancelled
2580,4702,2026-03-09 16:19:04,Completed
2581,3449,2024-10-08 18:41:10,Completed
2582,2414,2026-01-24 11:53:41,Completed
2583,290,2025-12-11 05:32:25,Completed
2584,4896,2025-03-18 07:51:39,Completed
2585,4618,2025-03-20 09:55:45,Completed
2586,3877,2026-07-21 14:42:26,Completed
2587,4693,2024-09-10 06:05:20,Pending
2588,2391,2025-07-29 15:55:46,Completed
2589,224,2024-08-16 03:58:14,Completed
2590,676,2025-07-27 21:10:07,Completed
2591,630,2025-05-08 06:01:41,Completed
2592,2277,2025-05-19 08:44:17,Completed
2593,2302,2025-12-15 19:12:38,Completed
2594,2105,2026-02-11 08:42:20,Pending
2595,914,2025-04-12 07:15:12,Completed
2596,4848,2026-07-02 23:48:03,Completed
2597,3659,2025-08-06 01:40:35,Completed
2598,1437,2025-08-14 08:08:49,Completed
2599,1935,2026-05-01 03:19:04,Completed
2600,4321,2025-03-06 06:30:50,Completed
2601,2809,2026-06-26 10:10:09,Cancelled
2602,1189,2026-05-10 10:41:25,Completed
2603,1263,2026-04-26 16:03:51,Completed
2604,3383,2025-12-20 13:48:50,Completed
2605,1950,2025-03-21 03:59:52,Completed
2606,1371,2025-01-26 22:10:57,Completed
2607,2827,2025-12-28 01:19:57,Pending
2608,2166,2026-02-25 18:48:33,Completed
2609,951,2024-11-26 06:56:42,Pending
2610,3802,2026-01-22 00:04:44,Completed
2611,2469,2026-01-12 17:27:22,Completed
2612,4363,2024-12-31 19:07:16,Completed
2613,3196,2025-07-17 23:14:48,Completed
2614,1190,2026-06-05 22:54:42,Completed
2615,3562,2026-03-22 00:58:38,Pending
2616,3677,2024-09-15 12:27:01,Completed
2617,2587,2025-06-22 04:29:35,Cancelled
2618,337,2024-09-27 08:41:44,Pending
2619,4353,2024-08-07 10:26:52,Completed
2620,3538,2025-12-26 19:47:40,Completed
2621,2234,2026-07-03 23:28:33,Completed
2622,2188,2025-08-03 19:52:02,Completed
2623,2092,2025-07-14 01:37:03,Completed
2624,3205,2025-03-31 18:23:50,Completed
2625,1981,2025-02-14 17:26:21,Completed
2626,4823,2024-10-08 06:15:27,Completed
2627,4260,2025-08-25 23:12:28,Completed
2628,1474,2025-01-31 13:10:31,Completed
2629,87,2025-01-01 10:45:04,Completed
2630,557,2026-04-14 17:57:50,Pending
2631,801,2025-12-30 06:04:45,Completed
2632,3654,2025-04-20 01:25:12,Completed
2633,2321,2024-09-20 04:20:55,Completed
2634,279,2024-10-08 07:47:55,Pending
2635,754,2025-07-16 16:46:06,Pending
2636,4868,2025-12-24 03:08:36,Completed
2637,1777,2024-10-19 16:10:14,Cancelled
2638,998,2024-11-14 11:15:44,Completed
2639,983,2025-11-23 05:46:21,Pending
2640,4954,2025-11-18 13:57:36,Completed
2641,4638,2026-01-26 04:38:36,Completed
2642,1514,2025-08-29 04:00:59,Completed
2643,1510,2025-09-19 06:32:02,Completed
2644,3826,2025-08-16 21:09:12,Completed
2645,621,2025-11-20 16:24:16,Completed
2646,2265,2025-06-03 01:57:11,Completed
2647,2650,2026-08-03 00:19:37,Completed
2648,607,2025-05-16 02:10:23,Completed
2649,512,2024-10-30 02:53:55,Completed
2650,2726,2024-10-24 11:29:13,Cancelled
2651,2116,2026-04-05 20:31:37,Cancelled
2652,2169,2025-11-09 04:44:32,Completed
2653,569,2024-09-11 22:07:13,Completed
2654,1644,2025-07-16 18:42:41,Completed
2655,1462,2025-05-01 02:32:35,Completed
2656,889,2026-04-01 12:43:35,Completed
2657,3533,2025-11-25 15:11:11,Completed
2658,871,2025-12-28 13:08:46,Cancelled
2659,2122,2024-08-19 13:12:30,Completed
2660,598,2024-10-06 01:20:38,Pending
2661,2053,2025-12-08 13:16:11,Completed
2662,154,2025-05-22 20:08:17,Completed
2663,1220,2026-03-24 15:30:54,Completed
2664,8,2026-03-13 13:17:53,Cancelled
2665,3199,2026-05-09 22:29:09,Completed
2666,2702,2026-06-03 01:39:26,Cancelled
2667,4708,2025-12-16 03:43:45,Pending
2668,4020,2024-11-05 17:51:44,Completed
2669,3309,2025-10-19 08:53:24,Completed
2670,575,2024-12-04 01:18:54,Completed
2671,28,2026-06-25 04:49:27,Completed
2672,3950,2025-07-14 20:30:48,Completed
2673,4386,2024-12-10 22:18:08,Cancelled
2674,2941,2026-01-15 05:35:55,Completed
2675,2481,2026-04-27 10:09:41,Completed
2676,743,2025-06-02 20:58:50,Completed
2677,2786,2025-02-14 17:54:08,Pending
2678,3766,2024-10-17 14:59:43,Completed
2679,2376,2025-11-10 03:31:16,Completed
2680,1447,2026-03-30 17:13:37,Completed
2681,3148,2026-02-15 22:21:47,Completed
2682,2449,2024-11-20 18:23:26,Completed
2683,875,2025-12-12 08:53:07,Completed
2684,2944,2024-12-24 03:14:09,Completed
2685,3588,2024-09-15 08:55:48,Completed
2686,1147,2025-05-23 09:08:12,Pending
2687,208,2026-01-11 08:56:26,Completed
2688,4858,2026-05-24 19:29:03,Completed
2689,3185,2026-04-01 20:37:32,Pending
2690,4429,2025-04-14 01:10:07,Completed
2691,4094,2026-04-22 07:22:45,Completed
2692,3681,2025-03-08 23:34:27,Cancelled
2693,135,2026-04-07 00:17:44,Pending
2694,460,2024-08-19 04:18:26,Completed
2695,351,2025-10-23 10:44:33,Completed
2696,1735,2024-11-13 22:08:49,Completed
2697,4286,2024-10-15 00:32:30,Completed
2698,4396,2026-03-19 07:53:27,Completed
2699,4747,2025-12-04 06:58:25,Completed
2700,591,2025-06-02 10:28:29,Pending
2701,1160,2025-10-30 01:32:03,Completed
2702,157,2026-03-30 18:02:32,Completed
2703,376,2026-02-04 14:22:01,Completed
2704,1070,2025-06-22 06:52:36,Pending
2705,410,2026-07-28 05:21:53,Cancelled
2706,798,2026-05-04 10:31:27,Completed
2707,1399,2026-06-18 04:37:41,Completed
2708,524,2025-04-18 00:44:45,Completed
2709,872,2025-08-30 08:31:53,Completed
2710,4875,2025-09-01 05:49:02,Completed
2711,1807,2025-02-13 11:17:12,Pending
2712,1661,2024-11-14 02:54:22,Completed
2713,3294,2024-12-08 04:52:53,Completed
2714,4719,2026-07-01 09:32:04,Completed
2715,2635,2025-12-05 14:29:22,Completed
2716,1747,2025-08-14 04:19:34,Completed
2717,4859,2025-02-13 19:48:46,Completed
2718,518,2026-01-15 06:32:48,Completed
2719,1158,2024-11-04 05:40:12,Completed
2720,1377,2026-04-09 05:00:05,Completed
2721,4534,2024-08-28 16:23:56,Completed
2722,1996,2024-08-07 16:06:02,Cancelled
2723,334,2024-09-05 20:43:18,Completed
2724,3082,2024-10-19 16:55:38,Completed
2725,129,2024-12-31 04:36:40,Completed
2726,662,2026-06-22 12:25:40,Pending
2727,1470,2024-10-24 07:05:19,Cancelled
2728,4864,2025-05-26 07:12:21,Completed
2729,3410,2026-04-02 18:45:31,Completed
2730,3900,2026-03-27 22:56:30,Completed
2731,1689,2024-10-31 05:04:03,Completed
2732,2220,2025-02-27 03:03:36,Completed
2733,3376,2026-01-15 04:38:30,Completed
2734,1430,2025-06-07 14:54:00,Completed
2735,309,2025-02-25 18:41:17,Completed
2736,4096,2026-02-25 06:52:13,Completed
2737,722,2024-12-31 14:14:26,Completed
2738,2468,2025-10-21 14:44:39,Completed
2739,38,2025-03-22 09:08:35,Completed
2740,1573,2024-08-06 07:47:42,Completed
2741,4344,2025-06-23 11:13:26,Cancelled
2742,2965,2026-01-03 22:21:52,Completed
2743,4422,2025-10-23 04:03:24,Completed
2744,3803,2025-05-07 01:19:10,Completed
2745,1705,2024-10-13 01:41:00,Completed
2746,1587,2025-05-29 10:11:26,Completed
2747,1223,2024-08-10 14:29:21,Completed
2748,3887,2025-08-23 02:24:31,Completed
2749,1309,2026-01-17 17:47:46,Completed
2750,354,2025-12-04 06:43:25,Pending
2751,2984,2025-05-28 08:54:49,Completed
2752,3561,2024-08-09 07:44:19,Completed
2753,3713,2025-02-28 17:18:16,Pending
2754,430,2025-10-23 11:51:01,Cancelled
2755,1441,2026-06-16 05:02:24,Completed
2756,239,2025-08-12 02:31:19,Completed
2757,951,2024-10-17 17:06:58,Pending
2758,1928,2025-06-14 05:54:48,Completed
2759,4856,2025-05-10 11:45:24,Completed
2760,3433,2025-01-30 06:48:49,Completed
2761,2669,2025-01-10 05:18:56,Completed
2762,903,2025-06-03 17:01:07,Completed
2763,804,2026-07-02 22:44:59,Completed
2764,3380,2024-11-03 09:40:13,Completed
2765,3077,2024-10-02 05:51:59,Completed
2766,603,2024-09-25 19:50:42,Completed
2767,3969,2026-07-02 18:38:23,Pending
2768,3571,2025-01-18 15:22:08,Completed
2769,4993,2025-01-08 23:02:26,Completed
2770,3174,2026-06-14 17:41:59,Completed
2771,3750,2024-10-26 09:54:52,Completed
2772,2938,2026-02-24 06:41:27,Cancelled
2773,1657,2024-08-25 04:31:05,Completed
2774,263,2025-10-02 11:21:54,Completed
2775,489,2026-01-22 06:20:13,Completed
2776,911,2025-05-27 22:05:20,Completed
2777,3757,2024-11-30 01:21:10,Completed
2778,2815,2025-02-27 21:15:09,Completed
2779,2418,2026-07-21 19:59:50,Completed
2780,1393,2026-02-06 05:09:04,Completed
2781,4529,2025-02-23 04:50:12,Completed
2782,709,2025-06-07 20:42:52,Completed
2783,4275,2025-11-08 22:09:22,Completed
2784,1774,2025-04-13 05:43:45,Completed
2785,3791,2026-01-28 05:40:35,Completed
2786,3508,2026-03-29 08:45:39,Completed
2787,2021,2025-12-07 14:56:18,Completed
2788,3558,2026-05-10 22:12:13,Completed
2789,4848,2026-03-04 01:12:37,Cancelled
2790,4700,2025-12-07 01:42:09,Completed
2791,3423,2026-03-28 23:45:41,Cancelled
2792,329,2026-01-03 07:56:02,Cancelled
2793,4131,2025-01-31 07:30:53,Pending
2794,4351,2025-03-02 19:22:24,Completed
2795,803,2025-02-10 20:32:53,Completed
2796,1971,2026-06-09 23:10:00,Pending
2797,102,2025-11-07 00:50:27,Completed
2798,3332,2026-02-13 05:20:19,Cancelled
2799,1088,2026-07-01 21:10:14,Completed
2800,1959,2025-05-30 18:57:17,Completed
2801,744,2026-03-09 14:57:15,Pending
2802,2498,2026-01-03 01:10:01,Completed
2803,3763,2026-02-12 19:11:45,Completed
2804,4782,2025-04-30 04:14:36,Pending
2805,3727,2026-03-26 13:41:48,Completed
2806,1136,2024-09-26 22:49:16,Completed
2807,3321,2025-11-28 03:26:13,Completed
2808,3035,2026-06-10 10:57:56,Completed
2809,12,2025-12-31 12:54:19,Completed
2810,580,2026-01-06 00:25:49,Completed
2811,2728,2025-01-17 06:15:43,Completed
2812,2430,2025-09-23 23:04:28,Completed
2813,2211,2025-07-11 03:09:42,Completed
2814,4444,2024-11-06 15:07:28,Completed
2815,1697,2024-11-18 07:02:25,Completed
2816,664,2024-10-10 21:06:23,Completed
2817,2751,2026-06-06 13:56:11,Completed
2818,450,2025-01-02 04:21:44,Completed
2819,2982,2025-07-17 02:54:44,Completed
2820,910,2025-03-08 08:54:13,Completed
2821,3813,2025-06-29 14:32:00,Completed
2822,2995,2025-08-26 22:20:57,Completed
2823,4578,2025-09-09 18:49:23,Completed
2824,4594,2025-03-11 13:51:11,Completed
2825,1678,2026-02-10 06:56:54,Completed
2826,2744,2026-05-28 15:28:52,Completed
2827,931,2026-02-25 06:26:10,Completed
2828,4753,2025-04-25 21:44:21,Completed
2829,1719,2025-12-14 09:18:00,Completed
2830,1847,2026-01-30 16:35:24,Completed
2831,2191,2025-07-10 02:16:16,Completed
2832,3465,2026-05-11 01:54:07,Completed
2833,520,2025-09-16 08:23:49,Completed
2834,3707,2026-01-06 01:48:59,Completed
2835,4315,2026-05-27 13:44:24,Completed
2836,3852,2025-03-29 08:44:11,Completed
2837,4366,2025-10-31 00:03:03,Completed
2838,3703,2025-10-25 18:33:54,Completed
2839,538,2025-10-29 03:18:36,Completed
2840,3751,2026-02-20 16:07:05,Pending
2841,3201,2025-03-06 04:51:03,Completed
2842,2363,2026-07-18 16:14:47,Cancelled
2843,631,2025-04-28 13:44:17,Completed
2844,2261,2025-01-06 23:17:44,Completed
2845,1213,2025-10-29 20:38:16,Completed
2846,1674,2026-03-03 01:59:29,Completed
2847,186,2025-07-31 01:49:27,Completed
2848,4436,2026-04-27 09:04:47,Cancelled
2849,3883,2026-07-20 13:39:55,Completed
2850,3637,2025-02-08 11:52:16,Completed
2851,176,2024-12-22 18:18:47,Completed
2852,516,2025-03-04 19:46:42,Pending
2853,1904,2024-10-01 13:31:03,Completed
2854,4257,2024-12-01 13:34:19,Completed
2855,3373,2025-11-13 01:23:01,Completed
2856,2674,2024-08-26 08:59:37,Completed
2857,4344,2025-06-20 14:22:31,Completed
2858,3648,2025-09-15 23:19:26,Completed
2859,4647,2024-09-20 06:49:00,Completed
2860,2511,2024-10-26 09:14:12,Completed
2861,2130,2025-04-26 03:44:33,Completed
2862,3047,2026-06-08 13:32:43,Cancelled
2863,388,2026-08-05 21:10:14,Completed
2864,2330,2026-06-30 00:58:25,Completed
2865,1363,2026-04-10 22:30:24,Completed
2866,1318,2024-12-07 15:25:09,Completed
2867,2337,2025-10-08 02:01:32,Completed
2868,1437,2024-10-27 15:00:20,Completed
2869,1258,2025-08-02 14:08:56,Completed
2870,958,2025-08-23 05:23:24,Pending
2871,2594,2025-04-22 19:38:52,Completed
2872,3612,2025-01-14 21:50:27,Completed
2873,1512,2025-03-27 16:00:51,Completed
2874,285,2026-04-27 21:48:55,Completed
2875,2817,2025-02-06 13:37:45,Completed
2876,3674,2025-01-03 21:25:45,Completed
2877,1332,2025-12-07 04:43:28,Completed
2878,996,2025-10-08 14:51:27,Cancelled
2879,3315,2025-01-11 17:09:55,Cancelled
2880,1191,2025-08-15 17:52:21,Cancelled
2881,2624,2026-08-03 20:49:43,Completed
2882,4475,2025-07-01 23:26:24,Cancelled
2883,2714,2024-11-05 16:15:39,Completed
2884,2422,2026-07-12 09:47:41,Completed
2885,2375,2026-02-25 14:09:37,Cancelled
2886,4700,2026-04-08 00:05:57,Completed
2887,4631,2025-02-06 04:33:08,Completed
2888,3622,2024-10-26 05:06:12,Completed
2889,921,2026-05-03 07:56:37,Completed
2890,329,2026-04-23 04:33:33,Completed
2891,4514,2026-05-23 15:25:39,Completed
2892,204,2025-04-27 02:41:36,Completed
2893,1806,2026-02-17 06:23:31,Completed
2894,758,2026-05-22 03:35:00,Completed
2895,4982,2025-09-24 07:59:29,Completed
2896,4780,2025-10-11 22:57:31,Completed
2897,2277,2025-08-05 08:20:36,Completed
2898,685,2025-08-08 10:14:34,Completed
2899,3650,2025-07-01 19:27:54,Completed
2900,716,2026-04-06 06:24:53,Cancelled
2901,3232,2026-03-02 17:09:04,Completed
2902,2604,2026-01-09 14:44:48,Completed
2903,4191,2026-03-23 09:33:02,Cancelled
2904,2958,2026-04-06 01:22:42,Completed
2905,3504,2025-03-13 11:51:38,Completed
2906,3055,2026-01-20 01:35:36,Pending
2907,2826,2024-09-05 10:36:31,Completed
2908,3651,2024-09-21 11:35:44,Completed
2909,718,2026-07-09 07:38:18,Completed
2910,3640,2025-04-30 23:13:36,Completed
2911,3405,2026-04-07 19:00:23,Completed
2912,2365,2025-12-29 16:15:05,Completed
2913,3473,2026-05-06 01:04:30,Completed
2914,3394,2025-12-31 16:21:35,Completed
2915,4811,2025-05-16 22:49:03,Completed
2916,1177,2025-06-22 08:24:04,Completed
2917,3889,2025-08-05 12:27:05,Cancelled
2918,4304,2025-05-25 05:18:12,Cancelled
2919,542,2025-12-22 21:04:06,Cancelled
2920,4839,2026-02-03 11:27:07,Completed
2921,725,2025-04-07 15:30:09,Pending
2922,2240,2026-06-21 05:33:22,Completed
2923,4554,2025-03-14 21:32:27,Completed
2924,4653,2025-05-15 22:17:47,Completed
2925,1122,2025-04-11 18:34:33,Completed
2926,3128,2025-05-23 13:52:11,Completed
2927,4019,2025-08-23 08:30:40,Pending
2928,2474,2025-09-19 01:42:14,Completed
2929,2490,2025-01-02 02:34:26,Completed
2930,3797,2025-03-07 03:24:00,Completed
2931,21,2025-08-16 12:46:13,Completed
2932,2459,2025-10-18 07:51:12,Cancelled
2933,3872,2025-08-20 17:16:26,Completed
2934,2357,2025-10-30 18:20:42,Completed
2935,4030,2024-09-24 18:39:31,Cancelled
2936,2005,2025-05-25 10:48:48,Pending
2937,2271,2025-10-26 19:42:44,Completed
2938,547,2024-10-06 22:34:05,Completed
2939,2964,2026-05-22 09:28:16,Completed
2940,4634,2025-03-11 00:09:52,Completed
2941,2113,2026-04-16 05:16:12,Completed
2942,3900,2025-04-24 15:44:38,Cancelled
2943,980,2024-08-06 13:34:04,Completed
2944,4713,2024-09-18 23:08:22,Pending
2945,2127,2025-12-29 00:17:10,Completed
2946,480,2025-02-12 17:41:08,Completed
2947,3777,2025-12-13 08:29:16,Completed
2948,1110,2024-08-12 17:20:00,Completed
2949,434,2024-09-12 04:34:18,Completed
2950,3437,2025-02-11 00:15:33,Completed
2951,2917,2025-10-12 17:15:13,Pending
2952,2390,2024-11-21 15:40:37,Completed
2953,630,2026-01-05 10:24:41,Completed
2954,1502,2024-12-27 16:04:22,Completed
2955,4906,2026-06-21 05:08:05,Completed
2956,4455,2024-10-06 16:39:31,Completed
2957,2591,2026-06-23 14:42:01,Completed
2958,2467,2025-09-10 19:51:47,Completed
2959,2970,2025-12-08 17:29:30,Pending
2960,4752,2024-11-02 01:08:37,Completed
2961,1178,2025-05-28 11:58:37,Pending
2962,4245,2024-09-17 15:35:41,Completed
2963,3973,2025-04-11 02:34:27,Completed
2964,1336,2025-06-26 10:40:37,Completed
2965,1267,2025-07-12 06:15:06,Completed
2966,1544,2025-08-13 06:53:10,Completed
2967,4577,2026-03-07 22:51:32,Completed
2968,4307,2025-04-08 02:45:45,Completed
2969,4515,2025-05-08 07:27:19,Completed
2970,934,2026-02-15 02:52:46,Completed
2971,626,2024-09-05 20:24:44,Completed
2972,1076,2026-04-26 14:49:23,Cancelled
2973,3929,2025-10-16 05:23:45,Completed
2974,2971,2026-02-18 21:47:00,Completed
2975,3621,2026-03-26 07:26:46,Completed
2976,4896,2025-03-26 22:59:32,Completed
2977,2803,2025-09-11 17:11:45,Completed
2978,2496,2025-10-24 21:07:04,Pending
2979,972,2025-07-29 14:08:12,Completed
2980,1167,2024-09-27 21:46:51,Completed
2981,2519,2026-06-26 23:49:05,Completed
2982,1067,2026-06-11 22:23:37,Cancelled
2983,3481,2026-04-20 06:12:14,Completed
2984,916,2026-03-19 05:18:17,Pending
2985,3968,2025-10-22 21:45:07,Completed
2986,349,2025-03-12 09:05:04,Completed
2987,269,2026-06-13 05:58:33,Completed
2988,4207,2026-01-09 20:26:43,Completed
2989,3843,2024-12-28 20:24:35,Completed
2990,2073,2025-02-01 11:32:37,Pending
2991,2472,2025-06-14 00:47:32,Completed
2992,791,2024-10-27 07:42:16,Completed
2993,4930,2025-09-20 16:42:51,Completed
2994,1639,2025-01-17 21:38:45,Completed
2995,2880,2026-02-21 23:48:43,Pending
2996,1193,2025-08-12 08:54:47,Completed
2997,2273,2025-06-23 17:12:12,Cancelled
2998,2850,2025-07-12 05:44:40,Completed
2999,4102,2026-02-07 17:32:22,Completed
3000,1982,2025-09-04 13:17:19,Completed
3001,560,2026-07-30 03:41:40,Pending
3002,4737,2026-03-21 18:17:51,Completed
3003,4333,2025-02-04 20:48:55,Completed
3004,1570,2026-07-20 07:02:40,Cancelled
3005,1408,2026-04-20 19:30:18,Cancelled
3006,4401,2025-06-26 05:05:04,Pending
3007,809,2024-08-15 14:17:33,Cancelled
3008,4131,2025-07-12 03:16:31,Completed
3009,3889,2025-05-16 00:26:17,Completed
3010,4829,2026-01-16 20:04:53,Completed
3011,880,2026-01-30 18:15:33,Completed
3012,2907,2025-02-12 12:03:23,Cancelled
3013,3475,2024-11-30 02:34:17,Completed
3014,1865,2025-05-10 12:10:51,Completed
3015,2575,2026-03-07 13:30:54,Completed
3016,904,2026-06-06 19:20:20,Completed
3017,4062,2025-11-11 22:37:35,Completed
3018,2362,2025-02-02 16:53:08,Completed
3019,333,2024-08-16 00:12:40,Pending
3020,4045,2025-10-18 16:01:56,Completed
3021,2324,2025-02-04 07:45:51,Completed
3022,2556,2026-05-01 05:20:51,Completed
3023,3637,2026-05-26 01:41:16,Completed
3024,3337,2024-12-15 06:26:25,Completed
3025,3506,2026-05-31 01:20:42,Completed
3026,571,2025-08-05 04:20:37,Completed
3027,3897,2026-02-17 01:10:49,Cancelled
3028,3011,2025-06-26 23:00:07,Completed
3029,4028,2026-07-17 21:46:16,Completed
3030,3248,2025-03-11 13:19:03,Completed
3031,697,2025-07-06 20:50:09,Completed
3032,3235,2025-11-16 14:49:57,Completed
3033,4838,2024-09-05 02:23:45,Cancelled
3034,1383,2025-10-06 00:59:58,Pending
3035,1631,2026-06-05 06:12:11,Completed
3036,4874,2024-10-19 12:36:59,Completed
3037,3312,2025-10-02 08:08:04,Completed
3038,3480,2026-05-11 23:35:05,Completed
3039,2282,2025-01-28 18:05:53,Completed
3040,4768,2025-11-29 14:14:57,Completed
3041,3279,2025-12-10 23:23:51,Completed
3042,4942,2026-06-20 02:56:15,Cancelled
3043,3970,2025-08-02 20:09:30,Completed
3044,1208,2025-09-08 10:27:10,Completed
3045,886,2025-04-04 04:23:24,Completed
3046,4009,2025-03-20 20:07:36,Completed
3047,1103,2025-11-26 05:07:23,Pending
3048,433,2026-05-09 07:05:04,Completed
3049,4081,2025-05-16 10:46:18,Completed
3050,1468,2025-04-10 03:07:24,Completed
3051,2679,2025-11-24 06:40:10,Completed
3052,790,2025-01-06 00:25:50,Completed
3053,4260,2025-07-29 20:41:45,Completed
3054,3818,2026-03-16 13:39:47,Completed
3055,4079,2026-02-03 05:20:59,Completed
3056,2144,2024-08-26 03:42:30,Completed
3057,4429,2025-05-19 04:06:52,Completed
3058,259,2025-02-09 17:39:29,Cancelled
3059,976,2025-10-01 05:07:22,Completed
3060,2577,2026-07-29 14:22:53,Completed
3061,3626,2024-09-23 00:30:59,Completed
3062,270,2025-06-06 12:57:55,Completed
3063,2483,2026-04-15 21:51:27,Completed
3064,1345,2024-09-11 20:53:29,Completed
3065,1102,2026-01-13 16:38:18,Completed
3066,3188,2026-05-21 11:25:36,Completed
3067,897,2025-01-07 05:44:11,Completed
3068,4019,2025-05-04 01:57:38,Completed
3069,4419,2025-11-22 17:04:28,Completed
3070,3899,2026-02-19 22:18:34,Completed
3071,1281,2026-04-03 20:50:12,Completed
3072,3207,2025-06-26 16:42:24,Completed
3073,4842,2026-07-06 17:42:41,Cancelled
3074,2890,2026-08-04 13:20:23,Completed
3075,2331,2025-11-06 01:00:14,Completed
3076,231,2025-08-16 09:07:35,Completed
3077,1051,2024-10-06 08:54:40,Completed
3078,2858,2025-07-14 06:25:21,Completed
3079,4784,2025-10-16 00:01:38,Pending
3080,2796,2024-12-11 02:22:19,Completed
3081,3508,2025-03-28 09:07:56,Completed
3082,2928,2025-11-14 14:54:16,Completed
3083,463,2025-08-19 00:41:04,Completed
3084,2029,2025-03-31 15:27:54,Completed
3085,2557,2025-01-22 16:33:24,Completed
3086,537,2024-12-31 09:54:18,Completed
3087,938,2026-01-04 19:55:47,Completed
3088,162,2026-03-28 09:58:57,Completed
3089,307,2025-06-26 21:16:13,Completed
3090,3461,2024-08-30 22:27:28,Completed
3091,3451,2026-03-27 22:53:27,Completed
3092,3848,2025-04-20 17:36:45,Completed
3093,2593,2024-08-27 22:35:14,Completed
3094,3198,2026-05-09 06:07:51,Completed
3095,801,2026-01-13 22:08:08,Completed
3096,820,2026-03-10 10:51:24,Completed
3097,1687,2024-10-18 19:36:05,Completed
3098,4119,2026-01-20 18:02:28,Completed
3099,2782,2025-10-05 02:22:53,Completed
3100,2454,2025-12-29 21:23:22,Completed
3101,3572,2026-06-29 06:43:28,Completed
3102,618,2024-08-24 15:08:53,Completed
3103,4390,2026-06-04 09:41:22,Completed
3104,2173,2024-12-17 03:05:32,Pending
3105,4699,2024-09-05 16:08:32,Completed
3106,1851,2024-10-05 02:13:09,Completed
3107,754,2026-02-20 18:20:38,Completed
3108,4737,2025-12-05 17:27:49,Pending
3109,2760,2024-08-29 10:49:10,Completed
3110,4641,2025-08-26 01:42:59,Completed
3111,3894,2025-12-16 03:23:30,Completed
3112,2846,2026-02-23 05:29:28,Completed
3113,2473,2025-11-02 21:23:52,Completed
3114,2457,2025-09-20 05:00:09,Completed
3115,4424,2026-08-03 14:44:24,Completed
3116,3395,2024-09-20 13:05:05,Completed
3117,4222,2025-03-28 16:36:21,Completed
3118,4486,2026-03-30 12:17:21,Completed
3119,153,2026-03-20 14:35:13,Completed
3120,4229,2026-04-08 11:32:10,Completed
3121,4726,2024-12-02 03:33:26,Completed
3122,3829,2025-05-20 03:21:08,Completed
3123,4365,2026-01-30 13:42:13,Completed
3124,3554,2026-05-26 20:14:58,Cancelled
3125,491,2026-07-01 22:54:51,Completed
3126,2985,2025-11-04 19:28:08,Completed
3127,1970,2024-12-15 08:49:06,Completed
3128,2460,2024-12-14 23:02:12,Completed
3129,3361,2024-11-10 17:02:33,Completed
3130,528,2024-11-01 06:50:03,Completed
3131,3379,2025-04-28 18:33:07,Completed
3132,2352,2024-08-31 02:33:02,Completed
3133,2101,2024-08-30 07:38:48,Completed
3134,1935,2026-07-19 11:12:46,Completed
3135,931,2026-05-17 19:57:16,Completed
3136,227,2024-08-28 03:49:51,Completed
3137,2544,2025-09-11 04:01:15,Completed
3138,4587,2025-12-03 23:46:54,Cancelled
3139,3458,2026-07-22 12:56:09,Completed
3140,304,2026-06-08 19:59:41,Completed
3141,2235,2026-01-01 08:50:43,Completed
3142,2117,2025-11-03 22:39:27,Completed
3143,2276,2025-07-29 00:15:26,Completed
3144,1442,2025-05-12 05:09:45,Completed
3145,346,2026-04-25 08:41:39,Cancelled
3146,3981,2025-04-16 14:14:59,Completed
3147,454,2026-07-13 00:19:14,Completed
3148,688,2026-04-14 23:31:07,Completed
3149,2442,2025-06-29 07:14:12,Completed
3150,3335,2025-08-26 01:42:15,Completed
3151,740,2025-07-26 21:14:35,Completed
3152,1152,2025-01-09 08:01:31,Completed
3153,4678,2024-09-12 01:44:12,Completed
3154,989,2025-08-27 14:06:05,Completed
3155,4755,2025-04-05 08:24:18,Cancelled
3156,4303,2025-07-16 00:55:04,Completed
3157,740,2024-10-12 10:37:24,Completed
3158,1002,2025-11-23 15:21:34,Completed
3159,2568,2025-11-10 20:43:34,Completed
3160,4787,2026-02-24 15:02:00,Completed
3161,1933,2024-11-16 15:41:22,Cancelled
3162,1786,2025-03-10 05:00:45,Completed
3163,1435,2025-11-02 02:47:14,Completed
3164,2250,2025-06-08 16:02:20,Completed
3165,2084,2026-06-06 10:49:52,Completed
3166,459,2025-05-27 15:25:45,Completed
3167,3070,2025-02-18 07:27:58,Completed
3168,926,2026-03-23 13:35:39,Completed
3169,3472,2025-11-21 02:01:25,Completed
3170,2019,2025-08-23 06:45:30,Cancelled
3171,1188,2025-09-26 08:20:29,Completed
3172,3013,2025-11-29 18:08:26,Completed
3173,173,2026-06-15 10:47:44,Completed
3174,4963,2025-11-29 07:24:12,Pending
3175,448,2026-03-18 09:05:47,Completed
3176,1964,2024-09-06 10:48:59,Completed
3177,3152,2025-06-03 20:55:58,Completed
3178,2973,2026-01-11 09:13:34,Cancelled
3179,1000,2025-05-16 18:34:50,Completed
3180,1937,2026-02-02 18:00:28,Completed
3181,3183,2026-06-15 10:21:43,Pending
3182,3220,2024-11-13 09:51:53,Cancelled
3183,2094,2025-02-07 21:52:40,Completed
3184,1929,2024-12-26 23:07:58,Completed
3185,1313,2025-01-29 10:00:12,Cancelled
3186,2599,2025-07-30 06:01:40,Completed
3187,3329,2025-11-02 03:38:45,Completed
3188,2245,2025-03-22 19:35:32,Completed
3189,4028,2026-05-09 08:24:32,Completed
3190,3383,2026-07-24 21:16:17,Cancelled
3191,2726,2026-07-20 16:49:32,Completed
3192,823,2024-11-21 06:14:39,Completed
3193,2138,2024-10-04 22:52:22,Completed
3194,2883,2026-03-01 07:05:08,Completed
3195,4487,2025-06-21 04:01:32,Completed
3196,3714,2025-01-11 08:58:02,Completed
3197,427,2025-04-03 07:38:45,Completed
3198,1506,2025-05-16 18:48:18,Completed
3199,1115,2024-09-14 04:19:03,Pending
3200,1640,2026-04-28 23:28:04,Completed
3201,2571,2026-03-01 10:55:06,Completed
3202,908,2025-10-11 23:12:31,Completed
3203,4231,2025-11-15 19:53:38,Completed
3204,1066,2024-11-30 01:12:50,Completed
3205,3362,2025-01-14 02:30:10,Completed
3206,2617,2025-03-01 05:14:41,Completed
3207,1094,2025-09-27 08:02:44,Completed
3208,4859,2024-08-29 03:55:28,Completed
3209,2309,2025-10-22 15:10:44,Completed
3210,3396,2024-08-14 01:44:58,Completed
3211,3224,2025-05-27 14:49:39,Completed
3212,4673,2026-02-17 19:33:16,Completed
3213,189,2026-01-24 10:14:01,Cancelled
3214,1874,2026-01-24 19:48:36,Cancelled
3215,3789,2025-01-31 07:17:34,Completed
3216,1383,2025-10-28 10:29:30,Pending
3217,3514,2026-03-14 09:27:43,Completed
3218,1223,2025-07-05 20:53:05,Pending
3219,3015,2025-07-02 08:19:13,Completed
3220,4647,2025-10-09 03:47:38,Completed
3221,4308,2024-11-17 22:56:41,Completed
3222,3717,2024-12-31 22:36:58,Completed
3223,4049,2025-12-14 11:17:02,Completed
3224,1665,2026-04-19 04:15:31,Completed
3225,2181,2025-05-15 04:30:24,Completed
3226,4049,2026-02-04 18:36:12,Completed
3227,3534,2026-01-18 12:37:29,Completed
3228,4916,2024-08-14 11:43:49,Completed
3229,2319,2025-01-21 17:14:25,Completed
3230,1552,2025-12-11 14:53:07,Completed
3231,3347,2024-08-30 19:01:46,Completed
3232,236,2026-08-01 10:52:12,Completed
3233,2145,2026-04-14 04:02:55,Completed
3234,3695,2025-10-26 10:35:57,Cancelled
3235,3029,2024-09-03 23:48:56,Completed
3236,3754,2025-06-24 15:13:41,Pending
3237,3842,2025-12-06 02:56:26,Completed
3238,2649,2025-09-30 04:57:35,Cancelled
3239,3257,2024-09-18 19:08:29,Completed
3240,3142,2025-03-23 03:52:33,Completed
3241,4893,2026-03-18 15:39:53,Completed
3242,781,2025-01-27 05:04:36,Completed
3243,427,2026-06-09 19:34:41,Completed
3244,1924,2024-11-27 15:05:49,Completed
3245,2903,2025-03-03 04:14:24,Cancelled
3246,4901,2024-10-20 22:01:38,Completed
3247,373,2025-01-07 13:15:36,Pending
3248,4134,2025-08-29 09:53:49,Completed
3249,2479,2025-09-11 05:29:36,Cancelled
3250,3039,2025-01-04 05:39:16,Completed
3251,4584,2024-11-29 04:43:45,Pending
3252,1470,2025-10-29 21:58:54,Completed
3253,4127,2025-07-15 15:01:36,Completed
3254,2779,2025-03-28 22:02:25,Completed
3255,1081,2025-09-16 04:42:15,Pending
3256,4346,2025-01-04 07:13:06,Completed
3257,2134,2026-03-05 06:37:58,Completed
3258,362,2024-12-20 03:47:59,Cancelled
3259,4090,2024-11-08 19:34:55,Completed
3260,2302,2026-02-12 20:35:13,Completed
3261,3524,2026-03-30 09:33:44,Completed
3262,2157,2025-11-17 10:13:51,Completed
3263,2161,2025-12-02 04:52:26,Completed
3264,3570,2024-10-21 05:08:44,Completed
3265,2585,2024-12-05 11:38:53,Completed
3266,4025,2025-06-01 00:14:09,Completed
3267,1240,2024-11-15 15:17:46,Completed
3268,3605,2026-07-25 12:48:35,Pending
3269,1218,2026-07-03 10:20:42,Pending
3270,1501,2024-08-15 18:48:33,Pending
3271,2132,2024-12-03 04:06:22,Completed
3272,3827,2025-12-04 22:06:18,Completed
3273,4055,2024-10-10 15:52:10,Pending
3274,2921,2024-09-15 03:59:08,Cancelled
3275,4595,2025-01-09 04:49:06,Completed
3276,4039,2026-05-12 23:25:29,Completed
3277,1213,2026-06-05 22:58:08,Completed
3278,767,2025-12-22 15:33:25,Completed
3279,2328,2025-10-27 03:39:05,Completed
3280,1379,2025-10-04 14:41:26,Completed
3281,2235,2026-06-21 12:24:36,Completed
3282,4798,2024-12-06 15:36:54,Completed
3283,34,2025-11-06 01:41:26,Completed
3284,4676,2026-07-27 15:20:58,Completed
3285,630,2025-07-01 17:24:48,Completed
3286,4081,2025-07-10 19:07:38,Completed
3287,2693,2025-08-27 05:53:56,Pending
3288,1000,2025-11-13 23:29:45,Completed
3289,4837,2026-08-06 16:59:26,Cancelled
3290,869,2025-05-21 00:12:06,Completed
3291,1260,2026-02-16 09:39:55,Pending
3292,3771,2026-04-24 13:01:59,Completed
3293,3931,2026-07-24 21:07:01,Completed
3294,2207,2025-06-28 08:33:13,Completed
3295,48,2025-01-28 13:56:21,Completed
3296,360,2025-12-26 03:03:31,Completed
3297,3712,2025-10-14 06:25:02,Completed
3298,4663,2026-07-07 15:14:56,Completed
3299,399,2025-05-02 16:20:11,Completed
3300,2318,2025-02-02 05:14:48,Completed
3301,455,2026-05-23 01:34:25,Completed
3302,4483,2025-07-06 00:54:36,Cancelled
3303,3125,2025-02-02 10:27:12,Pending
3304,2091,2025-05-19 15:25:45,Completed
3305,3268,2025-08-19 10:58:49,Pending
3306,1706,2025-09-13 10:50:48,Completed
3307,3297,2025-03-17 06:17:50,Completed
3308,1263,2024-08-20 23:25:00,Completed
3309,4022,2025-08-06 21:58:35,Completed
3310,2541,2026-04-07 21:14:55,Cancelled
3311,4944,2026-08-06 08:23:45,Completed
3312,788,2024-12-15 12:38:45,Completed
3313,4200,2024-08-10 21:56:49,Completed
3314,3650,2026-02-22 16:29:16,Completed
3315,3903,2026-06-30 20:22:11,Completed
3316,4918,2024-10-30 14:33:29,Completed
3317,3462,2025-08-20 19:54:04,Completed
3318,1527,2026-07-26 09:33:08,Completed
3319,3490,2025-01-10 23:21:59,Pending
3320,4206,2025-12-30 08:24:17,Completed
3321,3798,2026-05-05 22:30:30,Completed
3322,1271,2025-05-09 04:29:18,Cancelled
3323,4320,2025-04-11 04:03:09,Completed
3324,4299,2025-03-08 08:36:34,Pending
3325,3836,2025-12-08 18:22:18,Completed
3326,3913,2026-05-12 02:58:32,Completed
3327,1047,2026-06-16 15:24:24,Completed
3328,2461,2025-06-01 00:56:01,Completed
3329,4286,2025-01-31 17:36:16,Completed
3330,4658,2025-10-03 12:06:04,Pending
3331,627,2025-12-15 17:40:39,Cancelled
3332,4206,2026-01-19 11:03:27,Completed
3333,3481,2026-01-27 20:31:26,Completed
3334,3807,2024-11-21 15:38:10,Completed
3335,4657,2025-10-20 19:46:20,Completed
3336,2912,2026-01-29 20:33:41,Completed
3337,670,2026-03-04 08:08:35,Completed
3338,134,2026-04-02 18:30:12,Completed
3339,3792,2026-04-14 20:14:06,Completed
3340,1493,2026-03-26 20:35:38,Completed
3341,371,2025-05-25 09:19:11,Pending
3342,2439,2025-11-29 01:29:06,Completed
3343,3728,2024-09-29 03:13:23,Completed
3344,3686,2025-05-30 11:43:07,Completed
3345,2172,2025-01-07 15:02:51,Completed
3346,1534,2025-10-11 12:28:09,Completed
3347,641,2026-07-22 10:46:17,Completed
3348,4949,2026-07-31 09:43:12,Completed
3349,872,2025-01-08 11:51:53,Completed
3350,147,2024-09-25 06:33:34,Pending
3351,956,2025-04-05 02:23:58,Pending
3352,3909,2025-11-21 13:10:27,Completed
3353,3319,2025-02-28 15:44:15,Completed
3354,4931,2025-11-08 06:58:21,Completed
3355,2481,2026-04-30 11:21:51,Completed
3356,2956,2025-05-17 10:06:11,Completed
3357,3236,2025-08-24 10:38:09,Completed
3358,718,2026-05-24 07:37:09,Completed
3359,114,2026-02-22 04:56:15,Completed
3360,131,2026-06-21 15:02:05,Completed
3361,1542,2025-08-08 06:21:04,Completed
3362,1715,2026-07-03 19:15:43,Completed
3363,1190,2026-03-16 00:22:13,Completed
3364,3570,2026-03-27 01:52:30,Completed
3365,4413,2024-08-09 21:04:58,Completed
3366,2466,2026-03-18 23:32:32,Completed
3367,1214,2025-04-03 15:47:13,Completed
3368,179,2026-04-08 06:09:08,Completed
3369,1249,2025-04-26 10:42:42,Completed
3370,3648,2025-12-08 03:48:10,Cancelled
3371,3863,2025-07-14 20:15:29,Pending
3372,3683,2025-02-19 09:51:34,Completed
3373,1650,2026-05-26 20:24:26,Completed
3374,3210,2026-01-14 04:05:25,Pending
3375,65,2025-03-30 07:37:57,Completed
3376,3538,2026-03-01 00:09:23,Cancelled
3377,4061,2025-06-06 13:26:52,Completed
3378,4882,2025-07-07 08:56:50,Completed
3379,2383,2024-08-17 12:11:10,Pending
3380,3275,2025-05-12 20:23:09,Completed
3381,4842,2026-02-19 18:25:45,Completed
3382,3997,2026-01-21 03:01:36,Completed
3383,498,2024-10-08 15:57:56,Completed
3384,3458,2025-06-29 12:56:21,Completed
3385,4533,2026-04-18 21:37:39,Pending
3386,3418,2024-08-30 10:05:38,Completed
3387,958,2025-01-14 00:04:24,Completed
3388,2841,2026-04-22 00:58:06,Completed
3389,3574,2024-09-03 22:21:27,Pending
3390,2360,2025-09-24 09:44:08,Completed
3391,3845,2025-05-19 14:04:51,Completed
3392,1902,2025-09-04 00:13:23,Completed
3393,4815,2025-08-04 04:15:19,Cancelled
3394,2779,2026-05-26 08:07:16,Cancelled
3395,3838,2025-09-10 16:45:27,Completed
3396,2404,2025-02-17 09:56:35,Completed
3397,3198,2026-05-04 22:35:38,Cancelled
3398,2952,2025-01-22 20:53:47,Completed
3399,1328,2025-10-22 11:53:12,Completed
3400,2314,2026-01-07 14:29:35,Completed
3401,707,2025-05-26 15:16:41,Completed
3402,1058,2026-01-04 01:27:43,Completed
3403,1281,2025-02-06 07:51:31,Completed
3404,827,2025-02-16 21:46:06,Completed
3405,4045,2026-04-16 02:37:51,Completed
3406,1716,2025-04-20 22:56:24,Completed
3407,149,2024-09-26 19:27:31,Completed
3408,2137,2024-10-23 07:49:05,Completed
3409,1300,2025-03-28 10:19:31,Completed
3410,4125,2024-12-01 12:25:48,Pending
3411,522,2025-10-31 04:03:56,Completed
3412,934,2024-12-06 22:25:51,Completed
3413,989,2026-03-12 19:11:42,Completed
3414,3985,2025-05-28 16:36:39,Completed
3415,2788,2026-04-28 05:09:35,Completed
3416,383,2025-02-20 16:16:15,Completed
3417,4564,2025-11-30 02:23:51,Completed
3418,1239,2025-04-08 04:06:56,Completed
3419,4223,2025-03-07 03:40:53,Completed
3420,854,2024-11-21 21:21:05,Completed
3421,3587,2026-03-23 11:07:29,Completed
3422,909,2025-10-06 01:34:07,Cancelled
3423,4995,2025-02-21 23:54:53,Completed
3424,835,2025-06-10 06:43:49,Completed
3425,344,2024-12-31 23:43:09,Completed
3426,1369,2025-09-14 05:34:19,Completed
3427,1683,2026-04-30 16:19:54,Cancelled
3428,1287,2025-07-20 21:25:09,Completed
3429,3617,2026-07-10 19:20:32,Completed
3430,4083,2025-10-12 20:36:23,Completed
3431,814,2024-10-28 05:07:51,Completed
3432,2980,2025-08-05 02:20:13,Completed
3433,1129,2024-08-13 11:11:57,Completed
3434,1654,2025-12-20 01:58:03,Completed
3435,3406,2025-03-09 17:03:00,Completed
3436,54,2025-10-30 19:35:43,Completed
3437,3881,2025-05-22 22:13:12,Completed
3438,4138,2024-12-13 10:37:03,Completed
3439,2180,2025-05-22 14:15:02,Completed
3440,3400,2025-08-18 08:41:10,Completed
3441,2011,2026-07-10 17:31:37,Completed
3442,4339,2026-04-15 17:56:26,Completed
3443,1870,2026-07-18 06:18:33,Completed
3444,3513,2024-12-14 23:26:25,Completed
3445,3354,2025-01-23 18:40:32,Completed
3446,4229,2024-10-01 06:58:10,Completed
3447,2964,2024-09-22 19:57:03,Cancelled
3448,3626,2025-02-01 11:42:22,Completed
3449,82,2025-10-12 05:54:53,Completed
3450,4239,2025-03-18 15:39:49,Cancelled
3451,695,2025-04-11 04:17:02,Completed
3452,3291,2025-01-12 07:14:47,Cancelled
3453,1347,2026-01-08 07:45:06,Completed
3454,3222,2025-05-16 15:11:16,Completed
3455,1237,2026-01-13 02:13:01,Cancelled
3456,474,2026-05-16 18:31:46,Cancelled
3457,4259,2026-03-04 07:01:34,Cancelled
3458,3435,2025-07-23 14:28:14,Completed
3459,4536,2025-09-12 19:13:01,Completed
3460,2570,2024-10-07 04:51:35,Cancelled
3461,65,2024-10-11 14:06:15,Completed
3462,4324,2025-06-22 22:01:24,Completed
3463,1204,2025-03-01 03:58:55,Completed
3464,3656,2026-07-22 02:24:19,Completed
3465,4460,2026-04-20 20:50:47,Completed
3466,3623,2024-09-28 16:22:11,Completed
3467,3314,2026-02-11 07:55:35,Completed
3468,2471,2024-08-12 04:44:10,Pending
3469,4403,2026-07-29 19:07:23,Completed
3470,1033,2026-07-06 11:43:15,Completed
3471,4431,2026-01-23 19:09:14,Completed
3472,761,2026-04-21 19:42:03,Completed
3473,2558,2025-10-31 06:08:47,Completed
3474,1311,2024-09-01 22:07:34,Pending
3475,4424,2026-03-30 02:57:10,Completed
3476,1978,2025-11-07 07:19:45,Completed
3477,2490,2025-07-01 10:41:54,Completed
3478,4140,2025-08-25 14:28:13,Completed
3479,492,2025-02-09 09:50:45,Completed
3480,2128,2025-11-07 07:40:15,Completed
3481,2904,2026-06-05 02:58:45,Completed
3482,1022,2025-07-28 02:08:39,Completed
3483,4690,2025-11-16 09:58:37,Completed
3484,3713,2026-07-03 20:22:47,Completed
3485,1935,2025-04-22 09:44:29,Completed
3486,4765,2026-05-02 00:09:35,Completed
3487,4369,2024-09-07 07:53:21,Completed
3488,1916,2025-04-01 00:11:14,Completed
3489,2331,2025-11-12 22:36:49,Completed
3490,4693,2026-04-08 23:41:37,Completed
3491,3094,2026-03-19 15:11:10,Completed
3492,2029,2025-05-13 09:50:16,Completed
3493,4231,2025-02-10 14:17:55,Completed
3494,2960,2026-07-06 02:31:37,Completed
3495,1201,2025-09-22 01:17:50,Completed
3496,3376,2026-04-01 02:44:49,Pending
3497,510,2024-11-01 18:25:08,Completed
3498,1066,2025-01-16 01:19:16,Completed
3499,3655,2025-01-21 20:37:30,Pending
3500,4312,2025-01-18 21:58:00,Completed
3501,4580,2024-09-05 16:27:13,Completed
3502,3235,2025-01-04 00:10:14,Completed
3503,4787,2025-11-17 12:01:41,Completed
3504,3469,2025-04-01 17:00:41,Cancelled
3505,4011,2026-06-24 23:57:37,Completed
3506,3416,2025-01-21 19:57:39,Completed
3507,1183,2024-09-02 14:21:40,Completed
3508,3972,2026-03-26 15:34:59,Completed
3509,1060,2025-06-26 22:02:53,Cancelled
3510,4205,2026-02-24 00:48:30,Completed
3511,968,2025-10-27 04:32:51,Completed
3512,3731,2025-06-02 21:15:59,Completed
3513,1285,2026-07-26 19:36:04,Cancelled
3514,3026,2026-01-29 11:20:39,Cancelled
3515,973,2025-10-11 16:48:38,Completed
3516,3348,2025-10-08 20:15:12,Completed
3517,3028,2025-03-25 00:03:11,Completed
3518,330,2024-12-31 04:43:08,Completed
3519,965,2024-12-15 20:07:41,Completed
3520,3068,2025-08-23 17:45:32,Completed
3521,3981,2025-08-24 23:26:13,Pending
3522,1171,2026-02-21 14:32:38,Completed
3523,4831,2026-04-01 00:37:14,Completed
3524,2500,2025-09-05 04:40:52,Completed
3525,1767,2025-11-26 05:20:21,Completed
3526,4005,2026-01-11 02:56:17,Pending
3527,4486,2024-09-30 13:15:20,Completed
3528,367,2025-09-09 10:39:08,Completed
3529,4695,2024-09-20 09:23:02,Completed
3530,3706,2026-02-08 23:51:32,Cancelled
3531,3091,2025-05-25 23:44:03,Completed
3532,4962,2024-09-28 01:01:16,Completed
3533,1135,2025-01-04 17:46:29,Completed
3534,3776,2025-07-23 14:15:24,Completed
3535,3679,2025-11-13 16:37:37,Completed
3536,2665,2026-05-23 05:39:33,Pending
3537,3356,2026-03-19 08:37:47,Completed
3538,3240,2026-02-22 04:41:29,Completed
3539,376,2025-02-09 06:51:23,Cancelled
3540,3630,2026-02-24 16:42:24,Completed
3541,726,2024-12-20 02:48:09,Completed
3542,204,2026-07-31 19:35:25,Completed
3543,2531,2025-09-03 00:50:29,Completed
3544,1015,2024-12-17 09:30:41,Completed
3545,698,2025-11-13 01:05:06,Completed
3546,4439,2026-05-16 23:48:12,Completed
3547,434,2025-08-17 07:05:51,Cancelled
3548,4275,2025-03-11 13:05:57,Completed
3549,3899,2026-07-30 09:00:25,Completed
3550,153,2025-09-23 10:50:47,Completed
3551,4357,2024-10-27 00:31:42,Completed
3552,156,2026-07-18 13:12:33,Completed
3553,1686,2025-11-13 10:09:34,Completed
3554,4748,2026-01-09 05:19:55,Completed
3555,4371,2025-02-11 01:38:26,Completed
3556,3292,2025-11-09 17:04:17,Completed
3557,4027,2026-02-10 16:39:57,Completed
3558,191,2025-10-24 15:13:29,Completed
3559,1479,2025-06-30 13:31:59,Completed
3560,4325,2025-06-27 15:30:37,Completed
3561,2107,2025-06-25 01:01:53,Pending
3562,814,2026-02-24 14:42:28,Completed
3563,2338,2025-08-11 09:02:05,Completed
3564,2094,2026-02-10 10:19:25,Completed
3565,1264,2024-10-06 11:55:53,Completed
3566,3337,2025-12-12 10:17:19,Completed
3567,483,2026-01-30 15:13:48,Completed
3568,2665,2025-06-19 14:10:38,Completed
3569,480,2026-07-02 13:26:18,Completed
3570,809,2026-06-11 07:17:04,Completed
3571,3382,2025-03-14 19:32:12,Completed
3572,2113,2026-04-05 00:40:58,Completed
3573,991,2025-01-24 00:46:17,Pending
3574,1963,2025-07-30 02:08:24,Completed
3575,4801,2026-05-20 10:24:53,Completed
3576,4167,2024-09-01 22:59:52,Completed
3577,3155,2025-06-27 18:47:07,Cancelled
3578,2207,2024-12-10 11:05:26,Pending
3579,3808,2025-03-17 15:07:33,Completed
3580,537,2025-10-05 02:54:50,Completed
3581,3339,2025-07-02 01:02:48,Completed
3582,153,2025-12-10 00:02:42,Completed
3583,4802,2026-02-10 06:56:25,Completed
3584,2018,2026-01-27 06:36:52,Completed
3585,1029,2025-06-20 18:42:46,Completed
3586,3333,2025-08-25 01:35:58,Completed
3587,4100,2025-02-02 14:38:40,Completed
3588,1167,2025-01-11 20:46:58,Completed
3589,1378,2026-03-24 06:03:39,Completed
3590,4404,2024-12-10 20:57:02,Cancelled
3591,4548,2026-02-04 01:14:13,Completed
3592,9,2026-03-20 11:22:19,Completed
3593,2370,2025-10-18 23:47:19,Completed
3594,1372,2026-06-27 09:14:17,Pending
3595,3951,2026-02-11 19:04:16,Completed
3596,2056,2024-10-10 23:51:59,Completed
3597,3115,2024-10-30 12:56:15,Cancelled
3598,1743,2026-03-11 06:15:41,Completed
3599,4181,2026-01-30 21:36:55,Completed
3600,1323,2024-12-03 00:51:12,Completed
3601,4613,2026-06-19 03:36:46,Pending
3602,735,2025-10-01 06:28:06,Completed
3603,1008,2025-01-01 01:49:29,Completed
3604,4559,2024-09-08 06:09:55,Cancelled
3605,3539,2025-11-11 02:04:28,Completed
3606,4136,2026-05-05 07:44:48,Cancelled
3607,2608,2025-10-25 22:15:35,Completed
3608,2807,2026-03-30 18:06:05,Completed
3609,3709,2024-10-02 22:15:01,Completed
3610,2635,2025-04-14 18:50:47,Completed
3611,3767,2025-12-13 22:42:32,Cancelled
3612,2691,2024-09-21 09:04:35,Pending
3613,1096,2026-03-04 14:16:24,Completed
3614,17,2025-09-12 07:04:41,Completed
3615,36,2025-04-20 09:30:59,Cancelled
3616,1422,2026-02-27 20:26:44,Completed
3617,4006,2025-07-25 05:58:34,Completed
3618,4409,2026-07-17 01:40:10,Pending
3619,636,2025-07-26 14:20:49,Completed
3620,3647,2024-11-23 18:37:14,Completed
3621,2892,2026-01-22 01:20:13,Cancelled
3622,3084,2025-11-11 04:59:52,Completed
3623,2933,2026-06-12 09:18:54,Completed
3624,70,2025-04-03 11:25:57,Completed
3625,3035,2024-11-21 09:21:35,Cancelled
3626,3642,2025-09-09 17:19:29,Pending
3627,163,2026-05-22 16:31:49,Completed
3628,2932,2025-02-09 08:01:11,Completed
3629,2484,2025-11-27 07:20:50,Completed
3630,1812,2025-03-24 21:42:00,Completed
3631,4046,2026-01-22 00:50:07,Cancelled
3632,302,2025-12-01 11:32:05,Completed
3633,4965,2024-12-19 16:55:56,Completed
3634,1607,2025-06-18 09:17:41,Cancelled
3635,3245,2025-05-25 04:46:03,Completed
3636,2273,2025-11-05 13:19:27,Completed
3637,4047,2024-12-14 22:10:34,Completed
3638,1588,2024-08-12 21:09:04,Completed
3639,4635,2025-04-05 20:33:27,Completed
3640,4940,2026-02-15 13:18:07,Completed
3641,536,2025-10-29 10:48:21,Completed
3642,533,2024-12-11 13:44:57,Completed
3643,4669,2025-02-21 04:31:58,Completed
3644,4286,2025-01-27 06:30:16,Completed
3645,2248,2025-01-12 22:07:08,Completed
3646,190,2025-01-24 11:43:30,Cancelled
3647,4366,2026-01-26 09:52:46,Completed
3648,4589,2026-03-01 19:50:08,Completed
3649,17,2025-12-08 00:01:31,Cancelled
3650,425,2024-10-23 10:20:41,Completed
3651,2647,2025-07-02 03:24:24,Completed
3652,3334,2025-04-01 08:54:52,Completed
3653,4246,2025-01-01 08:19:08,Completed
3654,2962,2026-03-29 17:33:45,Completed
3655,357,2024-12-23 22:59:52,Completed
3656,1840,2025-06-19 14:10:31,Pending
3657,3442,2024-09-22 05:54:08,Completed
3658,2591,2026-04-25 23:24:05,Pending
3659,1595,2026-07-21 03:03:02,Completed
3660,4685,2026-03-28 13:29:53,Completed
3661,1849,2025-05-22 19:30:24,Cancelled
3662,3472,2025-08-19 02:50:30,Cancelled
3663,2048,2024-09-23 11:20:54,Completed
3664,2698,2025-05-09 23:38:56,Completed
3665,793,2025-04-03 11:44:26,Pending
3666,3539,2025-04-29 05:27:42,Completed
3667,4855,2024-11-16 06:25:39,Completed
3668,2739,2025-09-25 22:53:19,Completed
3669,2025,2024-09-11 20:30:05,Completed
3670,1953,2025-08-15 03:07:19,Cancelled
3671,446,2025-04-12 23:47:10,Completed
3672,4258,2026-04-15 14:05:40,Completed
3673,598,2026-02-06 16:51:45,Completed
3674,3593,2025-08-19 04:10:33,Completed
3675,3658,2025-02-28 16:47:52,Completed
3676,701,2025-11-05 18:48:48,Cancelled
3677,274,2025-01-24 02:37:01,Completed
3678,533,2025-01-26 09:51:13,Completed
3679,508,2026-03-11 08:47:47,Cancelled
3680,3621,2025-01-02 13:55:31,Pending
3681,3538,2025-01-08 11:31:45,Pending
3682,458,2024-08-11 11:38:12,Completed
3683,2416,2025-03-25 19:07:28,Completed
3684,3291,2025-08-09 08:43:08,Pending
3685,3368,2025-09-17 23:26:12,Completed
3686,4912,2025-02-25 20:59:15,Completed
3687,87,2026-01-25 08:44:37,Completed
3688,3803,2025-05-19 21:19:22,Completed
3689,830,2026-08-03 09:59:19,Completed
3690,213,2025-05-18 11:11:53,Completed
3691,2689,2025-04-13 16:06:00,Completed
3692,885,2024-10-29 00:40:32,Completed
3693,4876,2025-01-31 09:01:22,Completed
3694,4857,2026-05-27 12:57:30,Completed
3695,1587,2024-08-23 20:50:15,Cancelled
3696,1033,2026-01-27 09:43:53,Completed
3697,2100,2024-12-24 13:01:43,Completed
3698,3944,2026-07-21 09:13:50,Completed
3699,3643,2026-04-13 00:28:27,Completed
3700,1128,2025-02-02 04:45:37,Completed
3701,496,2026-04-03 20:53:53,Completed
3702,4789,2026-02-26 00:17:02,Completed
3703,2931,2025-01-08 19:04:45,Completed
3704,4434,2026-04-04 18:24:39,Completed
3705,1208,2026-07-21 12:29:00,Completed
3706,4943,2024-08-26 10:22:02,Completed
3707,3022,2025-04-09 16:07:34,Cancelled
3708,4241,2025-11-20 04:04:11,Completed
3709,1185,2026-01-27 00:39:37,Pending
3710,4155,2026-03-03 23:26:57,Completed
3711,4584,2024-10-24 19:52:52,Completed
3712,3458,2025-04-16 03:02:30,Completed
3713,1642,2026-05-05 20:34:39,Completed
3714,1649,2025-02-24 04:49:44,Completed
3715,2798,2024-11-18 02:45:06,Completed
3716,3898,2025-05-29 02:02:58,Completed
3717,3829,2026-07-29 19:25:12,Completed
3718,2713,2025-06-30 01:32:09,Completed
3719,4638,2025-05-26 06:43:01,Cancelled
3720,2455,2024-09-19 08:11:52,Completed
3721,1330,2025-09-29 22:31:26,Completed
3722,346,2025-03-22 09:38:47,Completed
3723,31,2026-01-16 12:21:05,Completed
3724,1887,2025-05-26 10:16:39,Completed
3725,1747,2025-06-23 23:30:36,Completed
3726,2716,2024-08-27 02:42:43,Completed
3727,3080,2025-02-21 12:50:15,Completed
3728,1510,2025-06-05 11:31:15,Completed
3729,56,2025-04-16 15:46:21,Completed
3730,605,2026-06-25 17:00:47,Completed
3731,4545,2024-10-19 22:53:21,Completed
3732,2381,2025-12-30 20:13:10,Completed
3733,4798,2024-09-10 20:17:47,Cancelled
3734,2949,2025-01-08 15:38:40,Pending
3735,244,2025-06-14 06:50:45,Completed
3736,2328,2025-08-14 16:19:23,Completed
3737,2147,2026-05-03 11:18:08,Completed
3738,2784,2026-04-28 16:56:30,Completed
3739,2015,2024-12-29 03:37:30,Completed
3740,177,2025-07-26 08:37:13,Completed
3741,2145,2025-03-17 02:04:53,Cancelled
3742,172,2026-01-03 10:01:32,Completed
3743,1125,2025-08-31 08:28:13,Completed
3744,910,2025-10-31 10:25:00,Completed
3745,1723,2026-07-10 00:00:03,Completed
3746,1968,2026-04-11 09:39:25,Completed
3747,3051,2026-05-06 04:07:22,Completed
3748,4317,2026-01-04 23:35:33,Cancelled
3749,3554,2025-10-06 02:25:14,Completed
3750,536,2024-10-10 19:32:45,Completed
3751,1072,2025-11-13 16:22:32,Completed
3752,1571,2024-11-21 05:03:36,Completed
3753,3066,2026-05-24 04:38:04,Completed
3754,3519,2026-06-06 04:09:03,Cancelled
3755,2004,2025-12-14 17:19:57,Cancelled
3756,4812,2026-07-18 10:20:54,Completed
3757,4387,2024-12-29 16:34:33,Completed
3758,1218,2025-07-20 21:43:25,Completed
3759,437,2025-07-07 10:30:23,Completed
3760,2295,2024-10-30 09:53:31,Completed
3761,4164,2025-12-02 04:45:08,Cancelled
3762,4006,2026-05-13 15:54:46,Completed
3763,667,2025-08-17 04:40:00,Completed
3764,532,2024-08-21 08:52:19,Completed
3765,3180,2025-09-12 17:57:41,Completed
3766,4172,2025-08-21 01:52:13,Completed
3767,4251,2025-06-11 12:30:09,Completed
3768,2637,2026-03-07 13:29:26,Completed
3769,4305,2026-03-08 09:00:33,Completed
3770,4054,2025-08-11 05:16:29,Completed
3771,4762,2024-09-28 18:50:48,Completed
3772,4784,2025-01-28 07:23:53,Completed
3773,1698,2024-11-21 19:21:03,Completed
3774,1663,2026-01-14 06:18:18,Completed
3775,1921,2025-12-26 22:20:56,Completed
3776,2507,2026-06-19 13:34:56,Completed
3777,3090,2024-09-14 19:11:32,Completed
3778,3065,2025-12-02 17:46:54,Completed
3779,695,2024-10-21 09:29:41,Completed
3780,689,2026-05-30 01:21:20,Completed
3781,4251,2026-05-22 07:39:52,Completed
3782,4784,2025-02-20 03:18:54,Pending
3783,4197,2025-11-22 18:46:20,Completed
3784,3491,2025-10-21 04:56:54,Completed
3785,3544,2026-01-25 05:49:16,Completed
3786,4076,2025-07-17 06:34:20,Completed
3787,3133,2024-08-30 04:21:42,Pending
3788,3619,2026-03-10 17:57:21,Completed
3789,622,2025-03-05 17:43:30,Completed
3790,676,2024-08-11 21:48:38,Completed
3791,4111,2026-07-16 02:18:04,Completed
3792,641,2025-09-07 14:05:35,Completed
3793,1866,2024-11-24 16:51:15,Pending
3794,585,2024-10-15 02:05:10,Completed
3795,4474,2026-03-21 01:45:54,Completed
3796,1611,2024-08-27 20:56:40,Completed
3797,2049,2026-05-02 18:14:58,Completed
3798,2249,2024-09-11 15:52:04,Completed
3799,4949,2025-04-28 06:36:03,Cancelled
3800,4450,2025-08-08 01:20:22,Cancelled
3801,70,2026-07-19 20:45:23,Completed
3802,2309,2025-07-24 00:48:40,Completed
3803,3309,2026-01-28 16:39:50,Cancelled
3804,4751,2025-11-06 09:01:44,Completed
3805,98,2025-02-20 21:05:45,Completed
3806,4200,2025-06-21 03:23:36,Cancelled
3807,1223,2024-10-30 05:41:09,Completed
3808,1865,2026-06-04 13:32:26,Completed
3809,1720,2025-03-28 12:39:47,Completed
3810,4226,2025-08-26 19:47:48,Completed
3811,4528,2025-09-23 10:24:05,Completed
3812,3780,2025-09-28 12:41:23,Completed
3813,704,2025-11-05 06:51:59,Completed
3814,1539,2024-12-19 05:30:40,Completed
3815,3422,2025-05-16 23:08:39,Completed
3816,3687,2025-07-14 23:09:42,Completed
3817,247,2025-04-16 19:47:58,Completed
3818,4731,2026-02-05 20:26:38,Completed
3819,2504,2025-05-30 02:32:51,Cancelled
3820,80,2025-02-07 01:14:01,Completed
3821,2906,2024-12-13 07:08:39,Completed
3822,3434,2024-09-04 21:48:07,Completed
3823,3305,2025-09-15 04:52:12,Completed
3824,4405,2024-11-18 07:35:19,Completed
3825,4809,2025-09-11 10:51:53,Pending
3826,264,2026-05-12 15:58:15,Cancelled
3827,1260,2025-11-29 20:37:56,Cancelled
3828,2706,2024-11-22 22:56:28,Completed
3829,4940,2025-06-06 08:44:42,Cancelled
3830,4702,2026-05-23 07:05:01,Completed
3831,3124,2026-08-04 06:01:03,Completed
3832,3201,2026-01-03 09:53:36,Pending
3833,3166,2024-10-07 02:20:39,Completed
3834,890,2024-12-03 17:43:05,Completed
3835,3699,2025-01-10 08:53:35,Completed
3836,2496,2025-08-21 22:03:13,Pending
3837,855,2026-04-09 05:15:45,Completed
3838,1456,2024-12-11 00:14:39,Pending
3839,4943,2024-08-28 17:54:23,Completed
3840,1530,2026-07-22 19:45:33,Completed
3841,3162,2024-08-25 03:12:13,Completed
3842,1910,2025-11-25 03:49:38,Completed
3843,4296,2026-06-24 23:15:13,Pending
3844,471,2024-12-25 05:05:58,Completed
3845,91,2025-03-11 20:07:01,Completed
3846,3366,2025-08-15 05:01:10,Completed
3847,908,2025-04-22 20:19:10,Completed
3848,3428,2024-10-16 18:04:08,Completed
3849,564,2026-04-15 03:22:31,Completed
3850,1692,2026-07-06 10:26:59,Completed
3851,1685,2025-03-11 01:05:39,Completed
3852,3890,2024-09-29 21:18:01,Completed
3853,4712,2024-11-16 01:37:48,Cancelled
3854,4813,2026-01-19 12:02:29,Completed
3855,3760,2025-07-05 23:25:14,Completed
3856,61,2024-10-18 09:43:54,Cancelled
3857,3652,2025-06-13 19:01:22,Pending
3858,3271,2025-08-10 05:04:12,Completed
3859,2023,2024-09-29 10:32:20,Completed
3860,4664,2024-10-02 03:13:40,Completed
3861,3770,2024-10-04 18:50:22,Completed
3862,321,2026-05-19 19:45:40,Completed
3863,2359,2025-06-15 18:51:12,Completed
3864,3739,2024-10-22 00:39:06,Completed
3865,2437,2024-08-30 08:16:53,Completed
3866,1435,2024-09-27 18:08:32,Completed
3867,1472,2025-05-27 15:02:22,Completed
3868,3540,2024-10-30 22:48:08,Completed
3869,1503,2025-12-01 22:44:55,Completed
3870,783,2024-10-29 14:51:39,Completed
3871,358,2025-11-27 02:22:18,Completed
3872,1294,2026-04-26 07:27:17,Completed
3873,4406,2024-09-12 13:04:44,Completed
3874,547,2025-05-29 12:16:54,Completed
3875,1780,2025-01-08 08:18:00,Cancelled
3876,3370,2025-05-20 05:27:47,Cancelled
3877,4529,2024-09-18 08:28:23,Completed
3878,3021,2026-03-22 01:07:26,Pending
3879,862,2026-05-08 01:25:11,Completed
3880,2671,2024-08-12 22:26:09,Completed
3881,1351,2026-04-04 10:53:39,Completed
3882,4146,2025-10-02 19:13:55,Pending
3883,219,2025-10-21 21:39:32,Pending
3884,3784,2025-05-02 15:42:06,Completed
3885,3272,2026-03-30 10:25:56,Completed
3886,3250,2025-05-22 15:55:46,Pending
3887,2053,2025-07-22 05:04:07,Completed
3888,1119,2025-06-28 22:29:49,Completed
3889,3804,2026-01-22 07:49:42,Completed
3890,559,2025-01-17 19:43:21,Pending
3891,1985,2026-03-24 13:14:01,Completed
3892,3586,2025-05-20 06:50:32,Completed
3893,2287,2025-07-18 10:18:52,Completed
3894,1398,2024-12-14 08:39:56,Completed
3895,4973,2025-03-10 04:25:21,Completed
3896,2410,2024-08-28 07:41:22,Completed
3897,3202,2024-10-13 11:29:26,Completed
3898,92,2025-05-18 16:21:39,Completed
3899,1258,2025-09-02 12:28:23,Completed
3900,1458,2025-07-30 14:56:07,Completed
3901,283,2025-03-09 05:30:13,Completed
3902,4361,2026-08-03 03:30:06,Completed
3903,392,2025-11-10 23:48:07,Completed
3904,4284,2024-08-11 20:28:48,Completed
3905,843,2025-08-30 13:01:12,Completed
3906,2526,2025-11-10 08:24:17,Completed
3907,4901,2026-07-30 02:51:14,Pending
3908,3092,2025-04-19 19:22:38,Completed
3909,2046,2025-08-19 03:03:19,Completed
3910,1955,2026-05-26 20:25:55,Completed
3911,132,2025-08-11 16:29:49,Completed
3912,120,2025-02-25 09:11:54,Completed
3913,1575,2025-10-31 18:24:43,Completed
3914,518,2026-06-19 04:22:45,Completed
3915,792,2026-06-06 04:25:41,Completed
3916,1376,2026-02-13 11:05:42,Completed
3917,361,2025-12-23 16:34:45,Completed
3918,883,2026-04-19 18:33:32,Completed
3919,2644,2026-01-09 03:02:08,Completed
3920,1553,2025-01-13 13:47:42,Completed
3921,4438,2025-03-30 06:55:24,Completed
3922,3506,2024-11-20 00:09:31,Completed
3923,1752,2025-05-23 03:51:46,Completed
3924,2650,2024-09-05 10:24:16,Completed
3925,3295,2025-09-03 16:03:33,Completed
3926,99,2025-05-28 17:53:33,Completed
3927,3759,2025-11-19 08:39:50,Completed
3928,2282,2025-03-30 09:56:55,Completed
3929,3023,2025-05-29 18:06:46,Pending
3930,1791,2024-08-24 18:34:10,Completed
3931,4906,2024-09-06 21:40:38,Completed
3932,835,2026-03-23 13:53:43,Completed
3933,4663,2025-05-30 20:53:44,Completed
3934,777,2025-09-07 20:11:57,Completed
3935,3184,2025-12-12 02:56:40,Completed
3936,1089,2025-08-22 23:16:02,Completed
3937,2605,2025-05-09 15:46:56,Cancelled
3938,3950,2025-05-14 15:04:41,Pending
3939,145,2026-05-17 10:04:25,Completed
3940,4793,2025-07-11 21:32:00,Completed
3941,4187,2026-07-18 07:23:19,Completed
3942,1905,2026-05-13 16:38:04,Completed
3943,109,2026-02-06 04:40:39,Completed
3944,1017,2025-04-06 04:40:10,Completed
3945,3511,2026-07-23 05:46:48,Completed
3946,651,2025-06-13 16:18:14,Pending
3947,3069,2025-11-26 15:18:24,Completed
3948,1655,2025-05-17 17:34:25,Completed
3949,1675,2024-11-01 12:30:16,Completed
3950,1951,2025-04-01 01:24:25,Cancelled
3951,4900,2025-09-01 05:27:29,Cancelled
3952,3636,2024-10-04 01:33:18,Completed
3953,2693,2026-05-15 01:28:47,Completed
3954,2602,2025-10-16 17:31:34,Completed
3955,325,2026-07-27 07:30:40,Completed
3956,3399,2026-05-06 10:14:54,Completed
3957,2364,2025-05-28 07:59:46,Completed
3958,1877,2024-08-24 12:12:48,Completed
3959,2714,2026-02-20 15:54:06,Completed
3960,1687,2026-06-24 01:55:31,Completed
3961,2035,2025-11-05 19:10:37,Completed
3962,1823,2025-08-13 04:30:16,Completed
3963,3126,2025-12-15 17:09:33,Completed
3964,1504,2024-11-25 00:29:17,Completed
3965,50,2025-12-09 20:17:14,Pending
3966,4028,2025-01-13 01:15:48,Pending
3967,1577,2026-04-26 20:10:54,Pending
3968,1160,2024-10-17 23:37:05,Cancelled
3969,1029,2025-11-21 03:19:08,Pending
3970,4855,2025-08-27 11:45:08,Completed
3971,1675,2024-11-19 10:21:05,Completed
3972,641,2024-12-11 18:58:43,Completed
3973,3827,2025-10-19 16:04:11,Completed
3974,1619,2025-07-18 20:19:14,Completed
3975,1446,2026-02-14 01:48:55,Completed
3976,2484,2025-04-11 16:17:31,Completed
3977,3673,2025-07-19 03:59:26,Cancelled
3978,1650,2026-03-08 13:48:27,Completed
3979,3942,2025-09-09 17:41:14,Pending
3980,2946,2025-06-19 16:53:40,Completed
3981,1375,2024-08-11 02:49:15,Completed
3982,3463,2025-09-13 16:09:11,Completed
3983,3551,2024-11-28 05:33:18,Completed
3984,3949,2024-12-12 17:16:26,Pending
3985,3125,2025-08-18 04:41:01,Completed
3986,682,2026-02-09 23:36:41,Completed
3987,2460,2026-01-28 12:12:56,Completed
3988,1252,2025-05-14 18:55:29,Completed
3989,1440,2025-01-24 12:08:51,Completed
3990,3799,2026-02-11 05:34:54,Completed
3991,2321,2025-05-14 19:24:54,Completed
3992,4965,2025-05-12 16:02:35,Completed
3993,2730,2026-07-11 18:59:46,Completed
3994,3845,2024-08-31 20:45:50,Completed
3995,1554,2025-08-24 15:45:46,Pending
3996,4102,2025-07-10 15:41:29,Completed
3997,3066,2026-07-17 07:20:42,Completed
3998,3407,2025-07-17 02:24:26,Cancelled
3999,3057,2024-10-19 04:10:13,Completed
4000,2522,2026-05-09 23:23:06,Completed
4001,4820,2025-12-27 05:26:29,Pending
4002,319,2025-12-10 09:42:34,Cancelled
4003,1020,2025-09-25 19:45:01,Completed
4004,4634,2025-03-11 01:18:13,Completed
4005,3575,2026-04-12 02:06:55,Cancelled
4006,2856,2025-06-13 11:46:58,Completed
4007,4003,2024-11-30 04:02:58,Completed
4008,3017,2025-07-01 22:42:18,Completed
4009,3157,2025-04-16 15:08:49,Cancelled
4010,2022,2025-09-18 23:44:38,Completed
4011,283,2026-02-25 14:36:11,Cancelled
4012,2961,2026-06-09 13:08:56,Completed
4013,232,2024-11-20 03:52:05,Completed
4014,1212,2024-09-02 08:09:44,Completed
4015,3732,2025-08-15 22:57:06,Cancelled
4016,1208,2026-05-29 17:38:07,Completed
4017,4933,2026-04-01 16:29:27,Completed
4018,1323,2024-08-30 14:11:52,Pending
4019,757,2025-11-14 18:34:51,Completed
4020,3149,2025-08-11 13:00:38,Completed
4021,4802,2025-02-25 20:26:45,Cancelled
4022,659,2024-10-30 13:12:12,Completed
4023,1547,2025-10-03 13:52:31,Completed
4024,1359,2025-12-17 05:45:05,Completed
4025,2072,2024-08-23 01:21:28,Completed
4026,4102,2026-01-21 21:46:55,Cancelled
4027,3136,2026-01-06 15:57:04,Completed
4028,3372,2024-09-22 21:37:03,Completed
4029,729,2024-12-09 00:53:25,Completed
4030,4691,2025-03-05 09:01:43,Completed
4031,2822,2025-02-19 00:39:17,Completed
4032,2204,2024-11-04 15:16:07,Completed
4033,3261,2025-08-16 07:33:57,Completed
4034,53,2025-07-14 05:03:18,Cancelled
4035,4029,2025-03-11 18:48:25,Pending
4036,573,2026-03-02 05:05:31,Completed
4037,3423,2025-05-19 11:36:59,Completed
4038,2363,2026-05-07 22:08:23,Completed
4039,1398,2026-02-04 01:33:00,Completed
4040,1527,2024-08-07 05:28:14,Completed
4041,1623,2026-02-23 18:42:34,Completed
4042,4118,2024-08-24 19:11:47,Cancelled
4043,3692,2026-04-22 00:19:17,Completed
4044,1742,2026-01-22 05:52:55,Completed
4045,484,2025-10-02 22:51:15,Completed
4046,1572,2025-04-30 22:22:10,Completed
4047,3349,2024-10-15 14:34:48,Completed
4048,895,2025-02-11 22:10:18,Completed
4049,1361,2025-09-03 05:06:46,Pending
4050,703,2024-11-17 18:34:31,Completed
4051,2268,2025-09-20 19:16:48,Pending
4052,244,2026-07-10 01:38:31,Completed
4053,3915,2025-04-30 03:39:09,Completed
4054,826,2026-06-28 21:15:07,Pending
4055,2180,2024-10-31 14:13:01,Completed
4056,60,2025-06-17 18:06:44,Completed
4057,343,2026-01-29 13:13:40,Pending
4058,4279,2025-05-05 05:30:20,Completed
4059,3078,2024-10-21 16:46:34,Completed
4060,2178,2024-11-06 17:59:33,Cancelled
4061,3877,2026-06-17 03:50:46,Completed
4062,4952,2025-05-14 07:03:41,Completed
4063,3038,2025-08-16 00:28:36,Completed
4064,2811,2026-01-04 09:34:56,Cancelled
4065,1963,2025-10-11 06:41:37,Cancelled
4066,3265,2024-08-14 04:40:55,Completed
4067,469,2025-10-09 22:26:41,Cancelled
4068,2706,2024-11-20 14:32:49,Completed
4069,26,2025-08-29 22:33:40,Completed
4070,3292,2026-03-05 17:33:51,Completed
4071,1138,2025-06-01 07:52:38,Pending
4072,1007,2026-05-22 07:19:34,Completed
4073,2290,2026-03-25 03:57:40,Cancelled
4074,2037,2025-06-06 03:28:29,Completed
4075,3893,2026-02-18 00:42:44,Completed
4076,1540,2026-07-15 12:13:37,Pending
4077,2640,2026-07-24 04:02:36,Pending
4078,2951,2025-11-04 12:30:28,Completed
4079,2667,2025-07-23 10:56:09,Completed
4080,1914,2025-06-15 23:22:00,Completed
4081,3279,2026-02-26 02:40:20,Completed
4082,667,2024-10-20 15:56:22,Completed
4083,3901,2026-05-19 23:58:15,Cancelled
4084,823,2025-08-28 11:12:40,Completed
4085,2408,2026-04-10 09:04:38,Completed
4086,1173,2024-10-10 09:09:24,Completed
4087,4685,2025-04-03 08:23:51,Completed
4088,4134,2025-06-22 18:16:02,Pending
4089,4080,2025-01-13 01:27:42,Completed
4090,2469,2025-08-01 08:19:25,Completed
4091,4496,2026-03-20 19:30:41,Cancelled
4092,3825,2024-09-09 12:58:28,Completed
4093,3656,2024-12-18 13:32:54,Cancelled
4094,3950,2025-08-09 01:36:41,Completed
4095,1974,2024-10-30 11:37:55,Completed
4096,1397,2025-05-18 16:57:17,Completed
4097,733,2024-08-15 00:21:03,Completed
4098,240,2026-02-18 11:02:02,Completed
4099,2675,2025-08-03 00:01:35,Cancelled
4100,2297,2025-09-18 09:00:33,Completed
4101,2111,2025-11-20 16:54:03,Completed
4102,1009,2025-10-10 22:50:48,Completed
4103,4379,2024-10-26 01:07:00,Completed
4104,4031,2024-09-16 17:46:05,Pending
4105,2727,2024-11-29 22:26:00,Completed
4106,4719,2025-01-20 17:28:29,Completed
4107,4921,2025-05-28 18:45:42,Pending
4108,2812,2024-12-04 03:35:33,Completed
4109,3127,2025-03-22 01:50:23,Completed
4110,4604,2025-02-20 12:01:45,Cancelled
4111,3580,2024-10-03 02:44:26,Completed
4112,1832,2025-04-11 06:33:03,Completed
4113,2384,2026-06-02 13:53:55,Pending
4114,731,2025-12-01 00:53:29,Completed
4115,4852,2024-10-01 03:34:58,Cancelled
4116,952,2025-06-25 02:22:34,Completed
4117,1044,2025-02-20 04:55:59,Completed
4118,3115,2025-11-05 12:39:47,Completed
4119,14,2025-04-12 15:52:37,Completed
4120,4834,2025-09-20 19:11:08,Completed
4121,3180,2025-11-08 06:59:16,Cancelled
4122,2619,2026-01-06 21:37:54,Completed
4123,1035,2026-06-02 12:12:07,Completed
4124,4929,2026-05-20 15:13:18,Completed
4125,874,2026-06-28 11:06:00,Completed
4126,4410,2025-04-27 21:39:48,Completed
4127,2589,2025-08-20 19:02:29,Completed
4128,2432,2026-02-11 11:01:26,Completed
4129,4095,2025-11-12 05:57:14,Completed
4130,1208,2025-11-28 23:29:54,Completed
4131,1195,2026-02-04 03:41:30,Completed
4132,282,2024-12-14 08:42:40,Completed
4133,2531,2025-10-24 08:55:01,Completed
4134,1012,2026-03-20 18:53:17,Completed
4135,4702,2024-08-29 07:46:44,Completed
4136,1768,2026-07-11 14:15:01,Completed
4137,3086,2026-06-17 04:10:45,Pending
4138,2730,2025-01-22 00:40:39,Completed
4139,1726,2025-01-17 22:53:37,Completed
4140,1844,2025-02-24 10:08:21,Completed
4141,431,2026-03-29 05:50:12,Cancelled
4142,1467,2024-10-12 15:32:57,Completed
4143,3210,2025-12-06 13:57:27,Completed
4144,1305,2024-12-16 12:38:18,Cancelled
4145,4489,2025-02-27 19:33:25,Completed
4146,3461,2025-08-11 11:37:56,Completed
4147,2854,2024-11-21 01:02:35,Completed
4148,3204,2025-08-08 13:00:02,Pending
4149,2319,2026-02-03 16:11:38,Completed
4150,1599,2024-10-07 13:53:14,Completed
4151,4490,2025-04-30 00:25:15,Completed
4152,1073,2026-07-07 04:53:55,Completed
4153,4755,2024-10-28 14:30:07,Completed
4154,444,2026-06-16 13:48:26,Completed
4155,2491,2025-03-26 06:38:37,Completed
4156,1341,2025-07-22 16:07:47,Completed
4157,3620,2024-10-31 23:53:44,Completed
4158,2385,2026-04-23 13:13:40,Completed
4159,1719,2024-11-23 00:48:04,Completed
4160,1603,2026-05-16 12:41:57,Completed
4161,75,2025-06-03 21:06:26,Completed
4162,4716,2025-07-10 11:00:30,Completed
4163,1210,2026-06-24 07:44:18,Completed
4164,3499,2024-08-23 17:13:37,Completed
4165,1379,2025-05-08 19:54:50,Cancelled
4166,787,2026-07-14 15:18:24,Completed
4167,3882,2025-01-23 17:00:53,Completed
4168,430,2026-01-12 23:01:29,Completed
4169,4223,2024-12-06 15:05:44,Completed
4170,4862,2024-08-27 08:17:05,Completed
4171,1218,2026-06-03 01:47:58,Completed
4172,3310,2026-02-25 10:46:37,Completed
4173,974,2025-11-27 08:10:16,Completed
4174,4003,2025-01-16 08:18:41,Completed
4175,4884,2026-06-19 17:33:25,Cancelled
4176,3076,2025-07-18 09:40:37,Completed
4177,735,2025-09-28 09:13:11,Completed
4178,3131,2025-03-31 16:14:05,Completed
4179,3647,2024-09-19 21:32:16,Completed
4180,984,2025-05-19 21:23:29,Completed
4181,1000,2025-06-03 07:06:23,Completed
4182,4176,2025-09-08 01:41:35,Completed
4183,4808,2026-06-27 17:46:01,Completed
4184,4691,2026-02-03 01:42:05,Completed
4185,775,2025-12-22 16:18:31,Completed
4186,1484,2025-10-20 02:28:00,Completed
4187,3553,2025-08-24 01:51:51,Completed
4188,1026,2025-11-15 08:02:41,Pending
4189,521,2025-11-14 14:36:01,Completed
4190,4404,2025-02-13 02:25:24,Completed
4191,162,2026-05-18 09:21:53,Completed
4192,4395,2025-06-13 02:04:22,Completed
4193,4343,2026-02-19 04:13:11,Completed
4194,4251,2024-09-29 08:25:14,Completed
4195,4416,2025-09-07 01:02:08,Completed
4196,1017,2024-09-10 13:51:17,Completed
4197,1700,2025-08-06 10:14:25,Cancelled
4198,962,2026-03-05 09:43:05,Completed
4199,4908,2026-07-22 16:40:14,Completed
4200,44,2024-11-03 03:22:13,Completed
4201,2575,2026-03-14 21:45:06,Completed
4202,1056,2026-07-07 15:34:50,Completed
4203,1321,2025-04-04 20:29:21,Pending
4204,2104,2024-10-17 05:45:19,Completed
4205,287,2025-08-15 18:30:21,Pending
4206,1022,2026-04-26 03:15:38,Completed
4207,2979,2024-11-26 16:20:59,Cancelled
4208,1406,2025-01-06 04:43:48,Completed
4209,1,2025-05-17 15:30:31,Completed
4210,379,2025-09-10 21:48:34,Cancelled
4211,4256,2026-02-20 07:39:25,Cancelled
4212,2404,2025-02-08 00:57:34,Completed
4213,3645,2026-02-06 12:44:12,Completed
4214,4018,2025-10-10 04:17:51,Completed
4215,4282,2025-01-23 14:50:34,Cancelled
4216,2885,2025-02-15 16:04:26,Completed
4217,4183,2025-10-18 04:04:25,Completed
4218,812,2026-02-25 12:09:12,Completed
4219,367,2025-02-17 01:24:58,Completed
4220,1541,2025-01-09 12:36:41,Completed
4221,1764,2024-10-03 07:23:03,Cancelled
4222,4933,2025-05-03 09:08:06,Completed
4223,4848,2024-11-28 11:35:50,Completed
4224,1053,2025-08-02 06:07:15,Completed
4225,3458,2025-08-05 07:01:05,Pending
4226,2089,2025-09-16 13:15:19,Completed
4227,1338,2024-11-28 16:13:12,Completed
4228,683,2025-03-23 16:49:16,Cancelled
4229,3485,2026-01-02 18:19:52,Cancelled
4230,1174,2024-08-09 12:55:17,Completed
4231,579,2024-10-15 15:36:56,Completed
4232,2207,2025-12-02 22:37:54,Cancelled
4233,1579,2025-11-13 10:41:38,Completed
4234,4618,2024-08-08 10:28:40,Completed
4235,4190,2024-10-03 08:03:41,Completed
4236,3439,2025-07-24 04:30:26,Completed
4237,2592,2026-06-15 20:09:50,Cancelled
4238,3553,2025-08-30 17:49:23,Completed
4239,4945,2025-04-24 10:36:21,Completed
4240,2213,2025-05-13 05:55:50,Completed
4241,902,2025-06-20 18:04:34,Completed
4242,3333,2024-11-17 10:57:24,Pending
4243,729,2025-11-16 03:30:42,Completed
4244,2733,2025-03-16 07:13:52,Completed
4245,1199,2024-08-08 00:15:35,Completed
4246,1850,2025-06-03 19:31:44,Completed
4247,803,2025-12-24 14:27:16,Completed
4248,1821,2026-01-27 00:31:12,Completed
4249,861,2025-06-10 09:38:25,Completed
4250,1012,2026-02-09 15:02:08,Completed
4251,2512,2026-01-10 11:54:14,Completed
4252,4011,2025-12-20 16:47:43,Pending
4253,2859,2025-04-03 17:52:27,Completed
4254,2311,2025-03-14 16:52:54,Completed
4255,4977,2025-12-23 15:38:07,Pending
4256,393,2024-10-24 11:11:29,Completed
4257,3192,2025-10-17 23:47:27,Completed
4258,4356,2025-06-07 00:28:19,Completed
4259,3299,2025-09-12 05:21:02,Completed
4260,1046,2025-08-24 03:58:08,Completed
4261,4208,2026-06-23 18:40:58,Completed
4262,1036,2024-08-21 11:01:48,Completed
4263,4650,2025-12-02 20:20:41,Completed
4264,434,2026-02-05 03:34:22,Cancelled
4265,3033,2026-05-21 05:16:12,Completed
4266,2041,2025-01-14 17:49:18,Completed
4267,3427,2026-05-16 18:38:31,Completed
4268,1500,2025-05-12 05:21:15,Completed
4269,2900,2026-02-24 01:16:54,Completed
4270,4115,2025-05-28 04:24:56,Completed
4271,3505,2025-04-02 04:01:34,Completed
4272,1875,2026-04-06 04:41:19,Completed
4273,713,2026-05-17 14:31:12,Cancelled
4274,3331,2025-07-13 07:13:27,Completed
4275,739,2025-10-10 16:40:01,Completed
4276,629,2024-09-12 20:02:37,Completed
4277,768,2026-07-10 23:47:24,Completed
4278,471,2026-02-09 15:41:03,Pending
4279,2342,2025-07-26 10:12:42,Completed
4280,4038,2025-09-30 09:44:23,Completed
4281,88,2026-06-23 05:21:07,Cancelled
4282,3474,2025-11-14 03:06:06,Completed
4283,1118,2025-03-02 20:07:47,Completed
4284,4219,2025-05-12 08:50:02,Completed
4285,4362,2025-07-01 11:02:17,Completed
4286,3322,2026-04-27 10:12:57,Pending
4287,1558,2025-10-09 21:37:38,Cancelled
4288,60,2025-01-18 14:05:28,Completed
4289,4378,2026-04-02 19:48:00,Completed
4290,2001,2026-04-17 15:37:22,Cancelled
4291,4327,2026-06-02 09:39:24,Completed
4292,347,2024-09-20 19:58:36,Completed
4293,1381,2025-02-03 15:20:20,Completed
4294,4289,2025-01-19 15:47:34,Cancelled
4295,1433,2026-06-03 21:32:50,Pending
4296,1093,2025-10-16 06:08:29,Completed
4297,418,2026-02-15 14:56:50,Completed
4298,3106,2025-06-15 07:03:05,Completed
4299,928,2026-04-22 00:16:51,Completed
4300,2047,2024-08-23 14:24:59,Completed
4301,966,2025-09-25 22:10:58,Completed
4302,3958,2025-03-06 11:04:59,Completed
4303,1746,2025-12-18 10:57:35,Pending
4304,4660,2025-08-11 08:34:00,Completed
4305,2498,2025-05-24 23:23:10,Cancelled
4306,4224,2024-11-10 12:53:56,Completed
4307,291,2024-09-05 00:45:36,Cancelled
4308,4000,2024-11-04 16:59:45,Pending
4309,49,2025-02-15 22:30:19,Completed
4310,2692,2025-09-28 10:46:49,Completed
4311,878,2026-03-07 04:48:16,Pending
4312,1526,2026-06-12 00:03:47,Completed
4313,73,2025-08-19 02:17:53,Completed
4314,4031,2025-03-06 00:28:10,Completed
4315,4335,2025-05-17 20:52:08,Completed
4316,1260,2025-04-27 05:42:00,Completed
4317,3993,2025-05-13 00:02:18,Pending
4318,2050,2026-04-11 02:49:54,Completed
4319,3239,2025-05-05 20:36:07,Completed
4320,2986,2026-06-18 02:35:06,Completed
4321,1493,2026-05-22 03:26:01,Completed
4322,2208,2024-08-08 11:32:45,Completed
4323,3593,2025-02-06 21:36:41,Completed
4324,3600,2025-07-27 05:24:58,Completed
4325,2898,2025-05-15 18:37:49,Completed
4326,48,2026-05-26 10:27:40,Completed
4327,1626,2026-07-08 12:32:21,Completed
4328,2334,2025-07-24 08:18:46,Pending
4329,3233,2024-11-09 02:30:22,Completed
4330,2714,2025-12-28 02:09:57,Cancelled
4331,1314,2026-01-04 01:41:02,Completed
4332,3927,2025-08-03 23:11:43,Cancelled
4333,2178,2025-03-31 06:04:12,Completed
4334,4007,2026-05-18 20:29:12,Completed
4335,1044,2026-04-02 23:08:21,Completed
4336,3276,2025-12-08 11:53:52,Completed
4337,3186,2025-05-13 17:46:40,Completed
4338,884,2025-03-10 04:10:54,Completed
4339,1034,2026-03-26 02:24:03,Completed
4340,4097,2025-05-23 02:38:38,Pending
4341,1938,2025-01-29 12:42:21,Pending
4342,2803,2026-01-09 15:28:38,Completed
4343,4892,2025-06-21 08:53:48,Completed
4344,3559,2025-08-28 03:07:37,Completed
4345,2312,2026-07-07 05:13:14,Completed
4346,3514,2025-11-18 20:58:01,Completed
4347,1250,2025-09-14 13:50:18,Completed
4348,1531,2025-09-09 19:15:54,Completed
4349,943,2025-11-13 18:15:07,Completed
4350,2027,2025-05-29 17:00:49,Completed
4351,3516,2025-05-25 09:28:38,Completed
4352,845,2026-04-19 07:49:18,Completed
4353,4116,2025-07-28 14:03:13,Completed
4354,1546,2025-10-31 11:26:35,Cancelled
4355,4844,2025-03-19 03:24:26,Completed
4356,1219,2025-02-16 14:03:12,Completed
4357,1084,2026-03-05 20:30:27,Completed
4358,2244,2026-01-05 01:19:08,Cancelled
4359,1198,2025-11-11 15:45:17,Completed
4360,1636,2025-01-19 11:51:12,Pending
4361,418,2025-11-14 12:48:33,Completed
4362,4301,2025-10-16 23:47:11,Completed
4363,1896,2026-06-01 19:06:02,Completed
4364,3491,2026-03-11 17:21:53,Completed
4365,4177,2025-08-31 08:51:55,Completed
4366,424,2026-08-01 06:01:47,Completed
4367,2206,2025-06-07 04:30:48,Completed
4368,2876,2025-02-09 06:56:13,Completed
4369,2024,2024-09-25 08:56:37,Completed
4370,390,2024-09-17 16:24:29,Completed
4371,5,2026-02-08 21:24:13,Pending
4372,2635,2025-05-09 06:26:23,Completed
4373,3868,2026-01-06 01:11:22,Completed
4374,4969,2026-05-15 23:41:28,Completed
4375,1515,2024-09-03 16:28:30,Completed
4376,4025,2025-01-12 22:28:37,Completed
4377,2494,2025-08-12 00:46:45,Completed
4378,112,2025-10-26 01:30:43,Completed
4379,1068,2024-10-28 23:22:17,Completed
4380,2961,2024-11-17 14:18:10,Completed
4381,4825,2026-02-02 14:44:21,Completed
4382,3045,2026-02-06 15:04:55,Completed
4383,2261,2025-06-08 14:23:45,Completed
4384,3147,2026-04-06 14:48:40,Pending
4385,872,2024-10-25 02:46:53,Completed
4386,4931,2024-09-10 11:54:25,Completed
4387,4806,2025-10-17 04:36:06,Cancelled
4388,1561,2025-10-13 21:52:07,Completed
4389,3652,2026-07-17 11:20:55,Cancelled
4390,614,2026-01-09 05:46:02,Cancelled
4391,2810,2025-03-08 03:54:36,Completed
4392,3885,2025-05-11 02:29:27,Cancelled
4393,1655,2024-10-21 05:38:13,Completed
4394,1259,2026-05-08 18:50:09,Pending
4395,1571,2025-09-26 14:06:20,Completed
4396,2069,2025-07-26 03:04:10,Completed
4397,4591,2026-04-26 08:42:33,Cancelled
4398,2999,2026-01-06 11:03:14,Completed
4399,962,2026-03-26 21:28:17,Cancelled
4400,555,2024-08-18 09:06:04,Completed
4401,4291,2025-07-04 21:03:50,Cancelled
4402,4128,2024-12-02 11:44:24,Completed
4403,1368,2025-06-05 05:24:15,Completed
4404,1057,2025-01-28 14:51:07,Completed
4405,4639,2026-05-02 20:55:49,Pending
4406,1559,2026-02-10 12:02:00,Completed
4407,3257,2025-06-14 21:30:31,Completed
4408,4362,2025-04-08 05:35:28,Completed
4409,615,2025-02-05 06:25:41,Completed
4410,4173,2024-08-25 15:10:14,Completed
4411,3197,2024-09-25 01:48:14,Completed
4412,2225,2025-08-03 20:26:29,Completed
4413,30,2026-03-02 20:24:22,Completed
4414,1785,2025-03-20 11:09:54,Completed
4415,73,2024-12-10 21:59:14,Completed
4416,4201,2025-01-18 02:50:04,Completed
4417,4302,2024-09-21 23:37:00,Completed
4418,1805,2025-06-02 01:04:34,Completed
4419,2200,2026-05-11 08:37:33,Completed
4420,1402,2025-09-07 18:38:35,Completed
4421,4371,2026-02-08 13:25:55,Completed
4422,321,2024-09-04 21:00:39,Completed
4423,2276,2025-04-24 23:32:14,Cancelled
4424,2216,2024-08-29 02:38:42,Completed
4425,423,2025-03-09 22:03:30,Completed
4426,2040,2024-08-09 13:07:40,Cancelled
4427,1721,2025-03-12 02:57:15,Completed
4428,12,2026-07-23 00:30:16,Completed
4429,4958,2026-07-16 05:02:28,Cancelled
4430,2659,2025-12-18 02:21:33,Pending
4431,4500,2024-10-05 16:54:30,Completed
4432,1095,2025-08-05 00:56:36,Completed
4433,2416,2026-06-18 16:53:34,Completed
4434,470,2026-06-13 10:14:34,Completed
4435,86,2025-08-30 18:59:01,Completed
4436,1797,2026-06-15 05:14:20,Completed
4437,2292,2026-05-18 19:47:11,Completed
4438,129,2025-12-03 13:26:12,Completed
4439,4779,2024-12-16 21:37:00,Completed
4440,3130,2025-04-28 18:56:58,Cancelled
4441,2109,2025-01-15 16:36:28,Completed
4442,4951,2025-10-30 00:18:06,Completed
4443,3623,2025-10-24 05:26:17,Completed
4444,2202,2024-09-03 21:19:26,Completed
4445,3240,2025-12-26 23:44:29,Completed
4446,1899,2026-05-01 23:04:11,Completed
4447,3555,2024-10-31 09:08:30,Completed
4448,3925,2025-09-12 00:13:22,Pending
4449,1487,2025-09-30 01:40:19,Completed
4450,1443,2025-07-03 13:19:15,Completed
4451,4019,2024-12-05 12:44:11,Cancelled
4452,1478,2025-08-15 17:24:15,Completed
4453,173,2025-02-02 06:03:29,Completed
4454,1456,2024-12-21 20:17:16,Completed
4455,4980,2025-04-02 07:38:09,Completed
4456,1176,2026-01-19 10:59:11,Pending
4457,2010,2026-01-06 09:57:12,Completed
4458,3298,2024-08-17 15:15:03,Completed
4459,4316,2024-08-17 17:30:20,Completed
4460,97,2026-05-17 03:03:23,Completed
4461,3096,2024-11-07 19:53:51,Completed
4462,902,2024-08-07 09:31:33,Completed
4463,359,2026-04-30 10:45:19,Completed
4464,685,2025-04-13 12:12:44,Completed
4465,4913,2025-05-07 14:15:48,Pending
4466,77,2025-02-08 21:36:06,Cancelled
4467,872,2026-01-08 17:50:31,Completed
4468,2773,2024-08-29 23:03:24,Completed
4469,697,2024-10-15 12:25:38,Completed
4470,3936,2024-08-30 02:04:07,Completed
4471,3640,2025-04-03 17:12:46,Completed
4472,2519,2026-06-07 16:51:12,Completed
4473,1266,2025-05-25 12:25:30,Completed
4474,4453,2025-09-21 12:30:35,Completed
4475,4454,2025-12-17 08:05:33,Completed
4476,365,2025-01-25 00:15:23,Completed
4477,2431,2025-07-30 16:46:37,Completed
4478,3403,2026-07-03 19:06:15,Completed
4479,1838,2024-10-09 14:36:31,Pending
4480,3500,2026-08-04 21:41:05,Completed
4481,2895,2026-07-06 17:44:24,Completed
4482,1851,2026-07-24 12:31:38,Cancelled
4483,3152,2024-12-18 15:09:32,Completed
4484,921,2026-01-24 01:16:07,Completed
4485,903,2024-11-24 06:44:12,Completed
4486,2309,2024-08-08 17:11:43,Completed
4487,2734,2025-11-03 22:47:11,Completed
4488,695,2024-12-28 22:11:44,Completed
4489,4953,2024-09-07 06:56:53,Completed
4490,3512,2025-05-11 07:46:33,Completed
4491,4913,2025-09-27 09:46:24,Completed
4492,3484,2026-06-14 12:25:08,Completed
4493,2471,2025-01-30 09:29:32,Completed
4494,2352,2026-04-09 04:32:04,Completed
4495,852,2025-11-28 13:00:57,Completed
4496,4090,2026-02-02 20:04:04,Completed
4497,2175,2025-11-08 20:32:02,Completed
4498,626,2025-11-21 00:50:39,Completed
4499,1218,2026-06-14 11:30:36,Completed
4500,1201,2026-05-09 02:17:49,Completed
4501,3200,2025-08-10 11:17:20,Completed
4502,3920,2025-09-15 13:02:41,Completed
4503,928,2025-04-20 23:00:10,Completed
4504,2282,2025-08-12 01:45:49,Completed
4505,2647,2026-07-19 09:15:19,Cancelled
4506,1490,2025-05-22 21:26:40,Completed
4507,2889,2025-01-09 01:19:01,Completed
4508,3473,2026-04-14 16:47:07,Completed
4509,3392,2026-07-19 15:42:23,Completed
4510,2732,2026-04-19 21:28:14,Completed
4511,2015,2024-10-27 11:33:20,Completed
4512,4501,2025-04-28 02:45:47,Completed
4513,4373,2026-01-25 01:39:54,Completed
4514,4393,2025-08-14 10:04:05,Completed
4515,3151,2026-05-24 10:21:30,Pending
4516,3456,2026-01-02 18:21:36,Completed
4517,1797,2025-12-22 14:48:23,Completed
4518,1927,2024-11-24 00:23:05,Completed
4519,1666,2024-12-03 19:00:55,Cancelled
4520,141,2025-05-06 03:20:18,Completed
4521,3883,2025-05-30 14:22:53,Cancelled
4522,903,2025-04-19 07:55:35,Pending
4523,2862,2024-11-06 14:03:33,Completed
4524,1142,2025-02-27 13:40:10,Completed
4525,1181,2026-03-31 16:26:00,Completed
4526,4518,2025-10-28 08:34:38,Cancelled
4527,3450,2025-10-01 14:10:52,Completed
4528,1840,2026-08-03 21:55:43,Pending
4529,1129,2025-02-08 04:51:50,Completed
4530,1173,2026-05-08 00:02:37,Completed
4531,216,2025-04-10 20:57:48,Completed
4532,3480,2025-04-07 22:03:45,Completed
4533,869,2025-10-18 06:36:38,Completed
4534,605,2025-01-27 07:56:26,Completed
4535,4866,2024-10-04 20:32:38,Completed
4536,248,2026-02-06 01:03:50,Completed
4537,1158,2024-11-10 03:37:44,Pending
4538,632,2026-01-05 22:44:06,Pending
4539,3412,2024-10-05 02:59:14,Completed
4540,1495,2026-01-08 22:08:44,Completed
4541,1148,2026-05-05 23:41:14,Completed
4542,2454,2025-07-07 22:34:39,Completed
4543,2764,2024-11-10 04:44:13,Completed
4544,109,2026-04-17 11:59:23,Completed
4545,1278,2025-06-05 18:43:08,Pending
4546,264,2026-01-13 21:45:40,Completed
4547,1422,2024-08-14 02:06:00,Completed
4548,90,2025-11-30 09:26:50,Completed
4549,3471,2025-08-19 05:39:54,Completed
4550,3722,2025-03-27 22:15:02,Completed
4551,2114,2025-08-25 14:37:50,Cancelled
4552,4112,2024-11-06 15:36:25,Completed
4553,1863,2025-04-01 05:01:19,Completed
4554,1285,2025-12-02 11:24:06,Completed
4555,754,2024-12-15 21:09:00,Completed
4556,1026,2026-04-12 13:51:42,Completed
4557,3281,2026-05-04 13:05:16,Completed
4558,1794,2024-08-14 04:21:20,Completed
4559,4582,2025-06-21 15:21:46,Completed
4560,633,2024-10-03 05:30:44,Completed
4561,3838,2026-01-11 18:54:05,Completed
4562,3319,2025-11-02 18:42:20,Completed
4563,1351,2025-03-09 11:28:16,Pending
4564,3044,2026-07-04 02:56:44,Completed
4565,1596,2026-04-01 08:48:21,Completed
4566,856,2025-05-28 07:55:17,Pending
4567,4942,2026-07-19 00:52:30,Completed
4568,2749,2024-10-19 15:36:01,Pending
4569,2312,2025-07-02 03:11:06,Completed
4570,873,2024-08-17 01:48:52,Pending
4571,4892,2024-12-29 09:35:03,Pending
4572,2533,2026-01-30 23:37:42,Completed
4573,1653,2024-12-28 19:20:09,Completed
4574,266,2026-03-18 05:30:46,Completed
4575,697,2025-05-07 11:02:41,Cancelled
4576,4627,2026-01-26 12:46:22,Pending
4577,3964,2026-05-31 05:31:49,Pending
4578,2578,2025-05-16 13:34:53,Pending
4579,2529,2026-03-06 01:20:24,Pending
4580,2922,2026-04-06 14:15:55,Completed
4581,3262,2026-02-09 01:41:04,Completed
4582,2577,2024-12-14 05:43:07,Completed
4583,2916,2026-03-20 20:08:44,Cancelled
4584,798,2025-08-17 21:53:56,Completed
4585,4126,2026-06-28 09:40:43,Completed
4586,1231,2024-08-18 20:11:23,Pending
4587,3131,2025-11-21 01:34:40,Completed
4588,307,2024-11-17 20:31:28,Completed
4589,1242,2026-07-19 11:21:46,Completed
4590,646,2024-08-09 17:11:18,Completed
4591,765,2025-05-04 04:54:14,Cancelled
4592,1898,2025-09-18 06:56:12,Completed
4593,1154,2026-07-17 18:34:02,Completed
4594,1320,2024-11-03 04:40:52,Cancelled
4595,4110,2025-12-14 20:12:27,Completed
4596,4987,2025-01-23 07:18:57,Completed
4597,2797,2025-05-09 05:37:17,Completed
4598,1075,2024-12-26 12:51:43,Completed
4599,2952,2026-06-26 04:56:58,Completed
4600,3530,2026-02-01 16:23:12,Pending
4601,3176,2025-05-26 04:49:20,Completed
4602,4972,2025-07-30 13:20:26,Pending
4603,1249,2025-09-14 02:41:12,Completed
4604,4076,2026-03-15 20:50:51,Pending
4605,123,2024-11-17 22:50:30,Completed
4606,2536,2024-11-12 05:10:58,Completed
4607,715,2026-01-23 06:29:56,Completed
4608,3726,2026-03-02 16:57:35,Completed
4609,2422,2024-09-23 14:32:35,Completed
4610,2295,2025-10-27 05:00:09,Completed
4611,2895,2026-03-05 11:38:24,Pending
4612,1468,2026-02-25 00:39:57,Completed
4613,3775,2026-03-15 09:25:07,Completed
4614,3877,2025-07-16 00:54:49,Cancelled
4615,3622,2025-09-28 11:41:24,Completed
4616,1151,2026-08-01 12:51:36,Cancelled
4617,4660,2026-03-29 02:24:31,Completed
4618,2978,2025-08-13 00:08:13,Completed
4619,3285,2025-03-31 20:13:25,Completed
4620,1057,2025-08-29 10:53:16,Completed
4621,4199,2025-07-25 19:47:45,Completed
4622,2570,2026-05-17 19:02:09,Completed
4623,3385,2026-02-18 02:41:25,Completed
4624,2154,2024-08-28 11:43:45,Completed
4625,350,2026-07-08 18:54:15,Completed
4626,468,2026-05-23 17:46:38,Completed
4627,2006,2025-01-04 02:54:16,Completed
4628,4595,2026-01-29 22:37:55,Pending
4629,863,2026-07-03 00:18:00,Completed
4630,1297,2025-08-01 15:45:29,Completed
4631,598,2026-01-25 10:58:43,Completed
4632,3787,2025-05-20 22:19:03,Completed
4633,2859,2024-11-12 18:47:58,Completed
4634,4384,2025-07-21 14:09:31,Cancelled
4635,3809,2026-06-28 08:14:16,Completed
4636,1477,2024-08-20 23:04:19,Completed
4637,3252,2024-09-04 09:44:58,Completed
4638,1635,2026-05-31 04:19:47,Completed
4639,529,2025-01-09 04:31:23,Completed
4640,4951,2025-12-04 10:30:46,Completed
4641,3902,2024-09-27 08:00:46,Completed
4642,3724,2025-10-15 00:23:47,Pending
4643,1276,2026-02-26 03:44:46,Cancelled
4644,1193,2024-08-11 08:54:01,Completed
4645,2623,2026-01-05 02:07:07,Completed
4646,4925,2025-07-20 23:14:36,Completed
4647,512,2025-03-23 00:48:12,Cancelled
4648,2962,2024-09-22 17:50:51,Completed
4649,3879,2025-10-11 21:43:12,Completed
4650,1733,2026-01-20 05:28:33,Completed
4651,3465,2025-10-25 05:11:20,Completed
4652,1443,2024-09-16 04:56:39,Pending
4653,568,2025-03-26 08:28:57,Completed
4654,670,2025-07-02 05:01:09,Completed
4655,3699,2025-10-26 01:14:29,Completed
4656,4299,2025-07-22 11:02:47,Completed
4657,2126,2025-11-17 18:29:53,Completed
4658,441,2025-01-14 09:57:00,Pending
4659,3511,2025-03-15 04:05:27,Completed
4660,2433,2025-06-12 20:40:53,Completed
4661,2862,2025-08-10 11:55:31,Cancelled
4662,3946,2025-04-05 16:06:04,Completed
4663,1317,2025-12-26 12:37:53,Cancelled
4664,3579,2025-12-06 19:21:45,Completed
4665,4673,2025-06-23 10:15:45,Completed
4666,82,2026-07-20 00:21:20,Completed
4667,4892,2026-03-17 03:00:41,Completed
4668,4739,2026-04-23 09:23:24,Completed
4669,2653,2026-01-24 18:12:10,Completed
4670,2593,2025-05-04 09:53:02,Pending
4671,3758,2025-10-07 00:34:08,Cancelled
4672,4092,2024-08-13 11:01:53,Completed
4673,931,2026-05-30 16:39:00,Completed
4674,3330,2024-12-24 08:14:38,Completed
4675,31,2026-02-04 05:18:41,Cancelled
4676,1030,2026-02-28 18:30:03,Completed
4677,4739,2026-01-02 01:14:17,Pending
4678,1791,2025-08-20 01:57:52,Completed
4679,1538,2025-05-19 07:25:59,Completed
4680,4474,2025-04-09 08:11:24,Completed
4681,4923,2024-11-25 22:14:05,Completed
4682,2852,2025-09-26 02:00:26,Completed
4683,1566,2025-02-13 02:59:24,Cancelled
4684,4726,2026-02-20 07:18:01,Cancelled
4685,3034,2025-10-11 13:50:19,Completed
4686,133,2025-09-13 05:38:58,Completed
4687,2515,2025-03-04 09:57:02,Completed
4688,1022,2026-02-18 07:13:14,Completed
4689,3736,2026-07-24 18:29:16,Completed
4690,2882,2025-06-15 22:31:45,Completed
4691,4444,2025-03-19 19:53:10,Completed
4692,2752,2025-02-22 07:54:26,Completed
4693,1441,2026-05-10 05:16:17,Completed
4694,3057,2025-09-06 01:23:21,Completed
4695,4874,2026-06-06 15:10:16,Completed
4696,3571,2025-01-17 21:48:18,Completed
4697,3584,2025-09-17 11:12:33,Completed
4698,813,2026-06-05 03:12:54,Cancelled
4699,851,2025-08-13 10:37:08,Pending
4700,135,2026-05-18 17:57:09,Completed
4701,3370,2025-12-01 17:27:23,Completed
4702,4463,2026-07-27 17:34:38,Pending
4703,3639,2025-01-10 01:02:17,Completed
4704,268,2025-06-21 04:30:31,Completed
4705,3446,2026-06-07 04:40:49,Completed
4706,3725,2026-03-23 10:40:46,Completed
4707,938,2024-11-25 07:44:49,Completed
4708,3847,2025-09-09 16:52:46,Cancelled
4709,2873,2025-09-07 06:50:57,Cancelled
4710,3801,2024-12-15 15:08:44,Completed
4711,3243,2025-08-29 10:55:59,Pending
4712,3070,2026-02-28 17:29:20,Completed
4713,4158,2025-10-03 00:23:08,Completed
4714,2167,2024-12-01 20:39:59,Completed
4715,3398,2025-09-12 16:49:21,Completed
4716,35,2025-02-15 05:53:15,Cancelled
4717,3397,2026-06-26 05:10:47,Pending
4718,216,2025-08-23 02:24:57,Completed
4719,3068,2024-10-08 05:07:48,Completed
4720,4252,2024-12-27 21:42:29,Completed
4721,4915,2025-09-10 04:52:00,Completed
4722,1397,2025-10-09 11:42:28,Cancelled
4723,3523,2025-07-09 10:26:17,Completed
4724,3207,2024-12-05 13:41:03,Completed
4725,3223,2025-05-24 03:11:47,Completed
4726,4734,2026-05-11 14:25:29,Completed
4727,3199,2026-05-01 12:09:25,Cancelled
4728,1424,2025-01-16 23:35:15,Completed
4729,2607,2025-02-21 15:34:11,Completed
4730,3584,2026-06-03 10:32:16,Completed
4731,1035,2024-09-16 14:43:02,Completed
4732,4727,2025-12-02 12:07:57,Completed
4733,2132,2026-05-03 17:00:11,Completed
4734,1303,2025-04-15 06:34:22,Cancelled
4735,1670,2026-08-03 19:54:36,Pending
4736,211,2024-09-24 05:09:32,Completed
4737,4861,2025-07-11 09:15:34,Completed
4738,4454,2025-09-27 03:35:24,Cancelled
4739,646,2024-12-12 10:38:24,Completed
4740,208,2025-12-20 23:38:43,Completed
4741,1070,2026-07-25 14:55:36,Cancelled
4742,2934,2025-02-12 03:13:54,Completed
4743,1817,2025-11-10 02:18:29,Completed
4744,4387,2025-01-14 21:02:54,Completed
4745,3098,2025-11-02 12:47:27,Completed
4746,424,2024-11-24 05:28:06,Completed
4747,1178,2026-06-14 04:10:53,Completed
4748,4747,2025-02-05 08:38:15,Completed
4749,909,2024-08-21 18:37:00,Completed
4750,4882,2025-10-19 23:18:03,Completed
4751,1162,2024-11-11 12:57:56,Completed
4752,1480,2026-02-02 01:48:48,Pending
4753,4049,2024-10-15 11:52:20,Completed
4754,1704,2026-07-13 13:38:18,Completed
4755,4023,2025-12-21 15:43:03,Completed
4756,3390,2024-10-24 09:29:16,Pending
4757,626,2025-10-01 06:21:02,Completed
4758,3440,2025-04-08 14:59:18,Completed
4759,2569,2025-11-29 07:27:06,Completed
4760,3694,2026-08-04 23:04:07,Completed
4761,1473,2024-11-15 00:28:05,Completed
4762,1464,2026-02-02 15:11:37,Completed
4763,4970,2025-10-02 07:05:54,Completed
4764,961,2025-11-30 03:50:48,Cancelled
4765,2841,2025-12-31 23:07:38,Completed
4766,4916,2025-03-11 18:20:14,Completed
4767,1298,2025-09-03 17:00:39,Completed
4768,2085,2026-01-02 09:49:44,Cancelled
4769,1580,2024-11-13 13:25:15,Completed
4770,4391,2025-08-11 22:55:09,Pending
4771,4193,2025-02-02 09:38:15,Completed
4772,1772,2025-07-21 02:54:41,Completed
4773,941,2025-09-27 13:13:12,Completed
4774,242,2024-08-31 22:36:33,Completed
4775,1801,2025-11-16 10:27:40,Pending
4776,1037,2025-04-02 15:58:32,Completed
4777,3946,2026-04-10 07:30:47,Completed
4778,754,2024-08-12 13:56:41,Completed
4779,4518,2024-12-31 09:35:09,Completed
4780,3827,2025-11-11 04:02:42,Completed
4781,4062,2025-10-02 15:03:02,Completed
4782,3277,2025-08-01 09:30:46,Cancelled
4783,2049,2024-11-06 15:40:24,Completed
4784,2303,2026-03-17 06:27:25,Cancelled
4785,843,2026-01-21 20:58:30,Completed
4786,4814,2025-08-23 10:28:00,Completed
4787,1687,2026-06-17 18:26:17,Cancelled
4788,3997,2025-03-27 16:38:36,Completed
4789,3655,2026-02-18 23:55:39,Completed
4790,2226,2024-12-22 03:29:52,Completed
4791,882,2026-05-12 23:02:47,Completed
4792,3517,2024-12-16 20:41:42,Completed
4793,2892,2025-06-07 23:29:27,Completed
4794,527,2026-06-07 21:52:43,Completed
4795,277,2025-03-30 20:07:45,Cancelled
4796,2074,2025-08-02 20:49:00,Completed
4797,2405,2024-12-07 01:49:43,Completed
4798,4346,2026-01-18 14:07:21,Completed
4799,246,2026-05-20 23:14:49,Completed
4800,2644,2025-09-28 16:09:09,Completed
4801,1524,2025-08-20 01:12:13,Completed
4802,596,2025-08-05 14:49:54,Completed
4803,3045,2026-04-25 13:22:13,Completed
4804,2576,2024-09-10 23:18:45,Completed
4805,2610,2026-01-10 13:23:29,Completed
4806,2695,2024-11-09 00:41:44,Completed
4807,4649,2026-05-12 14:24:52,Completed
4808,1906,2024-08-24 22:31:41,Completed
4809,3159,2025-01-23 18:24:02,Completed
4810,1739,2024-11-26 20:56:35,Completed
4811,844,2025-02-10 18:29:51,Completed
4812,4980,2024-11-09 17:35:05,Cancelled
4813,613,2025-04-24 12:00:47,Completed
4814,3455,2025-01-09 03:21:51,Completed
4815,3566,2024-12-02 06:57:22,Completed
4816,2623,2025-04-04 22:30:16,Completed
4817,407,2026-05-04 02:23:56,Completed
4818,4085,2025-02-27 06:04:29,Pending
4819,2249,2025-05-27 01:35:09,Completed
4820,1017,2026-04-21 01:49:06,Completed
4821,4927,2026-03-08 09:07:45,Completed
4822,3137,2026-04-18 12:28:03,Completed
4823,175,2025-06-21 09:10:30,Completed
4824,4717,2025-03-17 10:23:12,Cancelled
4825,3783,2025-06-30 10:49:06,Completed
4826,3300,2026-02-08 14:03:56,Pending
4827,4371,2024-11-16 19:08:22,Cancelled
4828,321,2025-03-27 16:43:17,Completed
4829,134,2026-04-25 04:55:50,Pending
4830,780,2024-09-01 23:06:49,Completed
4831,3401,2024-09-26 16:01:18,Completed
4832,2251,2025-08-13 00:51:29,Completed
4833,2833,2025-11-10 07:21:21,Completed
4834,4559,2026-05-10 13:33:15,Completed
4835,4046,2026-02-25 20:46:24,Completed
4836,3223,2024-11-15 00:29:05,Completed
4837,3724,2025-12-09 04:43:08,Completed
4838,995,2025-07-01 09:14:53,Completed
4839,842,2024-09-26 00:34:13,Pending
4840,392,2024-09-26 09:02:47,Completed
4841,1137,2026-04-09 15:52:49,Completed
4842,2645,2025-04-14 02:32:09,Completed
4843,3570,2026-03-16 23:38:40,Completed
4844,722,2025-07-27 00:34:06,Completed
4845,3022,2026-05-24 03:40:46,Completed
4846,4404,2025-01-08 22:30:50,Cancelled
4847,431,2026-01-08 00:53:47,Completed
4848,353,2026-07-03 06:44:48,Completed
4849,2493,2026-03-06 19:00:45,Pending
4850,2698,2025-06-26 15:05:30,Completed
4851,3110,2025-09-07 07:49:56,Completed
4852,1396,2026-03-12 23:30:35,Cancelled
4853,4780,2026-06-25 08:27:32,Completed
4854,1035,2025-07-14 16:06:52,Completed
4855,1213,2026-02-02 04:42:47,Completed
4856,3386,2025-12-27 15:59:16,Completed
4857,1003,2024-09-26 22:38:29,Completed
4858,1971,2026-02-27 16:25:49,Completed
4859,4015,2026-04-03 15:41:22,Cancelled
4860,2638,2024-11-14 12:58:04,Completed
4861,3955,2026-07-06 09:01:51,Completed
4862,2162,2025-07-01 20:28:04,Completed
4863,679,2026-08-04 23:43:54,Completed
4864,1986,2026-06-18 12:38:42,Completed
4865,1687,2024-08-13 15:39:47,Completed
4866,616,2024-08-10 18:56:59,Cancelled
4867,494,2025-04-07 19:10:33,Completed
4868,1771,2026-01-21 05:15:22,Completed
4869,3155,2025-01-12 16:26:37,Completed
4870,857,2025-08-14 23:06:39,Completed
4871,4838,2026-04-04 15:56:50,Completed
4872,4211,2025-06-03 13:09:45,Completed
4873,2555,2025-06-29 20:00:17,Completed
4874,1262,2025-11-13 07:08:13,Completed
4875,866,2025-08-23 19:24:20,Cancelled
4876,1793,2025-01-30 00:59:38,Cancelled
4877,3159,2025-04-13 14:36:23,Cancelled
4878,4207,2024-08-13 03:39:19,Completed
4879,3279,2025-05-27 11:04:28,Completed
4880,2277,2026-07-20 15:40:38,Completed
4881,2517,2025-03-06 05:01:33,Cancelled
4882,4729,2026-03-02 22:34:20,Completed
4883,1207,2024-11-20 20:31:57,Completed
4884,878,2025-12-01 14:41:44,Completed
4885,1971,2024-12-06 07:49:15,Pending
4886,3776,2025-08-22 02:09:50,Completed
4887,235,2026-04-23 22:43:02,Completed
4888,4350,2024-08-08 16:50:46,Completed
4889,2176,2026-07-04 15:07:12,Completed
4890,4509,2025-01-12 04:54:01,Pending
4891,3535,2026-05-13 07:49:20,Completed
4892,3252,2025-03-11 11:24:07,Completed
4893,4161,2025-04-03 18:31:28,Completed
4894,3616,2024-11-03 14:29:37,Completed
4895,802,2024-09-15 15:09:32,Pending
4896,3134,2025-05-16 10:45:31,Completed
4897,3462,2026-03-29 17:59:33,Completed
4898,1552,2024-10-26 13:03:50,Completed
4899,4867,2026-03-21 07:29:15,Completed
4900,4977,2025-07-21 06:49:59,Completed
4901,3552,2026-05-28 02:21:58,Completed
4902,409,2026-01-05 16:24:36,Completed
4903,910,2026-03-24 08:22:44,Completed
4904,436,2026-02-18 20:54:40,Completed
4905,4713,2025-09-11 23:16:03,Completed
4906,540,2026-07-06 05:09:14,Completed
4907,2257,2025-05-24 04:42:19,Completed
4908,3315,2026-06-22 17:33:40,Completed
4909,830,2025-02-11 11:06:47,Completed
4910,2198,2025-06-12 05:27:37,Completed
4911,1402,2025-09-13 01:55:53,Completed
4912,2848,2025-07-15 06:47:52,Completed
4913,4885,2025-04-13 18:17:08,Completed
4914,26,2026-05-01 19:28:36,Pending
4915,4123,2025-08-14 23:32:54,Cancelled
4916,3906,2026-05-28 02:28:13,Completed
4917,1955,2024-12-03 17:24:45,Completed
4918,569,2026-05-30 17:24:10,Completed
4919,2722,2026-01-04 21:42:58,Completed
4920,1162,2025-04-13 16:28:16,Cancelled
4921,3888,2025-04-08 04:58:07,Completed
4922,171,2025-12-16 08:58:53,Completed
4923,2162,2026-05-27 05:08:24,Completed
4924,1399,2025-05-12 18:10:40,Completed
4925,80,2025-02-03 08:11:42,Completed
4926,3882,2026-06-26 22:23:54,Completed
4927,4001,2024-12-31 00:55:50,Completed
4928,3872,2026-08-06 10:37:38,Completed
4929,143,2026-07-30 15:13:17,Completed
4930,2382,2025-03-24 13:06:16,Completed
4931,4304,2025-03-20 16:58:31,Completed
4932,1201,2026-05-17 21:55:14,Completed
4933,820,2025-03-22 00:40:12,Completed
4934,2750,2024-08-19 23:59:57,Completed
4935,2874,2024-11-24 22:49:47,Cancelled
4936,2109,2025-01-23 02:36:53,Completed
4937,2077,2026-03-03 19:58:46,Completed
4938,112,2025-04-20 10:32:53,Completed
4939,2467,2026-01-27 17:52:11,Completed
4940,4243,2025-03-26 09:16:01,Completed
4941,4881,2025-10-09 09:58:08,Completed
4942,2212,2025-06-07 21:45:29,Completed
4943,170,2024-08-27 05:15:19,Completed
4944,3362,2025-01-12 10:28:52,Completed
4945,1161,2026-03-04 00:44:49,Completed
4946,254,2025-09-25 13:12:20,Completed
4947,3529,2025-01-10 00:57:38,Completed
4948,732,2025-11-05 17:05:09,Completed
4949,3095,2026-01-25 09:06:08,Completed
4950,2244,2026-08-01 08:42:04,Completed
4951,4464,2026-07-03 09:28:30,Completed
4952,3681,2026-02-10 04:29:36,Cancelled
4953,4317,2024-10-11 15:59:43,Completed
4954,2858,2024-09-05 11:36:44,Completed
4955,3204,2025-08-29 22:39:20,Completed
4956,2264,2026-05-31 03:04:29,Completed
4957,337,2025-12-08 09:17:26,Completed
4958,2813,2024-10-31 16:49:17,Completed
4959,1008,2025-09-25 13:55:58,Completed
4960,3728,2026-01-16 23:00:34,Completed
4961,2843,2025-06-11 07:57:29,Completed
4962,69,2026-05-31 00:09:22,Completed
4963,1206,2025-09-02 00:05:42,Completed
4964,1231,2025-12-13 05:09:39,Completed
4965,2374,2026-02-28 05:35:11,Completed
4966,1333,2025-01-26 21:06:36,Completed
4967,2362,2025-01-21 17:52:05,Pending
4968,2415,2025-07-04 01:57:08,Pending
4969,336,2025-01-11 01:51:02,Completed
4970,4859,2025-10-17 05:19:36,Completed
4971,4001,2025-12-01 12:37:12,Completed
4972,3526,2026-04-15 10:15:29,Completed
4973,6,2025-12-10 07:25:24,Pending
4974,1129,2025-03-12 05:22:29,Completed
4975,2321,2026-03-31 05:08:53,Completed
4976,4113,2025-11-23 22:19:47,Completed
4977,4594,2025-08-06 10:59:21,Completed
4978,705,2025-02-25 18:25:08,Completed
4979,1169,2025-02-16 13:14:37,Cancelled
4980,1612,2025-03-10 20:59:49,Completed
4981,662,2025-12-03 08:54:27,Completed
4982,264,2026-05-10 09:16:11,Completed
4983,2906,2024-11-19 09:32:30,Completed
4984,3165,2026-05-27 04:54:05,Completed
4985,804,2025-02-15 20:47:39,Completed
4986,2475,2026-05-25 23:22:06,Completed
4987,1420,2024-10-25 05:02:28,Completed
4988,2642,2025-10-18 09:55:45,Completed
4989,1141,2025-04-07 05:25:25,Completed
4990,1635,2026-05-17 12:10:39,Completed
4991,3411,2024-08-08 09:55:15,Completed
4992,2467,2025-02-18 11:11:06,Completed
4993,2436,2025-10-22 08:36:21,Completed
4994,3778,2026-06-18 16:11:11,Completed
4995,3080,2025-01-26 08:43:34,Completed
4996,3580,2025-11-01 11:28:01,Pending
4997,4314,2026-06-20 15:35:14,Completed
4998,2567,2025-08-27 14:43:54,Completed
4999,2930,2025-05-08 09:04:32,Completed
5000,3504,2025-03-23 16:51:18,Completed
5001,3361,2026-05-13 22:42:31,Completed
5002,4579,2025-11-01 11:47:17,Pending
5003,3449,2026-06-06 14:32:02,Pending
5004,1152,2025-10-01 15:41:01,Completed
5005,2478,2026-04-22 00:05:55,Completed
5006,4755,2025-11-23 14:07:33,Completed
5007,1043,2026-05-08 04:42:02,Completed
5008,4634,2026-02-15 19:10:45,Completed
5009,439,2025-01-18 10:32:37,Completed
5010,3217,2026-02-21 22:12:40,Completed
5011,49,2026-03-10 11:04:13,Completed
5012,4244,2025-12-05 16:48:54,Completed
5013,446,2026-06-02 11:56:53,Pending
5014,2214,2025-09-04 02:41:12,Completed
5015,877,2025-06-19 05:47:52,Completed
5016,798,2024-11-13 15:07:15,Completed
5017,4633,2024-12-07 00:28:25,Completed
5018,2715,2025-12-24 11:46:56,Completed
5019,995,2024-09-16 13:29:51,Completed
5020,4185,2024-11-08 11:47:52,Completed
5021,435,2024-12-09 04:05:08,Completed
5022,4230,2025-01-24 23:44:55,Completed
5023,4058,2026-01-12 16:54:06,Completed
5024,1268,2025-10-06 08:15:56,Completed
5025,2547,2024-11-07 22:00:38,Completed
5026,53,2025-02-22 09:36:09,Completed
5027,1645,2025-02-27 08:16:28,Completed
5028,1,2025-04-26 08:01:19,Completed
5029,992,2026-07-15 21:32:47,Completed
5030,2026,2026-01-27 08:03:41,Completed
5031,3881,2025-08-18 11:01:43,Pending
5032,4144,2026-06-01 01:46:47,Completed
5033,456,2026-04-26 14:50:53,Cancelled
5034,2457,2025-02-20 09:30:16,Completed
5035,1508,2025-09-12 13:44:38,Completed
5036,4479,2026-02-18 17:46:33,Completed
5037,3598,2025-11-23 03:45:48,Completed
5038,1010,2026-02-02 16:46:04,Completed
5039,178,2025-10-02 18:03:14,Completed
5040,1972,2025-03-04 22:29:50,Completed
5041,4479,2025-01-23 00:07:46,Completed
5042,3936,2024-11-27 03:48:54,Completed
5043,820,2025-11-18 11:39:53,Cancelled
5044,4039,2025-07-02 17:12:05,Completed
5045,2255,2025-06-28 22:29:33,Completed
5046,880,2025-09-07 08:55:56,Completed
5047,3481,2024-10-22 06:23:11,Completed
5048,2322,2025-11-06 00:22:29,Completed
5049,4623,2025-03-29 18:58:19,Completed
5050,4756,2025-03-13 21:11:51,Completed
5051,3642,2025-01-09 22:17:22,Pending
5052,2906,2025-07-17 19:21:44,Cancelled
5053,3834,2026-01-10 03:09:04,Completed
5054,3755,2025-01-18 17:01:32,Completed
5055,1297,2025-07-09 16:00:36,Completed
5056,4123,2025-02-19 05:13:54,Completed
5057,4302,2025-07-14 00:48:32,Completed
5058,515,2025-08-20 01:46:15,Completed
5059,1241,2025-03-19 11:35:44,Completed
5060,4614,2025-12-30 06:10:33,Completed
5061,1148,2025-04-09 16:19:20,Completed
5062,2482,2026-05-21 11:53:46,Cancelled
5063,559,2024-10-16 08:14:00,Cancelled
5064,3963,2026-03-05 01:38:58,Completed
5065,3865,2025-05-09 16:47:37,Completed
5066,1478,2025-02-20 00:27:25,Completed
5067,4154,2024-08-31 21:26:48,Completed
5068,4305,2024-11-09 20:17:40,Completed
5069,2655,2026-08-04 21:52:19,Completed
5070,4758,2026-02-23 21:05:52,Completed
5071,3308,2026-01-25 06:34:13,Pending
5072,242,2026-03-19 13:18:14,Completed
5073,1304,2025-09-08 16:29:35,Completed
5074,871,2025-01-04 16:44:55,Completed
5075,3903,2024-10-15 13:09:33,Completed
5076,1897,2024-10-02 20:03:51,Cancelled
5077,1939,2025-12-12 00:14:46,Completed
5078,1426,2025-06-27 15:58:35,Completed
5079,3147,2025-08-11 05:02:57,Completed
5080,3442,2026-07-06 14:04:28,Cancelled
5081,508,2025-12-27 14:01:47,Completed
5082,938,2025-09-08 17:24:45,Pending
5083,598,2025-05-27 12:28:36,Completed
5084,3067,2024-09-28 12:25:25,Completed
5085,242,2024-08-21 19:39:11,Cancelled
5086,2631,2025-09-13 06:14:18,Completed
5087,3683,2024-12-21 02:58:32,Completed
5088,4701,2025-01-13 03:30:52,Completed
5089,1604,2025-07-18 02:40:35,Completed
5090,3585,2024-12-01 00:34:46,Completed
5091,1848,2026-01-24 15:09:51,Completed
5092,1328,2024-09-21 22:53:34,Completed
5093,4330,2026-05-20 16:30:20,Completed
5094,1576,2025-01-19 13:57:16,Pending
5095,199,2026-07-02 04:13:06,Completed
5096,789,2024-11-23 17:21:38,Completed
5097,1152,2025-03-21 02:19:09,Completed
5098,2946,2025-07-24 17:21:59,Completed
5099,4656,2025-09-22 22:36:05,Completed
5100,590,2025-09-25 13:13:07,Completed
5101,4327,2025-06-02 02:52:30,Completed
5102,1700,2025-09-10 05:16:00,Completed
5103,3881,2026-03-14 00:24:29,Completed
5104,2921,2025-08-04 15:22:29,Completed
5105,4577,2024-10-14 04:53:34,Completed
5106,551,2024-11-22 07:57:43,Completed
5107,3082,2024-12-14 02:11:59,Completed
5108,4663,2025-06-25 18:41:36,Pending
5109,4238,2024-10-11 21:02:34,Completed
5110,967,2026-03-23 02:26:56,Completed
5111,422,2025-09-29 03:52:25,Completed
5112,2711,2026-04-17 06:40:00,Pending
5113,2375,2024-09-16 13:45:31,Cancelled
5114,2060,2026-06-15 07:30:48,Completed
5115,2932,2025-03-10 07:14:04,Pending
5116,1294,2025-01-24 06:20:24,Cancelled
5117,613,2025-08-24 00:37:01,Completed
5118,1978,2024-10-04 12:46:48,Completed
5119,4097,2026-02-04 20:07:47,Completed
5120,465,2024-11-04 15:44:22,Completed
5121,909,2026-05-26 23:51:37,Completed
5122,2155,2026-05-15 11:53:18,Completed
5123,265,2024-10-30 16:27:34,Completed
5124,2138,2025-07-22 18:12:07,Completed
5125,487,2025-06-07 05:29:00,Completed
5126,4482,2024-08-27 09:54:39,Completed
5127,2701,2025-09-02 11:51:32,Cancelled
5128,511,2026-04-22 23:41:29,Completed
5129,598,2025-02-03 21:21:53,Completed
5130,4620,2025-12-26 23:50:06,Cancelled
5131,290,2024-12-09 00:44:29,Completed
5132,580,2026-07-26 13:43:00,Cancelled
5133,4901,2024-12-17 05:48:23,Completed
5134,661,2025-08-13 16:19:21,Completed
5135,3923,2025-09-14 05:19:39,Cancelled
5136,2217,2026-06-05 19:24:11,Completed
5137,853,2026-06-24 06:03:41,Pending
5138,4159,2025-06-25 17:16:06,Completed
5139,2870,2026-06-11 22:11:08,Completed
5140,2486,2025-04-20 13:40:31,Completed
5141,1866,2024-09-26 13:33:29,Pending
5142,454,2025-02-22 23:36:57,Pending
5143,1608,2024-08-13 17:42:24,Completed
5144,3108,2025-03-27 20:14:02,Completed
5145,149,2026-05-01 09:20:57,Completed
5146,428,2025-08-22 12:03:43,Completed
5147,3091,2025-11-21 10:47:18,Completed
5148,3521,2026-04-17 09:24:44,Completed
5149,4502,2025-03-28 04:35:08,Completed
5150,3588,2024-09-01 22:24:15,Completed
5151,3013,2026-02-08 16:13:44,Completed
5152,2811,2024-10-29 13:49:38,Completed
5153,475,2024-08-17 08:04:51,Completed
5154,754,2025-05-14 16:41:32,Completed
5155,1861,2025-12-21 04:41:39,Completed
5156,4393,2024-08-25 01:24:46,Completed
5157,123,2025-01-14 09:33:45,Completed
5158,2048,2024-11-27 07:10:58,Completed
5159,628,2025-04-21 13:42:49,Pending
5160,3593,2024-10-03 01:52:23,Completed
5161,359,2025-05-05 10:57:39,Completed
5162,4935,2025-10-08 02:11:34,Completed
5163,2001,2024-10-30 07:53:13,Cancelled
5164,1063,2025-10-20 13:37:28,Completed
5165,3922,2025-05-30 04:03:28,Completed
5166,630,2024-11-23 09:30:32,Pending
5167,4454,2025-08-16 14:55:54,Completed
5168,2925,2025-08-03 10:07:07,Completed
5169,1805,2025-05-08 11:22:04,Completed
5170,2480,2025-08-18 08:48:14,Cancelled
5171,4518,2024-10-09 14:01:16,Completed
5172,2001,2025-10-08 00:41:20,Completed
5173,2192,2026-03-04 05:35:11,Completed
5174,4436,2026-06-08 04:16:00,Completed
5175,443,2025-07-16 18:03:17,Completed
5176,3366,2024-12-18 17:18:56,Completed
5177,3984,2025-10-23 02:38:30,Completed
5178,1668,2025-02-21 17:09:54,Cancelled
5179,4268,2025-01-14 22:22:03,Completed
5180,4530,2026-07-22 01:21:58,Completed
5181,3051,2025-07-20 20:27:25,Completed
5182,1163,2025-07-11 20:21:08,Pending
5183,1926,2026-04-26 12:03:27,Completed
5184,3718,2024-10-18 03:02:09,Cancelled
5185,175,2025-07-17 01:04:47,Completed
5186,277,2025-11-27 20:56:53,Completed
5187,4819,2026-05-22 02:12:10,Completed
5188,693,2025-01-31 06:37:25,Pending
5189,4996,2025-03-21 15:05:36,Completed
5190,155,2026-07-27 11:43:28,Completed
5191,3152,2025-09-08 03:28:37,Completed
5192,1839,2026-03-30 21:07:08,Completed
5193,1511,2025-11-13 00:43:51,Completed
5194,4363,2025-09-23 12:30:44,Pending
5195,2500,2025-01-16 04:23:30,Pending
5196,2850,2025-10-02 17:50:27,Cancelled
5197,4987,2024-12-03 10:26:55,Completed
5198,2755,2026-05-25 04:37:50,Cancelled
5199,2151,2026-03-16 17:47:26,Completed
5200,4842,2024-10-22 11:20:43,Completed
5201,225,2025-02-24 15:41:50,Completed
5202,3556,2026-03-05 01:25:51,Completed
5203,468,2025-11-14 04:06:09,Completed
5204,4533,2024-09-16 03:58:02,Completed
5205,2355,2026-01-03 09:00:06,Completed
5206,4381,2025-04-17 06:25:24,Completed
5207,4691,2025-05-28 21:56:11,Completed
5208,4251,2024-10-06 22:53:08,Completed
5209,3124,2025-07-28 08:57:20,Completed
5210,1952,2025-08-05 15:27:19,Completed
5211,125,2024-10-19 08:48:25,Completed
5212,2248,2025-11-10 00:55:07,Pending
5213,2048,2025-02-26 07:27:28,Completed
5214,2424,2026-05-26 13:24:19,Completed
5215,3233,2024-08-06 14:01:53,Pending
5216,2247,2024-11-03 21:25:57,Completed
5217,2053,2025-11-04 06:48:14,Completed
5218,4981,2025-12-26 16:23:10,Pending
5219,2515,2025-02-15 13:47:44,Completed
5220,2630,2025-08-07 22:21:07,Completed
5221,1465,2025-12-01 10:49:24,Completed
5222,142,2025-12-17 02:49:28,Completed
5223,3822,2026-04-14 13:18:47,Pending
5224,2939,2025-11-06 08:54:33,Completed
5225,4560,2024-12-09 09:51:42,Completed
5226,480,2026-04-16 17:28:35,Completed
5227,652,2024-12-02 21:46:35,Completed
5228,5000,2026-03-27 10:22:39,Completed
5229,525,2025-04-15 00:41:57,Completed
5230,2114,2026-06-07 12:26:06,Completed
5231,2263,2026-06-16 06:56:00,Completed
5232,4055,2025-06-29 04:47:34,Completed
5233,1430,2025-06-11 19:22:45,Completed
5234,407,2026-01-22 00:21:41,Completed
5235,316,2025-07-02 13:50:21,Completed
5236,4152,2025-02-02 08:03:59,Completed
5237,4751,2025-10-17 06:35:05,Completed
5238,4534,2026-05-02 23:14:43,Completed
5239,499,2025-01-06 10:33:43,Cancelled
5240,2123,2025-06-25 09:21:43,Cancelled
5241,133,2024-08-10 07:10:17,Completed
5242,2895,2025-11-16 22:52:17,Completed
5243,367,2026-05-29 06:47:35,Completed
5244,2865,2024-09-22 22:38:29,Completed
5245,4153,2025-07-03 03:28:20,Completed
5246,4187,2025-01-27 18:59:02,Pending
5247,1672,2026-01-21 10:06:30,Completed
5248,3043,2024-10-29 20:56:54,Completed
5249,3408,2026-02-03 15:03:40,Pending
5250,3494,2026-03-29 19:37:04,Completed
5251,1173,2026-07-07 02:00:40,Pending
5252,4973,2025-10-28 16:54:43,Completed
5253,2745,2024-12-11 08:14:18,Cancelled
5254,3070,2025-03-08 06:43:15,Completed
5255,2409,2025-07-05 02:38:39,Completed
5256,1314,2024-10-30 18:49:14,Completed
5257,2383,2026-04-06 16:31:49,Cancelled
5258,4844,2025-09-14 00:54:29,Pending
5259,4990,2025-04-01 02:10:38,Completed
5260,2565,2025-07-31 09:19:11,Completed
5261,4164,2024-12-30 06:36:32,Completed
5262,2819,2025-08-14 11:08:29,Cancelled
5263,3104,2025-04-09 23:02:30,Completed
5264,268,2025-10-03 19:11:19,Completed
5265,1230,2026-03-13 09:23:17,Completed
5266,643,2024-11-11 13:45:15,Cancelled
5267,1840,2024-10-20 04:13:53,Completed
5268,4706,2025-03-30 11:06:00,Completed
5269,3425,2024-08-23 07:06:23,Completed
5270,994,2025-10-13 19:56:09,Completed
5271,4324,2024-09-30 00:39:08,Completed
5272,4974,2025-06-04 08:30:31,Completed
5273,4297,2025-03-03 06:18:53,Completed
5274,2597,2024-10-26 03:00:54,Completed
5275,4713,2024-11-14 13:04:07,Completed
5276,2000,2026-03-03 21:43:25,Completed
5277,2966,2026-01-19 14:44:33,Completed
5278,2579,2025-07-19 01:07:18,Completed
5279,946,2026-05-27 13:44:21,Completed
5280,3646,2025-03-17 10:03:36,Completed
5281,3359,2026-01-26 12:43:48,Completed
5282,2884,2026-02-21 09:13:17,Completed
5283,627,2026-02-20 21:00:16,Cancelled
5284,3967,2025-04-06 13:16:38,Completed
5285,3678,2026-04-19 15:52:39,Completed
5286,1883,2025-03-05 08:40:26,Completed
5287,1027,2026-08-05 08:08:27,Cancelled
5288,2007,2025-05-25 04:17:51,Completed
5289,3340,2025-03-01 19:17:56,Completed
5290,1132,2025-12-09 20:57:10,Completed
5291,2351,2024-12-03 09:43:05,Completed
5292,967,2025-10-06 10:14:03,Pending
5293,3450,2025-11-05 10:52:28,Completed
5294,1216,2025-01-12 05:18:24,Completed
5295,1623,2024-09-22 16:37:46,Completed
5296,3720,2024-12-07 07:55:58,Pending
5297,990,2024-10-06 15:22:02,Completed
5298,4544,2026-06-24 14:18:19,Completed
5299,3850,2025-06-17 07:14:13,Completed
5300,1036,2026-01-11 22:20:18,Completed
5301,3535,2024-11-18 23:20:57,Pending
5302,1368,2026-05-30 02:36:23,Cancelled
5303,1085,2026-06-24 06:20:45,Completed
5304,4337,2026-02-28 21:18:15,Cancelled
5305,3460,2026-06-25 19:01:05,Completed
5306,3296,2025-02-05 21:37:36,Completed
5307,1978,2026-06-27 16:26:15,Completed
5308,976,2025-09-01 11:30:54,Completed
5309,2758,2025-02-09 21:34:22,Completed
5310,883,2026-02-16 16:37:39,Cancelled
5311,371,2025-04-07 14:40:44,Pending
5312,2908,2024-11-22 07:40:43,Cancelled
5313,3350,2025-05-18 02:37:27,Completed
5314,3570,2025-04-05 12:57:44,Completed
5315,3909,2026-07-29 10:36:51,Completed
5316,1503,2025-08-14 13:07:17,Completed
5317,4830,2025-01-11 19:39:38,Cancelled
5318,4173,2026-05-16 23:48:13,Pending
5319,64,2024-12-26 04:26:02,Completed
5320,3031,2026-02-21 22:01:24,Completed
5321,3716,2026-02-24 05:47:08,Completed
5322,3593,2024-10-14 20:16:16,Completed
5323,4818,2025-02-01 07:05:57,Completed
5324,794,2025-09-05 22:44:09,Completed
5325,4042,2026-07-21 14:10:25,Completed
5326,4622,2024-11-03 22:58:24,Completed
5327,4303,2025-06-22 04:17:13,Completed
5328,3496,2025-01-12 19:31:29,Completed
5329,3147,2024-10-10 15:46:02,Completed
5330,1462,2026-07-14 22:19:07,Cancelled
5331,344,2025-08-17 22:02:58,Completed
5332,1726,2024-09-02 05:37:06,Completed
5333,2280,2026-01-07 10:43:31,Completed
5334,2576,2025-11-15 09:14:14,Pending
5335,2334,2026-01-28 12:29:35,Completed
5336,2359,2025-12-10 06:12:34,Completed
5337,3596,2026-07-27 06:32:44,Completed
5338,1388,2026-03-23 09:45:29,Completed
5339,2126,2025-02-20 16:30:30,Cancelled
5340,870,2026-07-17 05:48:58,Cancelled
5341,2283,2026-02-16 08:38:24,Completed
5342,1695,2025-10-05 11:49:07,Completed
5343,4168,2025-01-13 15:09:46,Completed
5344,225,2026-04-16 18:27:44,Completed
5345,326,2025-04-21 20:45:52,Cancelled
5346,4423,2025-12-21 08:28:51,Completed
5347,1599,2025-12-14 00:06:33,Pending
5348,212,2025-03-01 16:54:10,Completed
5349,2309,2025-07-06 08:23:14,Cancelled
5350,4679,2026-04-04 21:27:14,Completed
5351,3645,2025-08-30 12:13:53,Completed
5352,3718,2026-06-24 10:15:08,Completed
5353,898,2025-03-21 18:17:27,Completed
5354,983,2024-12-05 08:17:36,Completed
5355,3542,2026-06-09 04:46:45,Completed
5356,712,2026-04-01 23:49:58,Completed
5357,2282,2025-10-11 12:36:27,Completed
5358,955,2024-10-07 23:51:41,Cancelled
5359,648,2024-12-05 08:16:00,Completed
5360,1823,2025-11-03 23:40:39,Completed
5361,2680,2026-01-29 12:07:38,Completed
5362,2748,2026-06-25 21:52:42,Completed
5363,4202,2025-10-20 15:20:35,Completed
5364,607,2026-02-12 07:20:11,Completed
5365,2579,2024-11-19 16:22:41,Completed
5366,315,2025-05-08 13:34:41,Completed
5367,4271,2025-03-10 13:16:11,Completed
5368,4573,2026-03-22 07:59:39,Completed
5369,292,2025-08-30 10:19:42,Cancelled
5370,66,2025-10-14 15:45:45,Completed
5371,4804,2025-03-17 20:20:00,Completed
5372,1804,2025-08-03 08:40:37,Completed
5373,2174,2025-02-09 01:34:16,Completed
5374,3970,2026-01-22 18:01:52,Completed
5375,4070,2024-12-29 20:05:47,Completed
5376,1627,2025-07-31 18:14:31,Completed
5377,727,2026-04-15 19:08:03,Cancelled
5378,1755,2026-05-22 09:20:13,Pending
5379,552,2025-09-07 23:36:18,Completed
5380,1709,2025-06-03 10:02:12,Completed
5381,318,2025-09-14 18:16:54,Completed
5382,2156,2025-11-02 02:00:25,Completed
5383,4784,2026-07-26 16:46:11,Completed
5384,2857,2025-08-17 13:43:39,Completed
5385,1476,2026-05-24 02:10:32,Completed
5386,1900,2025-01-11 06:26:05,Completed
5387,3974,2026-04-14 22:30:29,Completed
5388,3213,2025-11-15 03:08:41,Completed
5389,4452,2025-11-25 12:01:03,Completed
5390,791,2025-04-06 09:32:21,Completed
5391,2354,2025-08-19 23:28:17,Completed
5392,3664,2025-03-31 00:53:39,Completed
5393,3481,2024-11-02 00:40:59,Completed
5394,3808,2026-08-04 01:46:53,Cancelled
5395,931,2025-03-03 23:15:18,Completed
5396,3262,2025-04-28 15:14:23,Completed
5397,3963,2025-07-20 23:55:14,Completed
5398,4008,2026-01-14 05:01:13,Completed
5399,1924,2026-05-12 21:55:36,Pending
5400,2195,2025-09-07 21:21:24,Completed
5401,3351,2024-08-12 09:25:06,Pending
5402,2648,2026-03-27 12:10:01,Completed
5403,2602,2025-02-18 18:21:17,Completed
5404,3621,2024-09-11 01:59:43,Completed
5405,2136,2025-02-12 06:02:24,Cancelled
5406,2199,2026-06-10 18:51:25,Completed
5407,1794,2025-05-08 05:18:42,Completed
5408,374,2025-02-25 04:47:30,Completed
5409,3358,2024-12-04 14:52:23,Completed
5410,1365,2025-12-03 14:44:55,Completed
5411,904,2025-04-12 21:01:21,Cancelled
5412,2701,2025-07-21 20:52:08,Completed
5413,4422,2024-10-07 15:47:40,Pending
5414,173,2024-09-25 11:48:24,Completed
5415,740,2025-06-12 07:52:51,Completed
5416,2731,2025-04-07 16:24:30,Cancelled
5417,4530,2025-06-18 08:51:26,Pending
5418,404,2026-06-05 12:36:36,Completed
5419,2967,2024-10-10 12:42:21,Completed
5420,1287,2026-07-08 23:46:13,Completed
5421,3241,2026-07-26 05:02:45,Completed
5422,1879,2025-01-10 06:55:54,Completed
5423,1323,2025-09-05 04:03:54,Cancelled
5424,2716,2026-04-05 00:47:17,Completed
5425,4530,2026-01-13 08:05:04,Completed
5426,112,2025-01-30 11:48:59,Pending
5427,165,2025-09-22 08:37:04,Completed
5428,4314,2025-08-03 23:21:55,Completed
5429,3260,2025-03-29 03:50:08,Completed
5430,347,2025-08-06 01:49:12,Completed
5431,2470,2026-06-08 09:27:29,Pending
5432,2026,2026-02-26 14:53:08,Pending
5433,1013,2025-12-04 14:57:57,Completed
5434,3096,2025-01-10 09:38:46,Completed
5435,1075,2026-02-08 19:29:27,Completed
5436,2212,2026-02-25 19:01:34,Completed
5437,627,2025-04-26 13:17:07,Pending
5438,3403,2025-12-04 10:26:47,Pending
5439,4438,2025-02-24 18:35:39,Completed
5440,1244,2026-06-10 01:11:18,Pending
5441,4819,2026-07-06 20:05:17,Completed
5442,1592,2026-04-18 13:21:45,Completed
5443,2558,2026-02-21 02:10:17,Completed
5444,3483,2025-05-23 06:28:54,Completed
5445,192,2024-10-02 14:58:31,Completed
5446,3760,2026-01-26 03:13:52,Completed
5447,2165,2024-11-14 15:44:31,Cancelled
5448,4721,2025-02-15 16:18:56,Completed
5449,2386,2025-02-26 17:44:28,Completed
5450,1821,2025-12-14 09:00:20,Cancelled
5451,4596,2025-05-10 23:44:20,Completed
5452,2330,2024-08-27 19:08:33,Cancelled
5453,4369,2025-04-30 21:31:15,Completed
5454,3133,2024-08-19 04:42:43,Pending
5455,4072,2026-03-23 00:02:17,Completed
5456,3054,2025-07-21 10:13:08,Completed
5457,888,2025-07-04 13:27:09,Completed
5458,4734,2025-02-26 09:50:30,Cancelled
5459,3256,2025-07-10 13:24:12,Completed
5460,3663,2026-04-09 12:54:34,Completed
5461,4614,2026-03-17 13:12:26,Completed
5462,2545,2026-06-01 22:33:35,Completed
5463,686,2026-01-11 15:40:49,Pending
5464,1387,2024-09-14 08:54:34,Completed
5465,4013,2026-07-11 05:05:09,Completed
5466,688,2026-02-16 01:36:40,Completed
5467,3880,2025-09-07 00:03:45,Completed
5468,4642,2025-03-18 20:36:00,Completed
5469,483,2025-07-11 23:49:48,Completed
5470,2065,2025-09-07 21:56:14,Completed
5471,2768,2026-03-16 15:09:57,Completed
5472,300,2024-10-20 22:01:49,Completed
5473,4632,2025-06-04 05:09:32,Completed
5474,46,2025-11-14 13:05:24,Completed
5475,1714,2025-09-13 05:38:10,Completed
5476,4004,2025-02-20 02:30:23,Completed
5477,2565,2024-08-28 13:30:24,Cancelled
5478,1932,2025-05-17 11:35:15,Completed
5479,3957,2025-10-06 11:18:50,Completed
5480,668,2024-10-19 15:44:49,Cancelled
5481,3488,2025-06-28 16:12:08,Completed
5482,3078,2026-04-12 14:14:47,Completed
5483,112,2026-01-04 09:14:12,Completed
5484,996,2024-11-07 00:36:15,Completed
5485,3585,2024-12-05 21:49:02,Completed
5486,932,2025-08-09 00:29:23,Pending
5487,3475,2025-06-26 07:04:52,Completed
5488,4298,2025-04-12 12:21:42,Completed
5489,4482,2024-11-08 02:29:13,Completed
5490,76,2024-09-25 12:17:24,Completed
5491,3568,2025-08-04 05:56:42,Cancelled
5492,2221,2026-04-21 07:05:54,Completed
5493,3045,2024-09-17 09:42:47,Completed
5494,1360,2025-09-17 22:30:37,Completed
5495,4287,2025-03-25 18:42:38,Completed
5496,3042,2025-05-31 01:30:32,Completed
5497,2059,2024-11-11 20:15:16,Completed
5498,1726,2026-02-06 17:22:13,Cancelled
5499,1109,2025-05-30 17:32:25,Completed
5500,3882,2025-04-02 02:27:10,Pending
5501,3411,2025-03-02 03:34:14,Completed
5502,3855,2024-09-11 08:58:22,Pending
5503,46,2025-01-12 09:52:02,Completed
5504,1538,2025-05-26 14:24:59,Completed
5505,769,2025-04-21 18:57:29,Completed
5506,2712,2024-12-31 16:53:33,Pending
5507,3840,2025-11-06 01:12:01,Completed
5508,547,2025-08-16 05:09:36,Completed
5509,4581,2025-12-26 19:20:04,Completed
5510,2826,2024-09-15 23:56:50,Completed
5511,1579,2026-02-17 09:17:26,Completed
5512,3492,2026-07-08 15:57:20,Completed
5513,2505,2025-12-02 20:31:19,Completed
5514,3304,2024-12-27 20:58:38,Cancelled
5515,4597,2026-01-21 01:45:34,Completed
5516,1660,2024-12-21 23:46:40,Pending
5517,1249,2025-05-01 01:45:31,Completed
5518,1774,2026-01-14 00:33:49,Completed
5519,2154,2026-02-25 00:25:18,Completed
5520,1038,2026-07-16 00:07:01,Completed
5521,4812,2026-04-12 14:23:51,Completed
5522,3138,2024-10-12 08:32:27,Completed
5523,4852,2025-10-24 20:39:54,Completed
5524,3879,2026-06-07 03:09:31,Completed
5525,22,2026-06-24 18:47:16,Completed
5526,1774,2026-03-30 17:04:56,Pending
5527,1201,2025-03-17 02:28:10,Completed
5528,3896,2024-11-25 01:55:15,Completed
5529,2649,2024-10-12 05:45:13,Pending
5530,428,2025-04-05 08:27:09,Completed
5531,3602,2025-09-26 22:03:26,Completed
5532,3865,2025-02-08 20:13:17,Completed
5533,4100,2025-04-21 18:20:53,Completed
5534,1973,2025-11-07 08:46:24,Completed
5535,3091,2025-07-11 06:34:49,Completed
5536,3887,2025-09-27 21:04:48,Completed
5537,4277,2026-04-19 04:36:25,Completed
5538,641,2026-04-03 01:46:20,Completed
5539,1753,2024-09-02 11:27:40,Cancelled
5540,2276,2025-06-01 17:22:52,Completed
5541,3582,2026-06-17 11:46:18,Completed
5542,4015,2026-01-30 22:06:46,Completed
5543,2053,2025-02-28 20:20:58,Completed
5544,4571,2025-12-07 01:36:15,Completed
5545,2853,2025-06-19 22:30:47,Completed
5546,2996,2025-08-11 23:44:42,Completed
5547,2835,2024-09-25 14:56:46,Completed
5548,1752,2026-03-23 09:53:16,Completed
5549,1565,2024-12-22 01:02:07,Completed
5550,1467,2025-01-31 09:20:12,Cancelled
5551,88,2025-09-09 01:54:30,Completed
5552,2958,2026-05-31 14:57:57,Completed
5553,46,2026-04-13 07:14:49,Completed
5554,2691,2026-03-22 16:07:10,Pending
5555,3022,2024-12-02 18:43:27,Cancelled
5556,4119,2025-01-03 10:13:05,Cancelled
5557,4971,2024-10-05 11:31:46,Completed
5558,2253,2026-04-05 01:50:48,Completed
5559,3263,2024-11-27 17:35:20,Pending
5560,2073,2024-12-07 21:35:20,Completed
5561,469,2026-02-12 23:51:36,Cancelled
5562,250,2025-08-17 10:12:16,Completed
5563,3857,2025-02-26 05:44:46,Cancelled
5564,3724,2024-08-15 01:23:21,Completed
5565,3879,2026-06-07 23:43:55,Completed
5566,4470,2026-03-24 04:07:14,Completed
5567,313,2025-04-03 08:15:25,Completed
5568,1255,2026-03-12 14:54:35,Completed
5569,1450,2026-03-03 04:40:39,Completed
5570,1079,2024-12-15 06:58:00,Pending
5571,979,2025-06-13 21:33:02,Pending
5572,511,2025-01-10 19:47:15,Completed
5573,4458,2026-04-02 06:50:46,Completed
5574,1591,2025-07-08 19:51:30,Completed
5575,137,2025-08-24 09:50:49,Completed
5576,2593,2024-10-14 09:44:25,Completed
5577,1387,2025-12-05 09:24:45,Cancelled
5578,4808,2025-11-27 20:28:04,Completed
5579,3001,2025-11-11 21:49:24,Completed
5580,3303,2025-01-05 05:32:17,Completed
5581,504,2025-09-20 18:13:26,Pending
5582,4109,2024-12-11 19:37:01,Completed
5583,2185,2026-01-02 05:16:25,Pending
5584,3633,2026-03-24 16:18:42,Pending
5585,4986,2025-07-03 04:06:53,Completed
5586,4141,2025-08-31 09:59:14,Completed
5587,27,2025-11-10 01:14:47,Completed
5588,4593,2024-12-14 06:30:36,Completed
5589,2798,2025-12-09 21:55:45,Completed
5590,706,2025-12-30 06:13:33,Completed
5591,3793,2024-08-07 05:02:13,Pending
5592,742,2026-04-15 13:51:12,Completed
5593,708,2025-08-10 18:21:35,Completed
5594,4843,2025-11-16 00:42:33,Completed
5595,165,2025-12-16 07:03:01,Completed
5596,86,2024-11-28 07:26:11,Completed
5597,3069,2026-02-13 23:10:34,Completed
5598,2022,2024-11-11 16:03:20,Completed
5599,1566,2025-12-07 05:07:16,Completed
5600,1088,2026-05-14 07:34:31,Completed
5601,3108,2024-11-24 20:32:44,Completed
5602,1459,2024-08-10 20:47:38,Completed
5603,4629,2026-07-17 01:17:33,Completed
5604,1852,2025-02-21 03:21:06,Completed
5605,2235,2025-12-07 11:39:36,Completed
5606,1451,2026-04-05 10:36:07,Cancelled
5607,2125,2025-12-10 22:36:26,Completed
5608,2168,2025-12-08 17:13:26,Pending
5609,2910,2024-09-29 23:05:47,Completed
5610,2858,2025-11-03 05:30:57,Completed
5611,4285,2024-09-06 18:34:44,Completed
5612,1397,2025-07-12 11:36:41,Pending
5613,4795,2025-11-24 05:39:54,Completed
5614,4407,2025-11-18 00:56:03,Completed
5615,3555,2025-10-08 00:58:52,Completed
5616,2365,2024-12-05 13:17:22,Completed
5617,4127,2025-10-25 16:06:07,Completed
5618,2204,2024-12-15 07:22:46,Pending
5619,1727,2025-05-31 21:10:11,Completed
5620,3832,2025-10-08 21:18:46,Completed
5621,945,2025-05-23 23:34:25,Completed
5622,1528,2025-09-02 16:46:02,Completed
5623,3828,2024-11-20 15:50:16,Completed
5624,3050,2025-06-24 13:04:05,Completed
5625,4821,2025-08-16 14:22:45,Cancelled
5626,2641,2024-08-13 04:40:15,Completed
5627,2940,2026-07-13 17:27:10,Completed
5628,65,2024-09-04 10:26:49,Completed
5629,3896,2025-08-14 01:52:45,Completed
5630,821,2026-05-29 13:27:39,Completed
5631,2933,2024-11-06 19:02:47,Completed
5632,3825,2025-11-08 11:57:18,Completed
5633,179,2025-03-25 08:07:52,Completed
5634,3740,2026-04-17 07:03:26,Completed
5635,3564,2026-05-16 18:13:42,Completed
5636,3880,2025-03-01 17:12:27,Completed
5637,2070,2026-07-23 21:34:06,Completed
5638,4923,2024-09-30 00:37:07,Completed
5639,3287,2025-12-17 09:47:26,Completed
5640,1920,2025-03-01 13:34:44,Completed
5641,4154,2025-03-20 22:03:52,Completed
5642,3489,2024-09-15 12:41:15,Completed
5643,4731,2025-02-09 10:47:24,Completed
5644,234,2025-11-23 11:44:26,Completed
5645,1364,2025-09-05 11:48:02,Cancelled
5646,4890,2025-04-06 06:06:21,Cancelled
5647,4294,2024-12-31 00:46:11,Completed
5648,4653,2026-06-19 22:32:09,Completed
5649,1065,2026-07-13 17:30:26,Completed
5650,441,2024-09-24 04:57:12,Cancelled
5651,2534,2025-01-22 05:12:05,Completed
5652,1159,2025-11-05 18:54:23,Completed
5653,3758,2026-04-29 14:49:43,Completed
5654,3774,2026-05-16 04:16:37,Pending
5655,1209,2025-06-12 10:18:43,Completed
5656,1410,2025-01-18 17:08:55,Completed
5657,659,2026-04-25 16:49:20,Completed
5658,1666,2025-11-17 11:31:31,Completed
5659,2005,2026-07-19 15:42:59,Completed
5660,4550,2025-12-04 22:47:35,Completed
5661,3066,2025-10-23 01:20:49,Pending
5662,1306,2026-01-05 02:45:04,Completed
5663,3857,2024-12-09 01:53:02,Completed
5664,3229,2025-01-06 23:07:02,Completed
5665,3870,2024-08-23 23:17:23,Completed
5666,3797,2025-10-25 20:01:49,Completed
5667,785,2025-03-04 01:49:11,Completed
5668,2608,2026-02-24 16:38:56,Completed
5669,1094,2025-04-28 12:39:04,Completed
5670,2680,2025-08-07 03:25:45,Completed
5671,3479,2025-08-27 09:02:54,Completed
5672,4376,2025-01-14 23:06:49,Pending
5673,4001,2025-07-08 19:39:47,Completed
5674,4805,2024-11-07 03:08:31,Pending
5675,4986,2025-03-19 18:39:41,Completed
5676,1927,2025-12-04 14:41:52,Completed
5677,2785,2025-05-02 05:15:09,Completed
5678,14,2025-03-14 04:44:09,Completed
5679,3262,2025-08-16 22:09:17,Cancelled
5680,1885,2026-04-15 21:55:48,Completed
5681,1540,2026-01-19 15:31:11,Pending
5682,2474,2025-10-07 08:50:56,Completed
5683,2782,2025-01-25 03:58:20,Completed
5684,1474,2024-08-14 03:25:34,Completed
5685,2335,2025-08-07 03:50:02,Completed
5686,3938,2026-01-12 02:06:42,Pending
5687,3455,2025-04-27 04:44:39,Completed
5688,3263,2025-04-08 18:37:56,Completed
5689,872,2024-08-08 07:18:33,Completed
5690,677,2024-12-28 00:36:51,Completed
5691,831,2026-04-29 18:46:37,Completed
5692,3314,2025-02-08 12:50:51,Completed
5693,101,2025-05-21 18:49:58,Completed
5694,1055,2025-03-01 04:32:20,Completed
5695,3146,2024-12-10 11:13:30,Completed
5696,95,2025-06-28 05:43:53,Completed
5697,3291,2025-11-19 22:36:15,Completed
5698,447,2025-07-04 02:34:01,Completed
5699,2119,2025-04-15 09:32:58,Completed
5700,950,2025-12-15 16:09:06,Completed
5701,3689,2026-07-18 21:50:33,Completed
5702,3880,2025-07-15 14:51:21,Completed
5703,4383,2024-12-03 16:54:18,Cancelled
5704,915,2024-12-24 08:31:19,Completed
5705,3474,2026-04-23 14:16:12,Completed
5706,3142,2026-07-15 08:07:12,Completed
5707,656,2025-02-04 18:19:21,Completed
5708,2762,2025-10-30 06:41:29,Cancelled
5709,4835,2026-06-22 05:30:24,Completed
5710,4219,2025-05-26 20:47:00,Completed
5711,3728,2025-07-03 01:29:12,Completed
5712,3808,2026-02-25 00:36:02,Completed
5713,996,2025-07-30 23:48:39,Completed
5714,3771,2025-06-26 02:46:21,Completed
5715,4910,2025-11-19 15:46:40,Completed
5716,2068,2025-09-08 11:15:15,Completed
5717,2427,2026-06-25 15:01:12,Completed
5718,193,2026-02-27 11:05:17,Completed
5719,1465,2024-10-10 15:17:03,Completed
5720,3417,2024-10-24 00:19:24,Pending
5721,2660,2026-03-23 21:29:02,Completed
5722,292,2024-09-24 01:01:32,Completed
5723,2927,2025-10-22 13:54:32,Completed
5724,4353,2025-02-12 00:05:16,Completed
5725,2037,2025-03-28 23:57:38,Completed
5726,4383,2024-12-09 20:37:20,Pending
5727,1185,2025-04-08 16:18:34,Completed
5728,3532,2025-02-21 16:11:32,Completed
5729,2830,2025-07-02 11:20:17,Cancelled
5730,2000,2025-02-03 23:45:09,Cancelled
5731,4289,2024-11-25 18:36:45,Completed
5732,333,2025-03-27 00:53:05,Pending
5733,3054,2025-01-31 20:14:49,Pending
5734,4992,2025-12-01 19:04:10,Cancelled
5735,829,2025-09-19 02:43:28,Completed
5736,646,2024-08-11 11:24:49,Completed
5737,2474,2025-04-02 17:47:25,Completed
5738,184,2024-10-06 18:40:17,Completed
5739,2105,2024-11-02 13:02:19,Completed
5740,650,2025-03-18 03:20:15,Completed
5741,3551,2025-04-24 21:07:16,Cancelled
5742,1570,2026-04-17 21:02:51,Completed
5743,2484,2026-07-29 07:46:33,Completed
5744,4417,2026-03-14 21:59:33,Completed
5745,1997,2025-04-13 18:57:07,Completed
5746,401,2024-10-28 12:39:23,Completed
5747,3875,2025-04-17 11:53:49,Completed
5748,3580,2025-12-09 01:34:38,Completed
5749,1522,2025-08-09 18:46:51,Completed
5750,375,2025-01-25 09:03:53,Completed
5751,1485,2025-04-23 19:37:35,Completed
5752,2234,2025-12-04 11:25:59,Pending
5753,1697,2024-09-18 15:24:25,Pending
5754,3395,2025-07-16 20:54:51,Completed
5755,2251,2025-09-07 03:11:36,Completed
5756,4908,2025-04-27 19:51:10,Completed
5757,2607,2025-05-27 16:12:49,Pending
5758,1842,2025-02-13 23:13:08,Pending
5759,2660,2025-05-03 18:05:03,Completed
5760,2358,2026-07-28 18:33:48,Completed
5761,4992,2025-04-02 21:30:50,Completed
5762,4817,2025-02-14 03:15:54,Completed
5763,4877,2025-06-25 09:03:51,Completed
5764,3188,2026-04-19 18:03:54,Completed
5765,4569,2025-09-25 01:17:16,Pending
5766,2791,2025-11-13 08:44:14,Completed
5767,3641,2024-11-11 10:02:41,Completed
5768,4088,2025-01-05 08:38:33,Completed
5769,1393,2025-10-27 08:34:01,Completed
5770,2095,2025-09-12 20:21:02,Completed
5771,4681,2026-02-13 06:29:52,Cancelled
5772,3986,2026-05-13 12:59:27,Completed
5773,2829,2025-02-23 22:50:53,Pending
5774,4339,2024-12-10 22:14:11,Completed
5775,2391,2025-03-04 15:27:48,Completed
5776,3699,2025-06-19 19:58:12,Completed
5777,243,2026-06-01 09:26:55,Completed
5778,4792,2025-05-22 03:05:20,Completed
5779,2881,2024-08-09 03:02:11,Completed
5780,3403,2025-03-17 01:12:06,Cancelled
5781,192,2025-11-02 17:37:33,Completed
5782,2326,2025-03-06 04:30:29,Completed
5783,4021,2024-09-16 02:14:33,Cancelled
5784,3075,2025-03-26 18:24:01,Cancelled
5785,1079,2025-03-18 03:24:17,Completed
5786,1012,2024-10-17 09:18:58,Pending
5787,1789,2026-04-16 04:26:59,Completed
5788,907,2026-04-04 04:49:40,Completed
5789,1464,2026-03-05 14:39:16,Completed
5790,3286,2026-01-27 05:52:17,Completed
5791,2884,2025-04-18 13:34:11,Completed
5792,3426,2026-03-03 20:17:11,Cancelled
5793,2285,2026-05-02 10:54:39,Completed
5794,2976,2025-07-19 12:01:32,Completed
5795,2604,2025-12-24 04:37:16,Completed
5796,4363,2025-04-08 02:55:37,Completed
5797,3310,2025-03-31 07:45:43,Completed
5798,3801,2025-10-29 23:08:53,Completed
5799,3682,2025-01-08 04:58:49,Completed
5800,1456,2025-04-16 20:31:23,Completed
5801,28,2026-05-06 04:10:38,Completed
5802,2737,2025-08-24 19:47:47,Completed
5803,1412,2025-12-27 04:59:36,Completed
5804,806,2026-07-03 03:54:53,Completed
5805,3426,2026-01-24 19:43:49,Cancelled
5806,3362,2025-04-15 01:58:45,Completed
5807,238,2024-10-06 02:08:01,Completed
5808,1136,2025-09-24 13:44:32,Completed
5809,4124,2026-05-15 00:47:33,Cancelled
5810,4912,2026-02-21 03:03:30,Completed
5811,3349,2024-12-21 16:48:27,Cancelled
5812,2663,2024-10-27 04:21:43,Completed
5813,1364,2024-11-27 03:02:56,Completed
5814,3866,2025-11-24 00:08:28,Completed
5815,3034,2024-08-12 15:14:32,Pending
5816,4927,2025-10-17 07:49:12,Completed
5817,3190,2025-07-30 15:55:11,Completed
5818,1582,2024-09-09 06:47:35,Completed
5819,1323,2025-04-07 18:50:32,Completed
5820,1961,2026-02-04 03:54:40,Completed
5821,1637,2025-10-03 15:46:29,Completed
5822,2401,2024-12-27 21:51:14,Pending
5823,254,2024-10-12 15:57:13,Completed
5824,3778,2026-04-26 02:05:31,Completed
5825,4942,2026-02-08 03:28:59,Completed
5826,1982,2025-04-13 18:42:14,Completed
5827,3780,2025-05-26 15:28:19,Completed
5828,911,2024-12-26 18:51:23,Completed
5829,2714,2024-09-09 23:11:37,Completed
5830,1305,2026-02-12 10:32:35,Completed
5831,573,2026-08-03 12:55:05,Pending
5832,265,2025-09-27 21:03:54,Completed
5833,3329,2025-10-02 17:08:42,Completed
5834,3852,2025-01-24 05:05:26,Completed
5835,577,2026-05-16 09:37:52,Completed
5836,2131,2025-01-06 00:37:26,Completed
5837,4402,2024-08-26 12:12:32,Completed
5838,4973,2024-10-29 22:24:12,Completed
5839,4376,2026-02-08 10:16:12,Completed
5840,3593,2025-03-25 23:02:36,Completed
5841,490,2024-11-19 23:00:05,Completed
5842,3264,2026-04-09 01:55:44,Completed
5843,327,2025-07-02 07:33:05,Completed
5844,4191,2025-10-31 20:15:12,Completed
5845,3605,2024-10-08 18:39:58,Completed
5846,1017,2025-04-13 00:56:37,Completed
5847,2151,2024-09-07 11:58:27,Completed
5848,4750,2025-06-30 02:13:51,Completed
5849,916,2025-05-28 03:52:53,Completed
5850,3003,2025-02-06 17:40:50,Completed
5851,2784,2024-12-30 20:54:18,Completed
5852,1992,2024-10-08 03:45:00,Completed
5853,1722,2025-04-20 07:16:10,Completed
5854,2704,2026-05-10 06:52:06,Completed
5855,607,2025-05-30 18:46:29,Completed
5856,4027,2026-06-02 19:28:56,Completed
5857,2130,2025-01-16 18:59:28,Completed
5858,3643,2026-04-28 05:06:49,Completed
5859,3690,2025-03-17 00:42:15,Completed
5860,4655,2025-03-12 08:26:24,Completed
5861,293,2025-02-10 00:38:07,Completed
5862,1213,2025-11-05 06:24:47,Completed
5863,213,2025-01-02 06:05:13,Completed
5864,3039,2025-08-16 13:57:01,Completed
5865,2386,2025-07-12 18:09:10,Completed
5866,1297,2026-07-04 13:21:43,Completed
5867,2497,2024-10-10 04:50:56,Completed
5868,3604,2026-02-14 08:52:12,Completed
5869,1266,2025-06-12 11:27:30,Completed
5870,1054,2025-03-22 01:41:22,Completed
5871,2395,2025-10-03 18:31:02,Completed
5872,2108,2024-09-27 23:17:12,Completed
5873,230,2026-06-29 11:02:53,Completed
5874,4778,2025-08-31 13:05:51,Completed
5875,4787,2025-03-16 13:48:35,Pending
5876,2984,2026-01-14 22:52:43,Completed
5877,4234,2026-06-30 01:19:00,Completed
5878,1396,2025-12-27 11:20:42,Cancelled
5879,1277,2024-09-06 10:24:54,Completed
5880,4105,2026-07-14 21:25:34,Completed
5881,3067,2025-10-19 01:02:11,Completed
5882,3976,2025-04-20 22:40:32,Completed
5883,4303,2024-08-14 04:48:25,Completed
5884,3965,2025-02-01 22:10:03,Completed
5885,117,2024-09-11 20:53:49,Completed
5886,531,2025-03-24 02:18:37,Completed
5887,2534,2025-03-01 13:48:25,Completed
5888,1230,2024-10-01 05:35:59,Completed
5889,980,2025-01-12 01:10:40,Completed
5890,2921,2025-12-24 21:53:42,Completed
5891,4665,2025-04-16 19:57:59,Cancelled
5892,100,2025-03-31 13:53:49,Completed
5893,4294,2025-08-15 04:34:06,Completed
5894,1660,2025-06-06 12:37:32,Completed
5895,270,2026-02-05 02:15:45,Completed
5896,810,2026-04-09 11:45:15,Cancelled
5897,4157,2025-12-04 05:17:55,Pending
5898,4533,2026-07-05 21:10:43,Cancelled
5899,4406,2026-03-18 17:51:47,Completed
5900,459,2025-03-28 22:49:27,Completed
5901,4284,2026-02-12 15:48:59,Completed
5902,2098,2026-06-19 09:44:55,Completed
5903,1497,2024-10-12 04:20:49,Completed
5904,2008,2024-10-22 03:20:03,Completed
5905,3737,2025-06-12 10:43:00,Completed
5906,4991,2025-07-13 23:04:16,Completed
5907,2274,2024-09-16 16:25:18,Pending
5908,1557,2026-07-02 05:43:08,Completed
5909,522,2025-02-20 23:22:09,Cancelled
5910,1086,2025-10-05 11:29:24,Completed
5911,499,2025-04-04 18:32:34,Completed
5912,1999,2025-10-19 08:24:46,Completed
5913,4762,2024-11-19 20:12:52,Completed
5914,806,2024-12-03 13:36:50,Completed
5915,419,2026-08-06 06:09:00,Completed
5916,599,2025-11-27 05:07:30,Completed
5917,954,2025-02-12 15:12:21,Completed
5918,3900,2025-07-10 12:47:07,Completed
5919,4444,2025-02-20 16:04:16,Completed
5920,4902,2026-07-27 09:52:42,Completed
5921,4664,2024-08-15 05:40:35,Pending
5922,3521,2025-08-10 23:01:45,Completed
5923,914,2025-06-03 19:13:47,Completed
5924,3627,2026-05-28 15:41:51,Completed
5925,1596,2024-08-21 17:21:03,Completed
5926,3738,2025-09-26 00:43:51,Cancelled
5927,2063,2026-07-08 08:43:59,Completed
5928,4927,2025-03-21 04:33:47,Completed
5929,1447,2025-06-23 22:47:05,Completed
5930,3960,2026-04-12 04:39:12,Completed
5931,2455,2026-07-24 14:05:33,Completed
5932,4360,2025-02-15 11:16:01,Completed
5933,2256,2024-09-03 06:48:00,Completed
5934,4122,2026-02-15 02:03:26,Completed
5935,3605,2026-07-26 23:57:40,Completed
5936,1493,2026-03-28 13:01:23,Completed
5937,2615,2025-06-15 14:58:19,Completed
5938,4175,2025-05-22 12:48:55,Completed
5939,1337,2025-05-20 12:24:19,Completed
5940,3540,2025-01-23 01:21:51,Completed
5941,775,2024-10-19 05:47:06,Cancelled
5942,3631,2025-12-31 05:00:40,Completed
5943,4413,2024-12-03 03:22:41,Completed
5944,1586,2025-10-01 03:40:02,Completed
5945,1899,2025-07-20 07:07:48,Completed
5946,4111,2025-03-30 12:20:18,Completed
5947,4346,2025-07-14 20:26:39,Completed
5948,2459,2026-07-24 03:08:21,Cancelled
5949,1723,2025-10-06 12:11:12,Completed
5950,1267,2025-02-23 22:40:06,Completed
5951,1573,2026-07-31 08:45:10,Completed
5952,1408,2026-05-28 08:59:19,Completed
5953,4999,2025-10-07 06:59:35,Completed
5954,2668,2024-08-14 00:53:42,Cancelled
5955,3882,2025-05-20 11:23:45,Completed
5956,3416,2026-04-15 10:35:43,Completed
5957,2207,2024-12-11 18:39:39,Completed
5958,2154,2026-02-16 11:14:00,Completed
5959,2488,2026-05-16 15:19:46,Completed
5960,2509,2024-11-19 09:54:53,Completed
5961,2900,2024-11-29 07:56:09,Completed
5962,2584,2025-09-28 15:12:38,Completed
5963,3485,2025-04-11 22:35:30,Completed
5964,3418,2026-06-08 11:30:52,Pending
5965,3311,2026-04-15 04:19:37,Pending
5966,3349,2025-01-05 00:00:08,Completed
5967,1147,2025-12-26 11:13:39,Cancelled
5968,2247,2025-04-02 03:25:03,Pending
5969,1657,2026-01-06 12:42:16,Completed
5970,2097,2026-06-22 14:15:46,Completed
5971,3060,2025-05-03 17:10:48,Pending
5972,3503,2025-07-02 06:20:29,Completed
5973,2669,2025-07-11 21:52:21,Completed
5974,1634,2026-03-19 11:04:56,Completed
5975,4121,2025-06-29 14:20:11,Completed
5976,2245,2025-06-25 02:10:31,Completed
5977,1992,2025-07-01 22:18:51,Completed
5978,3930,2025-03-12 19:10:39,Cancelled
5979,4858,2025-07-30 23:13:33,Completed
5980,377,2026-05-30 19:18:10,Completed
5981,3196,2024-09-13 03:35:54,Completed
5982,3990,2026-02-04 22:28:10,Completed
5983,4971,2025-08-16 19:48:16,Completed
5984,486,2025-07-25 17:37:57,Completed
5985,2808,2025-06-08 20:42:11,Completed
5986,3027,2024-11-25 19:51:43,Completed
5987,2329,2025-02-19 23:08:42,Completed
5988,1101,2025-01-08 14:48:38,Completed
5989,607,2025-01-12 10:50:58,Completed
5990,3390,2025-12-28 18:48:30,Completed
5991,1233,2026-03-29 20:02:29,Completed
5992,4703,2024-08-27 12:23:23,Completed
5993,721,2025-02-23 17:06:04,Completed
5994,2686,2025-08-26 06:52:45,Completed
5995,2136,2025-12-18 10:28:17,Completed
5996,2388,2025-07-12 06:13:51,Completed
5997,1151,2025-05-03 03:23:57,Completed
5998,558,2024-12-12 20:14:00,Completed
5999,2572,2026-05-17 23:42:57,Cancelled
6000,2960,2024-12-15 06:08:04,Cancelled
6001,3653,2025-07-18 07:50:12,Completed
6002,1760,2024-10-18 12:29:18,Completed
6003,3837,2025-10-20 00:34:36,Completed
6004,2968,2024-12-26 12:21:34,Completed
6005,2122,2024-12-12 19:43:05,Completed
6006,190,2026-04-23 11:34:14,Completed
6007,3366,2024-09-16 07:27:14,Completed
6008,3985,2024-09-26 01:46:05,Completed
6009,4329,2024-12-22 07:44:17,Pending
6010,4197,2024-12-08 22:50:32,Completed
6011,4635,2025-09-16 16:04:01,Completed
6012,263,2025-02-14 19:02:36,Cancelled
6013,2680,2024-10-22 03:05:07,Completed
6014,4031,2024-08-12 17:18:46,Completed
6015,2735,2025-01-26 22:31:24,Completed
6016,619,2025-01-19 06:11:49,Completed
6017,4574,2026-08-06 12:02:45,Completed
6018,4357,2026-04-13 03:04:22,Completed
6019,4207,2025-03-10 08:33:52,Completed
6020,719,2026-06-03 01:57:52,Completed
6021,3838,2025-07-29 19:05:15,Completed
6022,1564,2025-04-06 08:22:48,Completed
6023,3531,2025-11-01 23:21:54,Completed
6024,3816,2025-07-22 01:40:17,Completed
6025,1247,2025-01-19 20:32:13,Completed
6026,599,2025-05-16 11:44:18,Completed
6027,4713,2026-02-23 16:56:59,Completed
6028,4324,2025-08-31 02:37:12,Completed
6029,3543,2024-12-22 06:15:30,Completed
6030,3289,2025-12-01 02:22:13,Completed
6031,53,2026-03-10 07:00:15,Completed
6032,3195,2026-03-19 07:02:15,Pending
6033,1846,2026-04-18 03:28:18,Completed
6034,1233,2025-07-31 00:24:42,Completed
6035,1826,2025-04-09 10:18:21,Completed
6036,2676,2025-02-24 17:46:13,Completed
6037,1642,2026-04-07 23:11:08,Completed
6038,4706,2025-11-22 21:20:24,Cancelled
6039,4726,2024-12-05 23:24:23,Completed
6040,1215,2025-10-05 20:19:11,Completed
6041,1488,2026-05-17 19:12:59,Completed
6042,4370,2025-04-07 19:26:14,Completed
6043,324,2026-03-01 00:44:17,Completed
6044,4425,2026-02-26 21:12:11,Completed
6045,568,2026-07-13 02:29:34,Completed
6046,2584,2025-04-24 20:37:26,Cancelled
6047,1711,2024-12-24 20:06:06,Completed
6048,1338,2026-01-01 00:09:52,Completed
6049,2221,2024-08-23 15:39:37,Completed
6050,1780,2025-07-07 07:18:34,Completed
6051,224,2025-12-20 16:57:07,Completed
6052,3602,2025-02-23 04:07:59,Completed
6053,3073,2025-08-31 15:07:44,Pending
6054,1709,2025-09-20 00:23:44,Completed
6055,3661,2026-06-24 19:40:05,Completed
6056,1628,2025-10-15 13:32:40,Completed
6057,3118,2025-10-30 09:32:28,Completed
6058,1022,2026-01-21 21:19:50,Pending
6059,1435,2026-04-25 14:46:56,Completed
6060,4738,2025-08-14 16:34:26,Completed
6061,997,2026-03-15 07:50:17,Completed
6062,1718,2025-05-30 19:37:55,Completed
6063,4007,2025-04-23 14:31:11,Completed
6064,2936,2025-04-27 19:50:04,Completed
6065,2596,2025-08-22 13:50:02,Completed
6066,1724,2024-12-14 01:52:13,Cancelled
6067,4153,2025-05-29 05:52:25,Completed
6068,2092,2026-05-20 11:39:45,Completed
6069,3744,2025-12-15 01:20:38,Pending
6070,3114,2026-02-03 14:48:48,Completed
6071,3280,2025-06-07 15:50:10,Cancelled
6072,820,2025-08-25 05:56:06,Completed
6073,2540,2025-03-28 07:04:18,Completed
6074,3557,2025-05-15 12:27:12,Cancelled
6075,2464,2025-02-25 10:52:13,Completed
6076,692,2025-10-05 07:36:41,Completed
6077,3193,2026-02-19 02:37:16,Completed
6078,130,2026-08-03 18:20:42,Cancelled
6079,2251,2025-04-23 05:35:45,Completed
6080,2649,2025-10-06 09:20:16,Pending
6081,2040,2025-03-15 14:32:08,Completed
6082,76,2024-09-09 00:23:08,Completed
6083,1276,2025-03-28 22:22:24,Completed
6084,3849,2025-02-24 15:12:04,Completed
6085,502,2025-01-07 18:00:34,Completed
6086,1719,2024-08-24 09:30:16,Completed
6087,2401,2025-07-13 04:08:56,Completed
6088,3399,2025-07-24 05:39:49,Completed
6089,3435,2024-12-04 00:18:28,Completed
6090,4249,2026-06-01 17:51:44,Cancelled
6091,1488,2025-01-13 23:19:04,Completed
6092,897,2024-09-22 05:31:12,Completed
6093,246,2025-10-17 23:33:11,Completed
6094,2508,2024-08-09 01:22:12,Completed
6095,3058,2024-09-11 23:05:24,Cancelled
6096,2173,2025-03-21 17:11:05,Completed
6097,234,2026-05-29 06:39:55,Completed
6098,2717,2026-07-17 17:01:05,Pending
6099,3855,2025-09-18 11:03:46,Pending
6100,1183,2025-09-18 03:46:50,Cancelled
6101,381,2026-02-19 08:59:17,Completed
6102,4903,2025-08-21 08:01:29,Completed
6103,1391,2026-07-12 09:57:31,Completed
6104,123,2026-01-07 17:15:29,Completed
6105,1825,2026-04-18 04:33:21,Pending
6106,544,2026-03-23 23:13:56,Completed
6107,3897,2025-07-17 15:56:21,Completed
6108,3401,2024-10-28 11:17:56,Completed
6109,4397,2024-10-09 01:07:53,Completed
6110,4942,2026-08-04 21:50:27,Completed
6111,6,2024-11-18 09:08:57,Completed
6112,3847,2025-09-10 05:20:20,Completed
6113,2105,2024-10-12 09:51:47,Completed
6114,4424,2026-05-16 04:51:06,Completed
6115,790,2026-05-02 18:49:58,Completed
6116,4680,2024-11-20 14:02:55,Completed
6117,1797,2025-05-13 09:24:41,Completed
6118,1169,2025-03-20 10:03:31,Completed
6119,674,2025-11-22 05:28:07,Completed
6120,3309,2025-07-03 20:20:44,Completed
6121,863,2026-06-19 21:18:33,Completed
6122,2054,2026-06-06 01:07:50,Completed
6123,2467,2025-05-10 08:00:34,Completed
6124,3786,2026-01-17 07:28:26,Completed
6125,4260,2026-03-05 01:02:16,Completed
6126,2186,2024-10-29 04:07:25,Completed
6127,1079,2025-01-16 21:59:14,Completed
6128,3071,2025-05-10 04:40:54,Completed
6129,4747,2025-04-03 07:21:12,Completed
6130,281,2025-05-08 06:28:22,Completed
6131,3155,2024-09-08 14:36:49,Completed
6132,1622,2026-06-30 04:49:24,Cancelled
6133,118,2025-12-31 12:26:28,Completed
6134,280,2024-11-22 01:18:37,Completed
6135,1949,2025-10-29 11:29:41,Completed
6136,2643,2025-04-15 03:44:14,Pending
6137,3939,2025-04-29 05:24:36,Completed
6138,2818,2026-08-06 09:47:51,Completed
6139,4729,2025-02-08 10:22:07,Completed
6140,1760,2024-09-15 02:09:17,Completed
6141,2153,2026-07-21 21:54:53,Completed
6142,966,2026-03-23 05:38:51,Completed
6143,4215,2025-10-04 15:02:18,Cancelled
6144,2763,2025-11-20 07:03:40,Cancelled
6145,1527,2026-04-06 14:57:07,Completed
6146,3993,2025-07-20 07:45:50,Completed
6147,3739,2025-11-21 18:40:30,Completed
6148,2805,2026-03-23 20:17:16,Completed
6149,2154,2025-08-03 09:16:48,Pending
6150,2994,2026-05-06 02:54:00,Completed
6151,209,2025-10-06 12:10:31,Cancelled
6152,1035,2026-05-12 08:54:03,Pending
6153,3748,2025-10-17 20:48:26,Completed
6154,986,2025-11-01 19:28:56,Completed
6155,2423,2024-12-23 05:18:40,Completed
6156,2848,2025-09-17 22:58:08,Completed
6157,3574,2025-08-12 05:44:15,Completed
6158,680,2026-02-22 14:25:24,Cancelled
6159,4135,2026-01-20 04:31:10,Completed
6160,4186,2025-04-06 22:39:46,Completed
6161,1818,2025-07-29 06:50:14,Completed
6162,1628,2026-02-21 23:56:45,Completed
6163,2900,2025-09-25 14:18:46,Completed
6164,1244,2025-11-23 11:04:55,Completed
6165,4347,2024-08-09 04:41:14,Completed
6166,4368,2024-11-25 21:31:49,Completed
6167,1888,2026-01-24 19:08:53,Completed
6168,4349,2026-04-06 21:29:17,Completed
6169,1301,2024-12-15 18:01:30,Completed
6170,1357,2026-06-08 09:55:45,Completed
6171,1854,2025-07-07 12:31:12,Completed
6172,1246,2026-04-03 20:04:53,Completed
6173,4995,2024-11-02 15:58:25,Completed
6174,1657,2025-08-23 13:48:13,Completed
6175,3284,2025-02-08 09:21:26,Completed
6176,4275,2026-02-08 08:05:04,Cancelled
6177,3904,2025-04-12 13:30:59,Completed
6178,1116,2025-05-16 20:01:06,Completed
6179,2458,2025-10-10 23:38:43,Pending
6180,2059,2025-05-19 17:08:04,Completed
6181,2553,2026-05-14 10:36:31,Completed
6182,4866,2026-06-04 13:41:47,Cancelled
6183,486,2024-11-10 22:23:39,Completed
6184,1150,2025-09-20 03:57:58,Completed
6185,1313,2026-04-26 15:59:40,Completed
6186,1987,2025-09-06 19:09:57,Completed
6187,1307,2026-07-11 21:04:55,Completed
6188,3204,2024-10-09 10:17:29,Completed
6189,2037,2025-09-06 20:05:56,Completed
6190,578,2024-12-21 16:48:23,Completed
6191,2263,2025-05-15 10:55:53,Completed
6192,3289,2025-12-24 08:54:49,Completed
6193,4800,2026-02-23 06:53:05,Cancelled
6194,1244,2025-12-31 12:14:21,Completed
6195,1167,2026-04-27 01:03:22,Completed
6196,2683,2026-03-05 08:54:46,Pending
6197,961,2026-02-08 07:10:29,Completed
6198,4295,2026-02-12 23:18:47,Completed
6199,4903,2024-11-01 18:03:31,Completed
6200,3591,2026-03-01 04:00:29,Completed
6201,1023,2025-10-10 03:33:29,Completed
6202,4998,2024-11-21 23:03:44,Completed
6203,577,2024-09-16 06:42:38,Completed
6204,2797,2025-03-29 21:33:32,Completed
6205,336,2025-07-13 08:47:24,Completed
6206,2093,2025-01-05 12:22:59,Completed
6207,3822,2025-01-13 23:52:27,Completed
6208,1380,2025-03-06 16:48:40,Completed
6209,3992,2025-03-06 12:51:24,Completed
6210,1841,2025-07-07 09:14:52,Completed
6211,726,2025-05-25 07:45:09,Cancelled
6212,4943,2024-11-07 07:20:09,Cancelled
6213,2971,2025-03-24 01:19:43,Completed
6214,4052,2025-06-11 06:40:55,Completed
6215,3543,2026-01-28 06:55:25,Completed
6216,862,2025-07-08 02:51:17,Completed
6217,2296,2026-04-30 18:51:50,Completed
6218,2260,2026-02-16 23:24:07,Cancelled
6219,4161,2026-06-17 02:10:24,Completed
6220,2059,2025-01-12 18:10:19,Cancelled
6221,681,2026-03-25 08:48:12,Pending
6222,3978,2026-01-21 15:25:40,Completed
6223,4055,2024-10-13 12:18:27,Completed
6224,3554,2025-07-02 21:02:48,Completed
6225,852,2026-01-22 08:56:01,Cancelled
6226,3997,2026-04-24 17:25:43,Completed
6227,4634,2025-11-18 01:27:51,Completed
6228,4252,2025-02-27 04:42:55,Completed
6229,3135,2025-02-25 03:52:16,Pending
6230,884,2026-04-03 05:31:53,Completed
6231,808,2025-10-19 10:45:50,Completed
6232,963,2024-10-04 17:21:38,Cancelled
6233,1955,2024-09-21 07:25:33,Completed
6234,4947,2025-02-04 13:30:26,Completed
6235,3226,2024-11-17 16:28:12,Completed
6236,327,2026-05-26 21:38:40,Completed
6237,3607,2025-03-25 04:43:54,Completed
6238,4697,2026-04-17 22:37:49,Completed
6239,306,2025-10-29 13:12:55,Cancelled
6240,3538,2025-01-11 01:56:49,Completed
6241,211,2025-12-05 18:24:21,Completed
6242,1481,2024-11-20 18:50:02,Pending
6243,2695,2026-05-26 02:44:40,Pending
6244,3377,2024-09-25 12:08:40,Completed
6245,3741,2025-07-15 03:19:35,Completed
6246,2077,2024-10-20 11:11:44,Completed
6247,2819,2025-04-22 12:18:37,Completed
6248,2038,2026-02-27 12:48:53,Completed
6249,392,2026-03-13 13:43:31,Completed
6250,2156,2025-08-23 03:21:30,Completed
6251,1316,2025-05-11 16:11:41,Completed
6252,4484,2025-04-12 21:46:59,Completed
6253,3288,2026-01-28 09:34:32,Completed
6254,1410,2025-11-21 14:06:23,Completed
6255,729,2025-05-19 00:09:46,Completed
6256,4410,2025-09-19 05:33:47,Completed
6257,1865,2025-12-26 20:34:35,Completed
6258,2506,2024-11-06 00:13:19,Completed
6259,741,2026-05-26 13:07:38,Completed
6260,2564,2025-03-25 14:18:33,Completed
6261,1526,2026-01-23 08:12:03,Completed
6262,1657,2026-04-22 18:09:07,Completed
6263,3977,2026-05-27 11:02:54,Completed
6264,3587,2024-11-10 04:31:41,Completed
6265,1305,2024-08-13 14:49:17,Cancelled
6266,2645,2025-08-21 05:31:27,Pending
6267,1555,2025-12-30 18:53:47,Completed
6268,4147,2026-02-07 13:58:00,Completed
6269,4592,2026-07-29 01:42:39,Completed
6270,4587,2024-11-03 15:44:50,Completed
6271,3261,2025-05-25 13:29:36,Completed
6272,623,2025-10-27 09:39:49,Completed
6273,742,2025-10-06 08:04:08,Completed
6274,3315,2025-03-30 08:42:41,Completed
6275,1195,2025-12-24 04:44:16,Completed
6276,4365,2026-04-13 10:25:35,Completed
6277,1090,2025-12-11 17:55:16,Cancelled
6278,849,2025-12-06 06:22:54,Completed
6279,2408,2024-12-24 16:39:14,Completed
6280,674,2025-04-17 18:37:01,Completed
6281,1842,2026-02-17 15:30:54,Completed
6282,335,2026-02-12 09:45:15,Completed
6283,1270,2024-12-22 03:00:32,Completed
6284,2243,2026-08-06 11:15:26,Pending
6285,1839,2025-09-09 19:18:06,Completed
6286,1794,2025-10-12 07:58:37,Completed
6287,1851,2025-01-22 10:18:36,Completed
6288,1770,2025-10-28 13:08:03,Completed
6289,2432,2024-10-24 09:23:12,Completed
6290,171,2025-10-26 15:31:14,Completed
6291,3959,2025-02-23 02:56:37,Completed
6292,3396,2024-09-28 19:55:38,Completed
6293,4654,2025-11-17 10:25:06,Completed
6294,1525,2024-12-06 03:18:32,Completed
6295,4759,2026-05-10 13:48:33,Completed
6296,4715,2024-11-12 11:30:55,Completed
6297,3172,2025-04-05 23:22:35,Completed
6298,2982,2025-01-26 22:59:11,Completed
6299,2160,2025-08-12 19:06:38,Completed
6300,2987,2024-08-23 16:24:25,Cancelled
6301,1923,2025-05-05 03:39:20,Completed
6302,2926,2026-03-04 09:55:42,Pending
6303,1102,2026-01-20 23:01:42,Completed
6304,2023,2025-10-20 17:57:22,Completed
6305,4743,2025-12-10 02:48:41,Completed
6306,4158,2025-08-11 06:26:39,Completed
6307,4386,2025-02-19 13:04:34,Completed
6308,4949,2024-08-19 09:30:30,Completed
6309,2854,2026-03-01 18:42:54,Completed
6310,4539,2024-10-29 07:12:39,Completed
6311,1835,2024-11-12 19:41:46,Completed
6312,4705,2026-06-19 18:04:30,Completed
6313,3771,2026-05-21 19:40:01,Completed
6314,4073,2026-07-26 13:39:26,Completed
6315,530,2025-03-12 21:20:13,Cancelled
6316,1404,2025-02-11 10:48:44,Pending
6317,3674,2025-08-29 08:24:33,Completed
6318,472,2025-03-25 03:57:38,Completed
6319,3905,2024-10-22 09:59:15,Completed
6320,1212,2024-11-04 13:19:15,Pending
6321,2904,2024-08-22 13:14:47,Pending
6322,2262,2026-06-27 12:46:15,Completed
6323,226,2025-04-02 10:22:02,Completed
6324,4021,2026-02-21 19:42:51,Completed
6325,1093,2025-12-20 19:09:49,Cancelled
6326,1763,2025-08-30 00:35:27,Completed
6327,2539,2025-03-18 00:15:37,Completed
6328,2496,2025-07-28 21:56:00,Completed
6329,4669,2025-04-30 19:55:52,Completed
6330,4162,2024-11-19 20:04:47,Cancelled
6331,1182,2026-06-17 21:31:02,Completed
6332,4808,2025-08-24 14:02:12,Completed
6333,56,2024-08-22 08:29:38,Cancelled
6334,434,2024-11-06 00:10:01,Completed
6335,2936,2025-08-04 13:25:01,Completed
6336,582,2026-05-08 00:30:41,Completed
6337,4340,2026-05-14 03:38:36,Completed
6338,1321,2026-07-28 00:21:46,Completed
6339,2039,2025-03-30 12:16:21,Cancelled
6340,1470,2025-06-16 03:24:43,Completed
6341,242,2026-01-02 18:52:50,Completed
6342,4055,2024-12-26 05:09:54,Completed
6343,2719,2025-07-17 21:31:37,Pending
6344,3306,2024-11-08 23:28:03,Completed
6345,3174,2026-01-08 14:29:41,Completed
6346,3124,2024-08-08 09:51:29,Completed
6347,1135,2025-08-24 04:43:02,Completed
6348,1500,2026-06-09 14:29:36,Pending
6349,2910,2024-10-11 10:54:27,Completed
6350,3526,2026-02-02 00:04:30,Completed
6351,4094,2026-04-13 01:33:42,Pending
6352,2135,2024-11-29 06:47:21,Completed
6353,1857,2024-10-02 08:14:39,Completed
6354,669,2025-12-12 09:00:10,Completed
6355,771,2026-01-15 16:30:58,Completed
6356,168,2024-11-07 08:10:38,Completed
6357,499,2026-08-03 00:54:06,Cancelled
6358,485,2025-07-03 21:33:31,Completed
6359,783,2026-04-11 23:56:31,Completed
6360,4335,2024-09-03 17:56:14,Pending
6361,2678,2026-07-07 21:44:49,Completed
6362,227,2024-12-11 03:08:32,Completed
6363,4654,2025-01-10 23:02:19,Completed
6364,569,2026-01-07 02:17:00,Cancelled
6365,1545,2025-05-01 08:01:48,Completed
6366,4082,2025-12-08 05:16:28,Completed
6367,1789,2025-12-07 08:30:24,Cancelled
6368,795,2025-08-21 10:16:45,Completed
6369,1268,2025-03-31 17:09:20,Completed
6370,4703,2026-07-04 04:53:00,Completed
6371,3611,2025-09-13 00:04:27,Completed
6372,1455,2025-08-25 16:10:49,Completed
6373,3647,2026-03-06 07:34:53,Pending
6374,318,2025-11-18 18:48:12,Cancelled
6375,986,2024-11-09 19:39:49,Completed
6376,2554,2026-04-18 06:56:52,Cancelled
6377,883,2025-09-03 14:46:32,Completed
6378,1478,2024-11-27 07:10:58,Completed
6379,1372,2025-08-15 19:03:34,Cancelled
6380,4077,2024-12-02 19:08:53,Completed
6381,1272,2026-04-20 17:25:26,Cancelled
6382,2764,2025-07-09 04:30:07,Cancelled
6383,4490,2025-11-18 18:42:29,Completed
6384,3670,2025-09-18 22:22:06,Cancelled
6385,4543,2025-11-10 15:24:06,Pending
6386,2018,2026-02-11 23:06:04,Completed
6387,1962,2025-04-30 07:25:19,Cancelled
6388,4021,2025-03-27 09:22:23,Completed
6389,3312,2025-10-22 22:14:36,Pending
6390,481,2026-06-04 07:49:23,Cancelled
6391,3936,2025-12-23 16:32:41,Completed
6392,4843,2026-07-26 00:36:02,Pending
6393,4259,2025-04-19 16:30:56,Pending
6394,2626,2024-10-29 04:25:26,Cancelled
6395,4613,2024-08-23 10:51:46,Completed
6396,4358,2024-09-24 16:52:05,Completed
6397,4476,2025-08-07 23:45:03,Completed
6398,2315,2026-07-05 21:13:49,Completed
6399,3670,2024-11-22 08:20:55,Completed
6400,2400,2025-10-16 15:57:03,Cancelled
6401,3493,2024-09-25 12:24:11,Completed
6402,3089,2025-06-12 15:37:47,Pending
6403,196,2025-03-23 12:37:07,Completed
6404,2634,2025-07-06 04:16:39,Completed
6405,4995,2026-04-07 15:40:24,Completed
6406,4077,2024-09-18 20:10:12,Cancelled
6407,2353,2025-10-15 23:30:59,Completed
6408,452,2026-06-10 02:02:24,Completed
6409,342,2025-04-01 21:44:38,Completed
6410,731,2024-11-04 08:11:36,Completed
6411,4813,2025-11-07 14:47:11,Completed
6412,4680,2024-11-11 08:30:57,Completed
6413,2570,2025-07-30 01:19:10,Completed
6414,4377,2025-05-17 13:07:03,Pending
6415,2482,2024-10-17 23:26:13,Completed
6416,2882,2025-04-14 22:35:02,Cancelled
6417,430,2026-05-21 17:59:04,Completed
6418,3554,2026-03-18 05:15:08,Completed
6419,4293,2025-07-09 07:26:18,Completed
6420,4168,2024-11-10 14:20:32,Completed
6421,367,2025-09-04 07:31:10,Cancelled
6422,809,2025-04-12 00:06:44,Completed
6423,1522,2025-06-02 12:20:56,Completed
6424,2624,2024-10-28 17:02:11,Pending
6425,1668,2024-10-14 11:58:50,Completed
6426,4679,2025-06-06 05:10:53,Completed
6427,128,2025-09-20 15:19:13,Pending
6428,3126,2025-12-05 05:44:30,Completed
6429,953,2026-04-18 02:45:48,Cancelled
6430,39,2025-05-23 03:12:59,Cancelled
6431,2710,2024-10-22 06:01:52,Cancelled
6432,3195,2025-03-26 15:38:22,Completed
6433,3046,2024-10-10 20:59:13,Cancelled
6434,3293,2026-04-29 04:39:57,Pending
6435,1161,2025-07-06 17:30:41,Completed
6436,2116,2024-08-18 14:21:07,Completed
6437,3464,2026-03-14 02:37:16,Completed
6438,2538,2026-06-10 01:34:58,Completed
6439,2234,2025-12-11 02:15:23,Completed
6440,84,2024-10-18 17:40:50,Completed
6441,3389,2025-05-18 15:43:00,Completed
6442,1553,2026-01-08 10:41:58,Completed
6443,4000,2026-07-01 13:05:37,Completed
6444,86,2024-09-24 08:18:24,Completed
6445,3240,2025-06-10 19:06:33,Pending
6446,3680,2025-06-23 21:15:26,Completed
6447,1827,2025-09-27 07:15:50,Pending
6448,938,2026-01-13 10:13:33,Completed
6449,4003,2025-11-14 15:59:08,Pending
6450,4399,2026-07-31 16:20:11,Completed
6451,2102,2025-06-20 09:30:38,Cancelled
6452,3263,2024-12-15 22:24:57,Completed
6453,2347,2024-11-24 15:03:53,Completed
6454,4671,2025-04-15 09:27:25,Completed
6455,979,2025-07-29 07:13:48,Completed
6456,1656,2025-12-02 14:17:09,Cancelled
6457,4545,2026-07-14 07:53:58,Completed
6458,1645,2024-12-11 11:54:57,Completed
6459,293,2026-04-30 00:09:21,Completed
6460,896,2024-12-14 18:44:05,Completed
6461,312,2025-06-01 07:36:10,Completed
6462,1512,2025-11-05 22:41:52,Pending
6463,553,2025-10-17 08:33:02,Completed
6464,3039,2025-10-26 14:33:07,Completed
6465,1170,2025-12-22 06:30:38,Completed
6466,337,2025-06-04 06:58:22,Completed
6467,4126,2025-04-28 05:14:05,Completed
6468,1549,2025-11-15 08:31:52,Completed
6469,2605,2026-07-25 19:52:23,Pending
6470,117,2026-02-27 09:58:41,Cancelled
6471,2797,2025-09-29 20:18:58,Completed
6472,2055,2025-12-12 09:48:14,Cancelled
6473,2869,2026-07-29 02:19:41,Completed
6474,463,2026-01-05 06:39:29,Completed
6475,1255,2026-04-08 07:29:17,Cancelled
6476,4142,2025-06-09 01:38:04,Pending
6477,1508,2025-03-03 22:35:03,Completed
6478,2752,2025-10-31 17:43:05,Completed
6479,3596,2026-02-24 10:56:57,Pending
6480,3609,2025-01-28 04:00:58,Pending
6481,2014,2025-12-16 09:58:00,Completed
6482,2358,2025-04-26 10:05:26,Completed
6483,1175,2025-12-03 07:19:45,Completed
6484,2602,2026-01-29 22:58:25,Pending
6485,534,2026-05-25 10:17:19,Completed
6486,4377,2026-06-10 09:27:04,Pending
6487,1392,2025-10-13 06:29:41,Completed
6488,2636,2024-09-29 22:31:28,Completed
6489,1176,2025-08-31 07:05:32,Cancelled
6490,1915,2025-08-31 12:29:07,Pending
6491,29,2026-06-09 04:47:42,Completed
6492,3175,2025-01-23 17:56:53,Completed
6493,981,2025-01-16 00:27:57,Completed
6494,289,2025-08-18 00:26:36,Completed
6495,606,2026-04-17 19:42:04,Pending
6496,3903,2026-03-17 16:28:18,Cancelled
6497,3163,2024-11-05 23:07:30,Completed
6498,3169,2024-12-01 15:20:34,Completed
6499,1947,2025-04-26 03:29:52,Completed
6500,2049,2024-09-17 10:37:45,Completed
6501,3728,2025-10-31 07:46:52,Completed
6502,1255,2024-12-29 22:49:40,Completed
6503,2951,2025-09-10 03:25:06,Completed
6504,2350,2026-06-15 05:46:13,Completed
6505,1429,2025-06-10 17:26:59,Cancelled
6506,3183,2025-07-19 15:31:04,Cancelled
6507,1314,2025-06-26 09:04:56,Completed
6508,172,2026-07-03 10:22:25,Completed
6509,2457,2025-01-12 02:57:37,Completed
6510,3768,2024-08-17 01:11:16,Completed
6511,4436,2026-05-18 08:27:19,Completed
6512,3296,2026-04-15 04:33:04,Completed
6513,2892,2026-07-10 16:07:29,Completed
6514,3325,2025-08-11 23:20:31,Completed
6515,3423,2025-10-27 12:35:21,Completed
6516,3706,2025-09-10 05:36:48,Completed
6517,3183,2026-04-20 03:25:56,Completed
6518,2768,2025-01-27 17:23:55,Completed
6519,3268,2024-11-07 19:09:01,Completed
6520,4342,2024-12-11 08:34:19,Completed
6521,1778,2024-08-19 09:39:08,Completed
6522,4657,2025-11-10 21:49:22,Completed
6523,2978,2026-03-11 15:16:57,Cancelled
6524,4491,2026-05-26 12:09:42,Completed
6525,3345,2025-09-07 02:08:40,Completed
6526,2515,2025-12-08 22:35:03,Completed
6527,1158,2025-07-01 12:45:33,Completed
6528,4447,2025-04-29 21:29:21,Completed
6529,2461,2024-08-18 12:29:13,Cancelled
6530,3377,2026-06-29 19:26:09,Pending
6531,1780,2025-06-25 09:52:50,Completed
6532,1284,2024-12-09 18:08:08,Completed
6533,4240,2025-11-21 19:34:45,Completed
6534,3629,2025-08-28 21:31:39,Pending
6535,1692,2025-09-19 20:36:28,Completed
6536,1412,2025-10-20 02:33:34,Completed
6537,4616,2026-04-08 16:30:05,Completed
6538,3293,2025-08-25 18:02:47,Completed
6539,1621,2026-01-10 23:12:28,Completed
6540,2593,2026-01-23 02:57:07,Completed
6541,1070,2025-06-23 03:03:56,Completed
6542,3987,2024-12-23 17:00:29,Completed
6543,4347,2025-10-12 14:29:27,Completed
6544,290,2025-10-08 13:42:31,Completed
6545,536,2025-02-25 10:11:12,Pending
6546,72,2024-09-24 13:27:13,Cancelled
6547,433,2026-05-07 19:29:19,Completed
6548,737,2025-08-17 02:11:59,Completed
6549,2923,2025-09-05 20:33:51,Completed
6550,1234,2026-07-15 18:54:58,Cancelled
6551,2520,2024-11-26 01:20:29,Completed
6552,2974,2024-10-23 04:13:18,Completed
6553,2585,2026-04-18 02:04:23,Completed
6554,3659,2025-04-21 16:14:49,Completed
6555,1436,2024-09-19 03:26:49,Completed
6556,832,2026-07-19 02:26:02,Completed
6557,1310,2024-11-28 10:05:31,Cancelled
6558,1246,2024-09-02 08:43:15,Completed
6559,971,2026-01-25 04:50:25,Completed
6560,3357,2026-04-05 17:58:56,Completed
6561,4525,2025-11-20 16:59:41,Completed
6562,2304,2025-02-21 11:16:40,Completed
6563,2044,2025-11-05 05:07:47,Cancelled
6564,1202,2025-01-30 16:11:19,Cancelled
6565,796,2025-03-09 11:19:17,Completed
6566,1111,2025-03-31 08:25:16,Completed
6567,3874,2026-07-13 15:39:19,Completed
6568,1397,2026-04-21 09:16:05,Completed
6569,4802,2025-09-23 06:02:59,Completed
6570,2969,2024-11-30 13:08:05,Cancelled
6571,4792,2025-06-18 02:35:17,Completed
6572,3665,2024-09-10 15:20:16,Completed
6573,4029,2025-04-06 22:24:40,Cancelled
6574,4644,2026-06-24 07:45:08,Completed
6575,2784,2026-06-02 13:11:03,Cancelled
6576,3031,2024-08-28 13:34:46,Pending
6577,1106,2026-02-22 22:43:01,Completed
6578,3225,2026-05-03 00:12:16,Cancelled
6579,910,2024-10-25 19:32:29,Cancelled
6580,1615,2025-01-06 01:39:54,Cancelled
6581,2628,2026-04-16 11:38:31,Completed
6582,681,2024-09-01 16:51:34,Completed
6583,4053,2025-02-04 11:22:47,Pending
6584,4836,2026-07-11 10:46:42,Completed
6585,1385,2025-08-11 10:46:13,Completed
6586,2071,2025-03-16 04:40:18,Completed
6587,2296,2025-05-13 10:31:30,Cancelled
6588,193,2025-12-10 09:02:45,Completed
6589,1368,2025-11-06 00:49:25,Pending
6590,1957,2025-01-08 15:51:48,Completed
6591,2156,2025-11-18 15:58:52,Completed
6592,3547,2026-02-12 00:19:37,Completed
6593,2236,2026-06-29 23:17:20,Completed
6594,3753,2024-11-17 20:56:40,Completed
6595,2728,2025-03-10 18:49:06,Completed
6596,1071,2025-03-14 00:37:29,Completed
6597,88,2026-04-21 19:49:36,Completed
6598,158,2025-06-07 00:27:39,Completed
6599,1636,2024-10-30 21:37:16,Cancelled
6600,3114,2025-09-07 22:38:48,Completed
6601,2215,2024-11-07 02:46:59,Completed
6602,2750,2025-12-07 18:56:20,Completed
6603,4200,2026-07-23 21:52:21,Completed
6604,3478,2024-09-06 21:06:29,Completed
6605,2803,2024-09-23 07:47:54,Completed
6606,2837,2026-02-17 19:59:54,Completed
6607,4526,2025-05-07 00:36:12,Completed
6608,2308,2024-09-08 04:28:41,Completed
6609,3686,2025-01-24 09:07:45,Cancelled
6610,695,2025-02-09 19:59:19,Completed
6611,2611,2025-08-31 17:43:26,Completed
6612,930,2024-10-01 10:37:54,Pending
6613,1053,2025-05-26 18:34:08,Completed
6614,877,2025-05-26 17:58:35,Completed
6615,1451,2025-02-25 15:11:08,Completed
6616,1262,2025-07-20 14:46:24,Completed
6617,1942,2025-09-09 10:42:48,Completed
6618,618,2025-07-28 11:22:39,Pending
6619,111,2025-12-14 21:43:05,Completed
6620,2795,2025-07-05 01:05:52,Completed
6621,577,2026-06-08 21:38:53,Completed
6622,3775,2026-02-16 01:32:02,Completed
6623,2711,2025-08-21 18:40:12,Completed
6624,867,2025-10-20 00:50:20,Completed
6625,461,2025-05-30 17:13:45,Completed
6626,1635,2025-07-12 11:43:31,Cancelled
6627,665,2025-12-01 05:28:45,Completed
6628,751,2025-03-21 03:14:52,Pending
6629,1910,2025-12-22 17:58:14,Completed
6630,651,2025-10-09 22:38:20,Completed
6631,4337,2026-07-29 15:34:46,Completed
6632,1617,2025-10-08 14:57:20,Completed
6633,4058,2025-06-25 02:42:45,Completed
6634,1525,2026-07-16 05:06:34,Completed
6635,4849,2024-09-05 02:03:14,Completed
6636,502,2025-08-30 11:29:20,Completed
6637,4159,2024-09-08 15:19:43,Pending
6638,1441,2024-12-24 08:08:18,Cancelled
6639,2157,2025-12-31 09:45:36,Completed
6640,4441,2026-06-09 23:01:09,Completed
6641,1552,2025-07-09 15:29:42,Completed
6642,621,2025-04-30 22:24:48,Completed
6643,2633,2025-02-20 01:13:27,Completed
6644,1866,2025-12-28 16:14:21,Completed
6645,4853,2024-12-16 06:42:16,Completed
6646,3378,2026-07-26 10:54:18,Completed
6647,2339,2024-10-28 12:28:04,Completed
6648,2056,2025-01-16 21:32:22,Completed
6649,1973,2026-01-24 11:50:08,Completed
6650,2062,2026-02-26 08:53:29,Completed
6651,1322,2026-05-15 08:44:16,Pending
6652,515,2025-03-10 19:53:41,Completed
6653,495,2024-09-15 03:29:03,Completed
6654,3524,2024-08-30 16:09:54,Pending
6655,3654,2026-05-23 22:10:05,Pending
6656,723,2026-06-02 17:18:23,Completed
6657,2962,2025-12-10 21:56:26,Completed
6658,4961,2024-08-13 19:21:10,Completed
6659,540,2024-11-26 20:00:01,Completed
6660,2614,2025-12-14 01:11:53,Completed
6661,3936,2025-10-19 02:19:56,Completed
6662,2460,2026-06-13 04:31:20,Completed
6663,2568,2025-02-15 02:22:30,Completed
6664,1559,2025-03-26 08:30:08,Completed
6665,1398,2025-11-21 19:53:14,Pending
6666,2891,2025-10-07 02:40:13,Completed
6667,3782,2025-06-09 02:55:49,Completed
6668,3304,2025-10-29 13:25:22,Completed
6669,3805,2024-08-24 16:24:27,Completed
6670,1164,2026-01-04 11:02:52,Completed
6671,3159,2026-06-15 10:43:36,Completed
6672,201,2026-07-15 17:47:53,Completed
6673,2595,2026-01-25 00:34:03,Completed
6674,1224,2024-08-27 03:05:10,Completed
6675,115,2024-09-18 10:00:54,Completed
6676,1416,2025-05-14 09:39:38,Completed
6677,1507,2026-04-28 08:27:00,Completed
6678,135,2026-05-24 15:17:27,Completed
6679,1228,2025-10-08 01:01:20,Completed
6680,1621,2024-10-24 06:52:17,Pending
6681,3214,2026-02-24 19:05:23,Completed
6682,4501,2025-09-26 00:42:06,Completed
6683,1557,2025-08-06 07:57:30,Completed
6684,4089,2026-03-30 14:59:29,Completed
6685,1310,2025-01-12 19:42:58,Completed
6686,490,2024-12-12 07:32:23,Completed
6687,869,2025-05-02 22:09:41,Pending
6688,2649,2024-08-26 15:34:36,Completed
6689,4980,2025-04-01 14:16:18,Completed
6690,1927,2026-01-31 14:22:09,Completed
6691,4049,2025-08-25 12:43:02,Completed
6692,3411,2025-02-06 23:52:26,Completed
6693,2524,2025-08-22 00:00:24,Completed
6694,2774,2026-02-09 06:13:03,Completed
6695,3515,2025-07-29 02:42:15,Completed
6696,4908,2025-05-01 05:53:13,Completed
6697,2310,2026-03-23 23:56:56,Completed
6698,3059,2025-03-03 04:21:56,Completed
6699,1050,2025-03-19 05:30:54,Completed
6700,3880,2025-08-31 02:33:59,Pending
6701,3663,2024-09-25 22:39:27,Completed
6702,2017,2024-12-21 04:43:25,Completed
6703,2673,2026-05-28 17:38:20,Completed
6704,2561,2025-07-05 02:33:04,Completed
6705,3901,2024-08-15 19:21:11,Completed
6706,4547,2024-11-02 11:52:24,Completed
6707,2713,2024-12-23 19:11:54,Completed
6708,1042,2025-11-21 19:27:46,Cancelled
6709,4689,2024-08-29 06:23:37,Cancelled
6710,1876,2026-06-14 01:45:37,Completed
6711,4993,2025-07-23 15:25:42,Completed
6712,2041,2025-11-18 22:13:48,Completed
6713,3849,2025-09-06 02:45:16,Completed
6714,2568,2025-03-27 10:00:36,Completed
6715,784,2024-11-28 16:11:16,Completed
6716,1216,2025-08-30 00:15:04,Completed
6717,667,2024-09-04 17:45:13,Completed
6718,3791,2025-05-03 18:00:03,Completed
6719,2180,2026-02-11 09:16:09,Pending
6720,3192,2025-07-12 18:13:20,Completed
6721,2263,2026-05-27 20:15:12,Completed
6722,2981,2026-05-28 03:17:58,Completed
6723,484,2025-03-15 10:58:56,Completed
6724,1830,2024-09-19 18:09:12,Completed
6725,2681,2025-09-23 04:22:12,Completed
6726,3954,2025-02-17 18:35:06,Completed
6727,2235,2024-11-27 19:58:53,Cancelled
6728,3971,2024-09-01 11:42:46,Cancelled
6729,4955,2025-07-07 09:44:48,Completed
6730,1639,2025-12-02 12:58:45,Completed
6731,1542,2026-02-10 23:51:12,Cancelled
6732,4896,2026-05-02 06:10:50,Completed
6733,2422,2026-02-04 01:03:39,Completed
6734,1597,2024-10-07 16:28:19,Completed
6735,4130,2024-08-28 01:09:50,Completed
6736,3081,2025-03-02 05:13:49,Completed
6737,90,2026-04-05 19:54:27,Completed
6738,1674,2025-05-26 13:02:28,Completed
6739,208,2025-06-18 03:59:02,Pending
6740,3453,2024-12-01 00:55:17,Pending
6741,3809,2026-01-05 10:16:54,Completed
6742,1210,2025-02-07 15:55:13,Completed
6743,3130,2025-11-13 13:25:03,Completed
6744,4865,2024-08-19 05:44:47,Completed
6745,2574,2025-09-08 22:41:29,Completed
6746,2241,2025-08-03 04:43:51,Completed
6747,1621,2026-06-14 17:02:51,Completed
6748,3714,2025-04-29 08:05:35,Completed
6749,4805,2025-01-29 05:29:00,Completed
6750,139,2025-12-19 16:55:35,Completed
6751,2675,2025-09-26 12:17:19,Completed
6752,3022,2026-06-28 07:21:05,Completed
6753,3073,2024-08-31 08:20:14,Completed
6754,3558,2024-11-04 03:10:58,Completed
6755,3241,2026-04-18 14:18:01,Completed
6756,283,2026-06-19 15:50:41,Completed
6757,2655,2025-12-07 08:37:12,Completed
6758,4658,2026-02-28 17:40:29,Pending
6759,4192,2026-07-25 09:29:08,Pending
6760,1081,2025-05-22 19:33:45,Completed
6761,557,2026-06-15 11:24:00,Completed
6762,838,2026-01-28 09:57:23,Completed
6763,1926,2026-06-15 00:32:53,Pending
6764,2952,2026-06-18 19:19:48,Cancelled
6765,2771,2025-02-18 22:29:12,Pending
6766,2815,2025-01-02 06:25:44,Completed
6767,4035,2026-07-26 20:03:49,Completed
6768,510,2025-06-07 02:23:12,Completed
6769,3244,2026-01-05 03:48:11,Completed
6770,4491,2025-12-17 22:04:12,Completed
6771,1698,2025-12-12 04:13:28,Completed
6772,945,2026-06-13 05:21:04,Completed
6773,2137,2025-12-15 22:05:41,Completed
6774,463,2025-11-30 08:36:38,Completed
6775,4569,2025-06-04 14:03:48,Pending
6776,1848,2026-04-23 22:05:21,Completed
6777,346,2026-01-31 18:42:07,Completed
6778,1906,2026-07-24 15:52:00,Cancelled
6779,1128,2025-02-26 15:14:54,Completed
6780,2646,2025-12-13 21:46:07,Completed
6781,3243,2026-01-02 05:09:55,Pending
6782,2373,2025-04-20 17:43:22,Completed
6783,3400,2026-01-10 12:56:41,Completed
6784,329,2025-09-14 03:36:39,Completed
6785,295,2024-10-18 01:27:57,Completed
6786,4774,2025-04-02 21:33:51,Completed
6787,2863,2025-06-04 03:29:53,Completed
6788,4765,2026-07-12 23:27:30,Completed
6789,4171,2025-11-10 01:23:29,Completed
6790,1345,2025-02-11 15:08:58,Completed
6791,1248,2025-05-28 06:08:51,Completed
6792,2306,2026-02-06 12:46:14,Completed
6793,3067,2026-03-31 10:11:29,Completed
6794,1310,2025-09-17 22:36:22,Completed
6795,4978,2025-07-30 23:11:44,Completed
6796,1604,2025-04-19 15:21:01,Completed
6797,2133,2026-01-16 18:12:29,Completed
6798,2338,2024-11-05 05:37:10,Completed
6799,3650,2025-09-13 18:40:13,Completed
6800,4193,2025-10-24 18:35:54,Completed
6801,1677,2024-09-12 06:36:35,Completed
6802,342,2026-03-23 07:51:26,Completed
6803,875,2026-06-29 23:35:58,Completed
6804,1685,2025-09-19 04:59:36,Completed
6805,4672,2025-02-01 18:24:46,Completed
6806,2447,2026-07-06 19:38:47,Completed
6807,1756,2025-03-13 10:28:31,Completed
6808,2486,2025-08-05 17:13:08,Completed
6809,446,2026-05-04 10:59:36,Completed
6810,1883,2025-05-09 02:44:31,Completed
6811,2068,2024-08-28 14:36:15,Completed
6812,196,2025-11-08 12:16:20,Completed
6813,1773,2026-01-10 13:34:48,Completed
6814,2736,2025-11-21 06:42:30,Completed
6815,3184,2025-10-12 20:05:52,Completed
6816,3751,2026-02-03 17:40:09,Cancelled
6817,4931,2025-12-27 13:49:30,Completed
6818,4028,2025-01-01 10:37:12,Completed
6819,4889,2025-09-26 17:43:18,Completed
6820,2036,2024-08-17 12:58:30,Pending
6821,879,2026-05-21 00:08:37,Completed
6822,256,2026-04-11 19:09:09,Completed
6823,92,2025-02-03 12:53:11,Cancelled
6824,1,2025-06-09 22:13:53,Completed
6825,3125,2026-02-25 03:30:34,Completed
6826,1307,2026-03-17 14:12:38,Pending
6827,3016,2025-06-18 19:43:08,Completed
6828,1563,2025-05-24 12:37:45,Cancelled
6829,3055,2026-03-07 02:10:01,Pending
6830,3421,2025-11-13 09:16:57,Completed
6831,2437,2024-10-07 20:10:11,Completed
6832,984,2025-04-19 13:55:35,Completed
6833,2153,2024-10-17 20:29:40,Completed
6834,1677,2026-06-28 04:09:33,Completed
6835,249,2025-02-09 16:33:10,Completed
6836,3904,2024-11-08 02:51:25,Completed
6837,923,2025-09-08 14:24:20,Pending
6838,1924,2025-07-04 22:36:11,Completed
6839,4750,2026-01-24 08:11:33,Completed
6840,2238,2025-03-21 20:04:57,Completed
6841,4614,2026-02-11 21:03:57,Completed
6842,1256,2024-09-07 13:56:53,Completed
6843,3257,2025-05-16 19:26:31,Completed
6844,245,2025-10-12 01:43:18,Pending
6845,3543,2026-06-14 16:27:11,Completed
6846,3379,2025-11-09 08:55:16,Completed
6847,109,2025-06-01 18:56:36,Completed
6848,361,2026-02-15 10:42:48,Completed
6849,2301,2025-12-21 06:38:19,Completed
6850,3926,2024-08-07 00:06:35,Completed
6851,2190,2024-12-12 07:09:26,Pending
6852,2228,2024-11-06 12:14:29,Cancelled
6853,1541,2025-05-19 00:54:17,Completed
6854,3670,2026-06-12 01:29:44,Completed
6855,362,2026-03-29 12:04:45,Completed
6856,3567,2025-04-07 05:37:58,Completed
6857,4003,2026-01-12 22:20:49,Completed
6858,388,2024-08-13 23:57:46,Completed
6859,725,2025-11-07 16:20:28,Completed
6860,3738,2025-02-23 18:47:58,Completed
6861,4462,2025-09-04 23:49:10,Completed
6862,3042,2024-08-15 00:02:52,Completed
6863,4430,2026-02-23 11:05:06,Completed
6864,2841,2025-02-15 04:14:50,Completed
6865,4754,2024-09-30 01:07:45,Completed
6866,3830,2024-10-27 05:04:51,Cancelled
6867,2396,2025-06-06 07:33:58,Completed
6868,4052,2025-09-12 09:16:53,Completed
6869,3341,2026-03-13 16:21:55,Completed
6870,3537,2026-04-07 23:11:48,Pending
6871,2075,2024-11-14 06:24:04,Completed
6872,2727,2024-09-18 08:02:16,Cancelled
6873,3823,2025-04-14 15:08:03,Completed
6874,4418,2025-10-27 02:43:04,Completed
6875,1346,2024-12-15 14:46:58,Completed
6876,2814,2026-03-30 01:36:38,Completed
6877,1189,2025-12-12 02:46:20,Completed
6878,4426,2025-07-28 03:39:01,Completed
6879,1307,2025-03-10 15:40:29,Completed
6880,4700,2026-07-05 11:38:33,Completed
6881,1687,2025-01-11 00:27:18,Completed
6882,3247,2026-07-29 17:24:49,Pending
6883,3433,2025-09-27 01:40:24,Completed
6884,4108,2024-12-24 19:34:17,Completed
6885,4257,2026-04-10 18:11:16,Completed
6886,34,2025-05-06 04:45:19,Completed
6887,4510,2025-03-18 13:00:10,Completed
6888,1350,2025-07-13 16:23:43,Completed
6889,2744,2024-12-01 07:05:35,Completed
6890,2667,2026-05-06 07:42:38,Completed
6891,3059,2025-06-08 20:19:18,Completed
6892,3236,2026-01-30 11:07:22,Completed
6893,3218,2025-03-30 13:34:37,Completed
6894,2877,2026-03-17 08:13:45,Completed
6895,872,2026-06-16 18:09:04,Completed
6896,3717,2025-03-01 01:57:31,Completed
6897,1543,2025-01-17 07:54:08,Completed
6898,4133,2025-04-23 04:52:13,Completed
6899,4057,2025-08-14 15:49:18,Completed
6900,592,2024-08-15 01:34:08,Completed
6901,2512,2025-11-12 12:03:07,Completed
6902,3327,2026-03-22 06:54:18,Completed
6903,1715,2024-10-13 03:27:14,Completed
6904,792,2026-06-18 04:29:10,Cancelled
6905,1565,2025-03-23 08:25:19,Pending
6906,255,2025-11-14 06:53:02,Completed
6907,1697,2026-06-20 20:54:36,Completed
6908,585,2024-12-01 20:51:53,Pending
6909,3708,2026-06-06 01:08:42,Cancelled
6910,3457,2025-02-02 14:44:07,Cancelled
6911,3302,2026-01-26 14:26:05,Pending
6912,4896,2026-05-03 19:39:31,Completed
6913,3177,2026-04-13 09:14:39,Completed
6914,2489,2026-01-01 07:59:21,Completed
6915,4831,2025-05-29 09:30:59,Cancelled
6916,4861,2025-06-16 00:04:08,Pending
6917,4026,2024-11-04 02:59:35,Cancelled
6918,4096,2025-11-07 23:15:32,Completed
6919,255,2026-07-17 22:54:40,Completed
6920,3880,2025-11-22 23:47:48,Completed
6921,3144,2025-11-17 11:50:27,Completed
6922,803,2024-11-19 07:41:50,Completed
6923,4810,2025-04-05 18:13:04,Completed
6924,2876,2026-05-27 11:53:51,Cancelled
6925,4017,2026-03-19 08:57:27,Cancelled
6926,3113,2024-10-16 17:45:40,Pending
6927,3994,2026-01-21 13:38:45,Completed
6928,712,2026-02-28 04:40:28,Completed
6929,4455,2024-10-28 01:53:17,Pending
6930,2011,2025-06-03 19:57:07,Completed
6931,771,2026-05-23 04:00:19,Completed
6932,2764,2025-07-17 19:59:54,Completed
6933,3845,2024-09-26 17:46:03,Pending
6934,2538,2026-06-04 16:46:26,Completed
6935,3697,2025-07-28 16:33:48,Completed
6936,3364,2025-08-20 20:39:17,Pending
6937,1052,2025-01-23 12:40:58,Completed
6938,232,2026-04-22 03:12:09,Cancelled
6939,3641,2025-06-15 08:33:08,Pending
6940,1485,2026-04-13 20:54:36,Completed
6941,4629,2024-10-31 14:50:01,Completed
6942,4389,2025-01-03 00:46:13,Completed
6943,400,2026-05-04 16:14:57,Completed
6944,964,2025-02-06 13:39:37,Completed
6945,4024,2026-06-03 04:09:53,Completed
6946,3701,2025-01-08 11:00:14,Completed
6947,1334,2025-01-21 13:50:20,Pending
6948,4925,2024-12-21 19:52:21,Completed
6949,899,2025-08-21 14:21:10,Completed
6950,630,2026-01-04 07:05:25,Completed
6951,3984,2024-10-26 21:48:27,Completed
6952,3173,2025-03-02 11:45:47,Completed
6953,1447,2026-07-16 21:40:43,Completed
6954,360,2024-12-14 07:17:56,Completed
6955,1831,2025-03-12 07:22:42,Completed
6956,4781,2025-12-06 06:20:02,Completed
6957,1874,2026-02-15 12:14:11,Completed
6958,952,2026-05-11 07:27:28,Completed
6959,1141,2024-10-01 01:04:42,Completed
6960,4958,2025-10-01 14:13:53,Completed
6961,3589,2025-01-07 20:07:35,Completed
6962,3523,2025-08-18 13:16:18,Pending
6963,4303,2025-08-28 15:06:55,Completed
6964,3018,2025-12-25 01:34:15,Completed
6965,872,2026-07-02 11:35:51,Completed
6966,275,2025-08-11 20:01:01,Completed
6967,4566,2024-10-30 18:29:31,Completed
6968,549,2025-05-17 19:55:26,Pending
6969,2153,2026-07-25 16:39:46,Completed
6970,2930,2026-06-28 03:44:47,Completed
6971,4155,2025-02-13 19:48:34,Cancelled
6972,1127,2025-08-06 02:58:31,Completed
6973,1328,2026-05-11 14:12:11,Pending
6974,1531,2025-12-13 23:08:13,Completed
6975,3655,2025-01-20 17:23:02,Completed
6976,4473,2025-04-12 16:33:27,Completed
6977,2155,2025-04-22 10:50:09,Completed
6978,1520,2025-03-26 13:52:27,Completed
6979,950,2024-12-03 13:08:44,Completed
6980,1903,2025-07-31 06:17:42,Completed
6981,2461,2024-11-07 08:31:03,Completed
6982,3201,2024-10-21 04:06:52,Pending
6983,492,2025-07-06 04:49:21,Completed
6984,100,2024-09-25 21:37:19,Completed
6985,2179,2025-08-11 11:19:16,Completed
6986,73,2025-10-02 09:45:10,Completed
6987,1123,2025-01-04 03:37:05,Completed
6988,1997,2026-06-15 00:57:06,Completed
6989,1750,2025-02-11 18:41:19,Completed
6990,3890,2024-11-08 11:23:35,Completed
6991,1755,2024-09-03 13:47:31,Pending
6992,3178,2025-07-31 12:05:26,Completed
6993,4436,2024-12-06 08:15:25,Completed
6994,581,2025-04-14 07:36:19,Completed
6995,1041,2025-08-25 15:52:32,Completed
6996,1192,2025-10-26 19:04:54,Completed
6997,558,2025-06-27 00:38:50,Completed
6998,595,2025-09-18 14:26:19,Completed
6999,2024,2024-12-06 01:04:16,Completed
7000,3388,2024-12-09 06:16:51,Completed
7001,2964,2026-01-09 13:47:54,Cancelled
7002,2151,2024-08-16 20:26:37,Completed
7003,3538,2025-08-14 14:24:04,Pending
7004,2626,2024-10-14 09:56:08,Completed
7005,227,2025-03-07 03:57:10,Completed
7006,3062,2025-11-12 13:56:53,Completed
7007,4968,2025-06-23 08:42:32,Completed
7008,1841,2026-07-18 01:02:06,Completed
7009,1044,2026-06-22 06:10:06,Completed
7010,4175,2025-11-18 14:34:08,Completed
7011,1289,2026-05-07 10:10:36,Completed
7012,4271,2025-05-28 09:42:43,Completed
7013,615,2025-10-15 11:51:40,Completed
7014,254,2025-02-26 18:40:33,Completed
7015,4602,2025-03-03 21:00:55,Pending
7016,1193,2025-03-24 10:10:47,Completed
7017,328,2025-11-23 20:51:20,Completed
7018,3222,2026-06-05 21:09:18,Completed
7019,2798,2025-01-01 14:07:51,Completed
7020,4386,2025-06-19 00:39:57,Completed
7021,2525,2025-10-28 17:20:57,Completed
7022,3850,2025-01-22 15:52:03,Completed
7023,3163,2026-04-09 15:53:47,Completed
7024,4830,2026-04-14 17:11:50,Completed
7025,4958,2025-11-16 01:34:29,Completed
7026,4703,2026-03-03 04:31:50,Completed
7027,2762,2025-11-14 13:59:29,Pending
7028,4012,2025-09-05 16:39:22,Cancelled
7029,4365,2025-04-06 19:12:23,Completed
7030,516,2025-04-11 05:07:58,Completed
7031,2198,2026-03-20 14:44:59,Cancelled
7032,2368,2024-12-26 00:13:22,Completed
7033,1867,2025-10-13 21:39:47,Completed
7034,2656,2026-04-26 12:05:54,Cancelled
7035,4637,2025-06-03 17:53:43,Completed
7036,2510,2025-05-16 05:39:38,Completed
7037,2745,2025-08-28 02:56:09,Completed
7038,3372,2025-01-14 23:03:55,Completed
7039,4897,2025-08-08 03:25:32,Completed
7040,1543,2026-07-11 12:33:57,Completed
7041,1141,2026-06-24 06:58:54,Completed
7042,2417,2024-08-15 18:05:43,Completed
7043,2962,2024-11-13 08:45:33,Completed
7044,4530,2024-08-12 21:07:03,Completed
7045,3791,2025-10-31 06:56:20,Completed
7046,1421,2025-02-20 12:16:43,Completed
7047,2388,2026-04-08 23:53:44,Completed
7048,1686,2025-08-04 14:50:03,Completed
7049,2764,2024-10-21 03:32:20,Completed
7050,4072,2026-03-10 20:55:47,Completed
7051,3209,2025-05-07 18:23:03,Completed
7052,2218,2026-04-14 22:19:58,Cancelled
7053,3761,2026-02-04 07:05:37,Completed
7054,1199,2025-06-17 00:45:49,Completed
7055,591,2026-06-06 11:21:33,Completed
7056,3085,2025-07-01 12:20:24,Completed
7057,3221,2024-12-04 09:06:44,Pending
7058,1548,2025-05-29 06:03:16,Completed
7059,2088,2024-09-28 22:52:30,Cancelled
7060,3726,2025-02-03 11:13:29,Cancelled
7061,4511,2026-06-13 04:57:04,Completed
7062,2270,2025-08-20 19:12:37,Completed
7063,3445,2025-10-21 17:40:20,Completed
7064,418,2026-07-05 07:52:34,Cancelled
7065,4011,2026-01-06 13:11:33,Completed
7066,3903,2025-08-24 08:23:31,Completed
7067,2566,2025-06-19 05:15:19,Completed
7068,1484,2025-10-18 17:36:21,Completed
7069,447,2026-05-10 09:59:30,Pending
7070,576,2024-10-17 16:48:14,Completed
7071,4494,2025-11-28 15:43:39,Completed
7072,1044,2024-09-14 16:35:53,Completed
7073,3468,2025-09-02 00:31:49,Completed
7074,4642,2026-03-24 05:27:57,Pending
7075,913,2025-07-13 07:53:57,Completed
7076,2271,2025-03-08 17:11:09,Completed
7077,1972,2025-04-27 22:24:20,Completed
7078,4946,2026-07-06 00:38:58,Completed
7079,2186,2025-09-16 23:05:35,Cancelled
7080,2897,2025-11-26 08:13:20,Completed
7081,1243,2025-06-28 21:54:09,Pending
7082,4786,2026-05-14 21:44:50,Completed
7083,1802,2025-09-30 08:19:23,Completed
7084,3140,2024-10-19 18:31:56,Completed
7085,143,2025-10-08 14:05:05,Cancelled
7086,747,2024-10-06 22:31:58,Completed
7087,2210,2024-11-22 13:13:10,Completed
7088,1021,2025-07-26 00:50:32,Pending
7089,3330,2024-08-08 01:04:45,Completed
7090,3765,2024-12-22 13:29:00,Completed
7091,1422,2024-10-03 01:04:07,Cancelled
7092,2290,2025-10-26 10:51:57,Completed
7093,1957,2024-11-10 13:21:08,Completed
7094,3566,2025-12-08 00:43:21,Completed
7095,4913,2025-02-11 14:01:38,Completed
7096,3655,2024-08-28 21:29:20,Completed
7097,823,2025-05-25 18:13:39,Completed
7098,3347,2024-10-22 01:02:29,Completed
7099,3626,2026-02-20 20:34:46,Completed
7100,3150,2025-09-03 13:12:37,Completed
7101,3115,2025-07-02 09:10:05,Pending
7102,2226,2025-10-29 13:52:10,Completed
7103,4027,2026-02-25 02:06:32,Completed
7104,4293,2025-10-10 12:01:33,Completed
7105,170,2025-03-16 16:41:37,Completed
7106,3178,2026-07-03 05:14:54,Completed
7107,4969,2025-02-03 01:44:26,Completed
7108,1184,2024-10-03 04:17:00,Completed
7109,4924,2025-04-14 21:50:14,Completed
7110,3094,2026-04-11 03:51:27,Completed
7111,3310,2026-04-22 06:35:46,Completed
7112,2575,2025-10-30 16:41:29,Completed
7113,2246,2024-11-26 21:45:34,Completed
7114,2382,2025-05-29 21:36:13,Completed
7115,3109,2026-06-26 23:15:47,Completed
7116,3848,2025-10-03 16:08:51,Cancelled
7117,4615,2026-01-07 23:34:48,Completed
7118,530,2025-03-26 02:01:11,Completed
7119,180,2025-01-27 18:05:21,Completed
7120,2828,2025-03-04 16:05:16,Completed
7121,168,2025-03-05 14:37:19,Completed
7122,3649,2025-12-30 23:11:26,Cancelled
7123,733,2025-09-12 02:55:38,Completed
7124,2853,2026-06-04 03:50:16,Completed
7125,3004,2024-09-08 04:19:39,Cancelled
7126,2129,2024-10-02 02:32:16,Completed
7127,1381,2025-10-08 16:27:46,Completed
7128,4797,2025-09-29 15:13:21,Completed
7129,4908,2025-08-03 12:07:45,Completed
7130,1604,2025-10-01 14:17:22,Completed
7131,3125,2025-03-29 07:52:23,Completed
7132,1873,2026-07-12 22:52:31,Pending
7133,1301,2025-04-27 17:16:05,Pending
7134,4529,2026-02-16 23:55:07,Pending
7135,650,2025-06-19 17:46:27,Completed
7136,2091,2025-02-12 10:11:39,Completed
7137,2402,2026-01-02 10:38:00,Completed
7138,3571,2025-08-21 09:30:01,Completed
7139,1524,2025-05-02 19:53:45,Completed
7140,2553,2026-01-30 01:51:10,Completed
7141,548,2026-01-15 23:44:45,Completed
7142,756,2025-10-29 02:29:25,Completed
7143,4691,2024-10-21 16:18:47,Completed
7144,1442,2025-04-13 18:32:50,Completed
7145,3853,2024-12-17 15:46:16,Cancelled
7146,1376,2025-09-15 02:35:55,Completed
7147,1601,2025-01-25 05:13:35,Completed
7148,632,2025-09-29 23:16:38,Pending
7149,832,2026-06-11 18:21:51,Completed
7150,1465,2025-12-15 19:01:32,Completed
7151,3790,2025-09-01 06:15:42,Completed
7152,3023,2025-03-30 15:21:07,Completed
7153,1252,2024-08-07 21:26:38,Completed
7154,1531,2025-09-18 09:15:30,Completed
7155,72,2024-11-01 12:54:59,Completed
7156,1408,2026-07-29 19:16:27,Completed
7157,4205,2024-12-03 11:15:00,Completed
7158,4104,2025-11-26 00:17:38,Completed
7159,466,2026-07-06 09:47:05,Completed
7160,1369,2025-04-21 06:47:48,Pending
7161,1278,2026-05-29 21:28:23,Completed
7162,1982,2026-07-06 12:20:42,Completed
7163,3009,2024-12-26 03:09:52,Completed
7164,2288,2024-10-16 03:51:14,Completed
7165,3727,2025-02-13 01:22:40,Completed
7166,901,2024-09-12 13:40:17,Completed
7167,1328,2025-04-01 20:56:46,Completed
7168,347,2026-05-02 21:45:19,Pending
7169,3092,2025-07-11 14:39:53,Completed
7170,2353,2026-05-22 20:42:37,Completed
7171,4014,2024-11-08 19:08:27,Completed
7172,3236,2026-07-27 21:01:06,Completed
7173,3309,2026-02-21 13:31:49,Completed
7174,3823,2025-05-20 15:03:47,Cancelled
7175,4258,2025-08-30 10:14:45,Completed
7176,4961,2026-04-11 23:35:32,Completed
7177,3320,2026-02-27 02:53:39,Completed
7178,4289,2025-01-01 17:42:04,Cancelled
7179,1368,2024-09-12 14:03:46,Completed
7180,4094,2025-12-16 19:05:01,Completed
7181,299,2025-04-18 02:24:36,Completed
7182,4914,2026-06-23 11:27:20,Cancelled
7183,2445,2026-06-27 14:44:29,Completed
7184,3379,2024-12-14 00:48:28,Completed
7185,2454,2026-04-24 10:38:06,Completed
7186,2577,2024-11-25 12:49:50,Completed
7187,132,2025-01-04 12:29:59,Completed
7188,1206,2024-09-14 09:41:29,Completed
7189,4837,2026-06-07 17:57:38,Completed
7190,1146,2025-06-19 19:56:41,Completed
7191,2474,2025-12-28 09:22:08,Completed
7192,1166,2025-03-02 22:52:05,Pending
7193,1861,2024-12-11 14:06:23,Cancelled
7194,2072,2025-08-22 04:42:53,Completed
7195,3821,2026-03-14 15:48:40,Completed
7196,3044,2025-07-01 09:54:36,Completed
7197,3796,2025-12-21 20:58:14,Completed
7198,421,2025-12-02 06:53:39,Completed
7199,1193,2024-09-23 04:13:56,Completed
7200,830,2025-03-05 19:24:33,Completed
7201,436,2025-01-11 03:09:12,Completed
7202,3167,2026-07-24 13:53:26,Completed
7203,3551,2024-08-20 11:50:57,Pending
7204,2409,2025-07-29 05:18:37,Completed
7205,4199,2025-03-21 02:35:06,Completed
7206,332,2024-11-05 18:27:14,Cancelled
7207,3928,2024-08-08 21:10:08,Pending
7208,2716,2024-08-17 01:59:27,Completed
7209,4152,2024-10-25 01:01:21,Completed
7210,830,2024-10-03 01:11:53,Completed
7211,4601,2026-04-06 16:09:43,Completed
7212,203,2024-10-31 20:01:37,Completed
7213,4269,2026-02-28 06:46:43,Completed
7214,3673,2025-05-02 03:22:55,Completed
7215,3771,2025-03-04 15:57:55,Completed
7216,2676,2024-08-29 07:42:53,Completed
7217,418,2026-07-31 15:59:54,Completed
7218,4798,2025-09-07 23:22:21,Completed
7219,3592,2026-07-24 17:17:07,Completed
7220,3551,2026-07-20 13:58:44,Completed
7221,297,2026-07-01 20:27:19,Completed
7222,4490,2026-08-03 02:30:42,Completed
7223,4640,2025-10-02 17:49:27,Completed
7224,1257,2026-04-22 04:52:50,Cancelled
7225,3096,2025-12-29 09:51:36,Completed
7226,3604,2024-09-23 17:40:09,Completed
7227,2189,2025-07-26 16:32:12,Completed
7228,1609,2025-07-16 09:04:42,Pending
7229,3145,2025-10-22 10:23:26,Completed
7230,1805,2025-06-20 19:35:24,Pending
7231,2482,2025-05-15 07:22:37,Pending
7232,1090,2024-08-13 19:20:48,Completed
7233,4664,2025-05-12 07:47:17,Completed
7234,1243,2026-02-15 13:06:20,Completed
7235,4655,2025-09-05 10:19:02,Completed
7236,1726,2024-11-02 00:35:46,Pending
7237,543,2026-04-22 18:15:26,Completed
7238,307,2026-07-03 13:12:15,Completed
7239,3954,2025-02-14 17:16:21,Completed
7240,1795,2025-03-20 07:11:44,Completed
7241,1357,2025-11-10 07:19:07,Cancelled
7242,4043,2026-03-05 07:18:27,Completed
7243,3766,2026-08-03 21:43:37,Completed
7244,2808,2024-08-07 22:17:38,Completed
7245,3049,2024-11-15 09:06:59,Completed
7246,2115,2026-02-04 04:30:17,Completed
7247,4489,2026-04-29 11:40:12,Completed
7248,2709,2026-04-02 08:16:59,Completed
7249,2675,2024-12-06 08:10:37,Completed
7250,4832,2026-07-27 11:41:02,Completed
7251,2286,2025-05-07 02:14:23,Completed
7252,2010,2025-08-10 21:29:31,Completed
7253,183,2025-09-04 09:24:06,Completed
7254,2230,2026-04-30 13:29:32,Completed
7255,4169,2025-10-22 08:14:32,Completed
7256,3316,2025-07-11 19:13:41,Pending
7257,4848,2024-11-12 10:30:04,Completed
7258,2111,2026-01-17 06:26:20,Completed
7259,1213,2026-02-26 23:52:50,Completed
7260,1794,2026-03-13 21:41:55,Completed
7261,2038,2025-11-05 18:53:28,Completed
7262,1256,2025-11-11 13:53:15,Cancelled
7263,4442,2026-05-05 08:16:56,Completed
7264,3381,2025-09-14 07:08:33,Completed
7265,3435,2024-12-26 13:38:54,Completed
7266,2451,2026-05-06 20:34:13,Pending
7267,1331,2025-07-11 09:18:34,Completed
7268,544,2024-08-27 08:59:03,Completed
7269,467,2026-05-12 12:01:47,Completed
7270,3541,2026-04-04 11:18:03,Completed
7271,3877,2025-09-13 08:08:39,Cancelled
7272,2735,2024-08-25 03:37:22,Cancelled
7273,969,2026-03-03 14:17:25,Completed
7274,3986,2025-07-22 20:21:02,Completed
7275,4030,2026-07-20 09:53:44,Cancelled
7276,3247,2025-04-04 15:42:28,Completed
7277,3321,2025-02-18 20:37:01,Completed
7278,1927,2026-03-18 09:23:16,Completed
7279,1351,2024-10-02 04:31:29,Completed
7280,4899,2025-05-04 23:15:30,Completed
7281,3088,2026-08-04 22:01:30,Completed
7282,825,2025-01-27 22:53:13,Pending
7283,70,2024-08-24 00:25:16,Completed
7284,3511,2025-09-30 16:18:55,Completed
7285,757,2025-08-12 15:50:36,Cancelled
7286,1245,2024-12-24 12:53:27,Cancelled
7287,18,2025-06-10 23:30:47,Completed
7288,268,2025-04-23 23:39:49,Completed
7289,3005,2025-01-29 00:03:55,Completed
7290,2927,2025-04-29 03:59:53,Completed
7291,717,2026-06-08 22:14:36,Pending
7292,2538,2026-02-23 22:05:59,Completed
7293,320,2026-02-09 10:08:37,Cancelled
7294,675,2026-01-25 00:21:11,Cancelled
7295,2,2025-02-12 09:15:40,Completed
7296,1575,2024-12-11 13:37:46,Completed
7297,3202,2025-04-13 12:58:15,Completed
7298,4018,2024-11-13 11:06:20,Completed
7299,4861,2026-04-11 10:55:59,Completed
7300,4310,2025-10-22 01:44:33,Pending
7301,2331,2026-03-15 01:56:12,Completed
7302,3788,2025-06-13 21:56:25,Completed
7303,2130,2026-02-19 05:33:37,Completed
7304,4218,2025-12-16 15:04:57,Pending
7305,4969,2024-12-07 04:42:38,Completed
7306,2325,2026-02-14 17:20:43,Pending
7307,2775,2026-01-26 23:56:21,Completed
7308,3873,2026-03-11 08:34:06,Completed
7309,2939,2026-07-14 08:26:15,Cancelled
7310,2511,2025-11-03 06:34:39,Completed
7311,3286,2025-09-19 13:31:56,Completed
7312,1927,2026-04-12 09:36:15,Completed
7313,2534,2024-10-09 08:09:16,Completed
7314,1725,2026-01-13 01:55:43,Completed
7315,1219,2024-09-30 18:50:49,Completed
7316,302,2024-12-25 17:51:25,Pending
7317,4815,2026-06-05 12:25:01,Completed
7318,1210,2026-05-14 19:05:54,Completed
7319,3678,2026-02-05 03:23:37,Completed
7320,602,2025-06-08 00:58:22,Completed
7321,2726,2025-04-09 06:29:28,Completed
7322,4746,2026-05-05 07:32:58,Completed
7323,3946,2024-12-26 13:52:39,Completed
7324,1005,2026-01-31 00:02:35,Cancelled
7325,4523,2024-11-12 01:45:17,Completed
7326,2479,2026-01-30 19:21:41,Cancelled
7327,1719,2025-08-12 16:50:59,Completed
7328,278,2024-11-02 20:19:18,Completed
7329,3202,2025-01-27 02:57:59,Completed
7330,542,2024-10-16 12:46:08,Pending
7331,2066,2025-09-11 14:32:42,Completed
7332,4077,2025-08-13 21:02:53,Completed
7333,3257,2024-09-15 14:01:21,Completed
7334,2651,2025-07-12 05:32:14,Completed
7335,2679,2025-10-29 01:53:09,Completed
7336,3460,2025-06-16 14:13:58,Completed
7337,4642,2025-07-14 15:44:43,Completed
7338,1508,2025-11-02 03:27:16,Pending
7339,1345,2025-05-25 17:24:09,Cancelled
7340,3407,2025-08-25 06:32:43,Pending
7341,2741,2025-08-04 11:29:26,Completed
7342,1150,2026-04-29 18:19:44,Completed
7343,4948,2025-10-05 10:00:53,Completed
7344,2277,2024-09-02 04:09:15,Cancelled
7345,1479,2025-09-23 00:30:51,Completed
7346,76,2026-02-10 01:52:25,Completed
7347,2810,2026-05-21 01:24:42,Completed
7348,3056,2025-03-24 01:10:39,Completed
7349,857,2026-06-14 17:25:22,Completed
7350,4105,2025-03-05 23:30:59,Completed
7351,1211,2025-07-03 16:10:35,Completed
7352,4137,2024-10-18 05:35:05,Completed
7353,3201,2026-05-23 22:43:34,Completed
7354,4838,2026-05-12 02:49:41,Completed
7355,1612,2026-03-20 13:02:04,Completed
7356,323,2025-12-16 19:12:44,Completed
7357,4842,2026-02-13 17:42:45,Completed
7358,4414,2026-03-31 22:14:10,Cancelled
7359,3740,2025-10-27 16:09:32,Pending
7360,2725,2024-12-11 22:39:16,Pending
7361,4828,2025-07-11 16:23:24,Completed
7362,515,2025-10-30 18:13:42,Completed
7363,3419,2025-07-23 23:42:07,Cancelled
7364,4987,2025-05-20 01:42:16,Completed
7365,2582,2026-02-08 18:37:43,Completed
7366,1826,2026-04-20 16:32:29,Completed
7367,2460,2024-09-13 03:24:11,Completed
7368,318,2024-10-28 22:08:53,Completed
7369,4748,2025-03-31 07:33:25,Completed
7370,2174,2025-06-30 12:24:00,Pending
7371,1878,2026-05-14 01:30:59,Pending
7372,3681,2025-06-09 08:28:41,Completed
7373,19,2025-01-23 02:14:33,Completed
7374,624,2026-08-02 00:20:22,Completed
7375,2242,2025-11-24 13:04:23,Completed
7376,4478,2025-07-21 19:30:25,Cancelled
7377,134,2024-09-13 00:41:21,Completed
7378,2509,2025-11-25 12:24:42,Completed
7379,420,2024-08-21 09:43:38,Completed
7380,4753,2026-05-09 11:55:21,Completed
7381,4525,2026-01-03 06:13:11,Completed
7382,950,2025-06-02 04:06:11,Completed
7383,3187,2025-09-19 10:55:04,Completed
7384,2692,2024-10-01 21:16:35,Completed
7385,1641,2025-05-12 13:23:51,Pending
7386,3519,2025-03-01 14:33:50,Pending
7387,2012,2025-07-15 11:44:42,Cancelled
7388,170,2026-03-15 10:35:35,Pending
7389,2116,2026-06-25 10:39:55,Completed
7390,2395,2025-05-30 06:46:18,Completed
7391,3405,2026-02-19 07:49:51,Completed
7392,3494,2026-03-24 10:53:34,Completed
7393,1343,2026-07-26 02:05:33,Completed
7394,2366,2025-12-18 18:06:06,Completed
7395,4443,2025-07-18 02:58:11,Completed
7396,562,2026-04-03 19:24:12,Pending
7397,1275,2025-10-07 20:29:09,Completed
7398,28,2025-01-05 09:34:53,Cancelled
7399,541,2026-02-19 06:37:55,Completed
7400,2213,2026-04-21 18:04:58,Cancelled
7401,929,2025-05-16 10:58:14,Completed
7402,2766,2026-07-18 18:51:36,Completed
7403,4380,2026-03-15 11:36:29,Completed
7404,1001,2025-06-22 20:12:44,Completed
7405,2280,2025-11-29 23:33:58,Completed
7406,2919,2024-09-17 05:12:45,Completed
7407,2894,2025-05-09 21:49:15,Completed
7408,1551,2025-12-29 23:24:08,Completed
7409,2051,2025-02-19 09:42:04,Completed
7410,708,2025-09-28 17:44:00,Cancelled
7411,1330,2026-01-21 01:13:22,Completed
7412,1314,2024-12-08 21:14:29,Completed
7413,4382,2025-01-04 07:13:49,Completed
7414,2879,2026-06-12 01:25:11,Pending
7415,3189,2025-07-24 10:34:25,Completed
7416,3543,2026-03-27 20:43:59,Completed
7417,4198,2024-08-06 21:07:03,Completed
7418,3297,2025-08-09 00:40:38,Completed
7419,1558,2025-01-04 02:53:49,Completed
7420,3961,2026-05-14 21:38:20,Completed
7421,549,2026-07-14 10:17:14,Cancelled
7422,1858,2025-01-11 17:59:07,Completed
7423,4050,2026-04-04 15:08:35,Completed
7424,3751,2026-04-14 03:59:48,Completed
7425,3022,2024-09-17 12:49:12,Completed
7426,344,2024-09-14 05:02:43,Pending
7427,1541,2024-09-23 22:14:46,Pending
7428,2912,2025-01-31 23:58:53,Pending
7429,3052,2026-07-20 21:27:18,Completed
7430,3405,2026-02-10 01:56:05,Completed
7431,61,2025-03-20 19:03:10,Cancelled
7432,3797,2024-10-30 20:47:14,Pending
7433,787,2025-05-10 00:36:24,Completed
7434,4600,2026-04-17 18:59:48,Completed
7435,4857,2024-09-12 09:03:51,Completed
7436,4050,2026-07-13 23:15:53,Completed
7437,4519,2024-09-29 01:50:13,Completed
7438,2792,2025-11-25 08:46:04,Completed
7439,267,2024-10-20 09:25:46,Completed
7440,2598,2025-07-22 04:54:47,Completed
7441,4400,2025-04-26 14:57:03,Completed
7442,2404,2025-12-17 19:28:08,Pending
7443,874,2024-08-22 01:45:33,Pending
7444,2460,2025-02-09 20:59:52,Completed
7445,1122,2024-09-15 02:58:54,Completed
7446,3110,2026-07-06 05:40:41,Cancelled
7447,2300,2025-06-23 05:30:19,Completed
7448,3376,2024-09-30 11:31:49,Cancelled
7449,4350,2026-07-21 02:00:58,Completed
7450,4082,2026-03-24 02:41:11,Completed
7451,2457,2025-08-22 02:13:34,Completed
7452,215,2026-03-29 17:38:56,Cancelled
7453,2685,2026-08-04 14:04:46,Completed
7454,763,2026-07-09 08:01:46,Completed
7455,4301,2025-12-13 21:58:17,Completed
7456,821,2025-11-14 03:49:53,Completed
7457,780,2025-12-13 02:55:39,Cancelled
7458,2735,2026-08-02 17:26:02,Completed
7459,1014,2026-07-18 00:11:52,Completed
7460,1740,2025-01-05 02:41:31,Completed
7461,646,2026-04-28 20:26:25,Completed
7462,2266,2024-12-21 01:16:11,Completed
7463,4508,2026-07-09 21:51:58,Completed
7464,653,2026-06-29 09:10:36,Completed
7465,4497,2026-04-29 18:08:35,Cancelled
7466,4474,2025-03-18 01:28:46,Completed
7467,4525,2024-09-24 20:18:35,Completed
7468,823,2025-12-09 07:38:29,Completed
7469,334,2024-12-15 18:03:26,Completed
7470,3443,2024-12-09 12:11:35,Pending
7471,2731,2026-04-12 14:30:03,Completed
7472,427,2026-02-19 10:02:20,Completed
7473,773,2025-04-20 18:53:30,Cancelled
7474,4820,2025-08-04 23:55:03,Pending
7475,3908,2026-01-09 18:42:56,Pending
7476,2959,2024-09-01 02:47:32,Completed
7477,876,2024-08-22 16:55:45,Completed
7478,4841,2026-04-11 21:45:08,Cancelled
7479,2029,2026-04-14 10:05:03,Pending
7480,1380,2025-11-11 01:30:36,Completed
7481,4662,2025-11-20 15:09:24,Completed
7482,851,2024-10-15 21:08:26,Completed
7483,138,2025-10-21 12:50:40,Completed
7484,1038,2025-12-07 09:23:45,Completed
7485,4176,2025-05-24 23:42:28,Completed
7486,3342,2025-04-03 02:15:30,Pending
7487,4285,2025-01-04 19:19:49,Completed
7488,4725,2025-08-14 13:59:23,Completed
7489,1537,2025-12-27 17:15:01,Completed
7490,1949,2025-08-02 08:46:34,Pending
7491,1729,2026-03-02 13:58:37,Completed
7492,3183,2025-09-12 06:48:27,Completed
7493,4324,2024-10-01 23:25:52,Completed
7494,1116,2025-02-01 21:19:36,Completed
7495,4840,2025-04-21 03:37:36,Completed
7496,4738,2025-06-02 13:18:45,Completed
7497,2041,2024-11-05 01:48:30,Completed
7498,1022,2025-12-13 19:12:57,Completed
7499,2089,2026-04-12 23:39:21,Completed
7500,4077,2024-11-23 17:32:48,Pending
7501,939,2026-05-01 21:10:21,Completed
7502,1567,2025-09-12 06:04:29,Completed
7503,1051,2024-11-18 14:59:25,Completed
7504,4754,2025-02-28 12:09:42,Completed
7505,2039,2026-07-25 09:24:39,Completed
7506,330,2026-02-10 18:24:30,Completed
7507,2048,2024-11-28 11:08:45,Completed
7508,592,2026-01-12 10:02:33,Completed
7509,1090,2025-04-14 00:24:38,Cancelled
7510,2266,2026-05-10 22:56:38,Cancelled
7511,4707,2026-05-25 03:32:03,Pending
7512,1722,2025-09-24 03:08:05,Completed
7513,113,2026-02-19 12:00:34,Completed
7514,2797,2024-11-10 11:03:24,Completed
7515,1183,2025-11-03 12:11:19,Completed
7516,1010,2025-08-16 00:20:43,Completed
7517,2664,2024-11-10 16:05:18,Cancelled
7518,3103,2026-01-17 23:30:02,Completed
7519,2254,2026-04-12 03:23:47,Completed
7520,1652,2026-08-04 22:02:01,Completed
7521,1196,2024-10-08 16:49:45,Completed
7522,2894,2025-08-11 06:05:50,Completed
7523,1989,2026-01-05 23:18:50,Completed
7524,2244,2025-05-15 08:48:05,Completed
7525,2066,2024-11-21 14:27:44,Pending
7526,3798,2025-03-19 03:29:15,Completed
7527,489,2024-09-05 13:06:08,Completed
7528,4295,2026-05-12 07:28:04,Completed
7529,3387,2026-03-12 15:25:33,Completed
7530,2353,2026-05-21 23:52:06,Completed
7531,2289,2024-10-07 05:33:36,Completed
7532,113,2024-08-14 08:24:36,Completed
7533,4339,2024-12-03 08:18:57,Pending
7534,3723,2024-12-29 08:10:32,Completed
7535,1838,2025-07-05 15:10:30,Completed
7536,2258,2026-03-02 10:25:42,Completed
7537,3200,2026-05-27 13:49:36,Completed
7538,3936,2026-03-12 14:45:35,Completed
7539,1094,2026-07-13 08:23:55,Pending
7540,1921,2026-05-26 17:38:42,Completed
7541,3151,2025-08-07 12:27:33,Completed
7542,4520,2025-10-27 17:06:50,Completed
7543,1186,2026-07-24 11:40:09,Completed
7544,3038,2025-06-02 15:16:33,Completed
7545,810,2025-01-17 18:50:14,Completed
7546,4232,2025-10-15 11:14:42,Completed
7547,3308,2026-05-08 22:15:20,Pending
7548,4647,2026-02-13 17:02:30,Cancelled
7549,878,2025-08-15 09:37:51,Completed
7550,2317,2024-11-06 15:17:39,Completed
7551,2002,2024-12-23 09:08:59,Completed
7552,4555,2026-01-09 20:00:41,Completed
7553,4706,2025-11-16 09:30:47,Completed
7554,4342,2025-12-23 01:24:07,Cancelled
7555,4072,2026-07-15 05:10:53,Cancelled
7556,28,2026-03-13 18:02:08,Completed
7557,161,2025-01-21 21:18:39,Completed
7558,4538,2024-09-15 11:46:55,Completed
7559,2796,2026-06-30 12:45:45,Pending
7560,1585,2025-09-05 13:50:26,Completed
7561,2510,2025-07-22 01:35:15,Completed
7562,3481,2025-05-05 00:28:22,Completed
7563,2228,2026-05-14 03:46:01,Completed
7564,3293,2026-05-17 22:51:24,Completed
7565,4929,2026-01-22 23:22:48,Completed
7566,2924,2025-10-17 21:29:09,Pending
7567,3866,2025-11-23 08:14:37,Completed
7568,2007,2024-10-17 11:14:44,Completed
7569,2754,2025-04-06 20:49:02,Completed
7570,1976,2026-06-06 08:09:44,Completed
7571,4040,2024-10-11 00:19:41,Completed
7572,4608,2025-06-08 05:14:25,Pending
7573,625,2025-04-30 07:20:23,Completed
7574,1123,2026-05-18 05:38:56,Completed
7575,360,2026-03-24 21:03:59,Completed
7576,3379,2024-09-28 21:55:21,Completed
7577,595,2025-09-20 21:22:05,Completed
7578,4494,2026-06-12 11:52:11,Completed
7579,1112,2025-04-22 13:17:43,Completed
7580,1758,2024-09-17 05:31:42,Completed
7581,794,2025-06-22 10:24:37,Pending
7582,96,2024-11-29 18:52:12,Cancelled
7583,3352,2025-02-21 06:48:01,Completed
7584,2298,2024-10-03 06:35:49,Completed
7585,3686,2025-03-22 12:14:12,Completed
7586,766,2026-05-30 04:45:04,Completed
7587,1940,2024-08-22 19:44:55,Completed
7588,767,2026-06-20 16:02:08,Completed
7589,4902,2025-11-05 14:52:06,Completed
7590,1976,2026-08-03 08:06:11,Pending
7591,2270,2025-08-12 16:30:53,Completed
7592,53,2026-06-07 19:27:11,Cancelled
7593,4011,2024-10-24 22:55:32,Completed
7594,1773,2025-04-18 15:11:59,Completed
7595,2710,2025-03-29 00:10:25,Completed
7596,4127,2024-11-09 08:14:03,Completed
7597,4716,2025-11-16 23:15:33,Completed
7598,3499,2025-11-13 16:48:32,Completed
7599,2924,2026-02-02 01:22:25,Completed
7600,4558,2026-06-11 11:29:06,Completed
7601,221,2025-08-21 17:02:45,Completed
7602,4684,2026-04-12 06:24:44,Pending
7603,2255,2025-04-05 04:57:12,Completed
7604,1286,2026-07-26 22:45:01,Completed
7605,371,2026-03-15 15:23:26,Completed
7606,1605,2025-10-09 02:57:28,Completed
7607,1620,2025-09-14 12:27:45,Completed
7608,3776,2025-07-18 20:32:50,Pending
7609,3683,2024-08-10 07:22:59,Completed
7610,1102,2026-03-30 05:27:02,Pending
7611,1673,2026-01-18 09:32:09,Completed
7612,2455,2025-06-23 08:10:44,Completed
7613,3538,2025-05-11 15:07:30,Completed
7614,519,2024-08-20 18:54:22,Completed
7615,1304,2025-02-05 12:38:58,Completed
7616,63,2025-09-26 20:26:07,Completed
7617,288,2026-03-18 17:50:35,Completed
7618,3444,2025-12-15 06:51:17,Completed
7619,1291,2025-12-23 07:21:56,Completed
7620,1260,2025-01-29 15:50:23,Completed
7621,3561,2026-06-07 12:11:22,Completed
7622,1362,2024-08-10 13:47:49,Completed
7623,4262,2026-06-15 22:10:21,Completed
7624,4349,2024-08-21 01:38:57,Cancelled
7625,4848,2025-09-03 18:29:45,Completed
7626,4798,2024-12-26 07:27:49,Cancelled
7627,3712,2024-10-22 07:18:39,Completed
7628,4869,2026-08-01 20:57:08,Completed
7629,4648,2026-05-13 07:49:42,Completed
7630,3679,2025-07-08 02:10:14,Completed
7631,3647,2025-06-04 09:57:54,Completed
7632,2132,2025-12-19 05:39:23,Completed
7633,165,2024-12-17 14:32:53,Completed
7634,2422,2025-11-22 11:12:54,Completed
7635,4387,2025-06-07 06:18:19,Completed
7636,746,2026-03-31 10:27:14,Completed
7637,945,2025-02-11 20:51:22,Completed
7638,1039,2024-11-15 18:27:21,Cancelled
7639,1883,2024-08-20 06:39:04,Completed
7640,4371,2026-07-04 09:40:38,Cancelled
7641,928,2025-09-23 13:39:21,Completed
7642,3233,2025-09-14 08:49:17,Cancelled
7643,4757,2025-03-17 05:44:25,Completed
7644,1108,2026-05-09 14:57:06,Pending
7645,1473,2025-03-17 07:21:21,Completed
7646,1899,2024-10-16 19:00:13,Completed
7647,1971,2026-02-16 21:12:49,Cancelled
7648,4165,2026-06-07 14:09:30,Completed
7649,4454,2025-07-15 01:35:35,Completed
7650,1979,2026-07-04 19:50:47,Completed
7651,685,2025-03-15 00:34:05,Completed
7652,4404,2026-06-09 11:55:36,Pending
7653,2140,2024-12-07 20:32:40,Completed
7654,1116,2025-09-21 02:14:06,Completed
7655,361,2026-03-21 00:54:11,Completed
7656,1682,2026-02-21 12:09:04,Completed
7657,1807,2024-10-31 21:36:09,Completed
7658,733,2024-12-23 23:23:19,Completed
7659,3624,2026-04-15 01:48:26,Pending
7660,4479,2026-05-08 11:54:20,Pending
7661,2637,2024-09-16 07:15:42,Completed
7662,2264,2026-04-10 17:57:46,Cancelled
7663,2767,2024-10-03 13:31:31,Pending
7664,95,2025-04-09 15:48:13,Completed
7665,199,2025-11-16 18:12:58,Completed
7666,249,2024-12-15 07:30:29,Pending
7667,1352,2024-08-21 15:34:44,Completed
7668,4800,2026-04-13 23:50:38,Pending
7669,1560,2026-04-27 15:31:26,Completed
7670,805,2025-11-01 14:18:35,Completed
7671,4416,2024-11-29 18:43:42,Completed
7672,469,2025-04-19 14:03:44,Completed
7673,4956,2025-05-27 05:01:48,Pending
7674,1227,2025-02-19 19:16:26,Cancelled
7675,2563,2025-08-15 19:01:03,Completed
7676,944,2025-07-31 06:46:04,Completed
7677,4129,2025-05-07 10:34:49,Completed
7678,2394,2026-05-15 08:40:00,Completed
7679,697,2025-11-10 01:24:43,Completed
7680,1212,2026-02-25 06:44:29,Completed
7681,4722,2026-02-22 17:17:29,Completed
7682,2353,2025-06-27 04:31:33,Completed
7683,628,2026-02-17 21:39:08,Completed
7684,2368,2025-11-16 01:05:05,Completed
7685,348,2025-06-21 19:27:18,Completed
7686,3842,2025-08-05 16:39:30,Pending
7687,3561,2025-05-16 22:56:14,Completed
7688,362,2025-09-13 23:45:46,Completed
7689,23,2025-03-23 10:44:31,Completed
7690,2013,2025-10-31 07:19:52,Completed
7691,2798,2026-08-04 08:07:28,Pending
7692,4227,2024-11-30 22:15:25,Completed
7693,1229,2024-11-16 02:41:49,Completed
7694,4613,2026-05-03 15:23:15,Completed
7695,3384,2025-11-12 17:22:17,Completed
7696,2208,2025-02-08 11:10:07,Completed
7697,2635,2026-01-19 03:10:46,Completed
7698,402,2024-10-21 04:06:59,Completed
7699,1395,2024-08-25 04:43:24,Completed
7700,3075,2025-05-13 02:58:27,Completed
7701,4527,2026-01-30 19:10:30,Completed
7702,3849,2026-03-26 17:54:48,Pending
7703,1704,2026-01-25 14:42:04,Completed
7704,4933,2025-08-11 23:29:19,Completed
7705,4574,2025-05-13 12:43:05,Completed
7706,2909,2026-05-03 12:21:48,Completed
7707,140,2026-06-29 01:15:05,Completed
7708,4308,2024-09-03 04:44:05,Completed
7709,529,2025-10-03 16:54:57,Pending
7710,385,2026-04-26 18:11:52,Cancelled
7711,3209,2026-07-22 16:47:11,Completed
7712,4331,2024-11-27 00:20:56,Completed
7713,4554,2025-04-30 01:27:15,Cancelled
7714,41,2025-04-14 22:10:44,Completed
7715,2119,2025-06-10 18:20:00,Cancelled
7716,1454,2025-06-11 01:59:39,Completed
7717,3881,2025-01-16 20:00:39,Completed
7718,2040,2025-08-27 15:18:43,Completed
7719,3098,2026-01-26 13:00:01,Completed
7720,1538,2026-01-20 13:31:38,Completed
7721,526,2025-12-26 13:03:18,Completed
7722,1985,2025-08-06 04:09:31,Completed
7723,537,2024-11-23 14:49:20,Completed
7724,3278,2026-07-11 21:17:41,Completed
7725,2418,2024-08-12 16:28:46,Completed
7726,4274,2025-09-15 13:50:26,Completed
7727,2520,2025-05-02 06:39:25,Completed
7728,1300,2026-05-10 14:01:56,Pending
7729,3439,2026-01-26 23:23:58,Completed
7730,1070,2024-09-27 04:06:25,Completed
7731,4329,2026-06-27 13:58:28,Completed
7732,853,2026-07-08 02:17:38,Completed
7733,2064,2025-07-23 19:03:27,Pending
7734,335,2024-12-29 19:25:50,Completed
7735,2389,2024-08-27 00:02:19,Cancelled
7736,3194,2026-07-11 22:08:55,Completed
7737,3062,2025-09-07 07:26:19,Completed
7738,347,2024-10-04 21:59:39,Completed
7739,1877,2025-06-17 23:26:26,Completed
7740,3024,2025-03-28 06:52:01,Completed
7741,1532,2026-02-11 05:41:15,Completed
7742,191,2025-01-29 07:02:16,Completed
7743,3849,2025-10-04 18:18:17,Completed
7744,3369,2025-06-05 07:51:00,Completed
7745,2381,2024-10-25 05:45:25,Completed
7746,4345,2026-05-22 11:29:28,Completed
7747,185,2026-08-04 09:57:04,Completed
7748,893,2025-10-22 11:51:39,Completed
7749,4556,2026-04-10 20:34:00,Completed
7750,4250,2025-01-31 09:56:04,Completed
7751,2257,2026-01-10 11:11:46,Completed
7752,1100,2026-05-14 12:58:27,Completed
7753,505,2025-10-16 07:28:28,Completed
7754,2785,2026-07-10 18:31:47,Pending
7755,472,2026-03-01 00:05:12,Cancelled
7756,2387,2025-03-06 13:09:02,Completed
7757,1771,2024-11-28 03:11:51,Completed
7758,2909,2026-03-10 02:06:46,Completed
7759,4311,2025-07-09 23:33:34,Completed
7760,2582,2026-02-21 06:07:11,Completed
7761,1001,2025-09-26 16:01:45,Completed
7762,1818,2025-12-09 08:35:57,Completed
7763,838,2025-05-25 04:48:47,Pending
7764,4915,2025-12-08 01:48:52,Completed
7765,3822,2026-06-11 19:56:29,Completed
7766,1014,2025-12-03 03:21:37,Completed
7767,4969,2025-03-22 21:29:44,Cancelled
7768,1976,2025-11-18 00:34:15,Completed
7769,1622,2026-01-13 15:04:43,Completed
7770,1104,2025-06-16 14:41:41,Completed
7771,2647,2026-06-16 03:53:50,Cancelled
7772,322,2026-04-02 23:31:23,Completed
7773,285,2024-11-28 21:31:04,Completed
7774,688,2026-06-01 18:20:46,Cancelled
7775,4137,2024-09-18 11:32:32,Completed
7776,2683,2025-11-29 00:11:41,Cancelled
7777,781,2026-08-03 22:29:06,Completed
7778,4102,2024-12-17 09:27:13,Completed
7779,4527,2026-01-05 22:14:28,Completed
7780,4297,2025-08-29 21:30:15,Completed
7781,88,2025-09-19 04:11:02,Cancelled
7782,1710,2024-09-30 09:19:32,Completed
7783,241,2026-07-06 18:07:52,Completed
7784,2741,2026-03-31 19:45:25,Completed
7785,918,2025-08-14 16:52:26,Completed
7786,4893,2026-01-24 05:30:14,Completed
7787,108,2025-03-10 08:16:11,Completed
7788,3091,2024-11-04 18:02:42,Completed
7789,4075,2025-11-09 21:03:11,Completed
7790,2324,2024-08-12 19:15:23,Completed
7791,4884,2024-10-30 11:32:46,Completed
7792,3404,2025-11-12 15:30:52,Cancelled
7793,1751,2024-11-01 16:44:15,Completed
7794,4996,2025-09-20 12:38:32,Completed
7795,1098,2026-01-20 07:49:39,Completed
7796,625,2025-12-20 02:52:38,Completed
7797,581,2025-12-14 12:45:27,Completed
7798,4309,2026-04-27 21:48:49,Completed
7799,4711,2025-04-13 06:23:44,Completed
7800,4418,2025-11-24 16:18:42,Completed
7801,1896,2026-07-10 02:49:28,Completed
7802,3911,2026-04-17 13:22:55,Completed
7803,217,2026-05-11 14:19:33,Completed
7804,3337,2025-06-19 22:18:21,Completed
7805,1292,2026-05-14 04:30:07,Cancelled
7806,4970,2025-08-10 13:06:37,Completed
7807,1212,2026-05-18 13:20:07,Pending
7808,3697,2025-03-08 04:07:58,Completed
7809,2767,2026-03-21 18:18:51,Completed
7810,756,2024-11-11 23:08:59,Completed
7811,299,2025-02-19 13:12:08,Completed
7812,2409,2026-01-26 01:11:56,Completed
7813,4392,2026-01-07 22:12:39,Completed
7814,352,2026-07-10 18:17:40,Completed
7815,175,2026-04-13 14:51:26,Completed
7816,2765,2026-05-02 05:33:49,Completed
7817,3240,2026-04-25 02:44:32,Completed
7818,380,2026-03-24 00:27:54,Completed
7819,787,2025-06-18 11:19:57,Completed
7820,1056,2025-01-19 10:53:25,Completed
7821,148,2025-11-02 00:02:24,Cancelled
7822,1581,2026-06-24 02:57:28,Completed
7823,454,2026-01-27 03:33:59,Completed
7824,1665,2026-04-12 12:18:44,Completed
7825,3260,2026-07-06 15:21:04,Completed
7826,725,2025-09-12 15:11:52,Completed
7827,224,2025-03-14 23:56:34,Completed
7828,3733,2025-01-04 10:02:56,Pending
7829,1744,2026-07-19 17:26:19,Pending
7830,1438,2024-09-21 05:22:34,Completed
7831,2081,2025-08-15 23:49:36,Completed
7832,2915,2025-08-07 07:38:35,Pending
7833,3521,2024-10-26 14:50:32,Completed
7834,1503,2025-07-26 06:28:31,Completed
7835,892,2026-04-16 21:32:04,Completed
7836,3976,2026-03-28 03:31:52,Completed
7837,4599,2025-01-22 19:47:09,Completed
7838,1169,2024-10-21 07:16:56,Completed
7839,4297,2024-11-17 05:10:15,Completed
7840,2379,2026-04-05 12:15:48,Completed
7841,331,2024-11-22 10:15:24,Completed
7842,2491,2026-07-29 17:54:41,Completed
7843,41,2024-12-27 15:01:51,Completed
7844,3666,2026-04-07 15:10:30,Completed
7845,2807,2026-02-05 18:23:28,Completed
7846,3907,2025-03-11 10:19:36,Completed
7847,4508,2025-12-01 10:44:36,Completed
7848,4331,2026-03-08 09:50:26,Completed
7849,378,2025-04-22 02:04:33,Completed
7850,3067,2024-12-21 00:49:39,Completed
7851,1017,2026-07-18 21:15:08,Pending
7852,3036,2025-05-29 08:08:57,Completed
7853,148,2026-05-24 22:15:00,Completed
7854,390,2025-10-22 11:30:33,Completed
7855,4625,2026-03-07 06:13:01,Completed
7856,532,2026-06-17 01:46:13,Completed
7857,2341,2026-08-04 13:45:33,Completed
7858,130,2026-07-26 11:45:17,Completed
7859,3712,2024-11-08 15:25:50,Cancelled
7860,4776,2025-07-06 10:02:44,Completed
7861,3301,2025-07-06 23:12:34,Completed
7862,4693,2025-03-07 05:41:54,Completed
7863,3447,2025-06-06 23:00:17,Completed
7864,4692,2024-11-29 03:05:34,Completed
7865,2429,2026-06-11 05:38:13,Completed
7866,4954,2026-06-10 09:02:47,Completed
7867,3738,2025-07-26 13:47:59,Pending
7868,4278,2024-09-16 09:30:37,Completed
7869,4385,2025-04-09 00:20:25,Completed
7870,4746,2026-02-03 07:42:30,Completed
7871,4660,2025-03-28 16:25:53,Completed
7872,2707,2025-01-09 18:34:46,Completed
7873,2412,2024-11-14 19:21:17,Pending
7874,4100,2026-03-09 22:57:23,Completed
7875,4666,2026-07-14 21:06:16,Completed
7876,1593,2025-02-17 20:45:14,Cancelled
7877,1560,2025-12-13 17:31:12,Completed
7878,1828,2024-12-05 12:02:12,Completed
7879,1158,2024-10-26 09:30:13,Completed
7880,3522,2026-04-14 20:40:12,Completed
7881,4587,2026-01-16 19:00:09,Cancelled
7882,449,2025-03-31 10:37:07,Completed
7883,189,2026-01-27 17:02:58,Cancelled
7884,3875,2026-04-10 22:04:46,Completed
7885,965,2026-05-27 06:42:28,Completed
7886,3422,2024-11-07 03:07:00,Cancelled
7887,251,2025-01-11 05:42:45,Completed
7888,1425,2026-03-04 16:52:09,Completed
7889,2536,2024-09-28 10:24:19,Completed
7890,1869,2025-01-06 17:41:24,Completed
7891,1806,2024-10-19 08:36:34,Completed
7892,4935,2025-11-22 04:54:41,Cancelled
7893,1999,2024-11-20 11:57:00,Completed
7894,4262,2026-06-23 20:15:04,Completed
7895,4597,2024-10-07 19:58:32,Completed
7896,2333,2025-06-24 14:13:03,Completed
7897,2824,2026-05-07 20:52:19,Cancelled
7898,966,2024-08-28 06:43:46,Cancelled
7899,4639,2026-03-24 05:23:59,Completed
7900,2797,2025-06-02 15:35:14,Pending
7901,1207,2024-08-06 10:08:42,Completed
7902,2939,2025-08-15 06:49:39,Completed
7903,1202,2025-01-24 12:33:11,Completed
7904,2180,2025-08-17 20:01:30,Pending
7905,4511,2024-11-27 11:45:59,Completed
7906,3100,2025-01-18 08:49:43,Completed
7907,597,2025-02-25 17:02:19,Cancelled
7908,1775,2025-07-18 09:19:08,Pending
7909,3948,2026-03-07 08:40:47,Completed
7910,805,2025-06-12 14:11:11,Completed
7911,1194,2026-02-23 23:09:57,Completed
7912,4330,2025-02-22 00:54:32,Completed
7913,2760,2025-02-02 11:14:07,Cancelled
7914,985,2026-05-25 14:30:45,Completed
7915,1574,2024-11-25 18:03:54,Completed
7916,3266,2025-06-02 17:04:09,Completed
7917,1972,2026-05-09 12:18:59,Completed
7918,2546,2025-02-24 12:40:22,Completed
7919,2228,2024-12-31 14:27:29,Completed
7920,333,2025-03-08 16:54:55,Completed
7921,1346,2026-05-22 19:50:53,Completed
7922,1833,2026-07-25 20:39:15,Pending
7923,4210,2026-01-15 18:21:27,Completed
7924,3201,2025-04-12 04:04:30,Cancelled
7925,3190,2026-02-03 10:55:52,Pending
7926,452,2025-12-14 18:03:21,Completed
7927,3172,2025-08-02 14:34:48,Completed
7928,615,2024-11-19 13:22:35,Pending
7929,1584,2026-06-26 16:05:19,Completed
7930,2744,2025-01-02 02:11:30,Completed
7931,209,2026-04-27 01:52:05,Pending
7932,543,2024-11-06 15:04:25,Completed
7933,459,2024-08-20 10:30:03,Completed
7934,2288,2025-07-05 20:29:38,Pending
7935,4969,2025-07-06 17:50:49,Pending
7936,2633,2025-07-28 09:57:12,Pending
7937,3341,2025-10-05 06:07:12,Completed
7938,4275,2026-06-27 02:12:19,Completed
7939,4772,2025-12-19 18:21:44,Cancelled
7940,3369,2024-08-19 12:14:31,Completed
7941,413,2024-08-25 19:26:09,Completed
7942,1807,2025-10-24 07:38:21,Completed
7943,2213,2025-07-21 19:54:07,Pending
7944,4058,2025-09-14 19:25:05,Completed
7945,4906,2024-08-17 01:59:58,Completed
7946,1330,2025-09-21 21:01:39,Pending
7947,3679,2025-11-04 16:08:10,Completed
7948,3304,2025-12-10 22:36:32,Completed
7949,3373,2026-04-11 02:25:50,Completed
7950,4885,2026-01-16 18:19:20,Completed
7951,160,2025-12-04 14:29:56,Completed
7952,755,2024-11-26 20:11:49,Completed
7953,4032,2026-07-21 18:59:58,Completed
7954,3885,2026-05-23 09:56:56,Cancelled
7955,391,2025-05-08 13:30:40,Cancelled
7956,4632,2026-05-16 18:15:32,Completed
7957,4930,2026-07-14 23:55:50,Pending
7958,2159,2025-08-24 20:10:28,Pending
7959,4293,2026-05-02 18:03:00,Completed
7960,2153,2025-11-08 05:57:31,Pending
7961,1600,2025-09-05 03:10:39,Completed
7962,3719,2026-01-04 13:32:13,Completed
7963,1087,2024-10-09 04:27:42,Cancelled
7964,2574,2025-09-03 09:53:42,Completed
7965,1403,2025-11-01 04:50:17,Completed
7966,3288,2025-04-21 01:25:47,Completed
7967,4463,2025-04-19 13:52:13,Cancelled
7968,3804,2026-03-18 13:30:11,Pending
7969,1346,2025-05-20 15:07:57,Completed
7970,644,2026-03-15 22:25:27,Completed
7971,4,2025-10-29 19:55:34,Completed
7972,1793,2025-08-09 04:05:09,Completed
7973,1950,2026-07-28 02:49:31,Completed
7974,2604,2024-10-30 05:35:17,Completed
7975,4062,2025-10-08 09:16:02,Completed
7976,2826,2026-06-05 01:12:10,Completed
7977,1560,2025-05-07 05:45:57,Completed
7978,609,2025-03-01 16:21:44,Completed
7979,4467,2025-08-15 18:40:26,Completed
7980,2168,2025-04-20 01:40:23,Completed
7981,1382,2025-03-22 08:11:20,Completed
7982,2647,2026-06-26 19:37:16,Pending
7983,3241,2025-04-14 16:42:41,Completed
7984,353,2026-02-23 03:43:45,Cancelled
7985,775,2026-05-01 07:20:14,Completed
7986,2333,2025-09-30 22:17:26,Cancelled
7987,1938,2025-07-11 19:34:05,Completed
7988,2050,2026-07-23 04:34:28,Completed
7989,3264,2026-06-15 16:19:07,Completed
7990,888,2026-06-09 01:58:49,Cancelled
7991,3795,2025-11-08 16:21:27,Completed
7992,4094,2025-11-27 01:21:20,Completed
7993,1396,2025-06-09 16:00:27,Cancelled
7994,616,2026-02-19 22:53:25,Pending
7995,1323,2024-11-29 09:44:44,Completed
7996,4027,2024-09-06 17:40:44,Completed
7997,4826,2025-08-01 04:19:49,Completed
7998,1495,2025-03-15 01:28:26,Completed
7999,1585,2024-09-03 23:00:54,Completed
8000,3440,2025-10-13 00:33:39,Completed
8001,4474,2024-09-17 01:27:01,Completed
8002,4025,2025-12-03 03:38:22,Completed
8003,4969,2025-07-13 00:28:12,Completed
8004,3490,2025-10-29 04:25:31,Completed
8005,1898,2024-12-09 05:42:08,Completed
8006,4419,2026-05-15 16:06:57,Completed
8007,942,2025-04-18 12:18:37,Completed
8008,1452,2025-02-01 22:14:05,Completed
8009,2609,2026-01-24 08:53:55,Completed
8010,2773,2026-04-18 01:43:49,Completed
8011,3684,2024-09-07 21:49:25,Cancelled
8012,188,2025-05-19 02:55:11,Completed
8013,4822,2024-11-03 17:13:54,Completed
8014,3512,2025-08-12 04:13:59,Completed
8015,975,2025-06-08 02:42:55,Completed
8016,501,2025-01-29 08:57:23,Completed
8017,4068,2026-01-21 20:21:48,Completed
8018,3319,2025-08-20 03:58:11,Completed
8019,1201,2024-10-04 08:24:01,Completed
8020,127,2026-05-23 21:48:36,Completed
8021,19,2025-06-28 15:39:52,Completed
8022,1177,2025-07-06 07:42:56,Pending
8023,1401,2025-08-06 15:04:52,Completed
8024,2862,2024-08-16 19:58:44,Completed
8025,1305,2025-08-27 17:00:56,Pending
8026,3223,2025-06-18 02:21:07,Completed
8027,2999,2025-06-23 21:19:14,Pending
8028,2745,2025-08-21 04:10:46,Completed
8029,3665,2026-03-27 16:26:15,Cancelled
8030,2171,2026-07-23 22:14:41,Completed
8031,1232,2026-03-01 03:26:28,Completed
8032,4284,2025-02-26 08:39:52,Completed
8033,1428,2024-12-18 02:10:20,Pending
8034,4675,2024-09-12 15:29:23,Completed
8035,4652,2025-09-06 16:37:21,Completed
8036,3742,2026-08-03 11:22:14,Completed
8037,324,2025-10-26 13:15:10,Completed
8038,4377,2024-12-08 04:25:03,Completed
8039,2200,2024-08-09 17:54:12,Completed
8040,4989,2026-04-24 09:09:36,Completed
8041,4479,2025-04-22 17:31:11,Completed
8042,1298,2025-11-18 06:55:47,Completed
8043,310,2025-02-07 02:23:35,Completed
8044,278,2025-01-30 12:19:12,Cancelled
8045,1883,2026-02-15 04:55:32,Completed
8046,4443,2026-03-04 06:45:20,Completed
8047,4901,2024-12-10 18:46:42,Completed
8048,2055,2026-04-28 08:05:14,Completed
8049,2391,2025-01-05 16:30:10,Completed
8050,2443,2025-08-07 03:53:13,Completed
8051,2767,2025-08-22 20:54:26,Completed
8052,4995,2024-10-12 10:14:09,Completed
8053,541,2026-07-01 17:44:20,Completed
8054,2323,2026-06-07 07:39:38,Completed
8055,4471,2025-06-28 00:48:39,Completed
8056,294,2026-05-18 20:57:21,Completed
8057,3616,2026-06-27 22:43:36,Pending
8058,1467,2025-03-23 15:31:45,Completed
8059,4457,2025-07-08 16:12:38,Completed
8060,3199,2025-10-20 11:04:36,Completed
8061,4418,2025-09-26 13:02:33,Completed
8062,1530,2024-08-26 09:55:20,Pending
8063,3703,2026-01-01 04:26:38,Completed
8064,639,2025-05-06 05:28:02,Cancelled
8065,521,2026-08-05 21:53:19,Completed
8066,3780,2026-07-27 11:40:45,Completed
8067,4360,2024-10-26 10:05:27,Completed
8068,4440,2024-10-28 17:04:10,Completed
8069,4708,2025-05-06 07:56:22,Cancelled
8070,4144,2026-06-17 18:03:18,Completed
8071,1261,2024-12-09 02:57:53,Completed
8072,1061,2026-01-13 12:00:15,Completed
8073,4726,2025-07-28 10:22:28,Completed
8074,313,2026-03-15 11:52:22,Completed
8075,4360,2026-06-09 03:26:44,Completed
8076,4296,2025-04-07 07:16:51,Pending
8077,1526,2024-09-01 18:30:39,Completed
8078,1946,2026-02-01 00:19:39,Completed
8079,2207,2026-07-15 05:14:49,Completed
8080,2953,2026-06-20 10:27:04,Completed
8081,3197,2025-10-17 07:26:06,Completed
8082,2719,2026-04-19 13:13:43,Completed
8083,4663,2026-06-15 05:44:43,Pending
8084,1023,2025-04-04 02:37:05,Completed
8085,4439,2024-11-01 07:40:49,Completed
8086,2807,2024-11-12 04:26:47,Completed
8087,2199,2024-09-23 05:21:06,Completed
8088,4290,2025-01-21 12:44:55,Completed
8089,4863,2026-06-05 22:25:34,Completed
8090,1150,2025-12-15 14:52:07,Completed
8091,2410,2026-03-02 13:32:03,Completed
8092,2021,2025-07-28 09:58:14,Completed
8093,1091,2025-10-30 14:10:17,Completed
8094,4720,2025-02-11 16:40:27,Completed
8095,3207,2025-01-22 07:30:36,Completed
8096,1821,2025-06-11 08:32:09,Completed
8097,1594,2026-05-24 16:49:36,Completed
8098,4691,2026-01-29 03:25:02,Cancelled
8099,2787,2025-11-04 18:27:48,Completed
8100,2136,2024-08-17 04:47:48,Pending
8101,2686,2024-11-07 05:09:38,Completed
8102,2768,2026-06-22 14:46:44,Completed
8103,3960,2026-08-03 23:44:03,Completed
8104,2813,2026-03-23 08:25:54,Completed
8105,4715,2026-01-28 03:50:26,Completed
8106,4827,2024-09-28 00:46:23,Completed
8107,1821,2026-03-11 19:21:34,Completed
8108,4981,2024-10-25 14:49:11,Completed
8109,3032,2025-01-15 10:40:05,Completed
8110,4133,2025-02-27 05:02:43,Completed
8111,3205,2024-09-03 03:44:25,Completed
8112,211,2025-03-01 03:51:14,Cancelled
8113,4012,2025-08-26 00:31:29,Completed
8114,3165,2024-08-19 11:30:28,Cancelled
8115,4577,2025-07-26 05:33:17,Completed
8116,4997,2025-01-08 14:44:16,Completed
8117,3996,2026-02-08 17:17:56,Completed
8118,2354,2025-08-09 08:39:47,Completed
8119,1837,2026-02-18 10:21:03,Pending
8120,2512,2026-06-01 13:19:12,Completed
8121,983,2026-06-11 04:28:45,Completed
8122,4197,2025-11-18 13:34:06,Completed
8123,611,2025-06-16 10:25:43,Cancelled
8124,928,2025-05-30 12:33:08,Cancelled
8125,4908,2025-03-23 02:14:56,Completed
8126,385,2024-09-24 17:53:38,Completed
8127,2733,2025-08-19 11:27:36,Completed
8128,2205,2024-12-22 08:39:18,Completed
8129,705,2025-04-10 09:05:20,Completed
8130,1722,2025-11-11 23:33:34,Completed
8131,723,2024-10-28 11:58:48,Completed
8132,3717,2025-06-11 01:03:30,Completed
8133,2686,2025-01-08 04:54:14,Completed
8134,1775,2025-05-04 13:30:11,Completed
8135,3000,2025-07-29 07:42:49,Completed
8136,1757,2024-11-21 02:38:34,Completed
8137,3899,2024-12-10 14:21:08,Completed
8138,4297,2025-01-13 19:14:57,Pending
8139,3492,2025-02-03 19:52:53,Completed
8140,2600,2025-06-03 18:59:06,Pending
8141,2178,2025-11-26 11:28:49,Cancelled
8142,1227,2025-01-31 06:12:25,Completed
8143,894,2025-08-08 20:24:24,Completed
8144,714,2025-01-22 00:53:58,Pending
8145,2899,2024-11-16 04:05:26,Completed
8146,3137,2025-09-09 06:26:12,Completed
8147,1000,2024-10-18 13:23:19,Completed
8148,4291,2025-05-13 16:35:28,Completed
8149,493,2024-08-20 02:54:53,Completed
8150,1079,2025-08-15 09:12:34,Completed
8151,56,2025-09-14 02:48:15,Completed
8152,1064,2024-10-07 08:13:30,Completed
8153,4213,2025-06-24 05:48:35,Completed
8154,2854,2026-06-29 12:32:09,Completed
8155,1122,2025-09-11 18:17:51,Cancelled
8156,4567,2025-01-04 04:37:48,Completed
8157,3508,2025-10-25 22:04:37,Completed
8158,2658,2026-05-08 12:12:15,Completed
8159,4781,2025-07-17 12:48:58,Completed
8160,3685,2025-10-20 01:03:31,Completed
8161,2290,2025-02-14 00:43:17,Completed
8162,1373,2025-02-18 22:25:15,Completed
8163,2768,2026-06-06 22:26:34,Completed
8164,2291,2026-02-02 22:21:57,Completed
8165,2782,2026-01-01 22:33:22,Completed
8166,3457,2025-03-24 05:51:25,Cancelled
8167,2600,2026-06-04 23:44:24,Completed
8168,2360,2026-07-05 01:45:14,Completed
8169,1056,2024-10-17 02:26:29,Completed
8170,973,2025-05-27 21:08:01,Cancelled
8171,3508,2025-12-20 22:58:29,Cancelled
8172,209,2025-01-11 16:52:28,Completed
8173,52,2025-11-24 15:47:53,Completed
8174,352,2026-06-10 14:51:10,Completed
8175,2514,2025-03-04 22:16:11,Completed
8176,1881,2026-07-24 17:34:46,Completed
8177,1902,2024-09-09 07:10:16,Pending
8178,1937,2025-01-27 02:49:04,Completed
8179,949,2026-01-21 05:21:04,Completed
8180,2600,2025-08-18 21:34:18,Pending
8181,46,2026-02-15 19:36:45,Completed
8182,3937,2025-02-06 13:14:46,Pending
8183,1672,2025-03-26 20:24:39,Completed
8184,3488,2025-12-10 17:07:35,Completed
8185,1493,2026-03-28 11:01:05,Completed
8186,2326,2026-07-17 05:03:36,Completed
8187,4259,2024-09-23 14:41:36,Completed
8188,3139,2026-06-19 18:02:49,Completed
8189,4020,2024-08-20 14:02:23,Completed
8190,1820,2025-10-08 06:11:33,Completed
8191,3614,2025-09-15 18:50:51,Completed
8192,2398,2024-09-05 06:06:16,Completed
8193,1227,2026-05-06 08:34:40,Completed
8194,1063,2024-09-09 14:45:13,Completed
8195,4222,2026-08-03 22:03:28,Cancelled
8196,1374,2026-06-08 20:12:37,Cancelled
8197,2359,2025-11-15 23:17:16,Completed
8198,571,2025-05-22 14:07:56,Completed
8199,1417,2025-03-29 17:10:18,Completed
8200,868,2024-08-25 05:26:02,Completed
8201,1560,2025-11-29 05:04:29,Completed
8202,1035,2024-12-02 07:03:27,Completed
8203,1174,2025-12-11 09:35:01,Completed
8204,59,2024-08-10 07:00:46,Completed
8205,759,2025-06-03 12:03:36,Pending
8206,67,2026-06-04 22:07:54,Completed
8207,4257,2026-04-12 01:01:09,Completed
8208,2150,2025-06-13 19:22:11,Completed
8209,1671,2025-08-20 05:31:23,Completed
8210,3795,2025-11-21 15:35:00,Completed
8211,4363,2025-04-01 00:35:11,Completed
8212,3864,2026-04-01 01:45:10,Completed
8213,714,2025-10-12 09:00:01,Completed
8214,1450,2024-12-23 14:05:13,Completed
8215,2868,2025-11-29 11:37:34,Completed
8216,2629,2026-03-04 05:08:57,Completed
8217,2976,2024-09-09 12:38:59,Completed
8218,2177,2024-11-10 02:20:38,Completed
8219,3105,2025-04-22 04:57:31,Completed
8220,4680,2024-10-05 12:07:28,Cancelled
8221,2666,2025-10-02 04:43:22,Completed
8222,740,2025-11-14 07:06:41,Completed
8223,3716,2024-10-31 09:28:47,Completed
8224,4537,2026-02-09 09:02:24,Completed
8225,838,2025-08-28 01:14:41,Completed
8226,4501,2026-06-17 08:33:06,Completed
8227,3601,2026-03-19 05:59:01,Cancelled
8228,3841,2025-05-05 18:12:04,Completed
8229,3746,2024-11-02 16:40:22,Completed
8230,1625,2026-07-22 12:18:27,Completed
8231,1780,2025-11-21 16:29:31,Cancelled
8232,4773,2025-11-16 09:12:06,Cancelled
8233,240,2026-02-01 02:53:10,Completed
8234,1414,2025-10-05 01:04:43,Completed
8235,4644,2025-01-26 21:58:32,Cancelled
8236,1754,2026-03-20 14:56:02,Completed
8237,1403,2025-04-16 08:04:03,Cancelled
8238,3499,2025-06-23 07:38:15,Completed
8239,4794,2025-02-16 04:04:27,Pending
8240,2484,2025-07-15 19:38:56,Completed
8241,4511,2024-08-19 23:03:46,Completed
8242,1365,2024-10-20 22:17:24,Completed
8243,2980,2025-05-15 13:36:01,Completed
8244,2004,2025-10-21 23:27:21,Completed
8245,4426,2026-05-10 16:33:17,Completed
8246,4555,2024-12-16 23:25:26,Cancelled
8247,2186,2026-07-03 16:29:09,Completed
8248,4007,2025-05-24 20:44:32,Completed
8249,3794,2024-11-27 19:50:21,Completed
8250,4040,2026-05-03 08:55:37,Completed
8251,3221,2025-01-02 16:47:58,Completed
8252,161,2026-03-16 18:14:38,Completed
8253,2139,2025-12-16 06:27:06,Completed
8254,4732,2025-06-21 12:58:29,Completed
8255,4081,2025-02-11 19:36:57,Completed
8256,955,2025-04-09 19:21:47,Completed
8257,3661,2025-09-12 00:55:11,Completed
8258,4770,2026-06-30 08:10:45,Completed
8259,1531,2025-06-14 04:16:53,Completed
8260,3606,2026-05-31 21:57:56,Pending
8261,455,2026-03-07 04:38:56,Completed
8262,4882,2026-04-24 01:06:19,Completed
8263,4318,2025-10-26 22:40:51,Cancelled
8264,922,2025-12-21 19:15:44,Completed
8265,2678,2025-08-18 09:20:36,Completed
8266,4574,2025-06-11 18:10:40,Cancelled
8267,4252,2026-03-20 14:26:14,Completed
8268,1223,2025-10-28 09:02:23,Pending
8269,808,2026-05-22 18:10:06,Completed
8270,2985,2026-06-19 21:03:43,Completed
8271,445,2025-11-07 08:28:39,Completed
8272,1420,2025-05-16 17:20:11,Pending
8273,365,2025-06-10 14:00:13,Completed
8274,4541,2026-01-01 11:54:28,Completed
8275,3815,2024-10-20 20:20:40,Completed
8276,4145,2024-08-29 10:21:11,Completed
8277,3592,2024-09-20 22:40:13,Completed
8278,1726,2024-09-02 06:48:06,Completed
8279,3050,2025-02-18 20:06:52,Completed
8280,2928,2025-04-26 07:15:34,Completed
8281,4383,2026-05-13 23:51:31,Completed
8282,499,2024-11-08 16:59:32,Completed
8283,332,2025-02-24 21:48:22,Completed
8284,2279,2025-10-08 23:01:03,Cancelled
8285,1936,2024-09-30 22:10:05,Cancelled
8286,672,2025-01-12 20:27:20,Completed
8287,4701,2025-01-13 12:03:46,Completed
8288,3771,2025-06-30 04:49:50,Pending
8289,1336,2026-01-06 22:19:50,Cancelled
8290,4674,2025-01-15 11:57:25,Completed
8291,767,2024-11-29 10:41:01,Pending
8292,1223,2026-08-02 06:21:43,Completed
8293,1372,2025-08-21 23:07:02,Completed
8294,4808,2024-11-08 07:27:25,Completed
8295,197,2026-04-03 10:36:21,Pending
8296,1629,2026-04-21 06:19:10,Completed
8297,4190,2026-04-05 18:23:37,Completed
8298,1609,2025-05-17 08:03:15,Cancelled
8299,4724,2025-06-26 02:28:11,Completed
8300,3852,2024-10-17 01:23:39,Pending
8301,4862,2025-11-17 12:28:08,Completed
8302,4987,2025-08-17 14:58:16,Cancelled
8303,1190,2025-09-01 02:55:16,Completed
8304,1237,2026-04-02 22:22:45,Completed
8305,947,2024-08-20 15:11:42,Completed
8306,968,2024-10-09 02:19:46,Completed
8307,3772,2025-12-22 13:44:25,Completed
8308,1144,2025-07-26 20:08:37,Pending
8309,4964,2025-07-02 08:30:22,Completed
8310,732,2025-05-27 22:58:00,Completed
8311,3135,2025-01-08 20:32:11,Completed
8312,1061,2025-03-07 21:31:07,Cancelled
8313,343,2026-04-05 17:23:41,Completed
8314,262,2024-08-25 04:12:08,Completed
8315,2810,2025-03-17 13:36:49,Completed
8316,4335,2024-09-24 13:24:57,Completed
8317,2038,2026-04-03 06:49:45,Completed
8318,1754,2026-05-12 11:28:47,Pending
8319,4685,2025-08-14 06:58:30,Completed
8320,3116,2024-09-22 15:48:01,Completed
8321,4393,2025-03-14 20:58:08,Pending
8322,1466,2026-07-06 19:24:02,Completed
8323,2470,2025-01-17 08:34:08,Completed
8324,849,2025-12-23 17:19:50,Completed
8325,2311,2026-01-22 08:33:52,Completed
8326,739,2026-02-10 21:41:16,Completed
8327,4575,2025-10-03 10:29:51,Completed
8328,4300,2025-04-30 09:47:45,Completed
8329,2762,2025-06-30 07:52:13,Completed
8330,4723,2026-02-22 16:07:14,Completed
8331,1103,2026-07-17 18:54:54,Completed
8332,2349,2025-08-23 16:01:43,Completed
8333,141,2026-05-29 18:57:36,Completed
8334,4845,2026-02-02 21:44:06,Completed
8335,3005,2025-01-19 17:13:30,Cancelled
8336,2867,2026-05-13 15:39:16,Completed
8337,541,2025-04-10 15:36:59,Completed
8338,11,2026-06-27 11:28:36,Completed
8339,1759,2025-10-02 12:54:57,Completed
8340,4661,2025-07-29 09:46:25,Completed
8341,1051,2025-03-30 00:26:59,Completed
8342,4780,2026-06-19 07:08:38,Completed
8343,140,2025-10-13 02:49:13,Completed
8344,1875,2025-04-10 05:13:08,Cancelled
8345,972,2025-01-15 20:03:08,Completed
8346,1563,2024-10-23 02:28:57,Completed
8347,2942,2025-10-13 13:30:35,Completed
8348,4421,2026-08-03 17:26:37,Completed
8349,2515,2026-04-27 23:18:08,Completed
8350,1068,2025-12-09 19:35:31,Completed
8351,222,2025-01-28 05:38:46,Completed
8352,614,2026-05-28 13:30:23,Completed
8353,1280,2025-12-22 06:13:27,Pending
8354,3948,2025-10-22 00:42:29,Cancelled
8355,3461,2025-05-21 08:54:24,Completed
8356,1327,2025-03-01 12:31:02,Completed
8357,4568,2025-04-21 09:16:49,Completed
8358,495,2026-06-07 12:47:37,Completed
8359,504,2026-03-18 20:11:55,Completed
8360,700,2025-07-18 11:05:53,Completed
8361,4840,2025-06-19 01:50:30,Pending
8362,1870,2026-01-22 03:51:07,Completed
8363,2306,2025-07-16 17:26:11,Completed
8364,877,2025-12-06 08:13:40,Completed
8365,2139,2026-07-15 08:29:31,Cancelled
8366,1300,2025-05-25 08:11:04,Completed
8367,63,2025-04-29 19:17:41,Completed
8368,2339,2024-09-10 06:37:56,Pending
8369,481,2025-12-16 19:46:09,Completed
8370,2976,2026-01-02 15:07:08,Cancelled
8371,3323,2026-07-30 21:41:13,Cancelled
8372,4624,2025-11-11 23:23:30,Cancelled
8373,3699,2025-06-11 01:19:38,Completed
8374,2526,2026-01-10 13:29:50,Completed
8375,3039,2025-05-05 21:52:19,Completed
8376,2852,2024-09-21 16:30:32,Completed
8377,3483,2024-10-04 20:16:13,Completed
8378,2017,2024-08-25 18:38:26,Completed
8379,872,2025-01-29 21:59:37,Completed
8380,2058,2026-07-01 05:02:37,Completed
8381,23,2024-12-01 20:28:32,Completed
8382,4547,2024-10-22 07:22:13,Pending
8383,971,2026-06-19 05:46:12,Completed
8384,4213,2025-04-11 12:12:35,Completed
8385,1698,2026-05-10 11:13:56,Pending
8386,3380,2024-09-04 17:48:35,Completed
8387,823,2026-03-26 05:51:27,Completed
8388,2263,2025-12-16 17:50:32,Completed
8389,738,2025-08-04 03:58:02,Completed
8390,3472,2025-03-17 14:53:39,Completed
8391,4460,2026-03-31 23:07:35,Pending
8392,799,2025-08-28 23:23:57,Completed
8393,3001,2024-10-18 20:53:20,Completed
8394,1214,2026-04-09 16:25:07,Completed
8395,887,2025-02-08 01:29:39,Cancelled
8396,499,2024-10-24 14:18:28,Completed
8397,1602,2025-08-16 19:14:24,Completed
8398,3348,2025-08-02 13:18:41,Completed
8399,2020,2026-03-10 04:38:01,Pending
8400,1878,2024-08-21 21:13:34,Completed
8401,392,2026-03-15 08:53:09,Completed
8402,2358,2025-07-15 07:42:19,Completed
8403,4348,2024-11-20 13:31:13,Cancelled
8404,4031,2024-09-18 07:56:33,Completed
8405,3282,2025-02-16 05:15:01,Completed
8406,1611,2025-06-10 17:55:03,Pending
8407,4630,2025-06-18 04:06:52,Completed
8408,2859,2025-12-31 12:34:40,Completed
8409,4327,2025-02-25 03:16:16,Completed
8410,3661,2024-12-01 02:22:23,Completed
8411,3519,2024-12-21 21:32:52,Completed
8412,4065,2025-06-16 20:36:52,Pending
8413,988,2025-12-30 05:38:00,Completed
8414,2735,2025-11-02 04:00:46,Completed
8415,1642,2024-09-26 22:07:13,Completed
8416,1283,2026-04-16 13:44:11,Completed
8417,3601,2026-05-04 13:28:11,Cancelled
8418,3584,2026-01-27 18:08:46,Completed
8419,3579,2025-03-12 23:58:01,Completed
8420,647,2026-03-12 13:30:58,Completed
8421,525,2025-03-21 23:41:03,Completed
8422,1133,2026-01-15 23:12:24,Completed
8423,3892,2025-09-12 21:37:23,Pending
8424,472,2024-08-27 13:35:30,Cancelled
8425,3302,2024-10-01 05:14:09,Completed
8426,821,2026-07-09 05:45:38,Completed
8427,2707,2026-06-09 12:03:31,Completed
8428,205,2025-10-26 16:07:33,Completed
8429,955,2025-10-26 22:32:22,Pending
8430,4822,2025-11-09 11:50:24,Completed
8431,3829,2026-04-28 00:45:47,Completed
8432,2067,2026-01-31 01:36:02,Pending
8433,2152,2026-03-21 00:28:37,Completed
8434,4456,2026-03-12 18:09:05,Completed
8435,4523,2024-08-10 07:33:05,Pending
8436,4612,2026-03-11 06:22:42,Completed
8437,2209,2026-08-01 00:34:09,Completed
8438,2581,2025-05-17 21:41:43,Completed
8439,539,2026-03-23 19:45:34,Completed
8440,1411,2025-07-13 22:46:32,Pending
8441,4988,2025-10-12 05:14:52,Completed
8442,4831,2025-09-29 21:50:19,Completed
8443,4899,2025-08-13 22:42:14,Completed
8444,3236,2026-02-07 21:45:47,Completed
8445,4336,2025-08-13 19:38:58,Cancelled
8446,1833,2025-02-15 12:31:12,Completed
8447,1628,2026-04-29 07:02:48,Completed
8448,3597,2024-11-04 01:50:32,Completed
8449,3397,2025-06-13 21:14:20,Completed
8450,4560,2025-01-14 04:44:56,Completed
8451,837,2025-09-28 02:58:59,Completed
8452,3130,2026-03-20 10:27:26,Cancelled
8453,1217,2026-04-12 13:25:36,Completed
8454,2349,2026-07-27 04:33:09,Cancelled
8455,3974,2025-05-08 09:09:01,Completed
8456,2181,2025-07-28 12:50:53,Completed
8457,1428,2024-12-12 17:40:31,Completed
8458,3580,2025-07-05 09:56:41,Completed
8459,4223,2026-01-24 06:55:37,Completed
8460,4876,2025-07-30 11:49:20,Completed
8461,4657,2025-06-06 02:16:07,Cancelled
8462,3655,2026-06-29 22:08:21,Completed
8463,549,2025-03-11 02:03:35,Completed
8464,2164,2024-10-29 17:38:42,Completed
8465,3530,2026-07-22 12:57:22,Completed
8466,1144,2025-10-19 18:42:26,Pending
8467,3828,2025-01-16 01:51:27,Pending
8468,3775,2025-05-02 21:26:25,Completed
8469,4429,2025-03-12 13:22:20,Completed
8470,866,2025-09-15 10:27:33,Pending
8471,450,2026-07-28 02:19:34,Completed
8472,225,2026-01-01 02:28:07,Completed
8473,2126,2026-05-20 00:44:45,Pending
8474,4471,2025-10-11 04:15:53,Cancelled
8475,686,2024-09-15 03:04:29,Completed
8476,4683,2026-02-21 08:31:52,Completed
8477,4133,2026-06-14 11:53:57,Completed
8478,4790,2025-07-24 03:31:12,Completed
8479,1201,2024-10-04 16:36:59,Completed
8480,685,2025-06-09 23:21:30,Cancelled
8481,184,2026-07-12 13:11:49,Completed
8482,4404,2025-10-31 00:33:23,Completed
8483,4815,2024-09-20 10:20:05,Cancelled
8484,4164,2025-03-08 06:16:56,Pending
8485,579,2026-04-04 08:22:54,Cancelled
8486,3269,2024-11-12 09:49:26,Completed
8487,2492,2025-11-30 17:19:58,Completed
8488,1317,2024-12-14 11:27:05,Completed
8489,3697,2025-09-05 17:12:48,Cancelled
8490,2917,2024-11-05 16:32:37,Completed
8491,1910,2025-06-30 04:14:36,Completed
8492,3608,2025-12-26 18:59:00,Cancelled
8493,3063,2026-07-15 03:19:37,Completed
8494,95,2024-11-11 07:13:05,Completed
8495,506,2025-03-28 10:11:09,Completed
8496,2126,2025-02-11 12:09:11,Completed
8497,3431,2025-04-10 07:20:16,Completed
8498,3878,2024-12-27 21:21:52,Completed
8499,1474,2026-04-04 17:11:53,Completed
8500,3116,2025-12-04 20:00:25,Completed
8501,2454,2025-12-03 02:52:58,Completed
8502,750,2024-11-22 18:00:20,Completed
8503,689,2025-02-13 13:20:01,Cancelled
8504,4186,2025-06-17 00:30:58,Completed
8505,4837,2024-08-07 21:20:48,Completed
8506,1355,2024-12-24 14:25:46,Completed
8507,3470,2024-11-21 17:04:49,Completed
8508,4135,2025-09-23 09:48:02,Completed
8509,3213,2025-07-12 22:08:08,Completed
8510,3909,2024-08-13 08:29:26,Completed
8511,410,2026-03-06 18:40:39,Completed
8512,4824,2025-09-26 20:30:34,Completed
8513,966,2026-05-27 15:13:45,Completed
8514,725,2025-05-31 17:12:47,Completed
8515,3470,2024-10-07 10:10:28,Completed
8516,3500,2025-02-27 20:37:07,Pending
8517,4521,2025-08-09 13:16:25,Completed
8518,1451,2026-03-14 00:33:46,Completed
8519,4532,2024-10-06 08:37:00,Completed
8520,2731,2025-07-09 21:45:32,Completed
8521,2901,2025-06-06 21:28:56,Completed
8522,3771,2025-01-26 08:42:10,Completed
8523,3262,2025-08-08 14:44:22,Completed
8524,371,2024-11-09 09:33:50,Completed
8525,3455,2025-12-02 11:33:24,Completed
8526,2319,2026-05-07 05:49:42,Completed
8527,3083,2025-01-05 09:08:58,Completed
8528,2037,2024-09-21 12:39:11,Completed
8529,3517,2025-09-04 23:04:48,Pending
8530,3712,2025-08-10 14:50:56,Completed
8531,1243,2025-07-13 05:41:52,Pending
8532,96,2025-08-18 09:55:50,Completed
8533,2770,2025-12-25 21:50:21,Completed
8534,1167,2024-12-08 11:20:30,Completed
8535,2913,2025-12-31 23:12:19,Completed
8536,1992,2026-04-18 01:31:33,Completed
8537,3332,2025-07-15 08:32:30,Completed
8538,4479,2024-09-13 13:31:30,Completed
8539,4117,2025-06-09 11:40:41,Cancelled
8540,1819,2026-04-09 12:04:18,Completed
8541,3278,2025-05-30 12:42:39,Completed
8542,4111,2026-05-12 04:27:03,Completed
8543,337,2024-10-21 02:04:09,Completed
8544,1127,2026-02-07 03:01:19,Cancelled
8545,3238,2025-09-22 08:18:51,Completed
8546,4319,2026-02-21 13:15:38,Completed
8547,4717,2025-09-16 12:43:33,Pending
8548,181,2024-12-10 02:19:16,Completed
8549,520,2026-02-08 15:05:39,Pending
8550,606,2025-01-07 17:08:36,Completed
8551,926,2025-03-20 03:10:36,Completed
8552,2034,2025-03-08 13:01:01,Completed
8553,4913,2026-06-10 19:11:15,Completed
8554,1338,2025-12-19 17:55:14,Cancelled
8555,1676,2025-06-09 18:08:30,Completed
8556,885,2026-03-06 19:18:17,Completed
8557,3893,2024-12-29 22:27:31,Completed
8558,4,2025-06-07 15:27:24,Completed
8559,2037,2025-09-12 18:21:54,Pending
8560,2085,2024-12-10 23:09:48,Completed
8561,4187,2026-02-20 07:33:05,Pending
8562,2724,2025-04-01 17:04:04,Completed
8563,180,2024-12-13 04:48:58,Cancelled
8564,2952,2024-10-22 05:25:14,Cancelled
8565,2281,2025-08-06 10:48:41,Completed
8566,4060,2025-11-17 04:20:12,Completed
8567,1021,2024-09-16 17:20:01,Completed
8568,3514,2025-05-29 10:12:30,Completed
8569,259,2025-07-09 11:16:07,Completed
8570,2369,2025-03-04 16:51:48,Completed
8571,4647,2025-07-29 23:36:04,Completed
8572,518,2024-09-05 01:02:40,Completed
8573,3967,2026-03-14 11:20:47,Completed
8574,536,2025-12-16 13:59:35,Completed
8575,1039,2025-05-30 15:41:32,Completed
8576,4871,2026-03-22 12:48:15,Completed
8577,4478,2026-04-07 18:36:05,Completed
8578,4479,2025-03-16 02:12:34,Completed
8579,24,2026-01-10 01:53:05,Completed
8580,3783,2025-10-10 04:30:50,Completed
8581,1192,2025-03-17 15:00:57,Pending
8582,653,2024-09-17 15:30:52,Completed
8583,3390,2025-03-26 16:38:55,Completed
8584,857,2025-07-20 00:10:17,Completed
8585,2675,2025-12-13 23:14:55,Completed
8586,3232,2026-01-30 13:48:45,Completed
8587,2172,2026-01-21 09:32:25,Completed
8588,4411,2026-07-25 10:31:46,Completed
8589,2040,2025-09-23 16:05:24,Completed
8590,4766,2026-02-23 00:41:32,Completed
8591,4502,2025-11-29 05:42:05,Completed
8592,4152,2025-09-01 04:43:01,Completed
8593,2559,2025-09-10 06:06:30,Completed
8594,740,2026-07-23 12:50:23,Completed
8595,4820,2026-05-02 23:25:54,Completed
8596,2569,2026-07-27 11:17:43,Completed
8597,404,2026-05-25 07:14:21,Completed
8598,1105,2025-11-21 18:23:31,Completed
8599,1480,2025-01-04 13:29:23,Pending
8600,3914,2025-10-31 02:57:46,Cancelled
8601,2019,2024-08-30 17:08:32,Completed
8602,3126,2025-06-15 18:37:18,Completed
8603,365,2026-01-08 21:56:27,Completed
8604,577,2025-03-09 21:50:24,Completed
8605,3461,2025-05-28 03:20:56,Completed
8606,507,2025-06-11 14:43:49,Completed
8607,4883,2025-10-01 01:15:01,Completed
8608,4549,2026-01-29 01:12:35,Completed
8609,1697,2026-02-20 07:47:15,Completed
8610,2037,2025-01-07 10:41:45,Completed
8611,1031,2026-07-13 11:16:08,Completed
8612,4746,2025-04-17 10:50:52,Completed
8613,3051,2026-03-21 11:45:13,Completed
8614,3105,2026-06-19 02:21:17,Completed
8615,403,2024-08-14 15:53:15,Pending
8616,4690,2025-02-22 10:01:11,Completed
8617,1114,2025-10-11 00:04:29,Completed
8618,4755,2026-03-26 06:52:14,Completed
8619,385,2025-06-10 15:03:13,Completed
8620,3083,2026-02-25 11:22:03,Cancelled
8621,2245,2025-04-09 23:33:28,Completed
8622,4561,2025-03-07 02:01:43,Completed
8623,3534,2026-06-30 18:22:30,Completed
8624,410,2025-09-30 23:37:55,Completed
8625,3571,2026-04-04 15:55:46,Completed
8626,118,2025-02-06 23:37:54,Completed
8627,2546,2026-07-25 09:24:27,Completed
8628,2984,2026-04-13 04:19:24,Completed
8629,3630,2026-05-19 15:23:01,Completed
8630,240,2025-12-22 21:54:36,Completed
8631,2528,2026-07-30 00:42:30,Completed
8632,1809,2026-08-02 23:37:12,Completed
8633,4149,2026-03-31 23:17:12,Completed
8634,237,2024-10-21 22:49:54,Completed
8635,1987,2026-01-21 20:56:38,Completed
8636,3028,2025-04-01 04:56:56,Completed
8637,3314,2025-08-16 04:55:25,Completed
8638,1072,2025-09-30 20:14:08,Completed
8639,1510,2025-08-27 01:27:29,Completed
8640,2757,2025-09-25 22:17:58,Completed
8641,444,2025-02-25 16:10:45,Completed
8642,2737,2025-03-22 03:48:27,Completed
8643,2843,2025-07-16 05:00:54,Completed
8644,440,2024-11-05 05:23:05,Pending
8645,3486,2024-11-27 01:43:46,Completed
8646,1530,2026-07-22 21:10:29,Completed
8647,1247,2024-10-18 15:42:42,Completed
8648,3703,2026-01-23 18:28:32,Completed
8649,3919,2026-02-13 22:36:21,Completed
8650,3883,2026-06-28 18:47:58,Completed
8651,1101,2026-06-05 05:02:58,Completed
8652,552,2025-10-01 10:37:45,Completed
8653,850,2025-12-08 15:30:30,Pending
8654,2302,2024-12-12 14:28:37,Completed
8655,819,2024-11-26 16:52:43,Pending
8656,4124,2026-06-17 00:11:32,Completed
8657,2058,2026-07-14 04:11:52,Completed
8658,4236,2026-02-15 20:27:57,Completed
8659,492,2025-03-26 11:49:41,Pending
8660,4398,2024-09-07 18:49:22,Pending
8661,3888,2025-12-06 09:49:32,Completed
8662,3245,2025-10-23 05:12:47,Completed
8663,4052,2024-10-29 02:44:31,Cancelled
8664,1048,2025-09-07 10:17:01,Completed
8665,649,2025-11-28 13:46:13,Completed
8666,4879,2025-12-31 02:09:31,Completed
8667,2936,2025-08-06 22:01:28,Completed
8668,112,2025-03-25 12:42:01,Cancelled
8669,2239,2025-09-23 14:28:24,Completed
8670,3347,2024-10-26 01:44:30,Completed
8671,1345,2026-06-29 21:38:58,Completed
8672,3482,2025-01-23 12:11:21,Pending
8673,909,2026-05-24 22:10:23,Cancelled
8674,439,2024-09-07 22:02:33,Completed
8675,2059,2024-09-23 07:07:25,Completed
8676,3922,2026-05-05 22:19:28,Completed
8677,3524,2025-05-05 14:36:43,Completed
8678,4823,2024-10-21 13:23:01,Completed
8679,4361,2026-07-07 19:57:46,Pending
8680,4540,2025-07-12 07:33:50,Completed
8681,1383,2025-12-24 22:26:31,Completed
8682,2169,2025-03-16 02:44:40,Cancelled
8683,1433,2025-05-04 03:00:47,Completed
8684,1011,2026-05-28 00:57:17,Completed
8685,1906,2026-07-20 10:37:48,Completed
8686,2075,2025-09-28 21:40:27,Completed
8687,2199,2025-02-17 10:28:27,Pending
8688,3517,2024-08-20 17:19:05,Completed
8689,3010,2026-04-11 16:55:24,Completed
8690,3828,2026-02-06 01:26:13,Completed
8691,1194,2026-07-22 21:05:11,Completed
8692,629,2026-02-04 04:07:34,Completed
8693,1586,2026-02-14 03:44:41,Completed
8694,3666,2026-03-20 18:57:43,Completed
8695,4402,2025-12-31 15:02:47,Completed
8696,4025,2025-02-22 15:52:06,Completed
8697,696,2026-01-16 08:13:45,Completed
8698,3262,2025-02-04 21:09:43,Completed
8699,1990,2025-05-09 02:10:18,Completed
8700,1363,2025-10-06 19:02:34,Completed
8701,252,2025-04-27 14:56:55,Completed
8702,4548,2025-12-20 16:24:49,Completed
8703,1391,2025-07-25 09:27:45,Completed
8704,3890,2026-06-03 12:06:03,Completed
8705,104,2024-12-30 17:01:19,Completed
8706,498,2026-05-28 08:49:27,Completed
8707,552,2025-06-25 09:18:25,Completed
8708,3171,2025-01-09 08:23:39,Cancelled
8709,342,2024-09-21 06:32:37,Completed
8710,1593,2026-01-07 07:59:10,Pending
8711,4988,2024-10-17 19:42:22,Cancelled
8712,1881,2025-06-22 13:19:25,Completed
8713,4468,2026-06-03 11:08:27,Completed
8714,1187,2025-02-03 19:43:59,Completed
8715,1880,2026-08-01 15:20:03,Completed
8716,1881,2025-04-26 23:45:55,Completed
8717,97,2026-03-31 20:56:47,Pending
8718,851,2026-05-30 00:55:00,Completed
8719,3247,2026-07-30 19:30:11,Completed
8720,4139,2025-08-02 16:49:45,Completed
8721,549,2026-02-13 02:36:47,Completed
8722,2830,2026-04-05 06:33:43,Cancelled
8723,2285,2025-09-14 00:46:27,Completed
8724,2945,2025-04-03 08:24:28,Completed
8725,3503,2026-07-05 23:29:45,Pending
8726,4356,2026-04-05 20:27:06,Completed
8727,4384,2025-08-12 11:18:05,Completed
8728,541,2025-08-08 11:15:30,Completed
8729,1782,2024-08-31 17:20:05,Completed
8730,4526,2025-06-02 23:05:27,Completed
8731,2626,2025-03-05 20:52:39,Completed
8732,4881,2026-02-27 12:02:56,Completed
8733,4397,2026-01-27 00:43:52,Completed
8734,4116,2025-04-21 19:46:00,Completed
8735,2093,2026-02-15 19:23:28,Completed
8736,3163,2025-01-27 22:18:10,Completed
8737,4653,2026-04-04 07:49:41,Completed
8738,4804,2024-10-01 07:16:52,Completed
8739,1270,2024-10-21 05:04:37,Completed
8740,4906,2025-06-02 11:44:35,Pending
8741,2577,2025-06-27 05:07:42,Completed
8742,1089,2025-11-03 08:31:05,Completed
8743,858,2025-12-05 18:42:32,Completed
8744,3682,2025-05-14 09:46:30,Completed
8745,2080,2026-01-29 10:21:33,Completed
8746,299,2024-09-05 03:04:49,Completed
8747,4901,2024-11-23 19:20:54,Completed
8748,3124,2025-10-20 06:38:08,Completed
8749,1434,2025-11-05 22:59:41,Completed
8750,1669,2024-11-15 02:42:28,Completed
8751,1855,2026-04-01 14:51:33,Completed
8752,1334,2025-08-08 04:00:23,Completed
8753,1952,2025-06-27 04:07:59,Completed
8754,846,2026-02-24 01:34:21,Completed
8755,924,2024-08-10 13:17:47,Cancelled
8756,4504,2025-05-08 20:24:26,Completed
8757,3211,2025-09-26 21:39:14,Cancelled
8758,1288,2026-07-24 11:46:42,Cancelled
8759,4642,2026-06-23 01:42:26,Completed
8760,1413,2025-05-02 04:42:44,Completed
8761,4217,2026-07-18 22:01:50,Cancelled
8762,4736,2025-06-20 21:55:48,Completed
8763,1738,2026-04-10 19:56:48,Completed
8764,993,2025-08-17 14:03:17,Pending
8765,959,2026-02-15 06:18:03,Pending
8766,1885,2026-05-03 06:32:05,Completed
8767,18,2026-02-20 13:44:32,Pending
8768,4277,2024-10-28 04:21:25,Completed
8769,3556,2026-03-27 22:04:17,Completed
8770,372,2025-09-04 10:17:23,Cancelled
8771,4161,2026-04-07 15:40:04,Completed
8772,4890,2026-02-07 19:38:23,Completed
8773,4573,2026-07-23 18:17:05,Cancelled
8774,3940,2026-02-01 22:45:25,Completed
8775,997,2025-02-11 23:27:43,Pending
8776,685,2025-02-12 09:53:30,Completed
8777,1552,2024-10-21 04:02:12,Completed
8778,762,2025-10-04 13:19:05,Completed
8779,1928,2025-10-17 04:54:53,Completed
8780,2371,2026-04-18 17:18:02,Cancelled
8781,1999,2026-02-18 11:24:08,Completed
8782,697,2025-02-24 16:35:25,Completed
8783,389,2025-03-30 21:33:30,Completed
8784,2264,2025-05-23 08:13:24,Completed
8785,4509,2025-10-08 00:08:23,Completed
8786,1598,2025-04-14 11:24:39,Completed
8787,3348,2025-06-09 04:16:23,Completed
8788,4823,2026-02-13 01:52:26,Completed
8789,801,2025-08-17 13:59:59,Pending
8790,1627,2025-09-09 16:41:26,Completed
8791,139,2026-03-11 06:48:07,Completed
8792,3312,2025-09-29 17:07:49,Cancelled
8793,29,2025-10-08 07:11:57,Completed
8794,2286,2026-01-09 04:47:43,Cancelled
8795,4820,2026-01-31 03:11:08,Completed
8796,611,2026-02-10 23:01:22,Completed
8797,378,2026-01-24 13:52:10,Completed
8798,3195,2024-12-17 06:32:24,Completed
8799,754,2026-02-05 00:01:07,Pending
8800,3220,2025-05-17 15:58:20,Cancelled
8801,2451,2025-03-31 04:43:42,Completed
8802,740,2025-05-19 13:07:40,Completed
8803,1842,2024-08-19 05:32:08,Cancelled
8804,13,2025-01-22 12:12:39,Completed
8805,4438,2025-09-08 02:01:32,Completed
8806,3268,2026-06-30 21:26:42,Completed
8807,4846,2025-09-05 10:04:15,Completed
8808,3846,2025-10-08 17:56:34,Pending
8809,124,2025-02-04 10:15:51,Completed
8810,4602,2025-04-12 12:07:41,Completed
8811,3522,2024-10-30 17:52:21,Completed
8812,1658,2025-09-14 16:23:11,Completed
8813,1154,2026-07-24 13:05:29,Completed
8814,4649,2025-06-29 07:56:16,Completed
8815,3320,2025-01-22 11:49:45,Completed
8816,4972,2025-03-30 15:10:12,Completed
8817,127,2024-08-24 15:16:51,Completed
8818,4424,2026-07-01 07:07:12,Completed
8819,4551,2025-10-29 00:06:13,Completed
8820,4635,2024-08-29 00:19:20,Completed
8821,4335,2026-07-18 13:38:55,Cancelled
8822,3976,2025-02-02 21:47:16,Completed
8823,596,2025-11-17 15:14:33,Completed
8824,3040,2025-11-26 04:57:58,Completed
8825,3513,2026-07-08 12:37:59,Completed
8826,3716,2025-05-16 07:36:16,Completed
8827,4665,2026-04-08 04:10:30,Completed
8828,3089,2026-07-07 01:14:35,Pending
8829,4872,2026-03-02 12:53:49,Completed
8830,183,2026-04-29 20:00:47,Cancelled
8831,1088,2026-03-13 16:59:55,Completed
8832,2937,2024-12-29 03:24:56,Completed
8833,4277,2025-03-07 16:20:50,Completed
8834,1531,2026-06-17 13:06:33,Completed
8835,2480,2025-07-31 19:29:59,Cancelled
8836,4533,2026-02-24 20:02:14,Completed
8837,4683,2025-04-11 11:14:06,Completed
8838,1141,2025-07-07 00:13:26,Cancelled
8839,3777,2025-10-19 20:50:02,Completed
8840,4182,2025-09-30 06:55:58,Completed
8841,965,2024-08-21 14:34:09,Completed
8842,3744,2025-05-26 05:45:27,Completed
8843,740,2026-07-14 01:25:41,Completed
8844,1131,2025-02-02 05:28:03,Completed
8845,3155,2025-12-14 11:03:20,Completed
8846,612,2026-03-20 10:29:43,Pending
8847,4518,2025-06-27 11:21:17,Completed
8848,753,2025-06-13 17:06:17,Completed
8849,4852,2026-01-31 10:21:03,Completed
8850,1129,2024-10-11 04:28:18,Completed
8851,1451,2026-01-02 06:26:52,Completed
8852,4942,2026-08-03 04:18:39,Cancelled
8853,2739,2026-05-13 07:35:57,Completed
8854,610,2025-09-21 15:45:29,Completed
8855,2166,2025-04-30 20:52:13,Completed
8856,3002,2025-06-10 22:18:15,Completed
8857,1081,2025-11-27 12:52:14,Completed
8858,4535,2026-01-21 02:34:51,Completed
8859,2406,2025-04-20 00:39:41,Completed
8860,372,2024-11-25 08:58:45,Completed
8861,4144,2026-04-18 12:31:53,Completed
8862,4735,2025-06-03 09:39:08,Completed
8863,3008,2026-03-09 19:00:20,Completed
8864,1,2026-01-26 07:59:28,Completed
8865,148,2025-04-29 09:41:38,Cancelled
8866,408,2025-10-19 02:29:54,Pending
8867,3272,2025-04-26 06:05:38,Completed
8868,2804,2026-04-03 01:51:07,Completed
8869,433,2025-05-06 21:12:39,Completed
8870,1731,2024-12-01 05:10:03,Completed
8871,2282,2026-07-10 08:20:57,Completed
8872,3851,2026-04-14 19:20:08,Cancelled
8873,4122,2026-03-10 05:46:45,Completed
8874,4588,2026-07-07 13:23:01,Completed
8875,2294,2026-04-01 01:49:09,Pending
8876,729,2025-06-26 17:31:40,Completed
8877,4233,2024-11-04 21:24:49,Completed
8878,2145,2025-02-09 02:50:40,Completed
8879,1970,2026-05-18 10:10:29,Pending
8880,3439,2025-04-18 03:21:59,Pending
8881,4443,2024-08-06 09:22:08,Cancelled
8882,3057,2025-05-18 16:33:48,Pending
8883,540,2025-01-29 03:27:45,Pending
8884,2879,2025-10-21 15:18:58,Cancelled
8885,484,2025-11-24 07:54:10,Pending
8886,4706,2025-04-18 18:57:01,Completed
8887,9,2024-10-23 12:20:01,Completed
8888,3800,2025-03-03 10:04:47,Completed
8889,895,2025-11-24 12:33:23,Cancelled
8890,706,2025-08-08 00:57:23,Completed
8891,3502,2024-11-23 05:17:16,Pending
8892,358,2025-05-08 16:25:05,Completed
8893,1863,2024-12-09 21:57:45,Cancelled
8894,3610,2026-06-09 03:39:59,Pending
8895,4666,2026-02-04 03:22:03,Completed
8896,360,2026-08-01 17:33:17,Pending
8897,581,2025-07-29 11:00:56,Completed
8898,4864,2026-01-28 05:12:03,Completed
8899,121,2026-04-24 08:18:16,Pending
8900,3964,2024-11-29 02:08:12,Completed
8901,710,2025-01-01 05:04:45,Completed
8902,4703,2024-12-16 20:47:28,Completed
8903,4603,2024-11-21 14:58:13,Completed
8904,2401,2025-07-12 00:30:09,Completed
8905,1154,2025-04-26 21:55:04,Completed
8906,4276,2025-04-01 06:53:43,Completed
8907,4859,2025-02-20 04:22:21,Completed
8908,1748,2025-05-17 04:27:54,Completed
8909,3377,2025-02-19 19:11:26,Completed
8910,4876,2025-08-08 15:18:04,Completed
8911,3869,2025-09-17 18:52:00,Completed
8912,3387,2025-12-17 16:25:13,Completed
8913,722,2026-01-28 18:06:31,Cancelled
8914,4217,2025-11-11 15:30:10,Cancelled
8915,3885,2025-11-05 02:07:53,Completed
8916,2547,2024-09-17 04:08:19,Completed
8917,678,2025-09-11 22:55:07,Completed
8918,580,2026-06-30 11:50:59,Pending
8919,2723,2024-08-26 17:50:05,Pending
8920,2882,2024-11-29 02:49:26,Completed
8921,3304,2026-06-13 05:43:51,Completed
8922,1501,2025-05-17 18:19:25,Pending
8923,2432,2026-01-18 18:54:40,Completed
8924,2949,2026-06-24 22:53:58,Completed
8925,4293,2024-12-11 23:14:50,Completed
8926,1983,2025-12-04 18:23:46,Completed
8927,1241,2024-10-18 03:06:35,Completed
8928,496,2026-06-30 02:03:55,Completed
8929,2237,2026-02-16 07:32:59,Cancelled
8930,3567,2025-07-21 03:30:28,Pending
8931,3517,2026-03-23 13:45:23,Completed
8932,4820,2025-06-02 12:12:25,Completed
8933,2060,2025-10-16 15:19:53,Completed
8934,4440,2026-02-06 14:22:29,Completed
8935,4483,2025-09-06 16:33:43,Completed
8936,1449,2026-03-01 14:14:04,Completed
8937,1867,2025-10-15 11:51:55,Completed
8938,2441,2025-07-21 03:31:47,Completed
8939,1130,2026-03-27 05:17:40,Completed
8940,2711,2026-05-28 12:28:54,Completed
8941,3650,2025-02-25 15:36:25,Completed
8942,2267,2026-07-11 21:12:37,Completed
8943,3224,2024-10-11 07:22:24,Completed
8944,2749,2025-06-23 08:57:04,Completed
8945,2984,2025-10-10 01:59:27,Cancelled
8946,1307,2026-01-16 17:02:36,Completed
8947,1498,2025-10-29 23:09:51,Completed
8948,80,2025-09-03 22:49:28,Completed
8949,4431,2025-03-07 01:26:25,Cancelled
8950,2659,2025-01-10 06:39:26,Completed
8951,4042,2026-07-07 06:22:23,Completed
8952,2536,2024-09-01 03:18:29,Completed
8953,4916,2024-10-09 14:30:10,Completed
8954,1914,2025-03-08 10:16:37,Pending
8955,683,2025-11-02 20:19:39,Cancelled
8956,3791,2025-10-28 03:25:51,Completed
8957,3178,2025-03-18 11:38:26,Pending
8958,157,2026-05-15 15:52:43,Completed
8959,2417,2025-02-18 22:49:45,Completed
8960,3647,2026-03-26 04:54:11,Completed
8961,443,2024-12-06 08:03:41,Completed
8962,1452,2025-02-25 00:39:33,Completed
8963,195,2025-02-20 18:29:54,Completed
8964,3039,2025-04-28 19:08:12,Cancelled
8965,2582,2024-08-06 12:58:02,Completed
8966,2196,2025-08-11 15:36:09,Completed
8967,682,2025-12-19 13:52:00,Completed
8968,6,2024-08-11 08:45:23,Completed
8969,1108,2025-09-12 09:50:41,Completed
8970,2571,2026-01-13 22:28:25,Completed
8971,4636,2025-10-08 08:43:51,Completed
8972,488,2026-05-28 08:53:42,Pending
8973,3422,2026-07-22 00:04:04,Completed
8974,416,2025-05-09 14:54:50,Pending
8975,910,2026-06-22 11:32:03,Completed
8976,1500,2026-05-09 13:10:07,Cancelled
8977,2843,2025-04-02 22:00:22,Cancelled
8978,4819,2024-08-20 01:51:38,Completed
8979,2784,2026-04-05 02:25:59,Pending
8980,2315,2026-01-31 23:20:03,Pending
8981,4034,2024-08-25 11:20:58,Pending
8982,3629,2026-07-14 21:34:50,Completed
8983,1058,2025-08-30 15:14:35,Completed
8984,4512,2024-11-26 05:28:26,Pending
8985,2899,2025-12-30 10:55:10,Completed
8986,4833,2025-12-04 03:07:46,Completed
8987,230,2026-04-08 18:02:45,Cancelled
8988,539,2025-07-27 21:51:06,Pending
8989,3217,2025-07-27 00:44:29,Completed
8990,1772,2025-10-02 06:08:52,Cancelled
8991,100,2026-05-15 05:09:09,Completed
8992,4743,2026-07-03 00:39:23,Completed
8993,2273,2026-05-05 13:36:23,Completed
8994,258,2024-09-17 23:44:35,Completed
8995,3510,2026-06-08 14:58:34,Pending
8996,2329,2025-04-05 13:24:27,Pending
8997,4447,2025-03-13 20:07:03,Completed
8998,769,2025-05-25 10:37:47,Cancelled
8999,2760,2025-12-19 17:24:22,Completed
9000,1428,2025-09-13 10:58:50,Cancelled
9001,2943,2024-11-15 18:02:43,Completed
9002,1996,2026-03-07 14:34:19,Cancelled
9003,4646,2025-03-31 16:08:34,Completed
9004,375,2024-08-29 22:41:09,Completed
9005,579,2025-03-21 16:22:17,Pending
9006,3339,2025-10-11 07:51:29,Cancelled
9007,4665,2026-03-10 17:18:25,Cancelled
9008,107,2026-07-25 18:50:53,Completed
9009,3259,2025-10-25 02:52:29,Completed
9010,4486,2025-08-29 20:29:49,Pending
9011,4479,2025-08-28 15:03:17,Completed
9012,3599,2024-11-19 17:46:05,Completed
9013,362,2025-02-14 04:29:54,Completed
9014,1980,2025-02-28 20:57:52,Cancelled
9015,4104,2025-04-18 02:58:23,Completed
9016,1027,2024-08-18 18:33:43,Completed
9017,1785,2025-09-02 19:19:24,Completed
9018,4672,2025-06-07 13:00:25,Completed
9019,2513,2025-05-28 11:55:22,Completed
9020,3072,2024-12-19 20:01:22,Completed
9021,169,2025-05-05 14:06:58,Pending
9022,4021,2026-02-20 04:52:04,Completed
9023,1288,2025-07-26 01:15:25,Completed
9024,66,2025-10-11 22:13:45,Completed
9025,2851,2025-12-24 01:50:06,Completed
9026,598,2024-09-21 10:54:34,Completed
9027,3109,2026-06-26 18:04:25,Completed
9028,1066,2026-02-02 15:42:55,Completed
9029,1505,2026-06-14 19:07:21,Completed
9030,3764,2025-12-23 18:22:47,Completed
9031,1506,2025-09-23 23:03:18,Completed
9032,1531,2025-02-10 12:09:33,Completed
9033,4692,2024-09-18 14:47:02,Completed
9034,1225,2025-08-07 09:37:40,Completed
9035,1814,2024-12-09 11:20:56,Completed
9036,781,2026-02-27 21:11:45,Pending
9037,262,2026-02-18 13:50:36,Completed
9038,3456,2024-11-27 12:24:18,Completed
9039,381,2025-11-28 01:08:44,Completed
9040,47,2026-01-11 00:47:07,Completed
9041,4432,2024-11-16 13:04:48,Completed
9042,3392,2026-06-19 19:05:12,Completed
9043,1991,2026-05-27 18:51:47,Pending
9044,956,2024-10-03 22:58:31,Pending
9045,3217,2026-01-18 23:54:39,Completed
9046,1115,2025-09-21 14:30:50,Completed
9047,54,2024-08-31 05:13:10,Completed
9048,2741,2024-10-12 23:40:18,Cancelled
9049,3740,2026-05-18 05:09:53,Completed
9050,4609,2025-09-02 09:04:04,Completed
9051,4449,2025-07-08 18:32:51,Completed
9052,4634,2025-02-15 08:56:25,Completed
9053,719,2024-09-26 07:44:50,Completed
9054,4863,2024-10-25 06:11:18,Completed
9055,2554,2025-02-04 20:26:21,Completed
9056,381,2024-12-12 02:27:42,Completed
9057,1969,2024-11-01 03:48:46,Completed
9058,1468,2024-11-01 20:08:41,Completed
9059,1159,2025-07-09 02:36:02,Completed
9060,2898,2026-05-28 10:18:25,Completed
9061,637,2024-11-28 04:02:41,Completed
9062,3796,2026-03-26 18:47:37,Completed
9063,4882,2024-08-12 21:17:05,Completed
9064,3645,2025-08-25 02:55:48,Completed
9065,2821,2025-03-13 21:58:51,Completed
9066,1849,2024-12-17 14:25:30,Completed
9067,4512,2025-09-04 00:44:10,Pending
9068,1549,2025-09-12 23:15:11,Completed
9069,1379,2024-09-19 19:45:46,Pending
9070,4981,2024-10-03 19:54:23,Completed
9071,1401,2025-11-04 03:14:55,Pending
9072,4297,2026-06-12 01:08:03,Completed
9073,4279,2024-11-04 03:59:31,Completed
9074,4005,2025-09-22 00:58:37,Completed
9075,2999,2024-11-13 13:32:53,Completed
9076,3554,2025-03-22 20:17:03,Completed
9077,919,2025-06-13 00:59:28,Completed
9078,1733,2025-07-15 22:55:20,Completed
9079,2723,2024-11-26 16:39:57,Completed
9080,669,2025-09-19 12:19:27,Completed
9081,2564,2025-01-25 05:43:41,Completed
9082,3800,2025-12-04 00:18:45,Completed
9083,3854,2025-06-18 09:46:38,Completed
9084,772,2025-09-08 10:46:25,Completed
9085,4234,2024-11-27 10:21:26,Pending
9086,413,2025-07-11 02:21:27,Completed
9087,2783,2025-05-31 14:19:01,Cancelled
9088,3922,2025-04-25 21:00:32,Completed
9089,4947,2025-02-08 09:57:56,Completed
9090,551,2026-04-01 03:02:37,Completed
9091,3076,2026-02-19 06:20:49,Completed
9092,1267,2025-01-22 23:38:19,Completed
9093,4767,2025-02-02 06:02:14,Completed
9094,1413,2025-02-26 03:24:44,Completed
9095,2262,2026-04-16 16:23:03,Completed
9096,2548,2026-01-25 08:51:18,Completed
9097,787,2025-12-11 18:03:49,Cancelled
9098,1132,2026-06-26 17:59:13,Completed
9099,3906,2025-02-16 16:04:34,Completed
9100,443,2024-09-15 03:32:30,Completed
9101,1752,2025-11-24 21:46:20,Completed
9102,4397,2025-10-13 15:38:17,Completed
9103,1874,2026-04-12 19:27:53,Completed
9104,1274,2024-12-14 12:37:00,Pending
9105,727,2025-07-07 02:13:31,Completed
9106,3992,2026-06-08 06:46:50,Cancelled
9107,1732,2026-01-13 20:08:58,Completed
9108,4300,2025-01-11 10:54:25,Completed
9109,541,2024-10-16 03:02:29,Completed
9110,2949,2025-10-03 22:05:07,Completed
9111,1608,2025-01-23 23:11:53,Completed
9112,1037,2024-08-15 07:25:36,Completed
9113,107,2025-09-18 00:06:22,Completed
9114,1703,2024-08-19 11:56:50,Cancelled
9115,2270,2026-01-04 09:03:43,Cancelled
9116,1223,2025-09-21 13:38:32,Completed
9117,1075,2025-09-08 18:01:06,Completed
9118,3596,2025-12-16 05:47:04,Completed
9119,1042,2025-08-04 08:54:23,Completed
9120,846,2026-01-17 20:57:57,Completed
9121,1589,2025-01-03 20:08:10,Pending
9122,1071,2026-02-21 05:06:21,Completed
9123,3424,2024-11-02 15:28:54,Completed
9124,386,2026-06-22 05:25:48,Completed
9125,3243,2024-08-26 21:45:05,Completed
9126,471,2025-09-27 08:40:02,Completed
9127,4874,2026-04-29 09:04:13,Completed
9128,3605,2025-07-14 18:50:52,Completed
9129,2916,2026-04-06 15:33:15,Completed
9130,4789,2025-03-28 00:20:37,Pending
9131,4402,2026-03-06 07:56:14,Completed
9132,582,2025-09-21 02:06:44,Completed
9133,1327,2024-10-11 18:50:46,Cancelled
9134,735,2025-03-06 13:52:50,Completed
9135,607,2025-11-22 09:54:57,Completed
9136,3098,2025-07-29 09:24:35,Completed
9137,335,2024-10-15 00:14:56,Completed
9138,1304,2025-02-12 05:53:59,Completed
9139,4350,2026-06-26 15:45:32,Completed
9140,239,2025-04-14 05:09:05,Completed
9141,4434,2026-07-09 01:49:22,Completed
9142,548,2025-05-28 02:02:12,Completed
9143,3211,2024-12-14 06:08:42,Completed
9144,4649,2025-06-15 04:35:54,Pending
9145,1664,2025-04-12 22:26:03,Cancelled
9146,3439,2025-05-06 04:20:46,Completed
9147,4105,2026-03-06 06:02:47,Pending
9148,3325,2025-08-16 05:52:47,Completed
9149,3020,2026-03-26 06:38:31,Cancelled
9150,3422,2025-09-10 17:08:57,Completed
9151,3222,2025-02-16 08:15:10,Completed
9152,333,2026-08-04 23:49:54,Completed
9153,3228,2024-10-14 19:06:42,Cancelled
9154,690,2025-07-23 13:18:03,Completed
9155,3226,2026-04-28 20:01:50,Completed
9156,496,2025-11-01 20:27:09,Completed
9157,2351,2026-06-11 05:10:53,Completed
9158,2087,2026-01-05 14:07:01,Completed
9159,297,2025-07-22 21:22:54,Completed
9160,3535,2024-10-18 23:10:45,Completed
9161,1609,2025-10-18 16:48:16,Completed
9162,4954,2025-07-15 20:50:34,Completed
9163,1841,2026-02-16 04:32:10,Completed
9164,2817,2026-03-22 18:37:23,Pending
9165,4953,2024-09-06 21:24:45,Completed
9166,3717,2026-06-20 04:35:43,Completed
9167,1384,2026-07-02 13:42:50,Completed
9168,3555,2024-12-22 15:14:00,Completed
9169,963,2025-12-23 11:55:19,Pending
9170,1204,2025-09-14 16:30:59,Completed
9171,3367,2025-02-22 22:44:20,Completed
9172,2815,2026-01-28 04:46:53,Cancelled
9173,4545,2026-03-08 02:46:06,Completed
9174,2184,2024-10-28 21:53:32,Completed
9175,831,2026-06-21 12:20:24,Completed
9176,4205,2025-09-08 12:51:41,Completed
9177,322,2025-10-30 06:17:41,Completed
9178,4039,2026-04-28 21:13:36,Cancelled
9179,4868,2026-03-13 20:20:24,Cancelled
9180,804,2025-09-13 01:12:30,Completed
9181,3339,2025-03-24 01:08:33,Completed
9182,1967,2026-05-01 12:36:54,Completed
9183,694,2025-04-02 23:35:39,Completed
9184,4677,2025-02-25 21:21:19,Completed
9185,2160,2026-03-30 07:03:50,Completed
9186,4586,2025-12-23 20:11:38,Completed
9187,1962,2026-05-27 07:57:50,Completed
9188,2308,2024-09-05 23:09:54,Cancelled
9189,1530,2025-03-02 06:01:01,Completed
9190,472,2025-09-12 14:01:37,Completed
9191,1933,2024-10-14 01:21:54,Completed
9192,2136,2026-02-09 06:43:07,Cancelled
9193,285,2024-12-19 01:16:09,Completed
9194,1974,2024-09-16 07:34:30,Pending
9195,2997,2025-04-26 02:41:48,Completed
9196,4334,2026-06-08 20:12:02,Completed
9197,230,2024-08-19 08:21:12,Completed
9198,2188,2025-12-31 18:15:06,Completed
9199,3825,2025-06-17 17:10:18,Completed
9200,3199,2026-05-10 14:13:56,Cancelled
9201,4618,2025-09-17 08:48:40,Completed
9202,4091,2025-02-06 18:20:49,Completed
9203,3716,2025-02-23 22:00:19,Completed
9204,2198,2024-12-13 16:49:24,Completed
9205,2749,2025-11-06 17:58:08,Cancelled
9206,2954,2026-04-28 01:19:56,Cancelled
9207,3577,2025-02-21 09:40:15,Completed
9208,3869,2025-06-23 06:25:26,Cancelled
9209,2219,2024-12-18 08:47:10,Completed
9210,4872,2025-09-08 06:05:27,Completed
9211,3132,2026-01-24 12:45:50,Cancelled
9212,521,2025-10-01 17:35:14,Completed
9213,2297,2026-07-08 20:24:57,Completed
9214,1451,2026-05-13 20:42:50,Completed
9215,3031,2025-02-04 10:39:55,Pending
9216,65,2026-06-30 09:15:11,Completed
9217,2510,2025-08-20 08:49:33,Completed
9218,2800,2025-10-26 14:59:29,Completed
9219,3270,2025-06-23 12:36:30,Completed
9220,2647,2026-04-18 17:03:07,Completed
9221,3041,2025-08-13 11:32:30,Completed
9222,3253,2026-02-12 19:23:01,Completed
9223,3660,2025-02-13 15:53:21,Completed
9224,1963,2025-02-25 18:12:49,Pending
9225,2263,2025-04-17 17:06:14,Completed
9226,3015,2025-02-07 03:28:15,Completed
9227,4822,2025-06-15 17:58:36,Cancelled
9228,2177,2024-09-18 03:56:35,Completed
9229,1004,2024-12-26 08:09:33,Cancelled
9230,2343,2025-11-20 05:40:42,Pending
9231,2170,2025-06-18 05:39:13,Completed
9232,4781,2026-03-18 03:39:16,Completed
9233,1290,2024-12-05 02:37:34,Cancelled
9234,954,2024-08-25 20:25:46,Completed
9235,2595,2025-08-12 10:32:52,Completed
9236,1749,2025-12-20 23:56:25,Completed
9237,458,2024-10-25 11:25:41,Completed
9238,3381,2025-02-10 13:38:09,Completed
9239,3752,2025-12-29 23:19:16,Completed
9240,149,2025-08-14 22:46:26,Pending
9241,1000,2025-07-13 22:00:27,Completed
9242,4349,2025-07-16 16:24:50,Completed
9243,1369,2026-02-28 09:14:14,Completed
9244,986,2025-08-14 08:44:50,Pending
9245,4498,2024-11-25 22:24:01,Completed
9246,4563,2026-03-08 23:07:10,Completed
9247,1282,2026-02-24 15:30:38,Completed
9248,2289,2025-01-13 04:14:58,Completed
9249,1444,2025-12-10 08:22:05,Completed
9250,4141,2025-01-12 04:52:09,Completed
9251,2128,2024-12-02 13:13:41,Completed
9252,4081,2025-07-21 03:48:37,Pending
9253,4074,2025-08-30 01:08:42,Completed
9254,1341,2025-04-15 01:04:07,Completed
9255,208,2025-07-15 18:02:00,Completed
9256,3367,2026-06-15 03:58:07,Completed
9257,1210,2025-02-03 08:15:09,Completed
9258,3644,2025-04-29 01:49:12,Completed
9259,1082,2024-09-13 02:50:33,Completed
9260,3280,2024-11-30 12:09:50,Completed
9261,3332,2024-10-21 16:24:17,Completed
9262,3835,2025-07-13 00:56:24,Pending
9263,2283,2024-09-30 10:20:23,Cancelled
9264,383,2024-12-14 05:05:16,Cancelled
9265,2926,2026-03-01 09:27:38,Completed
9266,3599,2026-07-01 15:26:18,Cancelled
9267,516,2025-05-15 16:56:47,Pending
9268,3011,2025-04-20 19:54:54,Completed
9269,4253,2025-08-30 19:34:04,Completed
9270,374,2025-01-26 06:18:47,Pending
9271,1246,2025-11-08 22:50:11,Completed
9272,1460,2025-01-19 23:36:59,Completed
9273,539,2025-04-10 21:02:09,Completed
9274,2620,2025-06-29 12:21:53,Completed
9275,1597,2025-01-28 10:31:43,Completed
9276,217,2025-04-22 08:25:42,Completed
9277,1858,2026-06-15 03:22:13,Cancelled
9278,1012,2024-08-16 12:22:40,Completed
9279,1783,2025-12-06 22:57:07,Completed
9280,4335,2026-02-01 05:40:13,Completed
9281,712,2026-02-11 14:39:50,Completed
9282,1348,2025-01-09 16:02:28,Cancelled
9283,1626,2025-04-08 13:16:14,Completed
9284,3098,2026-03-16 19:03:47,Completed
9285,2876,2026-06-17 14:39:23,Completed
9286,4245,2026-03-27 05:59:26,Completed
9287,1442,2024-11-17 01:43:46,Cancelled
9288,220,2025-01-27 15:58:18,Completed
9289,1528,2024-10-13 15:46:44,Completed
9290,3971,2025-11-08 15:21:49,Completed
9291,2818,2025-07-14 12:19:04,Completed
9292,3060,2026-04-01 13:49:41,Cancelled
9293,2886,2025-08-17 21:14:38,Completed
9294,1747,2024-08-29 17:13:49,Cancelled
9295,1216,2025-12-15 03:12:20,Completed
9296,3627,2025-11-29 01:34:22,Completed
9297,1558,2025-02-12 17:18:42,Completed
9298,4943,2024-09-30 00:14:13,Completed
9299,12,2024-12-13 23:09:59,Completed
9300,3881,2025-01-15 18:11:10,Completed
9301,1820,2024-08-18 08:08:34,Completed
9302,1848,2024-12-28 16:33:21,Completed
9303,3468,2025-02-21 23:26:35,Completed
9304,4156,2024-09-11 19:42:02,Completed
9305,285,2025-01-25 17:54:52,Completed
9306,751,2025-11-13 09:21:37,Cancelled
9307,4516,2026-07-11 02:42:33,Cancelled
9308,374,2026-03-29 17:47:32,Completed
9309,3188,2026-07-23 23:56:09,Completed
9310,990,2026-03-24 17:20:59,Completed
9311,1298,2025-11-20 18:55:17,Completed
9312,1638,2026-01-05 09:05:14,Completed
9313,809,2025-10-04 19:15:56,Pending
9314,1022,2026-01-14 11:11:06,Completed
9315,818,2026-05-17 22:48:03,Completed
9316,4536,2025-02-16 20:37:37,Completed
9317,4574,2026-06-08 09:44:33,Completed
9318,1499,2024-12-17 05:36:10,Completed
9319,4039,2025-09-04 09:42:44,Completed
9320,3562,2025-06-10 00:55:43,Cancelled
9321,2148,2025-10-16 06:10:21,Completed
9322,2116,2025-02-15 10:17:15,Completed
9323,3920,2025-04-11 19:44:39,Completed
9324,3626,2025-09-09 14:35:56,Completed
9325,1074,2025-06-03 16:15:00,Completed
9326,1776,2026-02-23 16:54:11,Cancelled
9327,1252,2025-10-15 05:10:45,Completed
9328,1323,2025-10-10 06:23:02,Cancelled
9329,4165,2026-07-20 04:09:53,Pending
9330,870,2025-03-15 02:08:28,Completed
9331,2393,2025-07-06 03:51:29,Completed
9332,1262,2026-02-09 23:36:02,Completed
9333,4638,2025-11-09 22:45:00,Completed
9334,1509,2025-11-10 22:43:10,Completed
9335,2898,2026-03-17 12:46:44,Completed
9336,3089,2025-05-07 17:55:59,Completed
9337,2766,2026-05-08 04:15:26,Completed
9338,404,2024-09-23 04:19:24,Cancelled
9339,1985,2026-02-13 08:15:46,Completed
9340,3923,2025-02-24 19:19:18,Completed
9341,2005,2025-04-23 20:58:04,Pending
9342,940,2025-02-11 02:22:31,Completed
9343,2225,2024-08-20 01:24:47,Completed
9344,4029,2026-02-11 06:15:15,Completed
9345,1936,2025-02-18 20:09:05,Pending
9346,2583,2026-05-09 18:01:21,Completed
9347,4579,2025-06-18 03:34:54,Cancelled
9348,1000,2025-03-17 07:12:10,Completed
9349,2654,2025-10-09 12:33:02,Completed
9350,588,2026-07-17 19:50:58,Completed
9351,3157,2026-07-24 06:27:20,Completed
9352,470,2025-05-12 23:51:39,Completed
9353,2350,2026-02-17 10:12:54,Completed
9354,1878,2026-03-04 21:35:09,Completed
9355,3880,2025-11-26 21:31:24,Completed
9356,3164,2025-06-02 18:36:10,Pending
9357,2268,2025-02-05 23:11:20,Completed
9358,369,2025-05-03 05:41:42,Completed
9359,2060,2024-08-09 11:59:59,Completed
9360,1428,2024-09-06 21:21:42,Cancelled
9361,552,2025-04-14 16:18:11,Completed
9362,3508,2026-03-22 07:18:30,Cancelled
9363,2193,2026-05-30 17:06:00,Pending
9364,4639,2025-11-24 13:12:09,Completed
9365,2804,2026-06-16 20:31:03,Completed
9366,2226,2025-09-26 12:40:00,Pending
9367,749,2026-01-22 09:33:59,Completed
9368,3080,2025-09-13 12:22:17,Completed
9369,1733,2025-02-14 17:22:22,Completed
9370,3694,2026-04-27 10:14:15,Completed
9371,2931,2025-08-09 07:37:52,Completed
9372,494,2026-02-26 06:10:09,Completed
9373,5,2024-09-17 04:43:21,Completed
9374,149,2025-08-05 04:50:32,Completed
9375,3561,2024-09-08 16:41:14,Cancelled
9376,123,2025-09-19 20:52:01,Pending
9377,4065,2026-02-04 20:23:15,Pending
9378,736,2025-12-21 08:21:45,Completed
9379,601,2025-03-28 11:22:52,Cancelled
9380,4683,2024-08-17 09:33:48,Completed
9381,3523,2024-12-05 17:06:04,Cancelled
9382,3306,2024-10-07 22:26:01,Completed
9383,4642,2025-04-25 04:39:03,Completed
9384,3326,2026-05-04 03:48:52,Pending
9385,4287,2025-08-19 21:56:34,Completed
9386,608,2026-05-14 03:08:40,Completed
9387,4019,2025-09-17 02:10:14,Completed
9388,1896,2024-10-07 04:12:13,Pending
9389,4932,2025-06-06 14:07:40,Cancelled
9390,1519,2025-12-09 05:09:27,Completed
9391,3190,2025-01-30 18:38:29,Completed
9392,232,2026-07-27 11:24:15,Completed
9393,2779,2025-08-20 23:07:45,Completed
9394,4346,2025-01-28 09:46:22,Completed
9395,3893,2024-11-22 03:02:07,Completed
9396,3444,2024-09-17 01:26:01,Completed
9397,1704,2026-06-06 05:26:13,Cancelled
9398,4684,2026-06-26 05:58:09,Cancelled
9399,2530,2026-05-29 01:56:29,Completed
9400,4937,2025-10-09 04:16:08,Pending
9401,3132,2026-07-03 10:28:23,Completed
9402,1544,2024-11-18 18:11:36,Pending
9403,4199,2025-05-09 03:19:24,Completed
9404,4737,2024-10-20 00:42:27,Completed
9405,1489,2025-03-29 11:01:02,Completed
9406,1186,2024-12-10 20:43:16,Pending
9407,992,2026-05-13 23:53:15,Completed
9408,2884,2026-02-25 17:14:15,Completed
9409,2860,2024-11-07 01:06:47,Completed
9410,3098,2026-07-23 22:28:36,Completed
9411,2317,2026-03-20 20:09:15,Completed
9412,3737,2026-06-22 12:32:10,Completed
9413,2328,2024-09-03 00:17:19,Completed
9414,410,2026-03-18 04:25:09,Pending
9415,3448,2025-10-03 04:32:11,Cancelled
9416,3804,2024-11-24 15:20:27,Completed
9417,2533,2025-09-04 10:36:33,Completed
9418,3566,2025-12-09 12:24:53,Completed
9419,2440,2025-11-14 20:27:22,Completed
9420,4859,2025-04-19 23:13:25,Completed
9421,2536,2025-12-10 02:22:04,Completed
9422,730,2026-03-10 22:04:30,Completed
9423,1650,2026-03-23 12:52:27,Completed
9424,2848,2025-12-25 23:58:34,Completed
9425,277,2024-10-20 09:41:50,Completed
9426,2709,2026-01-03 11:28:09,Pending
9427,3332,2025-08-11 15:13:22,Completed
9428,2579,2025-09-16 23:00:15,Completed
9429,3853,2025-12-14 22:47:10,Completed
9430,4824,2026-02-28 05:21:35,Completed
9431,2232,2025-10-13 11:52:15,Completed
9432,1528,2026-03-13 18:24:51,Cancelled
9433,3616,2025-05-18 21:40:04,Pending
9434,4633,2024-11-16 05:28:32,Completed
9435,1126,2025-10-30 19:06:37,Completed
9436,3115,2026-05-18 10:55:22,Completed
9437,1687,2024-11-02 15:25:58,Pending
9438,3039,2026-01-18 15:19:01,Completed
9439,66,2025-12-15 18:06:26,Completed
9440,2866,2024-08-16 00:16:08,Completed
9441,4334,2025-05-23 08:43:06,Completed
9442,3388,2024-08-08 05:42:01,Completed
9443,3495,2024-10-09 05:19:31,Completed
9444,642,2025-02-26 06:43:54,Completed
9445,2376,2025-08-24 00:46:44,Cancelled
9446,4585,2026-05-08 22:16:00,Completed
9447,2748,2025-01-14 11:54:09,Completed
9448,2857,2024-10-02 13:07:05,Cancelled
9449,3392,2026-04-15 21:08:27,Completed
9450,2032,2025-02-16 14:58:43,Completed
9451,2707,2025-12-07 12:19:56,Completed
9452,2394,2025-08-30 08:47:38,Completed
9453,2519,2026-07-03 19:21:45,Completed
9454,598,2025-08-23 14:15:11,Completed
9455,2502,2025-01-10 20:22:53,Completed
9456,3241,2024-09-24 17:08:38,Completed
9457,4944,2024-08-25 00:05:17,Completed
9458,4977,2026-03-09 15:36:32,Completed
9459,2118,2024-11-01 08:29:17,Completed
9460,3694,2026-07-02 08:43:10,Completed
9461,4710,2026-04-08 11:32:38,Completed
9462,3359,2025-12-25 07:59:07,Completed
9463,4308,2024-10-04 12:28:50,Completed
9464,4599,2025-05-19 07:37:01,Completed
9465,1840,2025-12-27 11:08:00,Pending
9466,2689,2025-11-02 15:43:43,Completed
9467,1052,2024-11-03 18:41:56,Completed
9468,3908,2024-11-14 19:28:29,Completed
9469,1791,2026-04-18 06:36:41,Cancelled
9470,4368,2026-06-02 17:03:57,Completed
9471,4280,2026-04-01 02:13:45,Completed
9472,2209,2026-02-26 09:46:39,Pending
9473,1292,2024-09-23 16:53:28,Completed
9474,66,2025-05-29 08:39:23,Cancelled
9475,4678,2024-11-27 03:51:51,Completed
9476,502,2025-06-06 22:42:28,Completed
9477,944,2026-01-24 00:11:37,Completed
9478,356,2026-06-15 17:41:47,Completed
9479,2469,2025-03-16 06:10:21,Completed
9480,4249,2024-09-29 10:19:01,Completed
9481,2352,2024-09-25 21:46:32,Completed
9482,3382,2026-06-05 19:27:27,Completed
9483,3872,2025-10-26 12:33:30,Completed
9484,1081,2025-07-13 08:11:42,Completed
9485,1030,2025-06-03 18:32:04,Pending
9486,84,2025-05-06 07:32:18,Pending
9487,2279,2025-03-18 02:23:00,Completed
9488,2494,2024-10-20 23:56:47,Completed
9489,526,2025-07-20 10:38:36,Completed
9490,1831,2025-07-07 04:28:53,Completed
9491,225,2025-03-11 16:11:19,Completed
9492,2915,2026-08-02 07:56:33,Completed
9493,941,2026-05-01 09:15:45,Completed
9494,3781,2026-05-19 03:02:16,Completed
9495,3224,2025-07-09 15:14:51,Completed
9496,4332,2024-08-17 03:36:02,Completed
9497,3209,2026-04-02 00:47:01,Completed
9498,4771,2026-03-04 10:05:47,Completed
9499,3862,2026-02-03 09:48:10,Cancelled
9500,4550,2026-04-03 14:31:48,Cancelled
9501,647,2025-11-20 20:27:10,Cancelled
9502,4993,2026-02-08 20:37:16,Completed
9503,564,2025-01-31 13:03:46,Completed
9504,2954,2024-11-24 01:24:29,Completed
9505,1550,2025-03-10 10:55:03,Completed
9506,2681,2025-06-21 13:58:50,Completed
9507,1813,2026-03-28 07:01:41,Pending
9508,1826,2024-08-11 03:46:07,Cancelled
9509,4512,2024-10-08 23:51:26,Completed
9510,1677,2025-07-19 14:54:07,Completed
9511,1504,2026-07-11 23:40:46,Completed
9512,3338,2025-04-16 23:33:36,Completed
9513,1112,2025-11-28 16:32:57,Pending
9514,2038,2025-10-18 22:47:20,Completed
9515,3748,2026-05-07 08:36:05,Completed
9516,2172,2025-08-08 23:31:25,Completed
9517,883,2024-09-18 10:33:46,Pending
9518,1901,2024-08-21 00:33:09,Completed
9519,4747,2026-04-17 03:59:28,Completed
9520,3247,2024-12-27 04:25:16,Completed
9521,4426,2026-05-30 06:27:08,Completed
9522,268,2025-10-05 10:35:36,Completed
9523,2571,2025-06-15 18:24:33,Completed
9524,1154,2025-08-24 23:41:55,Completed
9525,2299,2025-08-12 22:28:13,Completed
9526,4773,2025-08-26 20:09:19,Cancelled
9527,1254,2025-03-19 09:59:57,Completed
9528,735,2025-08-23 04:18:36,Completed
9529,3992,2025-02-22 04:40:50,Completed
9530,2344,2025-07-12 07:03:44,Pending
9531,2159,2026-07-24 18:38:19,Completed
9532,308,2024-11-01 18:31:24,Completed
9533,2610,2024-11-17 19:18:15,Pending
9534,1871,2025-08-14 23:11:33,Completed
9535,3004,2026-08-04 02:36:32,Cancelled
9536,1339,2025-08-20 16:15:32,Completed
9537,4581,2024-09-03 02:20:03,Completed
9538,2297,2026-07-15 23:23:56,Completed
9539,2772,2024-09-19 10:46:57,Completed
9540,2759,2024-09-23 19:57:58,Completed
9541,1307,2025-05-22 21:32:03,Completed
9542,1094,2025-05-29 13:31:21,Completed
9543,1256,2025-06-28 01:37:57,Completed
9544,1916,2025-12-10 12:39:37,Pending
9545,134,2026-03-02 08:06:00,Completed
9546,3288,2025-07-14 14:50:57,Completed
9547,884,2026-01-10 12:46:49,Completed
9548,82,2024-09-19 11:49:20,Completed
9549,1798,2024-11-06 12:33:02,Completed
9550,3345,2025-06-30 07:34:02,Completed
9551,555,2026-05-11 13:23:26,Completed
9552,1007,2026-03-30 03:55:17,Completed
9553,3505,2024-10-10 00:51:19,Completed
9554,2992,2026-06-26 20:27:15,Cancelled
9555,88,2026-03-07 11:35:41,Completed
9556,3497,2025-08-04 14:04:46,Completed
9557,3919,2024-09-03 00:24:30,Completed
9558,2846,2026-01-10 01:26:59,Completed
9559,2583,2024-11-04 16:04:47,Completed
9560,465,2025-11-23 13:43:50,Completed
9561,3033,2024-08-31 06:53:49,Completed
9562,641,2025-09-02 02:52:38,Cancelled
9563,1418,2026-07-22 03:12:44,Cancelled
9564,4766,2024-11-06 13:33:42,Completed
9565,2117,2026-02-24 16:36:18,Completed
9566,1398,2025-02-26 07:09:51,Completed
9567,1776,2026-01-25 01:45:37,Completed
9568,1080,2025-09-07 16:38:54,Pending
9569,4426,2024-12-26 11:10:34,Completed
9570,558,2026-01-15 02:18:30,Cancelled
9571,4764,2025-03-29 23:50:09,Completed
9572,135,2026-02-09 05:33:52,Pending
9573,1336,2025-06-11 06:02:56,Cancelled
9574,1085,2024-10-08 18:42:22,Completed
9575,3059,2025-07-20 22:06:06,Pending
9576,3389,2026-06-26 08:44:37,Cancelled
9577,2122,2025-08-04 18:29:40,Completed
9578,4477,2025-06-09 01:49:29,Completed
9579,833,2025-10-01 06:52:03,Completed
9580,3902,2025-04-12 22:23:07,Completed
9581,4057,2026-05-17 19:23:03,Completed
9582,2134,2026-05-26 18:11:52,Completed
9583,4922,2025-08-27 10:10:09,Cancelled
9584,1499,2024-08-27 05:36:54,Cancelled
9585,410,2025-03-12 10:36:37,Completed
9586,4437,2025-09-23 03:52:57,Completed
9587,3611,2026-04-09 15:50:11,Completed
9588,3844,2026-07-13 08:38:07,Completed
9589,2782,2026-03-30 06:01:01,Completed
9590,526,2025-12-06 03:04:24,Completed
9591,2595,2024-09-25 06:39:15,Completed
9592,4792,2024-10-12 14:49:58,Completed
9593,2812,2024-12-16 16:30:36,Completed
9594,4373,2025-07-07 19:55:16,Completed
9595,2087,2025-01-15 07:47:05,Cancelled
9596,1208,2026-04-14 19:17:57,Cancelled
9597,3977,2025-09-09 12:17:24,Completed
9598,1538,2026-02-27 20:20:14,Completed
9599,626,2025-01-08 05:01:43,Completed
9600,817,2025-05-08 21:07:02,Completed
9601,705,2025-07-16 14:04:46,Cancelled
9602,977,2026-08-03 04:22:46,Completed
9603,4207,2026-05-31 04:05:07,Pending
9604,2840,2024-10-21 20:40:06,Cancelled
9605,4529,2025-09-16 02:09:43,Completed
9606,410,2026-01-07 19:19:47,Completed
9607,606,2025-09-07 05:57:52,Completed
9608,406,2025-04-06 19:15:42,Completed
9609,3971,2025-05-31 05:04:01,Completed
9610,296,2025-02-04 03:26:30,Completed
9611,1848,2025-07-01 08:45:55,Completed
9612,2888,2025-06-25 06:16:55,Completed
9613,2063,2025-10-08 21:49:30,Completed
9614,1460,2024-11-20 15:26:12,Completed
9615,897,2025-04-26 19:23:57,Completed
9616,1415,2024-10-10 02:10:18,Completed
9617,4033,2026-04-09 00:14:08,Cancelled
9618,2086,2026-05-18 08:03:28,Completed
9619,4568,2025-06-29 02:18:36,Completed
9620,1340,2025-02-14 18:30:34,Pending
9621,2370,2024-08-07 22:37:35,Completed
9622,926,2026-02-15 10:40:55,Completed
9623,3088,2025-11-19 13:48:32,Completed
9624,2136,2026-04-03 18:47:40,Completed
9625,3134,2026-01-17 10:23:16,Completed
9626,1576,2025-09-04 12:27:59,Cancelled
9627,13,2025-05-01 11:24:08,Completed
9628,1602,2025-03-02 23:34:14,Completed
9629,2375,2024-09-05 09:08:07,Completed
9630,3628,2025-07-06 12:53:05,Completed
9631,152,2026-01-09 02:20:33,Completed
9632,4249,2024-11-26 22:17:47,Completed
9633,4909,2026-03-28 20:22:32,Completed
9634,2709,2025-05-24 09:42:27,Pending
9635,3807,2025-07-14 23:46:37,Pending
9636,1362,2025-05-29 23:52:12,Pending
9637,3066,2025-11-23 20:52:32,Completed
9638,3093,2025-08-17 15:21:29,Completed
9639,2862,2024-10-12 21:57:56,Pending
9640,2566,2025-07-11 20:06:13,Completed
9641,3672,2025-01-18 16:21:22,Completed
9642,1489,2025-07-11 01:10:42,Completed
9643,1714,2024-10-28 03:14:37,Completed
9644,4897,2026-01-31 22:10:02,Completed
9645,3393,2025-10-25 13:44:39,Completed
9646,1516,2025-03-16 22:57:50,Completed
9647,4080,2026-02-19 23:52:15,Completed
9648,1397,2026-04-21 20:12:51,Completed
9649,2939,2024-12-01 23:56:35,Completed
9650,144,2026-05-21 05:45:47,Completed
9651,3272,2025-06-25 15:42:22,Completed
9652,686,2025-06-11 07:40:39,Completed
9653,4953,2024-09-23 10:38:53,Completed
9654,3022,2024-08-12 17:12:16,Completed
9655,1292,2025-11-22 10:09:08,Completed
9656,2342,2025-08-13 10:12:13,Completed
9657,2643,2025-10-28 18:15:06,Cancelled
9658,3363,2025-08-09 04:19:09,Completed
9659,1243,2025-07-07 12:34:39,Completed
9660,2588,2026-01-28 10:03:02,Completed
9661,4765,2026-02-27 11:37:32,Completed
9662,3571,2026-01-14 05:14:48,Completed
9663,1263,2026-03-22 05:02:57,Completed
9664,1412,2025-03-18 12:22:09,Completed
9665,2431,2024-10-24 21:40:19,Completed
9666,1474,2024-10-06 14:34:07,Pending
9667,3089,2025-01-09 18:07:52,Pending
9668,2124,2025-03-29 00:26:50,Completed
9669,222,2025-08-27 15:03:58,Completed
9670,4516,2025-03-17 04:41:55,Completed
9671,1594,2026-06-07 18:43:47,Completed
9672,877,2024-12-02 02:30:36,Completed
9673,4410,2024-08-28 12:01:51,Completed
9674,332,2025-02-22 10:26:03,Pending
9675,4702,2025-07-28 02:51:20,Completed
9676,1839,2026-04-04 10:30:58,Completed
9677,1287,2025-09-18 07:00:35,Pending
9678,686,2025-02-15 11:33:27,Completed
9679,1244,2026-04-26 22:50:22,Pending
9680,1417,2025-10-18 02:50:47,Completed
9681,3049,2025-05-02 07:02:38,Completed
9682,4190,2024-11-25 02:50:38,Completed
9683,923,2024-12-06 05:28:20,Completed
9684,4410,2024-10-28 20:13:03,Completed
9685,3568,2025-01-13 11:01:09,Completed
9686,4390,2025-08-01 07:23:13,Completed
9687,3289,2026-02-06 19:00:38,Completed
9688,70,2024-09-05 14:17:49,Completed
9689,4775,2025-10-26 23:15:07,Completed
9690,2677,2025-03-17 12:52:51,Completed
9691,4402,2025-04-07 02:28:27,Pending
9692,2534,2026-02-26 21:46:29,Cancelled
9693,1095,2026-06-25 03:06:00,Completed
9694,8,2026-05-01 02:28:20,Pending
9695,3181,2026-07-03 21:04:55,Completed
9696,4117,2026-02-02 14:34:09,Cancelled
9697,4079,2025-09-12 18:23:43,Completed
9698,4297,2026-07-05 19:45:28,Completed
9699,2570,2025-02-04 06:37:36,Completed
9700,3177,2025-04-21 10:23:27,Completed
9701,2309,2024-11-27 11:16:37,Cancelled
9702,3272,2025-03-11 20:55:28,Completed
9703,973,2024-12-17 18:31:12,Completed
9704,1060,2026-02-27 15:47:45,Completed
9705,1477,2025-05-25 00:40:48,Completed
9706,1155,2026-07-08 02:51:28,Completed
9707,3573,2025-11-04 14:35:00,Completed
9708,1467,2025-03-23 23:23:57,Pending
9709,1500,2025-12-08 17:01:45,Pending
9710,524,2025-05-15 07:02:46,Pending
9711,1337,2025-05-03 23:57:35,Completed
9712,4358,2026-05-07 11:57:04,Completed
9713,924,2024-11-26 03:38:19,Completed
9714,3979,2026-04-28 03:19:21,Cancelled
9715,4656,2025-10-07 10:46:31,Completed
9716,917,2025-02-11 04:23:46,Pending
9717,3658,2025-03-24 13:48:04,Completed
9718,3329,2025-12-14 13:37:29,Completed
9719,4867,2025-10-16 16:50:31,Cancelled
9720,2275,2026-01-05 23:14:54,Completed
9721,4316,2024-10-14 04:18:53,Pending
9722,1318,2026-03-30 16:04:07,Completed
9723,1632,2025-08-02 15:46:44,Completed
9724,4502,2025-03-22 00:30:41,Pending
9725,1797,2024-08-15 00:34:18,Completed
9726,3460,2025-06-11 22:36:52,Completed
9727,1378,2026-04-29 02:52:00,Completed
9728,512,2026-03-30 22:23:45,Pending
9729,1612,2025-02-25 20:22:40,Completed
9730,4418,2024-08-12 06:11:15,Completed
9731,4457,2025-09-04 12:45:30,Completed
9732,790,2024-08-19 06:48:30,Pending
9733,381,2025-11-02 07:09:11,Completed
9734,1471,2025-06-09 10:01:54,Completed
9735,4338,2024-10-02 08:20:58,Completed
9736,4505,2026-07-31 18:55:03,Completed
9737,2911,2024-09-28 03:28:05,Completed
9738,1326,2024-11-06 14:16:27,Cancelled
9739,1401,2025-02-06 02:13:11,Completed
9740,4625,2025-10-14 14:03:51,Completed
9741,512,2024-12-23 23:05:37,Pending
9742,3262,2025-05-13 22:34:15,Completed
9743,3541,2025-02-06 16:08:58,Completed
9744,3747,2024-11-20 02:20:32,Completed
9745,2000,2025-12-07 23:50:14,Completed
9746,1453,2025-05-18 03:36:17,Completed
9747,1695,2025-12-28 18:49:38,Completed
9748,4110,2025-12-28 05:17:28,Completed
9749,3157,2024-09-14 23:37:47,Completed
9750,1670,2025-06-14 23:04:18,Completed
9751,3963,2025-05-30 17:22:55,Completed
9752,683,2025-09-14 17:52:32,Completed
9753,935,2026-04-15 13:15:32,Completed
9754,4443,2026-07-05 12:08:34,Cancelled
9755,3298,2025-02-06 20:01:13,Completed
9756,3727,2025-01-08 19:08:53,Completed
9757,3556,2026-05-03 12:24:32,Completed
9758,891,2026-01-29 01:51:32,Pending
9759,610,2025-06-22 05:09:20,Completed
9760,4144,2024-08-17 06:29:41,Completed
9761,1648,2025-08-23 01:30:50,Cancelled
9762,4988,2026-06-30 02:32:07,Completed
9763,4429,2025-06-25 00:40:45,Completed
9764,1834,2025-10-14 14:50:56,Completed
9765,1531,2025-04-17 11:59:26,Completed
9766,4916,2025-11-27 15:51:27,Completed
9767,519,2024-12-18 21:22:42,Completed
9768,2666,2025-12-27 12:32:24,Completed
9769,163,2024-11-19 10:33:17,Completed
9770,3951,2026-07-16 16:13:28,Completed
9771,779,2026-02-23 07:01:59,Completed
9772,3462,2024-11-25 06:42:33,Completed
9773,3033,2025-10-17 12:28:56,Completed
9774,1369,2025-06-07 07:37:59,Pending
9775,4410,2025-02-13 22:45:36,Completed
9776,2183,2025-05-20 22:18:08,Completed
9777,615,2025-07-05 13:09:28,Completed
9778,3827,2025-08-30 05:55:39,Completed
9779,3357,2025-05-31 07:31:10,Completed
9780,4122,2025-07-09 17:30:56,Completed
9781,2887,2025-12-01 15:26:02,Cancelled
9782,3433,2025-10-07 10:35:32,Completed
9783,4369,2026-04-27 16:26:31,Completed
9784,4433,2024-11-11 06:08:00,Completed
9785,2867,2026-06-20 06:09:37,Completed
9786,1460,2026-03-26 00:19:17,Completed
9787,137,2024-10-30 16:19:13,Cancelled
9788,1235,2026-04-07 11:41:25,Completed
9789,3088,2025-09-23 20:15:07,Completed
9790,3271,2025-04-23 20:46:11,Completed
9791,1400,2025-05-06 23:44:27,Completed
9792,2900,2024-10-19 15:14:54,Completed
9793,772,2025-02-27 07:27:20,Completed
9794,3672,2025-12-17 00:37:39,Completed
9795,4156,2025-02-26 21:00:52,Completed
9796,1332,2025-08-18 23:00:40,Completed
9797,1832,2026-03-27 05:11:55,Completed
9798,3565,2025-06-07 15:40:40,Completed
9799,74,2024-09-15 09:00:10,Completed
9800,2441,2026-04-11 14:25:24,Completed
9801,4746,2024-12-30 10:59:43,Completed
9802,185,2025-01-26 02:48:38,Completed
9803,3893,2025-06-21 11:18:45,Completed
9804,3376,2024-10-22 02:49:57,Completed
9805,2495,2026-03-03 03:15:58,Pending
9806,3588,2026-07-22 07:13:50,Completed
9807,3247,2025-04-13 19:29:37,Completed
9808,4608,2025-12-24 03:06:26,Pending
9809,4877,2026-03-11 08:32:33,Completed
9810,4080,2026-07-26 16:04:51,Completed
9811,2884,2024-10-02 12:20:27,Completed
9812,4678,2025-11-05 12:39:49,Completed
9813,2260,2026-01-28 22:55:57,Pending
9814,4171,2024-08-22 12:39:28,Completed
9815,4983,2024-09-03 11:49:54,Completed
9816,2477,2026-06-18 14:52:28,Completed
9817,3786,2026-04-10 22:26:26,Completed
9818,3755,2025-08-01 12:57:25,Completed
9819,2813,2024-08-07 14:44:57,Completed
9820,4764,2024-10-17 04:03:00,Completed
9821,4369,2025-02-12 12:10:06,Completed
9822,3120,2025-08-26 02:58:34,Completed
9823,4787,2025-01-16 01:06:03,Completed
9824,2173,2026-07-14 07:44:49,Completed
9825,81,2025-09-07 13:48:20,Completed
9826,1366,2026-03-26 19:00:29,Completed
9827,4217,2026-01-31 03:25:28,Completed
9828,82,2025-01-06 17:48:59,Completed
9829,1401,2024-11-20 11:23:32,Completed
9830,258,2026-08-04 09:50:02,Completed
9831,1144,2026-07-28 14:49:10,Cancelled
9832,321,2025-11-20 06:21:03,Completed
9833,2375,2024-12-05 13:24:27,Completed
9834,502,2025-01-19 08:12:28,Pending
9835,4460,2024-09-14 00:44:25,Completed
9836,4380,2025-12-15 16:02:28,Completed
9837,2938,2026-06-18 02:07:06,Completed
9838,1815,2026-07-31 07:46:55,Pending
9839,4421,2025-03-27 07:58:59,Completed
9840,1557,2025-01-01 15:27:37,Completed
9841,338,2026-04-23 04:31:31,Completed
9842,2500,2025-06-04 00:39:36,Completed
9843,4431,2026-06-27 00:41:13,Completed
9844,4875,2025-06-09 11:40:41,Completed
9845,2146,2025-07-25 19:21:01,Completed
9846,869,2025-04-08 10:29:27,Completed
9847,3408,2025-02-08 21:33:43,Cancelled
9848,1938,2024-09-02 05:44:07,Pending
9849,3663,2026-01-06 02:41:37,Completed
9850,105,2026-05-14 07:18:11,Pending
9851,1744,2025-04-04 17:09:49,Pending
9852,2826,2026-04-18 03:35:07,Completed
9853,3304,2024-08-28 07:03:37,Completed
9854,4887,2025-09-05 09:24:25,Completed
9855,1666,2025-05-27 23:41:28,Pending
9856,2929,2024-12-17 17:52:40,Completed
9857,796,2026-05-09 00:48:45,Completed
9858,4632,2024-09-20 08:33:41,Completed
9859,3591,2025-01-22 04:07:20,Cancelled
9860,2411,2025-10-03 17:23:29,Completed
9861,4666,2025-05-25 08:06:33,Pending
9862,3931,2024-09-20 15:39:22,Cancelled
9863,160,2025-09-29 00:24:12,Completed
9864,4349,2025-11-13 17:18:31,Completed
9865,3396,2025-08-10 18:19:30,Completed
9866,287,2026-03-28 11:36:15,Pending
9867,1672,2024-08-29 05:11:11,Completed
9868,1007,2025-12-15 20:38:34,Pending
9869,2224,2025-07-26 07:58:18,Cancelled
9870,2483,2025-06-29 23:35:42,Cancelled
9871,2065,2026-03-23 14:06:01,Completed
9872,4877,2026-06-04 04:05:50,Cancelled
9873,3223,2025-11-28 03:21:09,Completed
9874,2810,2026-03-22 08:38:37,Cancelled
9875,4577,2025-06-23 07:16:04,Cancelled
9876,3284,2026-02-10 01:34:38,Completed
9877,3066,2025-08-16 17:23:51,Completed
9878,317,2025-11-20 15:29:57,Completed
9879,1033,2024-12-03 08:18:58,Completed
9880,2820,2025-10-15 01:36:09,Completed
9881,3574,2025-06-08 15:40:04,Completed
9882,1122,2026-04-03 12:42:37,Completed
9883,3486,2026-07-20 21:05:39,Completed
9884,1510,2026-02-17 23:09:21,Cancelled
9885,1482,2025-01-21 17:07:25,Completed
9886,65,2025-04-19 15:49:51,Completed
9887,1766,2025-09-06 08:09:16,Cancelled
9888,2416,2024-10-08 00:44:32,Completed
9889,241,2025-09-12 04:47:40,Completed
9890,2518,2025-03-19 22:34:28,Completed
9891,3186,2026-07-22 09:33:38,Completed
9892,2364,2026-07-25 16:00:06,Completed
9893,2668,2025-12-30 23:02:40,Completed
9894,1826,2025-11-09 18:43:56,Completed
9895,2673,2025-05-09 13:48:50,Completed
9896,1899,2026-02-08 00:24:19,Completed
9897,2561,2024-09-29 23:39:05,Pending
9898,671,2025-04-27 10:19:35,Cancelled
9899,2355,2025-07-25 13:49:21,Completed
9900,2849,2026-02-09 01:33:18,Completed
9901,1362,2025-01-01 10:14:17,Completed
9902,4882,2025-07-28 22:11:30,Pending
9903,2041,2026-02-21 14:20:30,Completed
9904,1515,2025-08-07 04:27:05,Cancelled
9905,557,2025-07-27 22:28:57,Cancelled
9906,3870,2024-12-14 05:09:45,Completed
9907,1173,2026-02-06 08:05:46,Completed
9908,3796,2025-03-25 03:58:48,Completed
9909,3487,2025-01-14 11:31:57,Completed
9910,4392,2025-03-02 00:50:17,Completed
9911,2019,2026-04-28 00:47:31,Completed
9912,4553,2025-05-10 14:11:42,Completed
9913,2632,2026-02-06 06:18:33,Completed
9914,1401,2025-05-06 16:11:47,Completed
9915,2501,2024-12-05 01:18:20,Completed
9916,2837,2025-03-21 22:16:08,Completed
9917,2562,2026-06-02 11:36:38,Completed
9918,948,2025-04-10 19:40:15,Cancelled
9919,2685,2025-03-30 16:25:56,Completed
9920,689,2025-12-08 11:35:26,Completed
9921,449,2026-02-19 17:46:08,Completed
9922,428,2025-08-19 19:14:22,Completed
9923,387,2025-04-05 18:42:50,Completed
9924,4910,2025-03-28 10:57:06,Pending
9925,3672,2025-07-03 01:37:48,Completed
9926,2206,2026-02-25 09:18:08,Completed
9927,3000,2025-06-07 19:26:59,Completed
9928,2922,2026-04-04 19:05:01,Completed
9929,2438,2025-01-04 09:49:53,Completed
9930,4333,2025-08-20 02:52:01,Completed
9931,2424,2025-12-09 04:00:24,Completed
9932,3779,2026-03-10 12:34:12,Completed
9933,4757,2025-02-18 01:41:09,Completed
9934,4679,2024-10-14 03:09:22,Completed
9935,2130,2024-10-13 06:04:20,Completed
9936,4941,2025-02-10 13:53:28,Completed
9937,2731,2025-10-26 05:34:36,Completed
9938,4183,2025-03-15 09:48:52,Completed
9939,1821,2025-04-18 22:17:03,Completed
9940,4341,2025-09-15 02:14:48,Completed
9941,682,2025-11-11 15:57:11,Completed
9942,563,2025-04-27 10:56:15,Completed
9943,1964,2026-08-01 04:38:12,Completed
9944,4270,2026-04-18 23:40:05,Cancelled
9945,1493,2025-07-20 12:34:25,Completed
9946,307,2025-12-02 16:10:19,Completed
9947,4146,2026-08-04 05:18:17,Completed
9948,1435,2025-10-10 12:50:01,Completed
9949,4562,2025-09-05 04:43:23,Pending
9950,1427,2025-05-08 17:11:47,Completed
9951,3893,2025-10-19 16:30:05,Completed
9952,2337,2026-04-11 15:27:11,Completed
9953,3562,2025-05-08 01:43:58,Completed
9954,513,2025-01-26 11:13:22,Completed
9955,1002,2026-07-12 04:03:03,Completed
9956,2505,2024-10-18 21:59:25,Completed
9957,1743,2026-03-06 06:46:50,Cancelled
9958,1855,2025-04-29 13:48:21,Completed
9959,4194,2025-03-16 18:20:25,Pending
9960,4194,2026-03-11 09:07:25,Completed
9961,880,2024-12-12 05:03:31,Completed
9962,3919,2024-12-16 02:49:40,Completed
9963,2288,2026-02-02 18:20:40,Completed
9964,4068,2025-04-07 18:55:41,Pending
9965,3926,2025-01-30 16:01:21,Completed
9966,3104,2026-02-19 10:11:25,Cancelled
9967,4854,2026-05-25 10:23:05,Completed
9968,4824,2025-11-14 20:28:24,Cancelled
9969,2543,2025-06-08 01:47:32,Completed
9970,3245,2025-05-17 01:31:03,Completed
9971,4953,2024-11-11 10:31:19,Completed
9972,3081,2025-05-12 05:07:58,Completed
9973,3523,2026-06-07 10:00:04,Completed
9974,2798,2026-04-07 13:40:37,Pending
9975,4814,2024-08-13 17:50:55,Completed
9976,238,2024-09-08 13:21:00,Completed
9977,919,2025-11-10 03:43:33,Pending
9978,4879,2026-07-23 22:46:13,Completed
9979,3930,2025-05-28 09:22:59,Completed
9980,139,2026-07-21 19:46:00,Completed
9981,1917,2025-04-29 10:39:54,Completed
9982,2789,2025-02-12 05:42:35,Completed
9983,697,2025-06-04 19:33:05,Completed
9984,3356,2024-11-24 20:37:18,Completed
9985,2380,2025-04-22 05:26:49,Cancelled
9986,1395,2026-05-15 02:20:00,Completed
9987,3194,2025-03-15 05:04:06,Completed
9988,4216,2026-02-12 01:36:53,Completed
9989,2438,2026-04-09 12:21:02,Completed
9990,3751,2024-11-11 01:07:35,Completed
9991,3589,2025-11-29 12:04:36,Completed
9992,3039,2025-10-16 16:42:28,Completed
9993,4017,2025-01-27 03:26:53,Completed
9994,4678,2025-06-10 07:17:55,Completed
9995,4260,2025-06-25 08:29:27,Completed
9996,4247,2024-11-04 19:40:10,Completed
9997,4853,2026-04-07 21:44:14,Pending
9998,1176,2025-04-27 06:13:34,Pending
9999,4783,2025-04-07 07:00:38,Completed
10000,4414,2026-08-02 21:06:12,Completed
10001,607,2025-11-15 23:32:05,Completed
10002,2452,2025-01-14 22:25:24,Completed
10003,1537,2024-10-26 15:33:27,Completed
10004,3702,2025-08-15 07:55:29,Completed
10005,3786,2024-11-11 12:49:42,Pending
10006,2689,2025-03-24 03:08:13,Completed
10007,4335,2024-09-10 10:00:49,Completed
10008,2152,2025-02-17 14:45:09,Cancelled
10009,811,2024-12-24 10:06:34,Completed
10010,1689,2024-11-20 22:16:49,Completed
10011,1310,2025-10-25 04:43:56,Completed
10012,3205,2026-01-30 17:08:01,Cancelled
10013,859,2026-07-08 17:47:45,Pending
10014,1783,2025-12-07 09:00:40,Completed
10015,1720,2025-11-16 05:46:23,Completed
10016,2800,2025-07-03 09:38:52,Completed
10017,4394,2025-11-14 02:43:06,Completed
10018,672,2025-08-10 05:23:03,Completed
10019,4996,2025-12-19 12:04:43,Cancelled
10020,4028,2024-08-16 12:53:05,Completed
10021,654,2026-06-05 00:19:45,Completed
10022,2758,2025-02-27 00:25:01,Completed
10023,186,2026-07-13 17:05:13,Completed
10024,4693,2025-09-15 16:26:11,Completed
10025,1368,2026-07-12 17:57:40,Completed
10026,3648,2026-05-10 07:15:06,Completed
10027,385,2024-09-15 21:15:20,Completed
10028,1211,2026-07-25 02:36:03,Completed
10029,3484,2025-04-23 16:18:26,Cancelled
10030,4794,2024-11-29 18:30:16,Completed
10031,3062,2025-09-26 08:51:15,Pending
10032,2565,2025-09-11 01:26:32,Completed
10033,4412,2025-02-25 11:15:09,Completed
10034,3807,2025-11-03 19:58:35,Cancelled
10035,98,2024-12-07 14:36:59,Completed
10036,2609,2024-12-18 23:18:06,Completed
10037,3233,2026-01-11 18:34:01,Pending
10038,996,2024-12-13 06:57:57,Completed
10039,1976,2025-04-20 11:40:46,Completed
10040,654,2025-10-19 00:58:14,Pending
10041,4364,2026-01-12 07:15:18,Completed
10042,4699,2026-07-21 03:17:48,Cancelled
10043,2519,2026-06-08 01:51:50,Completed
10044,2582,2026-03-08 12:50:41,Completed
10045,1994,2025-07-15 06:04:02,Completed
10046,347,2026-01-19 09:37:53,Completed
10047,4351,2025-07-12 19:54:28,Completed
10048,4383,2025-09-23 04:59:03,Completed
10049,4115,2025-04-16 15:09:37,Completed
10050,350,2024-08-20 18:57:17,Completed
10051,500,2025-02-19 08:31:01,Completed
10052,2453,2025-08-30 17:17:25,Completed
10053,3777,2026-02-05 09:09:06,Completed
10054,571,2024-10-03 14:16:41,Cancelled
10055,4350,2025-09-16 22:53:58,Completed
10056,3106,2024-09-02 08:00:54,Completed
10057,1146,2025-03-16 16:47:29,Cancelled
10058,647,2025-08-04 07:34:13,Completed
10059,2857,2025-06-22 10:02:53,Completed
10060,4912,2024-10-15 18:18:50,Completed
10061,2010,2025-08-19 04:40:45,Completed
10062,1983,2025-11-13 14:14:16,Completed
10063,495,2025-01-10 00:46:54,Completed
10064,2736,2025-01-19 03:57:32,Completed
10065,3525,2025-03-18 22:07:31,Pending
10066,2392,2026-03-11 22:43:36,Completed
10067,2018,2026-07-24 17:01:32,Pending
10068,2739,2024-11-08 02:01:14,Completed
10069,3077,2025-04-30 11:28:23,Completed
10070,3993,2024-10-21 21:02:33,Completed
10071,2926,2025-11-23 09:52:21,Completed
10072,948,2024-09-10 13:56:26,Completed
10073,2378,2025-09-11 14:09:53,Completed
10074,349,2025-10-18 21:22:27,Completed
10075,4163,2025-09-01 04:24:00,Cancelled
10076,3863,2026-06-18 17:36:48,Completed
10077,3744,2024-09-25 15:42:55,Pending
10078,1298,2025-05-03 17:16:04,Completed
10079,3456,2024-11-13 18:03:21,Cancelled
10080,3099,2025-04-28 09:50:02,Completed
10081,2811,2026-05-16 14:32:40,Cancelled
10082,2417,2025-07-26 23:31:06,Completed
10083,674,2025-10-22 10:50:36,Completed
10084,2089,2024-08-06 19:23:47,Completed
10085,3377,2024-12-28 22:50:12,Pending
10086,859,2025-09-29 21:40:35,Completed
10087,3784,2026-06-26 17:34:11,Cancelled
10088,2649,2024-12-16 00:02:10,Completed
10089,1678,2025-05-14 20:22:10,Completed
10090,2455,2024-12-30 12:18:23,Completed
10091,2176,2024-11-29 09:57:31,Pending
10092,3059,2024-11-28 17:36:17,Cancelled
10093,307,2026-07-05 08:09:04,Completed
10094,4590,2025-06-06 22:05:02,Completed
10095,1109,2026-03-02 04:02:21,Completed
10096,1754,2025-07-15 13:08:18,Pending
10097,1170,2024-12-24 14:47:57,Completed
10098,1709,2026-05-30 01:44:37,Completed
10099,4171,2025-04-29 05:24:13,Completed
10100,2157,2025-12-25 02:02:14,Completed
10101,2217,2026-05-29 09:33:16,Completed
10102,4333,2025-10-12 23:34:11,Completed
10103,1884,2025-11-06 16:10:34,Completed
10104,1732,2026-02-24 15:04:44,Cancelled
10105,4714,2025-12-13 13:02:58,Completed
10106,368,2026-04-23 10:36:25,Completed
10107,3295,2025-04-05 16:57:07,Completed
10108,4972,2025-01-21 19:09:15,Completed
10109,30,2026-07-05 12:44:36,Completed
10110,1419,2024-08-10 22:36:41,Completed
10111,2280,2025-05-17 16:49:45,Cancelled
10112,4171,2025-02-21 10:39:41,Completed
10113,2209,2025-02-12 17:05:27,Completed
10114,2873,2025-09-03 23:22:06,Completed
10115,1943,2025-05-11 15:12:10,Completed
10116,2693,2026-03-30 20:18:14,Completed
10117,3717,2026-06-12 10:48:11,Completed
10118,4022,2026-05-14 02:07:10,Completed
10119,2179,2025-07-21 15:25:28,Completed
10120,175,2025-03-07 17:50:04,Completed
10121,3481,2025-04-05 05:35:19,Completed
10122,4588,2024-09-27 12:12:13,Cancelled
10123,866,2026-04-26 23:20:33,Completed
10124,2220,2025-03-01 17:16:47,Completed
10125,288,2025-03-08 16:59:19,Completed
10126,1707,2026-03-07 16:02:34,Completed
10127,4283,2026-04-13 12:14:02,Cancelled
10128,4156,2026-02-07 05:17:47,Completed
10129,4493,2026-07-25 15:27:53,Completed
10130,2943,2026-03-13 23:27:15,Cancelled
10131,1823,2025-03-07 10:55:38,Completed
10132,1757,2026-02-27 02:08:55,Completed
10133,3891,2025-07-01 09:39:37,Completed
10134,2057,2026-02-18 07:30:19,Pending
10135,70,2025-07-16 04:32:55,Completed
10136,924,2025-03-30 16:27:09,Cancelled
10137,2860,2026-06-27 11:15:27,Completed
10138,3434,2025-03-09 18:31:51,Cancelled
10139,1527,2025-05-26 06:13:09,Completed
10140,3244,2025-11-29 07:43:56,Completed
10141,2167,2025-02-28 08:44:28,Completed
10142,324,2026-05-31 16:31:34,Cancelled
10143,556,2025-01-28 22:20:50,Completed
10144,1396,2024-10-24 04:25:32,Completed
10145,1906,2025-11-16 21:33:02,Completed
10146,286,2024-10-22 01:58:33,Completed
10147,2918,2026-04-24 20:39:52,Completed
10148,1098,2026-04-20 16:13:12,Pending
10149,2290,2024-09-23 08:58:42,Pending
10150,464,2025-08-16 10:33:13,Completed
10151,4053,2024-12-03 22:46:16,Completed
10152,2230,2026-01-06 00:29:01,Pending
10153,1763,2025-02-05 23:36:04,Completed
10154,3042,2025-11-16 18:21:21,Cancelled
10155,1968,2026-07-14 11:59:16,Completed
10156,617,2025-04-14 14:27:18,Pending
10157,3955,2025-08-12 18:39:50,Completed
10158,2536,2025-05-30 04:09:03,Pending
10159,1184,2026-04-28 14:57:40,Completed
10160,2270,2024-12-22 05:51:35,Completed
10161,3815,2024-09-25 05:19:38,Pending
10162,4572,2026-06-28 07:06:26,Completed
10163,3194,2026-05-21 22:57:18,Cancelled
10164,4705,2025-10-18 01:23:21,Completed
10165,1502,2026-07-01 00:10:11,Completed
10166,641,2026-05-16 22:21:09,Cancelled
10167,2446,2026-06-13 17:07:29,Completed
10168,1520,2025-08-21 14:42:53,Completed
10169,2172,2026-02-13 08:11:30,Completed
10170,1753,2025-07-08 01:22:33,Completed
10171,817,2025-02-21 08:47:14,Completed
10172,423,2024-12-01 03:16:45,Pending
10173,2503,2024-12-05 18:54:26,Completed
10174,3536,2026-03-29 04:44:53,Pending
10175,3126,2025-09-02 13:02:45,Completed
10176,3891,2025-03-25 11:55:25,Pending
10177,4475,2025-07-25 20:24:38,Completed
10178,1392,2025-09-23 03:52:08,Pending
10179,1241,2026-07-05 03:34:56,Completed
10180,261,2025-06-28 02:15:17,Completed
10181,1937,2026-02-07 13:54:26,Completed
10182,3393,2026-07-26 09:21:16,Completed
10183,575,2025-06-30 06:31:06,Completed
10184,1611,2025-07-24 09:51:30,Completed
10185,4455,2026-01-12 02:23:36,Completed
10186,82,2025-01-18 09:07:43,Completed
10187,3898,2024-09-28 00:07:26,Completed
10188,246,2025-05-30 12:36:56,Pending
10189,4055,2026-01-30 02:37:25,Completed
10190,2733,2025-03-10 06:09:25,Cancelled
10191,4613,2024-10-10 23:04:55,Cancelled
10192,213,2025-12-31 09:59:40,Completed
10193,1772,2026-06-01 14:33:28,Completed
10194,733,2026-01-02 03:22:48,Completed
10195,284,2024-08-09 01:56:49,Completed
10196,1407,2025-12-25 14:40:43,Completed
10197,895,2025-04-29 19:32:15,Completed
10198,3119,2025-07-02 06:30:28,Completed
10199,4173,2025-08-20 11:37:55,Completed
10200,620,2026-06-03 16:48:21,Completed
10201,4061,2024-12-22 11:44:22,Completed
10202,983,2025-10-16 22:33:11,Pending
10203,2080,2024-12-10 03:46:11,Completed
10204,2289,2026-04-17 16:09:58,Completed
10205,917,2025-06-15 10:13:09,Cancelled
10206,909,2025-10-24 14:54:38,Completed
10207,4483,2025-03-09 13:01:36,Completed
10208,561,2024-11-25 03:04:49,Completed
10209,52,2026-07-05 20:56:39,Completed
10210,2510,2024-09-22 07:25:05,Completed
10211,441,2025-11-15 14:31:17,Cancelled
10212,1186,2024-09-07 05:28:07,Completed
10213,2471,2026-05-17 19:57:09,Completed
10214,1080,2025-06-28 23:34:18,Completed
10215,1182,2025-02-09 14:31:13,Pending
10216,3255,2024-12-29 18:44:36,Pending
10217,2805,2024-10-31 21:51:51,Completed
10218,4815,2024-08-23 21:44:22,Completed
10219,675,2025-10-10 20:52:22,Completed
10220,140,2025-06-06 14:40:42,Completed
10221,2500,2025-01-01 17:49:16,Completed
10222,3655,2025-08-08 14:58:58,Completed
10223,3887,2025-04-23 08:18:31,Completed
10224,3079,2026-02-12 21:09:25,Completed
10225,1706,2026-02-03 04:03:57,Completed
10226,3447,2024-08-22 04:41:39,Completed
10227,2893,2024-10-30 11:40:33,Completed
10228,1841,2024-10-03 09:23:54,Cancelled
10229,3853,2025-09-29 06:40:42,Completed
10230,3815,2024-10-16 18:01:43,Completed
10231,2459,2026-02-09 15:29:06,Completed
10232,198,2026-05-30 17:24:13,Cancelled
10233,1098,2024-09-06 05:52:49,Completed
10234,2826,2025-05-30 04:08:05,Completed
10235,2942,2026-03-13 16:36:47,Completed
10236,2874,2025-09-22 16:01:34,Completed
10237,304,2024-11-04 14:31:09,Completed
10238,871,2024-12-19 05:30:52,Completed
10239,905,2025-06-04 12:02:53,Completed
10240,4400,2024-11-27 14:26:13,Completed
10241,745,2024-10-16 22:31:45,Completed
10242,3522,2026-02-06 23:49:20,Completed
10243,3315,2025-03-31 00:12:50,Cancelled
10244,2340,2025-06-01 04:38:25,Completed
10245,4390,2026-02-10 20:47:50,Completed
10246,2092,2025-01-29 10:08:43,Completed
10247,3506,2026-07-17 22:32:29,Completed
10248,4209,2025-07-15 21:48:22,Completed
10249,1040,2024-11-04 05:14:37,Completed
10250,3108,2024-09-23 02:32:55,Cancelled
10251,80,2026-04-09 23:59:48,Completed
10252,2206,2025-06-29 20:54:55,Completed
10253,2121,2024-09-25 13:23:54,Pending
10254,1891,2025-12-06 01:55:12,Completed
10255,4567,2026-06-07 12:59:37,Cancelled
10256,4625,2025-04-24 14:07:12,Completed
10257,267,2026-02-18 08:29:31,Completed
10258,4647,2025-06-18 07:07:19,Completed
10259,3582,2025-10-30 21:36:31,Completed
10260,413,2026-06-03 18:37:59,Completed
10261,4335,2024-08-15 16:36:34,Cancelled
10262,1652,2025-11-30 02:12:37,Completed
10263,1048,2025-08-02 15:50:16,Completed
10264,2671,2026-01-31 06:05:34,Cancelled
10265,2283,2024-08-17 23:46:10,Completed
10266,4177,2024-12-27 08:26:43,Completed
10267,3679,2025-06-05 17:50:10,Cancelled
10268,321,2025-03-14 05:12:34,Completed
10269,961,2024-09-11 06:47:20,Completed
10270,4324,2025-10-16 18:44:55,Completed
10271,2248,2024-12-31 03:20:56,Completed
10272,1213,2025-02-06 04:49:17,Completed
10273,80,2025-11-11 14:30:42,Completed
10274,1364,2026-05-29 17:56:16,Completed
10275,4028,2026-03-21 04:02:37,Completed
10276,1216,2026-07-13 20:19:10,Completed
10277,2944,2026-05-15 18:25:56,Cancelled
10278,13,2024-08-30 10:34:31,Completed
10279,1785,2026-08-03 03:48:18,Pending
10280,169,2025-08-23 21:52:22,Pending
10281,4252,2025-08-07 23:41:11,Completed
10282,2390,2024-12-10 12:03:28,Completed
10283,3304,2024-10-08 14:22:29,Completed
10284,4864,2026-05-04 20:51:31,Completed
10285,40,2026-04-14 23:59:40,Pending
10286,4269,2026-03-19 00:33:51,Completed
10287,4655,2025-03-17 00:23:15,Cancelled
10288,994,2026-02-03 16:50:36,Completed
10289,3328,2025-09-25 13:05:50,Completed
10290,190,2025-03-08 01:18:34,Completed
10291,757,2026-06-26 10:16:36,Completed
10292,1248,2025-03-28 07:21:58,Completed
10293,1138,2024-11-26 23:14:27,Completed
10294,1652,2024-12-26 20:46:35,Cancelled
10295,4768,2026-07-03 01:33:36,Completed
10296,4729,2024-08-23 15:15:27,Completed
10297,367,2025-09-22 01:16:01,Completed
10298,4439,2025-04-02 02:23:47,Completed
10299,2760,2025-06-15 19:35:21,Completed
10300,674,2026-07-27 02:37:34,Cancelled
10301,4487,2024-09-05 20:50:31,Completed
10302,2114,2025-09-24 09:57:27,Completed
10303,333,2025-07-18 18:19:25,Pending
10304,4889,2026-04-07 16:35:06,Completed
10305,4830,2024-11-19 17:52:40,Completed
10306,1796,2025-10-07 07:20:42,Completed
10307,973,2026-05-27 21:22:01,Completed
10308,2002,2025-06-13 07:03:30,Cancelled
10309,676,2026-07-28 01:51:24,Cancelled
10310,4288,2024-12-16 20:58:28,Completed
10311,2608,2025-01-07 12:18:20,Pending
10312,4950,2025-08-22 09:39:00,Completed
10313,3026,2024-12-24 03:49:27,Completed
10314,2702,2026-07-07 04:26:46,Completed
10315,4697,2026-01-14 13:09:04,Cancelled
10316,2532,2024-08-14 02:34:49,Completed
10317,149,2025-07-05 02:02:48,Completed
10318,2129,2024-10-09 05:06:26,Completed
10319,99,2024-12-09 09:21:27,Pending
10320,1667,2024-11-11 08:41:52,Completed
10321,1960,2025-10-15 20:05:42,Completed
10322,3368,2025-11-13 06:18:15,Pending
10323,2635,2024-09-30 11:20:24,Completed
10324,4709,2025-12-27 05:28:25,Completed
10325,2052,2025-03-04 02:53:13,Completed
10326,2240,2025-11-19 08:26:04,Completed
10327,3539,2026-05-02 04:20:44,Completed
10328,440,2026-01-09 22:55:25,Pending
10329,4510,2025-07-14 15:25:39,Completed
10330,132,2026-06-01 12:36:43,Completed
10331,4417,2025-11-30 08:27:50,Cancelled
10332,4154,2025-04-13 01:47:41,Completed
10333,1129,2024-11-16 11:20:56,Completed
10334,4206,2025-02-06 02:59:34,Completed
10335,2368,2026-05-09 03:43:03,Cancelled
10336,1223,2026-01-25 23:50:24,Cancelled
10337,3204,2026-05-20 03:37:15,Completed
10338,4349,2026-07-21 10:14:28,Completed
10339,574,2025-07-20 00:48:47,Completed
10340,2661,2024-11-10 19:59:50,Cancelled
10341,3831,2024-09-11 17:58:46,Completed
10342,2937,2026-06-05 10:01:35,Completed
10343,1579,2024-11-08 08:25:16,Completed
10344,1309,2025-01-02 14:51:26,Cancelled
10345,1821,2025-12-21 17:24:43,Completed
10346,3723,2025-10-07 02:10:18,Pending
10347,2414,2025-05-17 20:31:15,Pending
10348,776,2024-11-18 15:04:05,Cancelled
10349,4588,2025-04-23 17:32:47,Cancelled
10350,4520,2024-11-04 00:56:21,Completed
10351,879,2025-02-17 04:51:30,Completed
10352,3430,2024-10-05 16:29:27,Cancelled
10353,1448,2025-04-14 12:56:29,Completed
10354,2682,2024-10-25 15:47:17,Completed
10355,147,2026-06-18 11:16:23,Completed
10356,3257,2026-08-01 21:19:33,Completed
10357,260,2024-12-14 01:20:13,Pending
10358,4929,2025-01-18 13:10:39,Completed
10359,454,2025-02-16 03:13:14,Completed
10360,3346,2026-03-15 04:36:45,Pending
10361,699,2024-10-24 17:17:11,Completed
10362,1985,2026-06-08 17:15:48,Completed
10363,3755,2025-04-15 02:43:05,Pending
10364,736,2024-09-03 04:22:21,Completed
10365,1440,2024-10-16 19:11:34,Completed
10366,1042,2025-12-30 18:19:26,Completed
10367,3500,2026-06-25 23:22:36,Pending
10368,734,2026-07-27 04:44:58,Completed
10369,2167,2025-07-21 04:51:21,Cancelled
10370,3066,2025-05-26 14:19:53,Pending
10371,3518,2024-08-23 03:23:03,Completed
10372,2664,2026-04-10 21:05:52,Completed
10373,2119,2026-05-28 01:13:29,Completed
10374,377,2024-11-17 01:38:30,Cancelled
10375,2503,2025-06-11 05:10:51,Completed
10376,1183,2026-01-30 11:20:38,Cancelled
10377,3433,2025-10-06 02:16:22,Cancelled
10378,2457,2024-10-02 04:33:53,Completed
10379,207,2025-06-30 19:58:48,Completed
10380,722,2024-09-06 21:55:57,Completed
10381,57,2025-11-16 13:00:13,Completed
10382,1680,2026-06-30 15:11:24,Cancelled
10383,2533,2026-07-30 03:11:24,Completed
10384,1220,2025-12-10 05:12:37,Completed
10385,2865,2026-05-30 23:26:45,Completed
10386,3456,2026-01-05 22:09:51,Pending
10387,3358,2026-01-03 06:52:19,Completed
10388,1337,2026-07-14 22:35:53,Cancelled
10389,832,2025-05-12 22:36:22,Completed
10390,1034,2025-05-12 14:37:49,Completed
10391,1502,2026-03-11 17:56:23,Completed
10392,32,2025-09-21 00:18:57,Completed
10393,3427,2025-12-08 12:42:59,Completed
10394,3174,2026-02-12 01:04:52,Cancelled
10395,3279,2025-12-26 21:36:14,Cancelled
10396,1066,2025-01-06 23:18:49,Completed
10397,628,2025-04-10 00:54:34,Cancelled
10398,3621,2026-04-15 01:08:31,Completed
10399,3349,2025-12-31 18:28:47,Completed
10400,3621,2025-08-28 03:24:19,Completed
10401,2209,2025-11-30 07:38:05,Completed
10402,2404,2026-04-25 14:47:05,Completed
10403,660,2024-11-09 08:36:23,Completed
10404,4737,2026-04-24 13:39:14,Pending
10405,1702,2025-03-06 21:26:49,Completed
10406,300,2026-05-08 22:02:51,Completed
10407,892,2024-11-16 00:24:23,Completed
10408,2485,2024-10-13 19:47:53,Completed
10409,3960,2025-03-10 15:14:43,Cancelled
10410,1193,2026-04-15 04:12:57,Completed
10411,2566,2025-04-04 19:20:47,Completed
10412,1717,2026-01-11 21:50:38,Completed
10413,2517,2026-02-19 21:23:57,Completed
10414,3100,2024-09-28 15:00:52,Completed
10415,905,2025-12-04 14:07:32,Completed
10416,2755,2025-04-14 22:14:39,Completed
10417,3546,2025-08-28 15:14:44,Completed
10418,4953,2024-11-28 06:16:38,Completed
10419,2919,2026-06-24 02:31:06,Completed
10420,2104,2025-10-03 12:35:37,Completed
10421,1410,2024-12-09 20:51:12,Pending
10422,3275,2025-03-04 12:17:11,Completed
10423,2265,2026-02-09 07:48:24,Completed
10424,721,2024-09-09 23:32:54,Completed
10425,829,2025-12-21 17:16:41,Completed
10426,4040,2026-04-26 07:29:31,Completed
10427,4479,2025-10-17 09:53:35,Completed
10428,4352,2025-11-12 01:03:59,Completed
10429,2041,2024-11-18 17:21:04,Pending
10430,3515,2024-10-08 18:56:35,Completed
10431,1847,2025-09-07 15:10:55,Completed
10432,4807,2025-11-29 16:27:19,Completed
10433,4100,2025-03-04 07:36:31,Completed
10434,4119,2024-12-18 08:00:11,Completed
10435,531,2024-08-12 08:52:24,Completed
10436,2272,2025-05-15 23:04:36,Completed
10437,3439,2026-07-03 17:23:09,Completed
10438,3320,2025-11-05 19:18:13,Completed
10439,150,2026-05-06 09:51:50,Completed
10440,806,2025-01-16 23:56:26,Completed
10441,359,2024-11-02 08:20:01,Completed
10442,1319,2025-01-14 21:05:10,Completed
10443,3040,2024-12-31 09:06:17,Completed
10444,2286,2024-08-12 19:25:46,Pending
10445,1528,2026-02-06 18:08:25,Completed
10446,241,2025-05-31 01:30:57,Completed
10447,3289,2025-11-08 10:45:25,Pending
10448,4325,2025-08-13 21:51:23,Completed
10449,1964,2025-12-26 21:15:09,Completed
10450,824,2026-07-30 03:53:36,Completed
10451,4139,2025-03-03 05:32:54,Completed
10452,479,2025-09-18 00:35:48,Completed
10453,512,2025-12-30 07:41:41,Cancelled
10454,1652,2024-08-12 11:36:45,Completed
10455,3660,2024-11-18 15:46:55,Completed
10456,4852,2026-07-16 07:25:38,Completed
10457,406,2026-02-22 22:51:45,Pending
10458,2262,2026-05-22 09:16:40,Pending
10459,109,2024-12-05 08:00:33,Completed
10460,3890,2025-08-17 01:40:07,Completed
10461,1972,2026-04-02 01:04:18,Completed
10462,4067,2025-06-19 17:27:11,Completed
10463,4831,2025-01-13 18:57:48,Completed
10464,4545,2025-10-08 00:21:48,Completed
10465,860,2025-01-19 02:59:19,Completed
10466,3179,2026-03-14 20:38:00,Completed
10467,1275,2025-06-20 05:11:07,Completed
10468,2907,2026-01-27 20:49:01,Completed
10469,418,2026-01-04 17:07:00,Completed
10470,2117,2025-12-03 19:39:55,Pending
10471,2334,2025-02-09 21:38:39,Completed
10472,3823,2024-11-27 03:29:40,Completed
10473,2693,2024-12-31 07:33:10,Completed
10474,78,2025-08-10 13:02:57,Completed
10475,632,2026-02-14 10:04:40,Completed
10476,3585,2026-02-24 01:20:01,Completed
10477,2767,2025-02-07 12:36:41,Completed
10478,978,2026-03-12 19:24:27,Pending
10479,1364,2026-07-02 21:58:00,Completed
10480,3635,2025-11-05 13:21:13,Completed
10481,29,2025-07-22 16:17:53,Completed
10482,3834,2025-11-03 17:12:29,Completed
10483,461,2026-06-30 12:04:06,Completed
10484,3834,2025-11-19 04:58:55,Completed
10485,3404,2026-05-13 13:36:18,Completed
10486,226,2024-09-15 09:14:09,Completed
10487,4195,2026-03-17 10:00:18,Completed
10488,3851,2025-09-30 10:01:33,Cancelled
10489,1267,2024-11-26 21:14:56,Completed
10490,1662,2026-05-28 08:32:13,Completed
10491,4818,2026-06-12 06:28:28,Completed
10492,3148,2025-11-07 02:23:01,Completed
10493,4018,2025-07-11 16:27:13,Completed
10494,4387,2026-07-23 03:10:59,Completed
10495,2776,2026-05-22 00:46:28,Completed
10496,331,2026-02-26 04:53:03,Completed
10497,3435,2026-01-17 11:24:36,Completed
10498,869,2025-03-20 07:33:54,Completed
10499,58,2025-10-24 08:16:23,Completed
10500,2350,2024-11-15 20:38:25,Completed
10501,4498,2024-10-24 16:46:07,Completed
10502,2883,2024-10-09 00:02:32,Completed
10503,4101,2025-08-26 22:38:14,Pending
10504,1391,2024-09-05 21:41:33,Completed
10505,2402,2025-10-13 05:32:20,Completed
10506,1106,2026-02-18 21:32:50,Completed
10507,3238,2025-12-10 14:58:48,Cancelled
10508,1330,2026-06-29 13:00:49,Cancelled
10509,996,2025-09-11 02:47:56,Completed
10510,312,2026-03-19 12:46:24,Completed
10511,3150,2026-02-06 18:51:24,Completed
10512,3133,2025-09-26 20:10:24,Completed
10513,3735,2025-02-08 00:00:38,Completed
10514,3868,2026-04-05 15:58:58,Pending
10515,3625,2025-09-12 12:52:04,Completed
10516,2921,2025-02-27 23:02:21,Pending
10517,970,2024-10-31 11:00:21,Completed
10518,2988,2025-03-31 07:24:41,Completed
10519,1164,2026-05-11 09:39:38,Pending
10520,450,2024-10-07 02:46:06,Completed
10521,3331,2024-09-07 04:30:10,Completed
10522,1190,2024-11-05 10:12:05,Completed
10523,37,2024-12-06 23:30:35,Completed
10524,80,2024-09-23 08:50:01,Completed
10525,2982,2026-05-08 23:21:48,Pending
10526,4282,2025-09-23 20:33:43,Completed
10527,1283,2025-08-24 01:01:38,Completed
10528,1736,2024-08-27 16:52:43,Completed
10529,922,2025-11-20 08:19:31,Completed
10530,1820,2025-08-07 11:37:45,Completed
10531,2364,2026-04-30 07:25:43,Completed
10532,2399,2025-01-23 22:20:24,Completed
10533,1806,2025-05-20 19:18:34,Pending
10534,2470,2026-05-02 12:56:55,Cancelled
10535,3483,2025-07-15 23:12:02,Completed
10536,612,2024-08-30 01:33:33,Completed
10537,2592,2025-07-18 22:28:53,Completed
10538,384,2025-01-15 11:54:11,Completed
10539,3018,2025-10-25 16:58:19,Cancelled
10540,3089,2025-03-26 02:20:17,Completed
10541,2988,2025-12-20 11:08:57,Completed
10542,4507,2026-07-21 05:30:35,Cancelled
10543,2383,2025-03-17 20:48:22,Completed
10544,2008,2026-05-10 11:40:47,Completed
10545,2704,2025-02-05 04:51:07,Completed
10546,4506,2025-08-20 17:58:30,Pending
10547,26,2025-02-02 17:13:05,Completed
10548,971,2025-06-13 04:44:26,Completed
10549,2263,2025-02-08 14:52:41,Cancelled
10550,3446,2025-05-22 18:38:21,Completed
10551,1274,2026-04-19 16:10:08,Completed
10552,4795,2026-04-27 06:55:58,Completed
10553,1002,2026-08-06 11:24:33,Completed
10554,2022,2025-08-02 06:22:24,Completed
10555,2630,2024-10-16 06:30:47,Completed
10556,911,2025-10-17 21:40:34,Completed
10557,626,2026-06-26 03:21:55,Cancelled
10558,4037,2026-04-07 00:30:40,Completed
10559,807,2026-06-09 19:31:35,Completed
10560,4852,2025-03-14 02:06:42,Completed
10561,4611,2026-07-23 06:32:51,Completed
10562,807,2025-10-19 17:57:09,Completed
10563,2127,2025-03-12 05:23:33,Completed
10564,374,2025-05-16 17:42:44,Completed
10565,4904,2025-10-15 18:48:52,Completed
10566,1861,2025-12-02 22:12:04,Completed
10567,155,2026-07-15 17:58:05,Completed
10568,2398,2024-12-15 13:49:35,Completed
10569,3030,2024-10-02 13:31:44,Completed
10570,3464,2026-06-09 05:56:51,Completed
10571,3839,2025-09-04 05:20:51,Completed
10572,2934,2024-10-08 21:48:49,Pending
10573,834,2024-08-25 05:08:25,Pending
10574,1668,2026-01-08 01:38:18,Pending
10575,4097,2026-02-15 22:27:35,Completed
10576,2963,2025-07-27 02:06:23,Completed
10577,2160,2026-01-11 15:16:05,Completed
10578,3938,2025-09-05 07:55:39,Completed
10579,1884,2024-09-01 04:44:12,Completed
10580,502,2024-10-05 00:34:27,Completed
10581,3987,2025-07-18 20:07:31,Completed
10582,1870,2024-11-14 15:31:09,Completed
10583,1522,2025-04-07 13:17:39,Completed
10584,2429,2025-09-17 20:39:31,Completed
10585,2472,2025-12-11 10:09:43,Completed
10586,2657,2026-01-14 11:23:11,Completed
10587,1484,2026-05-27 05:11:32,Completed
10588,1328,2026-03-11 11:50:28,Completed
10589,2723,2025-04-11 23:57:05,Completed
10590,3232,2025-05-16 01:48:46,Completed
10591,3300,2026-05-02 08:08:01,Cancelled
10592,3694,2024-10-22 18:54:37,Completed
10593,4229,2024-10-25 16:11:55,Completed
10594,375,2026-05-01 17:42:20,Completed
10595,3512,2025-10-28 20:44:16,Completed
10596,85,2026-03-18 21:34:35,Completed
10597,3091,2024-11-03 04:11:25,Completed
10598,1179,2025-03-08 07:28:20,Completed
10599,554,2024-12-08 01:01:15,Completed
10600,1692,2025-03-04 19:54:11,Cancelled
10601,1706,2025-11-17 13:18:57,Completed
10602,3285,2026-03-30 20:25:57,Completed
10603,1134,2024-09-08 11:01:41,Completed
10604,1028,2026-01-12 14:31:06,Completed
10605,4334,2024-09-27 18:02:51,Completed
10606,4129,2025-12-31 00:45:11,Completed
10607,4976,2025-01-01 18:08:06,Pending
10608,248,2026-07-20 20:14:54,Completed
10609,4236,2025-12-01 09:35:34,Cancelled
10610,4288,2025-04-16 16:38:16,Cancelled
10611,4845,2025-12-17 07:42:31,Completed
10612,1445,2025-08-15 05:17:10,Pending
10613,2742,2024-12-13 23:42:24,Completed
10614,1928,2026-02-28 16:24:46,Completed
10615,2842,2025-03-08 16:24:54,Completed
10616,4300,2025-08-22 02:19:01,Cancelled
10617,4948,2024-11-03 17:46:44,Completed
10618,3886,2024-08-17 11:58:55,Completed
10619,3426,2025-09-21 14:45:14,Completed
10620,2682,2025-02-16 11:17:05,Completed
10621,3682,2024-10-26 10:50:12,Completed
10622,2109,2025-06-15 07:07:12,Completed
10623,2575,2026-01-17 14:15:20,Completed
10624,2636,2024-09-28 19:14:35,Completed
10625,474,2026-01-22 13:31:38,Completed
10626,4098,2025-09-02 13:12:55,Completed
10627,3796,2025-05-17 09:21:36,Completed
10628,2778,2024-11-30 01:59:45,Completed
10629,1301,2025-08-07 22:39:41,Completed
10630,631,2026-06-28 15:51:38,Completed
10631,227,2025-04-07 02:34:12,Completed
10632,4317,2026-01-30 20:32:10,Completed
10633,1483,2025-10-19 18:38:34,Completed
10634,3297,2025-05-21 20:37:29,Completed
10635,1067,2025-07-15 04:36:57,Completed
10636,1690,2025-07-01 14:36:17,Completed
10637,1443,2025-10-01 02:21:35,Completed
10638,1207,2025-09-13 21:57:25,Completed
10639,872,2024-08-31 10:04:31,Completed
10640,3808,2026-05-10 01:10:57,Completed
10641,4015,2025-08-19 23:52:54,Completed
10642,989,2024-09-04 14:29:35,Cancelled
10643,874,2024-12-18 00:32:26,Completed
10644,469,2024-10-18 13:07:10,Completed
10645,1292,2026-02-05 03:34:35,Completed
10646,4450,2025-12-16 01:55:06,Completed
10647,2368,2025-12-08 23:36:37,Completed
10648,4526,2024-09-18 20:26:35,Completed
10649,4534,2026-03-20 00:08:21,Completed
10650,3071,2024-11-27 21:38:06,Completed
10651,849,2025-04-01 00:02:03,Completed
10652,4740,2024-11-06 09:13:09,Pending
10653,4789,2025-03-28 11:12:31,Completed
10654,1468,2026-04-14 02:15:36,Completed
10655,1477,2026-04-01 02:24:17,Completed
10656,4659,2026-02-28 17:51:34,Completed
10657,114,2026-01-10 17:46:20,Pending
10658,2181,2026-05-19 01:36:17,Completed
10659,3257,2025-04-15 18:56:14,Completed
10660,635,2026-06-03 06:06:05,Pending
10661,4476,2026-06-09 18:29:51,Pending
10662,586,2025-01-14 16:26:32,Completed
10663,159,2024-08-31 02:59:54,Cancelled
10664,659,2025-02-24 18:16:30,Completed
10665,1590,2025-04-17 17:47:43,Completed
10666,323,2025-07-02 10:30:05,Completed
10667,89,2025-12-29 20:49:35,Cancelled
10668,2386,2026-05-09 06:41:28,Completed
10669,1710,2026-05-14 11:38:54,Completed
10670,3759,2025-10-26 02:46:54,Completed
10671,2291,2026-01-19 04:26:55,Completed
10672,1834,2025-05-15 02:47:31,Completed
10673,3610,2025-05-31 00:21:04,Completed
10674,2283,2025-09-24 02:41:25,Completed
10675,3550,2025-03-31 13:23:16,Cancelled
10676,4549,2024-11-30 07:37:56,Pending
10677,1822,2025-12-10 06:23:40,Cancelled
10678,267,2026-06-05 09:26:47,Completed
10679,2664,2026-05-22 01:46:31,Completed
10680,1281,2025-12-14 15:16:09,Completed
10681,4506,2024-10-29 03:20:39,Completed
10682,4945,2025-03-30 19:21:56,Completed
10683,4954,2025-07-17 11:00:47,Completed
10684,3785,2026-07-31 22:34:02,Completed
10685,4041,2026-06-29 06:19:26,Completed
10686,713,2025-04-08 07:41:12,Completed
10687,4691,2025-09-21 08:19:51,Completed
10688,3176,2026-06-28 02:49:24,Completed
10689,392,2025-12-06 14:39:35,Completed
10690,4614,2025-10-15 06:10:36,Completed
10691,488,2025-12-26 10:35:02,Completed
10692,3527,2024-08-23 04:42:08,Completed
10693,3708,2025-06-17 22:39:52,Completed
10694,2713,2026-05-08 16:45:50,Completed
10695,3717,2025-03-14 00:00:45,Completed
10696,4530,2024-12-02 18:07:35,Completed
10697,2916,2025-12-24 09:13:24,Cancelled
10698,4818,2026-02-14 19:10:30,Completed
10699,4804,2026-08-03 06:15:03,Completed
10700,3709,2025-09-30 21:45:28,Completed
10701,4143,2026-06-27 11:26:47,Completed
10702,3563,2025-07-12 11:32:12,Completed
10703,23,2025-09-20 09:31:43,Completed
10704,4057,2026-01-10 21:55:53,Cancelled
10705,3382,2025-02-25 09:25:37,Completed
10706,178,2024-11-20 16:16:19,Completed
10707,4470,2024-09-01 12:03:37,Pending
10708,847,2026-03-30 02:43:36,Completed
10709,1408,2026-02-16 09:20:54,Completed
10710,1360,2026-06-18 08:01:36,Completed
10711,637,2026-06-19 21:48:12,Cancelled
10712,2452,2025-07-31 12:55:22,Completed
10713,1952,2024-10-17 05:29:08,Completed
10714,2290,2025-11-13 13:16:42,Completed
10715,4690,2026-02-07 08:45:08,Cancelled
10716,4791,2025-03-15 10:57:37,Completed
10717,1286,2025-11-13 21:59:59,Completed
10718,1577,2026-04-04 14:20:06,Completed
10719,1420,2025-04-13 18:14:18,Pending
10720,1375,2026-03-24 20:54:38,Completed
10721,551,2024-12-31 20:19:15,Pending
10722,3066,2026-06-02 11:58:05,Cancelled
10723,2715,2025-07-28 16:28:59,Completed
10724,487,2026-02-25 07:00:29,Completed
10725,1854,2026-06-12 12:57:50,Cancelled
10726,2324,2025-10-11 15:21:51,Completed
10727,274,2025-07-13 17:26:44,Completed
10728,3317,2024-10-03 00:50:15,Completed
10729,4542,2025-08-24 09:47:57,Completed
10730,2334,2026-04-26 03:53:53,Completed
10731,1706,2025-06-22 19:34:45,Completed
10732,2012,2024-09-24 07:41:27,Completed
10733,1329,2025-06-03 08:31:16,Completed
10734,2018,2024-08-27 04:29:41,Completed
10735,1338,2025-05-24 14:59:34,Completed
10736,1084,2026-02-02 22:58:16,Pending
10737,4403,2025-02-17 09:05:10,Pending
10738,4623,2024-11-15 21:31:51,Completed
10739,4411,2026-02-13 16:13:12,Cancelled
10740,1889,2025-01-15 22:40:44,Completed
10741,2208,2024-11-01 10:50:01,Completed
10742,742,2025-01-31 18:55:01,Completed
10743,4750,2025-10-04 05:31:33,Pending
10744,2731,2025-04-27 19:27:04,Completed
10745,3218,2025-12-31 17:29:30,Completed
10746,4925,2026-02-24 20:09:55,Completed
10747,463,2025-06-21 21:12:11,Completed
10748,1989,2026-03-21 19:19:21,Cancelled
10749,3289,2024-10-30 10:39:23,Completed
10750,3942,2025-07-29 18:46:04,Completed
10751,4817,2026-06-13 15:15:19,Completed
10752,1312,2025-05-30 14:25:52,Pending
10753,122,2024-11-28 05:39:53,Completed
10754,4877,2025-10-19 04:52:18,Completed
10755,2198,2026-06-16 18:25:14,Completed
10756,4640,2025-11-10 10:29:26,Completed
10757,3672,2024-11-01 11:56:02,Completed
10758,802,2026-04-21 02:25:14,Completed
10759,1482,2026-05-29 05:09:08,Completed
10760,623,2025-02-09 05:08:16,Completed
10761,819,2026-05-30 15:14:50,Completed
10762,1902,2025-03-30 18:18:44,Completed
10763,1050,2025-11-15 07:38:42,Cancelled
10764,2246,2025-05-17 08:24:00,Completed
10765,1239,2026-05-06 14:57:05,Completed
10766,4168,2026-04-04 11:05:43,Completed
10767,3266,2026-07-06 00:55:03,Completed
10768,843,2026-04-02 18:13:22,Completed
10769,1163,2026-06-07 10:01:24,Completed
10770,3488,2024-08-23 10:58:07,Completed
10771,1873,2026-06-14 20:00:01,Pending
10772,4679,2026-07-08 14:49:06,Completed
10773,4367,2026-03-24 08:40:49,Cancelled
10774,2584,2026-04-13 12:30:28,Completed
10775,2216,2025-12-17 14:10:29,Pending
10776,1362,2024-10-09 23:55:39,Completed
10777,515,2025-01-25 09:00:02,Completed
10778,1887,2025-08-13 11:05:03,Completed
10779,2906,2024-10-30 12:52:50,Pending
10780,771,2025-02-23 05:51:49,Completed
10781,1144,2026-04-06 11:11:51,Completed
10782,861,2025-04-15 04:40:00,Completed
10783,405,2026-03-27 08:52:59,Completed
10784,3618,2025-10-12 16:42:26,Completed
10785,4844,2025-11-15 22:08:33,Completed
10786,1145,2025-06-13 17:40:32,Completed
10787,4960,2025-08-31 21:43:04,Cancelled
10788,3067,2026-04-11 23:24:54,Completed
10789,2059,2026-03-06 15:43:28,Completed
10790,1257,2025-04-06 18:17:25,Cancelled
10791,4111,2024-10-09 02:10:32,Completed
10792,2084,2026-06-27 16:13:16,Completed
10793,2633,2024-09-04 17:05:18,Completed
10794,4422,2024-12-11 14:15:51,Completed
10795,4840,2025-04-08 13:14:14,Completed
10796,61,2024-12-11 23:55:10,Completed
10797,4447,2026-01-26 23:21:38,Completed
10798,340,2026-05-19 20:19:51,Completed
10799,3132,2025-03-09 08:56:27,Completed
10800,1625,2025-11-13 07:19:59,Cancelled
10801,1921,2026-04-27 11:52:00,Completed
10802,4825,2026-05-02 23:47:20,Completed
10803,4573,2025-08-12 01:30:08,Completed
10804,781,2025-10-19 15:31:53,Completed
10805,469,2025-10-03 12:36:07,Completed
10806,3828,2025-05-08 04:30:56,Completed
10807,2375,2025-04-04 17:33:39,Cancelled
10808,2253,2024-08-19 01:19:04,Pending
10809,4258,2026-07-29 17:09:32,Completed
10810,4125,2025-03-13 11:26:52,Completed
10811,2944,2024-11-13 04:55:01,Completed
10812,4346,2024-11-22 01:03:26,Completed
10813,4436,2026-04-19 10:08:10,Completed
10814,2627,2024-12-17 13:11:47,Completed
10815,3915,2025-03-20 06:41:00,Completed
10816,1409,2026-03-06 07:34:56,Pending
10817,4161,2026-02-18 21:32:56,Completed
10818,3951,2026-08-01 20:04:43,Completed
10819,4789,2025-03-02 07:34:30,Completed
10820,2969,2024-11-03 21:34:14,Completed
10821,1776,2025-03-05 18:39:45,Completed
10822,2613,2026-01-20 04:29:45,Completed
10823,657,2025-01-07 18:55:26,Completed
10824,3210,2025-07-29 04:16:50,Completed
10825,1303,2026-04-18 20:27:20,Completed
10826,2871,2026-01-03 02:49:02,Pending
10827,871,2025-08-17 13:51:18,Completed
10828,2890,2024-09-02 16:23:53,Completed
10829,3324,2026-01-16 18:03:00,Completed
10830,2457,2025-04-14 06:12:10,Completed
10831,4526,2025-10-31 08:56:55,Completed
10832,4825,2025-07-17 19:59:03,Completed
10833,1477,2026-03-01 03:39:12,Completed
10834,743,2026-04-27 08:07:56,Completed
10835,1389,2025-08-13 02:18:43,Completed
10836,2013,2025-12-26 09:00:36,Cancelled
10837,715,2025-10-15 03:54:01,Completed
10838,4698,2026-06-03 08:28:54,Completed
10839,94,2025-01-18 15:00:23,Completed
10840,4961,2024-12-14 16:24:16,Completed
10841,3421,2024-11-15 11:40:30,Completed
10842,3633,2025-12-16 20:21:13,Pending
10843,3358,2024-10-28 15:50:04,Completed
10844,2149,2025-05-03 07:49:50,Cancelled
10845,2808,2025-11-07 22:00:13,Completed
10846,432,2024-10-15 02:07:12,Cancelled
10847,2960,2026-02-24 22:06:03,Completed
10848,1517,2025-10-22 22:19:20,Pending
10849,2336,2024-08-29 09:05:56,Completed
10850,154,2026-02-08 17:51:11,Completed
10851,614,2024-11-15 06:09:39,Pending
10852,692,2025-05-11 06:54:11,Completed
10853,2013,2025-03-06 02:04:14,Completed
10854,1645,2025-07-11 01:54:48,Completed
10855,1456,2025-10-04 05:28:29,Completed
10856,2441,2025-03-29 19:23:07,Completed
10857,768,2024-08-20 16:42:19,Pending
10858,4849,2026-07-13 00:11:47,Completed
10859,48,2025-12-21 18:41:33,Completed
10860,3440,2024-08-27 19:45:15,Cancelled
10861,4333,2026-07-09 08:08:38,Completed
10862,3981,2026-04-12 04:09:41,Completed
10863,2625,2026-01-22 05:09:03,Completed
10864,3279,2024-09-01 08:20:13,Completed
10865,3425,2024-11-19 11:14:25,Completed
10866,450,2025-04-26 21:14:18,Completed
10867,3572,2025-12-04 17:50:30,Completed
10868,3203,2025-01-04 17:35:47,Completed
10869,4307,2026-05-10 20:02:00,Completed
10870,2900,2025-04-18 19:27:23,Pending
10871,4690,2025-04-30 17:23:40,Completed
10872,3794,2025-01-28 14:44:01,Completed
10873,2224,2026-04-24 02:11:06,Completed
10874,3643,2025-09-23 01:03:47,Completed
10875,1202,2026-04-13 10:39:03,Completed
10876,912,2024-10-24 19:26:12,Completed
10877,1624,2024-10-09 10:26:13,Completed
10878,940,2024-09-12 01:53:37,Pending
10879,2122,2025-02-06 05:33:12,Completed
10880,764,2026-02-05 12:51:29,Cancelled
10881,2455,2024-08-29 10:47:26,Completed
10882,1639,2026-03-19 16:56:02,Completed
10883,3188,2025-01-22 18:05:12,Completed
10884,2357,2026-01-17 19:59:07,Completed
10885,1611,2024-11-07 23:18:28,Completed
10886,3801,2025-08-02 17:54:21,Completed
10887,3182,2026-02-14 05:44:28,Completed
10888,3905,2025-05-29 23:42:04,Cancelled
10889,260,2024-10-18 01:59:04,Completed
10890,1708,2025-03-06 09:17:36,Completed
10891,4952,2024-08-08 09:28:26,Completed
10892,369,2025-10-09 16:56:30,Completed
10893,3511,2025-10-02 12:02:10,Completed
10894,3878,2026-06-25 16:00:11,Completed
10895,2787,2025-02-26 02:15:19,Completed
10896,4510,2026-05-11 19:09:42,Completed
10897,709,2025-08-28 10:15:24,Completed
10898,4051,2026-05-14 13:20:09,Completed
10899,4626,2025-05-24 20:58:16,Completed
10900,2456,2025-06-16 19:41:14,Completed
10901,338,2026-04-03 03:30:14,Completed
10902,2352,2026-02-19 06:57:59,Completed
10903,3648,2025-10-09 14:12:15,Completed
10904,2190,2025-05-03 11:39:35,Pending
10905,4065,2025-12-28 11:04:41,Completed
10906,2201,2025-07-28 22:26:07,Completed
10907,2747,2024-12-17 16:21:39,Completed
10908,4105,2026-05-02 17:50:22,Completed
10909,4691,2024-11-09 20:52:26,Completed
10910,4672,2024-10-15 12:10:21,Completed
10911,89,2026-04-14 03:51:56,Completed
10912,2404,2025-06-09 06:16:16,Completed
10913,3029,2025-05-21 18:51:56,Completed
10914,3101,2026-02-07 06:05:59,Completed
10915,1121,2025-09-03 14:28:10,Completed
10916,4652,2026-01-31 23:47:15,Pending
10917,3831,2025-07-11 12:02:17,Completed
10918,4225,2025-12-16 16:20:55,Completed
10919,2181,2024-10-18 11:53:07,Pending
10920,100,2026-01-02 21:34:56,Cancelled
10921,27,2025-09-28 10:33:24,Completed
10922,1861,2025-12-11 23:56:45,Completed
10923,2763,2024-11-29 14:50:08,Completed
10924,2564,2025-08-19 11:09:10,Completed
10925,2195,2026-03-20 19:50:49,Completed
10926,3202,2026-04-04 21:21:13,Completed
10927,1921,2026-02-16 02:07:23,Completed
10928,4834,2025-05-27 10:03:44,Completed
10929,267,2024-09-14 02:28:34,Completed
10930,1806,2024-12-07 22:47:50,Completed
10931,637,2026-02-26 14:18:26,Completed
10932,3501,2026-07-19 04:24:40,Pending
10933,4004,2026-04-09 03:40:39,Completed
10934,3364,2024-12-16 04:07:14,Completed
10935,2406,2026-07-26 15:02:44,Completed
10936,4139,2025-11-18 15:44:42,Cancelled
10937,4281,2026-04-26 05:54:38,Completed
10938,1739,2026-02-08 21:53:56,Completed
10939,3246,2024-12-21 01:08:47,Completed
10940,675,2025-01-22 01:09:46,Completed
10941,3698,2025-12-02 05:44:49,Completed
10942,2879,2026-02-16 17:00:33,Completed
10943,2101,2024-11-07 04:27:08,Completed
10944,3829,2025-09-07 23:37:19,Completed
10945,3177,2024-08-08 02:55:31,Completed
10946,3311,2025-02-16 01:24:12,Completed
10947,551,2026-01-28 16:59:56,Completed
10948,2433,2025-09-30 22:59:26,Completed
10949,714,2025-04-06 21:50:44,Completed
10950,4240,2025-09-05 11:22:30,Completed
10951,4680,2026-02-07 09:11:22,Pending
10952,490,2024-11-14 13:58:24,Completed
10953,3895,2026-02-11 21:02:14,Cancelled
10954,1368,2026-03-26 02:06:35,Completed
10955,902,2025-12-13 06:03:09,Pending
10956,4236,2025-11-01 11:18:51,Completed
10957,336,2025-10-17 23:09:42,Completed
10958,4605,2024-12-02 08:10:48,Completed
10959,2377,2025-08-06 05:48:23,Cancelled
10960,2977,2026-07-26 03:42:51,Completed
10961,3510,2025-05-27 04:01:05,Pending
10962,300,2024-10-18 10:22:50,Completed
10963,2032,2025-02-24 09:25:41,Completed
10964,3481,2024-08-11 00:48:11,Completed
10965,2013,2024-10-05 10:32:54,Completed
10966,3247,2024-09-29 14:45:42,Completed
10967,3605,2024-10-05 01:58:29,Completed
10968,183,2026-07-11 01:36:43,Completed
10969,3859,2025-07-09 11:59:02,Completed
10970,986,2025-02-25 02:09:23,Completed
10971,1112,2026-02-05 16:46:13,Completed
10972,1503,2025-07-11 20:06:15,Completed
10973,3895,2025-11-25 20:18:28,Cancelled
10974,2304,2024-11-16 06:47:19,Completed
10975,133,2025-11-05 13:24:54,Completed
10976,3704,2025-11-14 08:26:55,Completed
10977,4154,2026-05-28 03:50:06,Completed
10978,1787,2026-03-15 14:08:05,Completed
10979,2700,2024-11-28 23:48:53,Completed
10980,383,2024-12-03 21:47:54,Completed
10981,1682,2025-11-23 14:54:48,Completed
10982,1675,2026-05-30 11:13:50,Completed
10983,1386,2025-08-13 11:56:55,Completed
10984,4127,2026-03-03 04:35:13,Completed
10985,3276,2025-06-14 08:52:41,Pending
10986,2580,2026-04-06 09:59:48,Completed
10987,2644,2024-11-10 02:41:59,Completed
10988,2480,2025-08-08 18:36:56,Completed
10989,1139,2026-03-30 04:45:41,Completed
10990,3731,2025-08-17 07:13:38,Pending
10991,4596,2026-07-10 01:36:58,Completed
10992,637,2025-07-05 14:45:50,Completed
10993,3289,2024-09-25 15:10:42,Completed
10994,3628,2024-12-16 17:43:43,Pending
10995,3202,2025-08-04 15:32:47,Completed
10996,502,2024-09-23 21:43:30,Completed
10997,3295,2025-10-20 06:55:28,Completed
10998,4734,2025-12-13 12:32:55,Cancelled
10999,122,2025-07-03 13:21:13,Completed
11000,4754,2026-06-19 05:31:56,Completed
11001,4170,2024-11-15 14:52:26,Completed
11002,657,2025-05-06 07:10:22,Completed
11003,4642,2025-03-28 22:13:06,Completed
11004,1309,2026-02-01 05:00:40,Completed
11005,4603,2025-08-12 19:37:16,Completed
11006,2645,2026-03-14 15:15:22,Cancelled
11007,1672,2025-04-28 21:13:52,Completed
11008,1912,2026-02-26 03:24:46,Completed
11009,3749,2025-11-18 02:34:10,Completed
11010,50,2026-03-10 22:21:49,Completed
11011,2523,2025-05-27 06:45:36,Completed
11012,1406,2026-04-01 01:16:20,Completed
11013,2392,2025-06-07 15:48:02,Completed
11014,1690,2025-01-03 13:23:09,Completed
11015,4845,2026-03-16 02:23:02,Completed
11016,1921,2025-11-10 10:28:06,Cancelled
11017,714,2025-02-15 08:01:52,Completed
11018,1945,2025-10-05 20:28:46,Cancelled
11019,2478,2025-12-22 20:03:03,Completed
11020,4928,2024-11-17 18:31:47,Completed
11021,926,2025-09-25 06:34:21,Completed
11022,4634,2025-03-19 01:31:58,Completed
11023,3429,2025-02-02 01:05:20,Completed
11024,3117,2026-05-01 20:47:33,Completed
11025,521,2024-09-29 19:52:06,Completed
11026,4413,2026-01-21 11:54:46,Completed
11027,17,2026-07-26 15:46:30,Completed
11028,4975,2025-05-20 11:52:31,Completed
11029,2225,2024-11-11 06:39:44,Completed
11030,4200,2026-03-17 00:21:07,Completed
11031,2277,2025-04-30 09:30:07,Completed
11032,2010,2025-11-23 21:06:50,Completed
11033,1202,2025-04-01 19:57:06,Completed
11034,618,2025-03-13 17:34:51,Completed
11035,4414,2026-06-06 01:25:04,Completed
11036,3863,2024-11-24 06:31:29,Completed
11037,46,2025-09-23 11:56:24,Completed
11038,3088,2024-12-31 05:19:36,Cancelled
11039,2221,2025-04-29 18:48:27,Completed
11040,934,2025-04-29 00:26:15,Completed
11041,4323,2026-05-27 09:15:27,Completed
11042,425,2025-02-16 16:44:25,Completed
11043,2070,2025-09-07 19:46:49,Completed
11044,4759,2025-07-21 19:23:53,Cancelled
11045,1163,2025-08-18 15:13:42,Cancelled
11046,4187,2026-07-23 08:35:47,Pending
11047,13,2026-03-24 19:04:18,Completed
11048,3677,2026-01-24 16:10:33,Completed
11049,938,2025-08-02 05:22:09,Completed
11050,4908,2025-05-22 22:52:22,Cancelled
11051,3378,2026-06-22 09:56:02,Completed
11052,349,2026-05-12 04:57:30,Completed
11053,393,2025-04-12 03:43:03,Completed
11054,4204,2025-06-24 17:29:47,Completed
11055,258,2025-04-17 18:27:03,Completed
11056,538,2025-07-04 14:38:26,Completed
11057,3295,2025-10-16 19:22:43,Completed
11058,1357,2024-11-08 00:38:11,Completed
11059,3397,2025-06-19 17:37:53,Completed
11060,2425,2025-06-07 11:02:43,Completed
11061,4314,2024-09-10 19:35:22,Completed
11062,248,2025-08-23 06:57:24,Completed
11063,158,2026-03-26 12:02:41,Completed
11064,4230,2026-06-26 10:42:38,Completed
11065,4747,2024-11-14 21:25:05,Cancelled
11066,4629,2024-12-03 10:22:33,Completed
11067,3826,2026-08-05 09:57:53,Completed
11068,728,2026-02-15 12:56:15,Pending
11069,4423,2024-10-19 09:32:11,Pending
11070,4853,2025-10-15 03:28:34,Completed
11071,4914,2025-08-12 02:18:41,Completed
11072,3153,2025-05-22 21:22:21,Completed
11073,1405,2026-07-18 21:26:03,Completed
11074,3328,2025-07-15 16:45:20,Completed
11075,128,2025-04-06 21:22:29,Completed
11076,4345,2025-07-25 19:23:46,Completed
11077,138,2026-04-18 09:21:52,Completed
11078,984,2024-09-02 22:57:12,Completed
11079,1436,2026-04-06 16:28:20,Cancelled
11080,3452,2026-05-20 05:22:24,Completed
11081,2168,2026-06-14 12:04:09,Completed
11082,1789,2025-08-01 12:38:32,Completed
11083,4874,2026-06-09 20:07:43,Completed
11084,1507,2025-04-23 04:10:01,Completed
11085,2737,2025-08-22 00:36:26,Cancelled
11086,3970,2025-10-03 06:16:41,Completed
11087,666,2025-04-14 05:15:18,Completed
11088,2419,2024-11-08 02:34:29,Completed
11089,1169,2026-06-24 20:15:54,Completed
11090,3064,2025-11-10 09:52:12,Completed
11091,4888,2025-10-03 11:50:20,Pending
11092,738,2026-05-03 16:23:30,Cancelled
11093,1280,2026-01-27 19:42:50,Cancelled
11094,3757,2025-12-03 14:59:06,Completed
11095,74,2024-10-24 00:34:51,Completed
11096,2182,2026-07-07 01:21:11,Completed
11097,3319,2025-11-16 07:45:04,Completed
11098,482,2026-06-02 03:05:55,Completed
11099,3087,2025-10-25 01:54:19,Completed
11100,3678,2025-01-18 14:03:16,Pending
11101,2406,2025-05-16 18:43:29,Completed
11102,2608,2025-09-07 16:07:34,Completed
11103,2526,2025-10-15 07:49:56,Pending
11104,2908,2024-11-14 05:39:23,Completed
11105,3481,2026-01-18 00:26:40,Completed
11106,649,2025-10-24 02:19:09,Completed
11107,3602,2025-03-10 00:45:58,Completed
11108,2281,2024-09-12 20:16:58,Completed
11109,1992,2024-08-26 19:40:17,Completed
11110,2229,2025-07-11 17:27:41,Completed
11111,4179,2026-01-22 02:24:58,Completed
11112,974,2025-09-06 03:36:31,Completed
11113,4670,2025-04-04 01:27:40,Completed
11114,4083,2026-06-06 12:10:30,Completed
11115,3027,2025-01-28 10:48:13,Completed
11116,3278,2026-03-19 15:42:50,Completed
11117,1619,2024-11-08 08:21:31,Cancelled
11118,1891,2025-11-19 12:06:50,Completed
11119,3123,2025-08-16 10:47:56,Completed
11120,3798,2026-01-24 12:54:33,Completed
11121,4334,2026-03-07 17:43:16,Completed
11122,4795,2026-06-20 00:48:13,Pending
11123,3055,2025-07-04 13:03:55,Completed
11124,4645,2025-12-24 06:40:34,Completed
11125,1427,2025-05-29 11:43:23,Completed
11126,414,2024-09-27 04:10:03,Cancelled
11127,1524,2024-08-30 02:09:11,Completed
11128,3170,2025-02-15 13:43:27,Completed
11129,3365,2026-03-05 13:09:33,Completed
11130,1056,2025-09-05 11:13:58,Pending
11131,3416,2025-07-16 10:32:58,Completed
11132,3717,2025-11-06 17:26:37,Cancelled
11133,4663,2025-01-09 02:54:45,Completed
11134,1450,2025-04-07 19:08:01,Completed
11135,2825,2026-06-07 14:49:58,Completed
11136,4834,2025-08-26 11:38:27,Cancelled
11137,4922,2025-11-08 06:21:15,Completed
11138,1265,2026-07-17 17:28:34,Completed
11139,4942,2025-04-02 17:11:01,Completed
11140,4491,2026-03-12 01:40:43,Completed
11141,2627,2024-08-06 17:48:56,Completed
11142,3912,2026-01-02 09:36:26,Completed
11143,3276,2025-08-21 16:06:54,Completed
11144,3802,2024-11-03 04:56:52,Completed
11145,3695,2024-09-19 08:01:52,Completed
11146,3049,2025-04-11 00:40:46,Cancelled
11147,3554,2025-08-07 02:55:45,Pending
11148,995,2025-06-04 21:23:05,Completed
11149,4303,2026-07-31 23:29:29,Completed
11150,4287,2025-06-27 23:09:37,Cancelled
11151,2061,2025-03-05 03:03:58,Completed
11152,2024,2025-07-24 07:49:36,Pending
11153,1640,2025-12-20 14:01:58,Completed
11154,1554,2025-12-10 07:41:49,Cancelled
11155,4912,2026-01-07 01:13:54,Pending
11156,1033,2026-04-03 18:13:51,Completed
11157,241,2026-02-12 16:23:42,Pending
11158,545,2024-10-27 14:04:12,Completed
11159,407,2026-05-26 09:02:09,Completed
11160,3821,2025-05-26 08:11:58,Cancelled
11161,1203,2026-05-11 13:13:44,Completed
11162,552,2026-06-29 05:19:02,Cancelled
11163,2499,2024-11-27 23:16:30,Completed
11164,1859,2025-03-31 00:55:42,Completed
11165,2329,2025-02-22 23:58:54,Completed
11166,4621,2025-04-04 00:43:26,Pending
11167,2462,2024-10-11 01:23:39,Completed
11168,1673,2025-12-03 09:15:48,Completed
11169,4710,2025-07-15 21:12:44,Completed
11170,1248,2026-06-12 19:41:03,Cancelled
11171,4453,2025-12-20 05:02:50,Completed
11172,272,2026-05-18 15:20:03,Completed
11173,4425,2026-01-09 16:38:53,Completed
11174,2681,2025-12-13 18:36:33,Completed
11175,3144,2026-06-08 19:15:43,Completed
11176,1110,2025-05-02 00:08:47,Completed
11177,94,2025-02-08 16:28:24,Completed
11178,1240,2025-08-15 05:13:43,Pending
11179,1497,2026-06-06 15:34:10,Completed
11180,1902,2026-01-21 06:09:16,Pending
11181,3969,2025-01-29 06:39:38,Cancelled
11182,3508,2025-09-30 03:32:20,Completed
11183,839,2025-06-08 04:04:54,Completed
11184,2139,2025-09-19 17:14:41,Completed
11185,3283,2025-09-03 09:11:02,Completed
11186,4657,2024-11-23 08:02:04,Cancelled
11187,4467,2024-10-10 07:45:34,Cancelled
11188,279,2025-02-10 22:40:32,Completed
11189,3032,2024-11-19 21:30:25,Completed
11190,1079,2025-12-10 16:32:32,Completed
11191,698,2026-06-14 19:44:55,Completed
11192,2986,2026-02-28 22:00:19,Completed
11193,23,2024-11-02 16:18:18,Completed
11194,3347,2025-11-19 07:53:59,Completed
11195,4311,2026-04-23 12:38:36,Completed
11196,2730,2026-02-24 08:47:22,Cancelled
11197,1253,2025-09-28 00:10:44,Completed
11198,2379,2024-09-11 04:57:59,Completed
11199,56,2025-06-15 02:31:53,Completed
11200,2518,2026-04-24 06:55:49,Completed
11201,988,2025-04-12 19:37:31,Completed
11202,2605,2025-04-18 01:51:33,Completed
11203,595,2024-12-13 23:12:57,Completed
11204,3950,2025-07-28 09:11:24,Completed
11205,2587,2025-04-04 01:11:04,Completed
11206,795,2026-03-17 10:27:04,Pending
11207,4065,2025-08-20 06:03:02,Completed
11208,1610,2026-05-29 16:11:53,Completed
11209,601,2026-04-23 08:10:03,Completed
11210,2865,2024-09-11 21:25:24,Pending
11211,3433,2026-07-01 01:14:40,Pending
11212,4716,2024-12-17 07:38:45,Completed
11213,1470,2025-04-29 07:56:51,Cancelled
11214,1202,2025-02-26 01:26:51,Completed
11215,4783,2024-12-06 10:55:27,Completed
11216,582,2025-03-25 20:14:37,Completed
11217,4225,2026-04-16 11:06:36,Completed
11218,1721,2025-10-25 04:35:24,Completed
11219,1556,2025-09-02 12:49:29,Completed
11220,1507,2025-08-17 01:13:21,Completed
11221,2544,2024-10-15 02:43:13,Completed
11222,3675,2026-06-29 12:25:55,Completed
11223,4989,2026-03-06 02:14:22,Pending
11224,2220,2025-10-27 13:45:52,Completed
11225,211,2026-01-13 11:32:49,Completed
11226,4379,2026-02-01 21:28:04,Completed
11227,1055,2025-12-26 00:12:13,Completed
11228,2583,2024-08-13 19:03:25,Cancelled
11229,43,2024-11-24 20:07:19,Completed
11230,3854,2026-03-27 23:35:52,Completed
11231,625,2025-09-17 08:27:51,Completed
11232,4984,2026-01-10 05:17:37,Pending
11233,3861,2025-07-14 08:29:22,Completed
11234,4566,2025-01-24 14:34:08,Completed
11235,2927,2025-09-02 22:55:25,Pending
11236,1958,2026-02-13 19:13:45,Cancelled
11237,1364,2026-05-06 10:24:41,Completed
11238,4859,2024-11-19 06:11:57,Completed
11239,2196,2026-01-20 07:41:16,Completed
11240,1578,2025-07-07 17:45:01,Cancelled
11241,304,2026-02-01 09:37:51,Completed
11242,602,2025-08-10 16:06:21,Completed
11243,2901,2025-08-05 11:26:46,Completed
11244,2821,2025-04-14 02:23:15,Completed
11245,648,2024-10-04 18:44:22,Completed
11246,782,2026-04-26 13:05:03,Completed
11247,3702,2026-03-29 22:29:05,Completed
11248,3215,2025-02-24 19:58:25,Completed
11249,2039,2024-10-16 13:03:44,Completed
11250,959,2025-04-12 18:56:21,Cancelled
11251,385,2025-02-22 12:30:16,Completed
11252,3874,2026-06-05 03:04:12,Pending
11253,2336,2024-09-18 02:00:14,Pending
11254,2014,2026-07-07 10:25:36,Completed
11255,104,2024-10-06 11:36:06,Completed
11256,2613,2025-08-22 17:39:46,Completed
11257,961,2025-11-21 19:09:25,Completed
11258,151,2026-07-19 18:22:42,Cancelled
11259,2037,2025-02-07 09:09:24,Completed
11260,4473,2025-02-20 02:34:37,Completed
11261,668,2025-06-07 03:23:33,Completed
11262,198,2024-11-28 17:42:42,Completed
11263,4822,2026-07-16 12:31:18,Completed
11264,1314,2025-12-02 00:19:08,Completed
11265,327,2024-08-17 22:15:07,Completed
11266,3046,2026-06-07 22:37:37,Cancelled
11267,4457,2025-11-04 09:37:58,Completed
11268,2284,2025-01-02 09:50:55,Completed
11269,173,2025-05-08 13:20:03,Completed
11270,4376,2024-10-27 17:10:16,Completed
11271,1242,2024-11-08 13:47:29,Completed
11272,1290,2026-05-27 09:51:07,Completed
11273,2769,2025-06-21 18:13:35,Pending
11274,3131,2024-11-19 12:30:05,Completed
11275,3583,2025-12-31 16:04:10,Completed
11276,1693,2024-09-24 10:46:16,Completed
11277,1940,2026-02-17 06:39:56,Completed
11278,3421,2025-05-15 18:13:08,Completed
11279,455,2024-10-12 08:48:18,Cancelled
11280,4956,2024-11-21 17:30:47,Cancelled
11281,2458,2025-02-27 00:59:04,Completed
11282,170,2025-08-02 20:39:54,Completed
11283,4156,2026-07-18 22:55:52,Cancelled
11284,3539,2025-03-17 04:34:55,Completed
11285,4142,2024-10-11 04:18:34,Completed
11286,4958,2025-05-25 10:16:10,Completed
11287,349,2025-09-28 10:05:12,Completed
11288,337,2026-07-03 22:29:19,Cancelled
11289,963,2024-12-04 07:53:19,Completed
11290,760,2026-01-22 05:56:10,Completed
11291,2312,2024-11-07 11:44:40,Completed
11292,647,2024-12-12 08:04:20,Pending
11293,1190,2025-03-27 02:25:20,Completed
11294,3102,2024-08-08 22:48:07,Completed
11295,2747,2024-12-23 21:07:57,Completed
11296,4535,2026-05-26 20:22:33,Completed
11297,386,2024-12-08 01:58:02,Completed
11298,3272,2026-02-27 05:56:20,Completed
11299,978,2026-08-06 08:29:42,Completed
11300,3304,2024-10-23 06:11:03,Pending
11301,3726,2026-01-17 18:17:27,Completed
11302,1302,2025-02-27 05:30:53,Completed
11303,2569,2025-01-08 03:16:46,Completed
11304,3854,2024-11-21 23:14:42,Completed
11305,3900,2025-06-16 22:55:12,Completed
11306,2234,2025-05-27 11:40:28,Completed
11307,2282,2024-10-13 23:56:47,Completed
11308,465,2025-05-05 05:32:58,Completed
11309,1128,2025-07-16 02:04:02,Cancelled
11310,1612,2025-03-13 13:02:05,Pending
11311,521,2026-01-27 03:31:20,Completed
11312,602,2026-06-29 18:50:00,Completed
11313,4689,2025-01-10 18:59:32,Completed
11314,1998,2026-04-14 00:08:51,Completed
11315,3451,2025-02-10 18:22:17,Completed
11316,3981,2025-05-28 09:45:26,Completed
11317,3344,2026-02-25 10:59:05,Completed
11318,3338,2026-05-21 16:57:29,Completed
11319,2677,2025-06-26 21:51:59,Completed
11320,4721,2026-07-22 03:53:11,Completed
11321,23,2025-04-13 09:30:23,Completed
11322,112,2024-11-21 07:50:29,Completed
11323,3149,2026-04-04 18:53:50,Pending
11324,4380,2025-11-12 23:36:19,Completed
11325,1063,2024-12-23 15:21:12,Completed
11326,4551,2025-12-20 07:13:05,Cancelled
11327,49,2025-04-24 17:18:23,Completed
11328,3181,2025-08-19 01:56:42,Completed
11329,397,2026-02-26 10:23:37,Completed
11330,425,2026-03-07 20:29:12,Completed
11331,341,2024-08-27 18:23:10,Completed
11332,1956,2025-03-27 03:24:37,Completed
11333,69,2026-05-15 05:29:25,Completed
11334,1059,2026-01-24 15:03:12,Completed
11335,719,2025-07-01 03:35:21,Completed
11336,3514,2024-12-15 19:10:53,Completed
11337,66,2026-04-30 21:13:57,Completed
11338,4815,2025-04-25 18:36:36,Completed
11339,1773,2024-11-30 12:02:43,Completed
11340,4853,2025-12-24 19:11:38,Completed
11341,1351,2025-10-07 12:25:22,Pending
11342,1944,2025-09-24 02:44:06,Completed
11343,1173,2024-08-07 14:59:16,Completed
11344,191,2024-12-01 20:34:25,Completed
11345,2777,2026-07-09 12:57:09,Completed
11346,1639,2025-09-14 21:56:11,Completed
11347,3769,2024-09-25 01:11:53,Completed
11348,4657,2025-11-15 00:23:22,Completed
11349,4895,2025-06-13 18:32:44,Completed
11350,919,2025-01-25 08:10:10,Completed
11351,1530,2026-06-29 18:34:20,Cancelled
11352,342,2025-01-19 10:48:20,Pending
11353,4370,2025-12-27 02:23:19,Completed
11354,1090,2025-08-12 16:25:35,Completed
11355,3797,2024-11-24 12:47:27,Completed
11356,4039,2025-05-22 05:24:31,Cancelled
11357,2636,2025-08-24 03:33:04,Completed
11358,2240,2025-05-22 16:42:05,Cancelled
11359,4838,2025-09-13 14:50:54,Cancelled
11360,360,2026-01-25 19:15:39,Completed
11361,4562,2025-03-30 20:33:59,Cancelled
11362,2307,2025-11-26 19:55:39,Completed
11363,2699,2025-10-21 15:02:36,Completed
11364,742,2025-04-06 20:58:40,Completed
11365,134,2025-02-22 17:36:09,Completed
11366,990,2025-05-13 09:52:12,Completed
11367,4877,2026-07-20 04:20:33,Completed
11368,2871,2025-02-24 16:22:39,Completed
11369,2322,2025-10-22 08:59:03,Completed
11370,2319,2025-06-28 14:19:06,Completed
11371,3262,2024-11-30 06:17:28,Cancelled
11372,1286,2026-05-23 18:56:47,Completed
11373,4892,2024-09-26 13:58:53,Completed
11374,3040,2025-08-11 16:33:08,Completed
11375,4042,2025-11-17 19:16:48,Completed
11376,429,2025-04-07 02:40:22,Completed
11377,3338,2025-11-30 04:10:18,Completed
11378,1923,2025-04-11 04:59:36,Cancelled
11379,3346,2026-04-25 14:25:21,Completed
11380,3441,2025-07-10 11:40:56,Completed
11381,2537,2025-04-24 22:37:06,Completed
11382,250,2025-11-22 22:55:39,Completed
11383,2428,2026-05-21 02:23:24,Completed
11384,1264,2026-05-24 01:38:34,Completed
11385,3327,2025-11-25 21:14:45,Pending
11386,1612,2024-09-27 21:48:00,Completed
11387,516,2026-01-28 00:09:39,Completed
11388,2992,2025-11-24 15:21:19,Pending
11389,3068,2025-06-05 00:34:46,Cancelled
11390,36,2024-08-14 00:47:43,Pending
11391,1888,2025-06-22 04:33:59,Completed
11392,739,2025-04-24 18:01:53,Completed
11393,770,2025-07-25 01:00:00,Completed
11394,443,2025-03-08 14:02:10,Completed
11395,3605,2024-10-21 14:04:48,Completed
11396,3060,2025-06-26 16:42:25,Completed
11397,2095,2025-09-22 05:17:47,Completed
11398,1714,2026-05-08 21:10:07,Completed
11399,2674,2025-09-16 10:43:42,Completed
11400,4647,2026-03-24 07:49:18,Completed
11401,3076,2024-10-26 14:18:16,Cancelled
11402,2994,2025-04-13 12:37:40,Completed
11403,2621,2025-08-16 00:59:35,Completed
11404,3831,2025-03-07 23:30:16,Completed
11405,2616,2026-07-01 02:07:57,Completed
11406,1009,2024-10-26 08:49:59,Completed
11407,655,2025-01-08 16:23:35,Completed
11408,4299,2026-05-01 03:07:54,Completed
11409,4355,2026-05-10 15:05:15,Completed
11410,2461,2025-10-08 04:59:05,Completed
11411,3315,2024-11-24 12:54:36,Completed
11412,3520,2026-05-27 02:21:00,Completed
11413,1009,2026-03-13 01:14:25,Completed
11414,1596,2024-08-13 14:46:28,Completed
11415,4975,2024-08-22 13:17:47,Completed
11416,4584,2025-05-12 16:36:21,Completed
11417,4481,2025-04-14 19:17:35,Cancelled
11418,3066,2026-04-27 17:17:16,Completed
11419,403,2024-12-16 06:49:35,Completed
11420,1990,2026-03-12 12:07:54,Cancelled
11421,3918,2026-02-02 05:17:21,Completed
11422,727,2024-08-06 20:04:04,Completed
11423,2002,2024-10-15 07:56:46,Completed
11424,822,2026-07-21 02:43:34,Completed
11425,1344,2026-01-05 09:07:07,Pending
11426,2949,2026-05-20 13:06:48,Completed
11427,1982,2025-01-14 02:54:48,Completed
11428,1177,2026-03-12 18:14:14,Completed
11429,4946,2025-12-24 19:03:29,Completed
11430,1743,2025-09-17 04:47:11,Completed
11431,1092,2026-02-14 00:51:01,Completed
11432,3317,2026-06-01 14:43:12,Completed
11433,328,2026-02-27 05:06:53,Completed
11434,4594,2025-11-21 10:25:35,Cancelled
11435,2640,2024-08-31 19:45:19,Completed
11436,1343,2024-08-16 18:59:27,Completed
11437,3770,2026-04-01 01:21:16,Completed
11438,4864,2024-10-17 06:24:31,Completed
11439,2116,2025-08-13 17:49:26,Completed
11440,3879,2024-12-19 12:56:48,Cancelled
11441,1307,2024-10-04 06:44:37,Completed
11442,4383,2026-02-08 21:43:42,Completed
11443,1153,2026-07-24 04:17:40,Pending
11444,1953,2025-07-20 15:32:28,Completed
11445,178,2024-09-21 10:25:30,Completed
11446,2060,2024-11-01 00:21:58,Completed
11447,2,2025-07-05 22:54:08,Pending
11448,1548,2025-05-30 00:04:35,Completed
11449,1436,2025-01-31 17:04:26,Completed
11450,2404,2026-06-30 20:46:05,Completed
11451,2433,2024-10-28 06:48:22,Completed
11452,579,2024-12-22 23:26:57,Completed
11453,4304,2025-05-03 13:56:50,Completed
11454,4982,2025-02-27 18:15:42,Pending
11455,3959,2024-09-10 22:54:23,Completed
11456,2631,2026-04-11 14:07:15,Completed
11457,2690,2025-07-08 12:02:06,Completed
11458,2803,2026-06-05 08:48:10,Completed
11459,3187,2025-08-05 16:45:32,Pending
11460,3626,2025-09-19 06:02:41,Completed
11461,4657,2026-04-05 02:28:13,Completed
11462,569,2026-06-29 04:14:42,Completed
11463,1812,2025-03-01 16:52:36,Completed
11464,31,2024-08-29 19:12:48,Completed
11465,3223,2026-03-09 17:13:41,Completed
11466,2015,2024-11-03 16:19:19,Completed
11467,1268,2025-12-27 03:50:10,Completed
11468,3544,2025-10-03 12:18:39,Cancelled
11469,1234,2025-08-03 03:47:47,Cancelled
11470,4037,2024-08-10 02:44:32,Completed
11471,3825,2026-03-09 11:56:27,Completed
11472,618,2025-12-03 01:34:13,Completed
11473,4148,2024-08-28 05:55:21,Completed
11474,277,2026-03-20 10:07:30,Cancelled
11475,3292,2026-01-22 09:23:39,Cancelled
11476,3917,2025-08-24 21:27:24,Pending
11477,3629,2025-10-08 20:02:01,Pending
11478,4576,2025-04-19 00:38:01,Completed
11479,1951,2025-06-19 23:12:10,Completed
11480,284,2025-09-14 18:18:22,Completed
11481,2566,2025-12-21 22:54:02,Completed
11482,4125,2025-06-15 09:04:53,Completed
11483,1109,2026-07-29 05:10:59,Completed
11484,695,2026-05-23 13:54:25,Completed
11485,308,2024-11-23 23:08:06,Completed
11486,2438,2024-09-10 05:39:51,Completed
11487,1084,2026-05-04 00:47:47,Completed
11488,2214,2025-01-27 11:33:36,Pending
11489,3559,2025-08-30 20:41:39,Completed
11490,3006,2024-10-12 06:54:10,Completed
11491,3507,2025-05-19 10:16:50,Completed
11492,1129,2025-04-15 09:11:33,Completed
11493,20,2026-02-28 20:24:43,Completed
11494,3521,2025-06-28 22:39:48,Completed
11495,113,2025-04-04 11:33:15,Completed
11496,2008,2026-03-08 23:15:11,Completed
11497,1564,2026-07-26 20:12:19,Completed
11498,2924,2025-08-01 03:10:24,Completed
11499,3306,2025-01-12 19:09:36,Completed
11500,2150,2024-10-11 02:48:43,Cancelled
11501,582,2026-01-07 06:55:26,Completed
11502,3669,2026-08-02 05:56:23,Completed
11503,4875,2024-10-15 01:14:37,Completed
11504,4803,2025-06-08 02:09:24,Completed
11505,4283,2025-03-09 16:59:34,Cancelled
11506,4810,2026-03-21 01:46:45,Completed
11507,4676,2025-04-30 09:19:41,Completed
11508,4705,2024-09-03 03:28:05,Completed
11509,2276,2025-12-17 02:59:56,Completed
11510,4901,2026-05-29 23:56:39,Completed
11511,2111,2025-11-14 07:55:18,Completed
11512,4146,2024-12-21 09:51:02,Completed
11513,4828,2025-08-18 01:26:05,Completed
11514,2581,2026-04-22 05:12:06,Completed
11515,117,2025-08-06 15:52:32,Completed
11516,4893,2026-06-27 23:04:00,Completed
11517,1701,2025-08-10 12:40:07,Completed
11518,3416,2025-04-05 13:02:59,Completed
11519,3576,2024-08-23 02:48:35,Completed
11520,1045,2026-03-26 10:10:10,Completed
11521,1823,2024-12-02 05:53:24,Cancelled
11522,2108,2025-01-03 18:05:08,Completed
11523,831,2024-12-17 15:41:09,Completed
11524,1286,2024-09-20 00:15:35,Completed
11525,4799,2025-06-05 21:47:12,Completed
11526,4372,2025-05-08 15:04:59,Completed
11527,612,2025-05-23 09:09:26,Completed
11528,855,2025-06-04 12:35:53,Completed
11529,2362,2025-02-24 13:21:02,Completed
11530,2781,2025-05-01 23:33:33,Completed
11531,134,2025-11-01 10:43:27,Pending
11532,600,2024-09-21 10:56:50,Completed
11533,3690,2025-08-02 17:10:55,Completed
11534,1339,2025-12-09 02:14:10,Completed
11535,1582,2024-10-04 18:04:28,Completed
11536,4351,2025-08-12 02:11:40,Completed
11537,2492,2026-02-20 14:07:01,Cancelled
11538,2460,2025-08-19 05:52:48,Completed
11539,1324,2024-09-17 12:15:44,Completed
11540,3778,2025-10-18 20:43:17,Completed
11541,4028,2025-07-03 09:19:08,Pending
11542,4206,2024-10-13 20:04:45,Completed
11543,4312,2026-07-14 02:30:46,Completed
11544,1055,2024-08-06 23:49:04,Completed
11545,4308,2026-04-13 10:52:08,Completed
11546,3958,2024-11-13 14:01:25,Pending
11547,4479,2025-10-11 01:48:28,Cancelled
11548,2377,2026-04-07 15:54:20,Pending
11549,4278,2024-08-16 17:56:33,Pending
11550,632,2025-04-24 23:48:34,Cancelled
11551,1638,2025-07-02 10:39:51,Completed
11552,2093,2026-07-20 21:20:46,Completed
11553,3032,2026-04-24 22:48:01,Completed
11554,3831,2024-09-10 05:39:18,Completed
11555,4711,2025-03-10 22:13:52,Completed
11556,2221,2026-03-24 19:18:35,Completed
11557,2659,2026-01-22 18:21:35,Completed
11558,3636,2025-10-24 10:50:44,Completed
11559,4648,2024-11-08 10:56:32,Completed
11560,3169,2026-03-11 13:41:24,Completed
11561,4437,2025-02-21 13:13:30,Completed
11562,31,2024-11-14 17:06:49,Completed
11563,3644,2026-04-09 15:15:48,Completed
11564,3236,2025-07-24 08:18:17,Completed
11565,416,2025-08-24 11:39:01,Completed
11566,487,2025-03-27 07:12:49,Completed
11567,1153,2025-12-15 10:53:42,Completed
11568,3148,2026-05-23 20:00:58,Completed
11569,61,2025-01-06 14:28:11,Pending
11570,2644,2024-09-20 06:00:21,Completed
11571,2611,2024-09-10 03:47:20,Completed
11572,4150,2026-01-05 09:50:57,Completed
11573,2276,2026-05-02 01:38:46,Completed
11574,4283,2026-02-21 21:15:31,Cancelled
11575,2642,2026-07-16 18:39:55,Completed
11576,2937,2025-07-19 02:16:12,Completed
11577,2885,2024-09-16 07:22:25,Pending
11578,1411,2025-08-08 18:15:23,Completed
11579,3531,2024-08-31 06:25:28,Completed
11580,57,2026-02-16 17:16:07,Pending
11581,4291,2024-10-20 14:03:02,Completed
11582,4269,2026-03-03 09:34:14,Completed
11583,3400,2024-10-11 15:12:58,Completed
11584,1088,2024-12-21 23:40:27,Completed
11585,471,2024-12-04 22:29:06,Completed
11586,3398,2025-11-04 06:49:37,Completed
11587,2092,2025-07-18 20:32:47,Completed
11588,1261,2024-09-09 21:21:03,Completed
11589,2103,2024-10-13 07:59:36,Completed
11590,2131,2025-08-22 10:35:53,Pending
11591,4197,2026-04-05 12:54:52,Completed
11592,3870,2025-07-02 10:37:25,Cancelled
11593,41,2025-04-23 13:31:54,Completed
11594,1653,2025-06-08 02:57:46,Completed
11595,3331,2024-11-30 07:46:32,Cancelled
11596,3489,2026-04-26 02:35:55,Pending
11597,1912,2026-04-19 05:33:05,Completed
11598,3850,2025-05-27 15:46:00,Completed
11599,521,2025-07-12 05:56:03,Completed
11600,2009,2025-12-24 13:01:59,Completed
11601,374,2026-05-31 00:23:04,Completed
11602,2444,2025-10-30 09:11:28,Completed
11603,2194,2024-09-29 18:56:52,Completed
11604,1739,2026-02-09 10:15:47,Completed
11605,3369,2025-09-29 18:42:38,Pending
11606,371,2026-06-20 01:42:04,Completed
11607,2727,2025-07-18 16:11:27,Completed
11608,4429,2024-09-23 21:11:51,Completed
11609,4381,2025-10-27 06:37:28,Completed
11610,4987,2024-12-03 14:58:18,Completed
11611,2278,2025-08-12 08:57:02,Completed
11612,1742,2024-11-24 13:57:57,Completed
11613,4739,2025-05-26 02:54:14,Pending
11614,3550,2026-01-25 06:57:47,Completed
11615,4976,2024-12-15 14:14:50,Completed
11616,3972,2025-05-02 19:58:31,Completed
11617,4718,2026-01-30 21:24:10,Completed
11618,1106,2025-07-25 09:25:34,Completed
11619,2758,2025-08-14 00:10:02,Cancelled
11620,4549,2025-12-21 20:22:55,Completed
11621,1719,2024-10-01 11:41:46,Completed
11622,4993,2025-07-22 23:10:21,Completed
11623,108,2025-09-05 14:58:25,Completed
11624,347,2025-02-22 07:07:22,Completed
11625,2900,2025-10-11 12:59:30,Completed
11626,3094,2026-04-02 00:47:41,Completed
11627,4032,2025-01-11 04:16:11,Completed
11628,4174,2025-07-04 13:19:24,Cancelled
11629,117,2025-12-25 10:43:44,Completed
11630,4082,2024-10-14 17:48:02,Completed
11631,1825,2025-11-09 08:54:04,Completed
11632,155,2025-03-18 11:22:10,Completed
11633,4789,2025-08-21 02:15:06,Completed
11634,4494,2025-03-15 05:24:20,Pending
11635,3541,2024-09-03 00:16:47,Pending
11636,2056,2025-10-31 06:09:21,Completed
11637,363,2024-10-11 12:08:28,Completed
11638,738,2026-02-21 06:44:22,Completed
11639,4346,2025-03-11 16:53:55,Completed
11640,1147,2025-05-21 01:43:14,Completed
11641,2297,2026-06-16 15:28:55,Completed
11642,144,2026-05-06 22:38:22,Completed
11643,2558,2024-10-11 15:41:10,Completed
11644,1863,2025-01-05 12:09:17,Pending
11645,3605,2025-04-28 04:06:11,Completed
11646,3860,2025-07-31 07:00:44,Completed
11647,3579,2026-04-28 08:49:16,Completed
11648,4995,2026-01-24 03:09:03,Completed
11649,932,2025-06-26 16:28:12,Completed
11650,547,2026-07-08 05:09:06,Completed
11651,3485,2025-10-18 12:35:22,Completed
11652,4282,2024-10-08 02:10:14,Completed
11653,1651,2025-02-25 13:15:29,Pending
11654,4277,2026-05-03 10:42:06,Completed
11655,1058,2026-05-17 09:55:20,Completed
11656,2622,2025-11-20 19:37:54,Completed
11657,4260,2025-07-10 04:05:49,Completed
11658,4214,2026-01-12 02:40:50,Completed
11659,2265,2026-01-22 09:22:24,Completed
11660,3443,2024-12-21 03:47:00,Completed
11661,1801,2025-01-10 19:57:52,Completed
11662,3518,2025-12-05 02:44:38,Pending
11663,2954,2025-08-07 17:25:23,Completed
11664,3087,2025-05-02 20:17:52,Completed
11665,2294,2024-08-31 14:15:21,Completed
11666,3441,2026-04-05 08:46:00,Completed
11667,2397,2026-01-08 18:03:09,Cancelled
11668,1719,2025-10-22 03:06:06,Pending
11669,3633,2026-06-21 05:37:36,Completed
11670,21,2026-05-18 02:44:02,Completed
11671,1490,2025-02-04 02:46:28,Completed
11672,1751,2025-07-18 12:10:54,Completed
11673,709,2026-02-06 15:17:40,Completed
11674,4339,2025-09-07 17:40:19,Cancelled
11675,740,2025-12-06 14:52:46,Completed
11676,4102,2026-03-11 07:50:50,Completed
11677,1202,2026-02-21 19:46:12,Completed
11678,2964,2025-05-18 03:40:32,Completed
11679,4614,2026-03-30 06:28:33,Completed
11680,4496,2025-03-09 05:01:00,Completed
11681,192,2025-08-13 08:31:56,Cancelled
11682,1252,2024-08-13 12:44:10,Completed
11683,3770,2026-06-19 16:54:39,Completed
11684,1803,2024-09-10 15:21:21,Completed
11685,976,2024-10-09 15:02:10,Completed
11686,4118,2025-03-15 04:21:08,Cancelled
11687,221,2025-01-29 20:44:56,Cancelled
11688,1403,2025-08-15 19:11:38,Completed
11689,4696,2026-07-22 00:02:27,Pending
11690,3510,2025-02-26 13:20:27,Completed
11691,2235,2025-08-23 02:24:07,Completed
11692,4442,2026-03-24 17:01:59,Completed
11693,3671,2026-05-11 07:56:08,Pending
11694,4524,2025-12-11 06:16:21,Completed
11695,3818,2024-11-24 23:07:59,Cancelled
11696,4759,2024-11-26 03:21:16,Completed
11697,2126,2026-01-06 23:35:50,Pending
11698,3647,2024-11-20 14:17:43,Completed
11699,2572,2025-02-07 00:14:13,Completed
11700,4861,2026-04-25 21:52:14,Completed
11701,4462,2026-03-10 13:39:20,Completed
11702,326,2025-07-21 15:52:14,Completed
11703,1722,2026-03-26 11:06:14,Completed
11704,544,2024-08-25 13:42:41,Completed
11705,531,2025-06-20 04:10:37,Completed
11706,4936,2026-06-29 09:31:47,Pending
11707,4760,2025-01-23 19:38:29,Completed
11708,4178,2025-01-03 22:57:31,Cancelled
11709,3200,2025-09-09 16:56:30,Completed
11710,4506,2025-01-18 17:56:48,Completed
11711,2160,2025-04-25 00:30:27,Completed
11712,3632,2025-08-24 04:32:17,Completed
11713,4302,2025-04-03 23:20:21,Pending
11714,1275,2026-06-23 14:32:48,Cancelled
11715,3924,2025-02-16 17:42:35,Completed
11716,1237,2024-11-27 05:25:53,Completed
11717,3270,2025-07-16 23:13:30,Completed
11718,1478,2025-09-16 18:19:12,Completed
11719,4937,2024-12-25 13:52:34,Pending
11720,2734,2025-05-06 14:40:57,Completed
11721,4483,2024-12-20 05:28:53,Completed
11722,4480,2025-02-16 13:31:46,Pending
11723,4646,2026-03-03 10:29:11,Completed
11724,4424,2024-09-23 05:27:08,Completed
11725,3171,2025-02-13 15:39:07,Completed
11726,806,2026-05-10 00:10:25,Completed
11727,1097,2024-11-02 14:29:13,Completed
11728,218,2024-10-29 01:00:17,Completed
11729,4002,2025-09-26 22:42:49,Pending
11730,3292,2025-05-29 04:22:00,Completed
11731,4883,2025-09-06 16:22:34,Pending
11732,971,2025-08-18 02:34:02,Pending
11733,4802,2025-03-22 21:45:30,Completed
11734,3941,2025-06-18 19:56:18,Completed
11735,4830,2025-02-25 13:08:36,Completed
11736,3176,2025-11-07 17:30:48,Completed
11737,1893,2026-03-17 03:11:14,Completed
11738,4190,2024-12-12 06:54:11,Completed
11739,3578,2025-07-02 18:43:16,Completed
11740,4977,2025-08-06 05:01:20,Cancelled
11741,379,2026-01-12 21:39:50,Completed
11742,2591,2025-09-07 05:04:04,Pending
11743,4021,2025-11-07 22:02:35,Completed
11744,4187,2025-09-10 08:32:42,Completed
11745,4249,2025-12-27 05:41:16,Completed
11746,1846,2026-07-08 01:35:10,Cancelled
11747,1565,2026-06-26 04:57:26,Completed
11748,3655,2025-11-24 07:16:26,Pending
11749,3989,2025-11-09 20:33:36,Completed
11750,832,2024-12-15 17:00:00,Completed
11751,1787,2025-09-08 08:37:42,Completed
11752,2698,2025-04-20 07:20:37,Completed
11753,350,2026-05-15 06:26:31,Completed
11754,2608,2024-08-30 13:29:11,Completed
11755,269,2025-02-16 01:44:54,Completed
11756,767,2024-09-04 02:14:30,Completed
11757,4944,2025-07-10 21:56:08,Completed
11758,1824,2025-05-17 20:33:44,Completed
11759,2296,2025-08-13 16:52:02,Completed
11760,2550,2026-01-07 20:37:39,Completed
11761,4171,2024-08-21 11:18:02,Completed
11762,858,2025-10-07 13:10:12,Cancelled
11763,2551,2024-09-20 15:58:53,Pending
11764,3960,2026-07-02 03:38:19,Cancelled
11765,839,2024-11-17 21:48:55,Completed
11766,1859,2025-12-20 17:53:33,Cancelled
11767,2644,2026-06-11 01:31:11,Completed
11768,1626,2025-02-24 20:30:31,Completed
11769,3637,2026-04-20 00:06:55,Completed
11770,3224,2024-11-20 20:30:24,Completed
11771,4374,2024-09-03 18:34:36,Completed
11772,307,2026-05-23 19:15:09,Completed
11773,3588,2025-10-21 19:14:53,Completed
11774,3690,2026-05-16 20:26:02,Completed
11775,4406,2025-05-17 12:37:31,Pending
11776,1165,2025-03-30 22:48:24,Completed
11777,2479,2025-12-19 14:51:36,Completed
11778,2188,2024-12-16 06:09:34,Completed
11779,4198,2026-04-09 18:06:17,Completed
11780,3376,2025-09-18 00:35:01,Cancelled
11781,4707,2026-08-01 16:06:05,Completed
11782,203,2024-10-05 18:55:31,Cancelled
11783,1900,2025-07-09 12:37:37,Completed
11784,3468,2026-05-28 17:22:54,Completed
11785,3501,2025-03-22 17:20:51,Cancelled
11786,178,2025-04-15 23:10:24,Pending
11787,1786,2025-10-20 17:20:33,Cancelled
11788,2616,2026-05-07 08:51:16,Completed
11789,4085,2024-09-09 20:30:44,Completed
11790,1707,2024-08-07 10:55:01,Completed
11791,2909,2024-09-29 18:03:10,Completed
11792,4082,2025-02-02 00:22:42,Completed
11793,1313,2025-07-16 09:58:38,Completed
11794,1207,2025-07-24 23:20:20,Completed
11795,1914,2025-06-04 15:58:40,Completed
11796,3224,2025-10-23 11:14:33,Cancelled
11797,1708,2025-02-05 01:24:19,Completed
11798,1120,2026-02-02 07:13:56,Completed
11799,727,2025-07-28 08:10:42,Completed
11800,3018,2025-06-17 12:06:24,Cancelled
11801,2493,2025-12-10 00:15:05,Completed
11802,1858,2025-08-12 19:46:22,Completed
11803,2459,2025-10-07 08:05:04,Pending
11804,3055,2025-03-12 00:57:08,Pending
11805,2843,2025-04-22 17:05:34,Completed
11806,2084,2025-05-06 01:16:19,Completed
11807,4777,2026-04-23 22:03:52,Completed
11808,3188,2024-09-05 17:32:48,Pending
11809,3823,2024-08-07 23:02:46,Cancelled
11810,2457,2025-11-23 15:23:17,Completed
11811,3149,2026-05-05 05:56:46,Completed
11812,2086,2025-03-05 06:29:52,Completed
11813,1003,2026-04-03 14:28:20,Completed
11814,4689,2025-06-06 22:51:36,Completed
11815,2322,2025-12-03 06:21:09,Completed
11816,3990,2026-02-03 11:18:35,Completed
11817,4996,2025-07-18 07:55:28,Completed
11818,522,2026-08-03 21:38:00,Completed
11819,2759,2025-05-26 18:03:40,Pending
11820,1324,2026-06-19 05:10:40,Completed
11821,631,2024-11-22 15:58:35,Completed
11822,771,2024-10-21 22:33:15,Completed
11823,4521,2026-01-21 12:49:57,Pending
11824,2349,2026-03-19 14:50:25,Completed
11825,811,2025-10-27 16:46:35,Completed
11826,2457,2025-02-17 21:34:20,Completed
11827,3929,2025-07-03 23:57:11,Completed
11828,480,2024-09-28 22:38:50,Completed
11829,2091,2025-07-31 10:18:30,Completed
11830,1667,2025-02-09 08:34:26,Completed
11831,3685,2025-08-11 18:04:10,Completed
11832,1053,2026-04-20 08:32:18,Completed
11833,1028,2025-06-29 15:58:52,Completed
11834,2365,2024-09-06 14:08:21,Completed
11835,1978,2026-03-06 15:02:41,Cancelled
11836,235,2025-11-04 09:05:20,Completed
11837,3480,2025-12-30 13:28:58,Cancelled
11838,2850,2025-02-04 00:28:21,Cancelled
11839,243,2025-05-06 02:02:46,Completed
11840,4794,2025-08-19 00:59:04,Completed
11841,1534,2026-06-06 17:29:31,Completed
11842,1546,2024-09-21 20:13:16,Completed
11843,3707,2025-10-09 09:00:34,Completed
11844,4914,2025-01-29 22:39:48,Completed
11845,3404,2024-09-29 10:31:13,Completed
11846,639,2025-05-10 08:25:03,Pending
11847,2568,2024-10-24 16:59:41,Completed
11848,1971,2024-08-06 10:52:01,Completed
11849,263,2026-01-11 22:08:44,Completed
11850,1049,2025-06-26 11:55:11,Completed
11851,1804,2025-11-20 00:46:08,Completed
11852,4821,2025-03-20 22:01:21,Completed
11853,593,2025-11-07 20:13:39,Completed
11854,1711,2025-05-19 04:59:17,Completed
11855,3469,2026-02-04 11:25:39,Completed
11856,3449,2026-03-25 08:58:24,Completed
11857,133,2026-06-14 16:57:39,Pending
11858,3706,2024-10-27 03:11:28,Completed
11859,2683,2025-10-05 09:40:28,Completed
11860,2494,2024-09-19 03:33:08,Completed
11861,3307,2025-11-25 15:43:07,Completed
11862,2407,2026-03-16 09:02:01,Pending
11863,1346,2025-06-16 16:23:45,Completed
11864,2871,2026-01-22 22:48:18,Pending
11865,2491,2025-12-11 17:41:02,Completed
11866,2954,2024-09-17 18:18:42,Completed
11867,2517,2025-08-09 16:38:44,Completed
11868,3088,2025-05-03 19:06:41,Completed
11869,902,2024-10-17 17:48:47,Completed
11870,2018,2024-12-22 14:22:09,Completed
11871,1051,2025-04-17 11:07:16,Completed
11872,545,2026-01-28 12:06:00,Completed
11873,2923,2024-08-14 15:32:49,Completed
11874,3125,2026-02-07 00:10:28,Completed
11875,2744,2026-04-10 19:31:23,Completed
11876,1294,2025-05-29 12:18:28,Completed
11877,3982,2025-11-19 05:59:28,Completed
11878,3078,2026-07-12 20:07:33,Completed
11879,2153,2026-03-28 20:15:39,Completed
11880,2447,2025-06-25 13:36:12,Completed
11881,216,2025-07-18 02:01:07,Completed
11882,4486,2025-03-11 01:51:23,Completed
11883,1466,2025-07-20 01:46:53,Completed
11884,2741,2026-03-30 04:08:20,Completed
11885,1707,2025-06-29 13:58:03,Completed
11886,2221,2025-08-21 07:20:37,Completed
11887,2096,2025-10-28 19:34:31,Completed
11888,3272,2025-04-24 02:08:45,Completed
11889,1480,2026-05-14 09:32:43,Completed
11890,4391,2025-07-23 15:15:16,Completed
11891,7,2025-10-07 05:17:24,Completed
11892,1976,2024-10-07 11:35:52,Cancelled
11893,542,2025-07-21 19:34:51,Completed
11894,2959,2025-11-04 01:49:03,Completed
11895,686,2025-12-03 13:36:06,Completed
11896,3951,2024-12-03 20:52:20,Completed
11897,1622,2026-06-18 06:58:08,Completed
11898,761,2026-06-03 15:00:32,Completed
11899,4820,2025-11-27 23:39:20,Completed
11900,4236,2026-03-31 10:53:42,Completed
11901,2596,2025-05-06 02:39:57,Completed
11902,1098,2025-02-24 18:54:30,Completed
11903,67,2026-05-16 06:33:59,Completed
11904,4778,2025-10-23 08:17:32,Completed
11905,1998,2024-12-27 15:29:35,Completed
11906,3568,2024-10-19 12:38:03,Completed
11907,4210,2024-08-27 02:31:36,Completed
11908,4329,2026-05-12 20:33:08,Completed
11909,4113,2025-07-10 14:47:33,Pending
11910,819,2025-04-17 06:46:25,Completed
11911,4391,2026-05-04 00:16:26,Completed
11912,1993,2026-03-02 20:57:57,Pending
11913,1689,2026-06-12 06:21:41,Completed
11914,2659,2024-12-30 10:06:10,Pending
11915,532,2025-01-25 11:27:25,Completed
11916,3549,2025-06-27 22:31:45,Completed
11917,3380,2026-05-06 20:43:45,Completed
11918,852,2026-07-10 02:45:36,Cancelled
11919,122,2025-11-09 11:25:17,Completed
11920,4494,2025-07-12 19:46:03,Pending
11921,3737,2025-12-16 09:51:55,Pending
11922,3321,2025-12-01 17:04:14,Completed
11923,2623,2024-09-23 10:13:10,Completed
11924,1056,2026-01-16 13:28:26,Completed
11925,3721,2026-03-13 13:44:07,Completed
11926,3331,2024-10-18 15:29:38,Completed
11927,19,2024-12-04 19:21:44,Completed
11928,3505,2025-11-09 21:31:35,Completed
11929,1622,2025-04-03 11:05:00,Completed
11930,591,2026-01-25 10:52:46,Completed
11931,2157,2025-01-27 02:26:55,Completed
11932,1608,2025-07-24 20:11:43,Pending
11933,273,2024-08-08 22:04:31,Pending
11934,1600,2026-07-15 21:01:40,Pending
11935,4115,2025-08-10 10:58:21,Completed
11936,2747,2025-07-14 00:39:53,Cancelled
11937,2746,2026-07-28 01:05:28,Cancelled
11938,155,2025-05-11 01:02:12,Completed
11939,1132,2024-09-03 17:55:51,Completed
11940,783,2025-09-03 21:12:01,Pending
11941,1257,2025-11-15 13:41:06,Pending
11942,3350,2025-01-09 08:32:57,Completed
11943,845,2025-11-13 02:35:59,Completed
11944,2098,2025-07-10 02:08:20,Completed
11945,4824,2025-09-05 09:21:09,Completed
11946,157,2024-12-06 06:45:44,Pending
11947,3292,2025-05-02 09:48:14,Completed
11948,2047,2025-07-04 10:32:06,Completed
11949,4255,2025-09-29 00:57:58,Completed
11950,1112,2026-05-04 00:08:26,Completed
11951,2277,2025-10-22 21:32:58,Pending
11952,2618,2025-10-10 12:03:59,Completed
11953,4810,2026-02-04 22:46:55,Completed
11954,1443,2026-02-26 03:06:23,Pending
11955,3095,2026-05-08 03:17:13,Completed
11956,226,2025-03-22 23:18:35,Pending
11957,380,2026-01-22 21:24:14,Completed
11958,933,2026-04-22 03:07:42,Completed
11959,2098,2026-06-09 12:29:34,Completed
11960,1713,2025-01-11 03:02:37,Completed
11961,828,2025-08-04 13:55:14,Completed
11962,1428,2025-10-06 05:06:12,Completed
11963,4236,2024-12-01 09:32:51,Completed
11964,957,2026-03-12 05:59:30,Completed
11965,1297,2026-08-01 00:22:57,Completed
11966,4897,2025-02-15 17:56:51,Completed
11967,3373,2026-02-21 18:23:52,Completed
11968,2731,2026-06-08 07:43:32,Completed
11969,2493,2025-01-21 04:05:13,Completed
11970,3275,2026-07-25 14:02:25,Completed
11971,2441,2024-11-05 07:47:15,Completed
11972,3508,2026-01-24 11:34:33,Completed
11973,1420,2024-08-30 06:25:10,Completed
11974,4195,2026-04-26 19:05:25,Completed
11975,1584,2024-09-20 18:23:05,Completed
11976,447,2024-10-21 17:44:17,Completed
11977,4779,2025-01-09 19:13:27,Cancelled
11978,2028,2025-07-01 21:06:50,Completed
11979,3718,2025-12-07 14:01:11,Completed
11980,3880,2025-03-17 06:01:31,Completed
11981,1987,2025-10-03 14:19:38,Completed
11982,4693,2024-11-24 15:21:16,Completed
11983,2954,2025-07-12 21:47:44,Completed
11984,3866,2024-08-18 08:56:33,Completed
11985,2919,2026-01-18 08:08:57,Completed
11986,755,2024-09-12 15:27:13,Completed
11987,1455,2024-08-06 08:31:29,Cancelled
11988,3312,2025-11-01 09:00:02,Completed
11989,2724,2025-08-22 01:34:26,Completed
11990,544,2026-08-01 18:25:53,Completed
11991,3196,2026-08-05 15:24:40,Cancelled
11992,3029,2025-06-24 20:20:52,Completed
11993,4186,2025-03-20 03:56:28,Pending
11994,3413,2024-10-04 20:11:24,Completed
11995,863,2026-05-01 23:27:10,Completed
11996,3027,2024-12-02 10:51:39,Completed
11997,3313,2025-09-17 20:10:58,Completed
11998,3039,2024-12-06 03:13:52,Completed
11999,3618,2025-08-06 13:54:20,Completed
12000,2219,2024-11-30 09:04:39,Cancelled
12001,3227,2025-03-29 06:15:01,Completed
12002,2604,2025-02-25 14:39:26,Completed
12003,2770,2026-06-05 20:49:23,Completed
12004,4756,2025-01-14 17:09:58,Completed
12005,3341,2025-08-18 22:19:26,Completed
12006,4724,2026-03-09 21:22:19,Completed
12007,2778,2025-01-29 11:59:36,Completed
12008,1263,2024-11-25 18:24:16,Completed
12009,3181,2025-07-22 09:51:06,Completed
12010,4853,2025-04-21 16:48:00,Completed
12011,846,2025-07-27 12:27:53,Completed
12012,671,2025-07-26 22:32:46,Completed
12013,3750,2025-10-04 20:11:03,Completed
12014,3428,2024-08-26 15:35:30,Cancelled
12015,4482,2025-07-03 00:15:05,Cancelled
12016,2655,2025-12-10 23:37:07,Completed
12017,2348,2024-09-06 11:02:24,Completed
12018,2692,2025-05-27 20:46:46,Completed
12019,3516,2025-07-10 14:47:16,Completed
12020,4733,2025-11-18 01:46:46,Pending
12021,830,2025-04-14 10:05:50,Completed
12022,4411,2024-11-03 22:13:25,Completed
12023,4633,2026-04-13 09:03:14,Completed
12024,1937,2025-08-28 16:17:25,Completed
12025,4476,2025-09-22 00:14:09,Completed
12026,633,2025-03-27 12:36:13,Completed
12027,2904,2024-08-06 14:53:31,Completed
12028,4097,2026-07-09 12:44:51,Pending
12029,3225,2026-07-15 00:46:36,Completed
12030,4222,2024-12-31 19:49:33,Completed
12031,3784,2026-04-18 00:13:54,Pending
12032,2006,2025-06-01 23:35:32,Pending
12033,1706,2026-07-06 08:04:15,Completed
12034,3110,2026-04-09 20:48:11,Pending
12035,1361,2026-06-11 06:16:01,Completed
12036,34,2024-09-26 08:16:24,Cancelled
12037,2244,2026-06-05 02:23:55,Completed
12038,3471,2024-12-06 15:38:26,Completed
12039,4538,2025-12-26 01:25:11,Cancelled
12040,157,2024-10-29 00:17:40,Completed
12041,1147,2024-10-30 17:16:48,Completed
12042,2254,2026-05-12 23:17:06,Completed
12043,966,2025-10-12 11:27:52,Completed
12044,1004,2025-06-21 05:02:34,Cancelled
12045,3263,2026-03-12 03:25:26,Completed
12046,4851,2024-10-10 02:12:07,Completed
12047,3622,2025-08-15 18:30:03,Completed
12048,2649,2025-10-29 19:27:31,Completed
12049,1181,2025-11-03 11:15:53,Completed
12050,1348,2025-10-29 00:56:12,Completed
12051,2430,2026-02-07 09:35:19,Completed
12052,3322,2024-11-28 13:01:55,Completed
12053,1567,2024-12-01 08:51:44,Completed
12054,3769,2025-06-09 01:19:44,Completed
12055,4793,2026-06-09 05:22:27,Completed
12056,4823,2024-10-31 09:28:41,Completed
12057,2463,2026-06-18 03:12:48,Pending
12058,3240,2025-08-18 16:47:04,Completed
12059,2149,2025-09-06 14:47:46,Completed
12060,655,2025-10-08 06:57:45,Cancelled
12061,900,2025-09-13 12:05:53,Completed
12062,3389,2025-02-10 13:21:58,Completed
12063,3140,2026-04-23 13:07:45,Completed
12064,4647,2024-10-26 01:32:09,Completed
12065,3359,2024-11-18 13:24:52,Completed
12066,210,2024-11-12 09:17:04,Completed
12067,4512,2025-03-12 06:04:43,Completed
12068,2693,2025-08-02 01:49:12,Completed
12069,909,2025-11-09 12:28:27,Pending
12070,3192,2026-07-19 14:40:29,Completed
12071,2867,2026-04-11 11:00:08,Completed
12072,4680,2025-05-04 11:24:52,Pending
12073,3288,2026-06-15 23:29:26,Completed
12074,2023,2026-05-08 11:02:32,Completed
12075,2230,2024-12-19 09:53:03,Completed
12076,278,2025-04-12 03:38:13,Completed
12077,667,2024-09-01 01:30:00,Completed
12078,1898,2025-06-24 07:02:54,Completed
12079,2228,2026-07-27 09:16:14,Completed
12080,3435,2025-06-08 01:17:44,Completed
12081,1681,2025-07-10 09:13:20,Cancelled
12082,2242,2024-08-26 00:36:48,Completed
12083,823,2025-01-12 07:12:52,Completed
12084,4615,2025-07-26 02:42:33,Completed
12085,2174,2024-10-18 13:57:43,Pending
12086,509,2025-12-29 02:02:46,Cancelled
12087,3557,2025-08-13 00:39:33,Completed
12088,1774,2026-05-07 19:10:03,Pending
12089,2057,2026-05-27 10:17:07,Cancelled
12090,747,2025-05-12 21:05:23,Completed
12091,86,2026-07-06 13:29:51,Cancelled
12092,4738,2026-06-21 14:03:46,Completed
12093,4836,2026-07-18 22:21:43,Completed
12094,681,2025-12-05 22:19:26,Completed
12095,390,2025-11-14 17:28:54,Completed
12096,1324,2025-06-24 22:32:18,Completed
12097,317,2025-10-05 21:32:52,Completed
12098,4603,2025-05-31 16:48:03,Completed
12099,3418,2026-05-03 17:32:50,Completed
12100,976,2026-02-09 11:58:59,Completed
12101,4459,2025-04-09 03:59:57,Cancelled
12102,593,2025-08-15 15:51:40,Completed
12103,4934,2025-11-23 20:56:49,Pending
12104,2392,2026-02-08 21:08:22,Completed
12105,1644,2024-08-27 16:59:15,Completed
12106,2697,2024-09-20 18:36:28,Completed
12107,2140,2025-02-17 04:47:30,Completed
12108,491,2025-07-06 22:33:21,Completed
12109,1618,2025-08-12 23:12:31,Pending
12110,503,2025-08-21 04:44:58,Completed
12111,4633,2025-08-12 01:14:34,Cancelled
12112,788,2025-12-03 00:33:50,Completed
12113,4848,2025-11-24 14:03:07,Pending
12114,4453,2026-07-22 02:40:47,Completed
12115,655,2025-06-06 19:38:10,Completed
12116,3937,2026-05-14 00:26:16,Pending
12117,708,2026-02-26 11:30:23,Completed
12118,951,2025-10-17 02:45:04,Completed
12119,1108,2025-07-19 16:38:26,Completed
12120,801,2026-03-27 14:47:29,Completed
12121,2535,2025-01-04 00:00:37,Cancelled
12122,133,2025-07-13 02:32:09,Cancelled
12123,2486,2024-08-26 12:26:59,Cancelled
12124,36,2025-04-15 02:33:44,Completed
12125,4267,2026-02-05 08:44:09,Completed
12126,724,2026-01-09 12:36:43,Completed
12127,977,2026-04-07 08:12:06,Completed
12128,4372,2024-09-30 04:55:41,Completed
12129,2451,2026-07-07 14:37:53,Completed
12130,3970,2026-07-24 05:45:10,Cancelled
12131,616,2025-08-20 02:30:31,Completed
12132,4978,2025-03-24 12:23:20,Completed
12133,3573,2025-07-22 22:42:26,Completed
12134,4179,2026-01-10 05:27:34,Completed
12135,3118,2025-10-10 20:39:06,Completed
12136,3512,2024-08-13 15:05:57,Completed
12137,588,2024-10-16 08:58:35,Completed
12138,653,2025-03-12 19:31:32,Pending
12139,4091,2026-04-25 00:39:14,Completed
12140,911,2025-12-15 02:18:51,Completed
12141,3105,2025-01-23 13:07:18,Completed
12142,4732,2026-01-13 03:47:36,Cancelled
12143,1388,2025-05-04 01:56:11,Completed
12144,1244,2024-08-14 08:06:09,Completed
12145,2327,2025-02-12 04:47:38,Completed
12146,624,2025-01-30 05:13:25,Completed
12147,676,2025-07-19 00:53:20,Cancelled
12148,1785,2026-07-24 02:27:01,Completed
12149,3367,2024-12-30 05:09:08,Completed
12150,3550,2024-11-27 11:54:42,Cancelled
12151,1520,2025-04-09 05:15:10,Completed
12152,3331,2025-01-20 21:01:16,Completed
12153,2822,2026-01-20 19:46:43,Completed
12154,2648,2025-03-01 18:14:37,Completed
12155,4071,2025-08-08 20:41:10,Completed
12156,615,2025-04-26 19:33:59,Pending
12157,2977,2026-06-09 20:02:33,Completed
12158,533,2025-05-26 06:09:31,Cancelled
12159,3822,2026-04-23 23:45:54,Completed
12160,4893,2025-11-28 01:52:33,Completed
12161,2261,2024-11-03 00:51:26,Completed
12162,2941,2025-01-05 21:32:26,Completed
12163,4953,2026-05-30 14:13:17,Completed
12164,4672,2026-04-26 06:53:18,Cancelled
12165,4898,2025-01-12 06:37:47,Completed
12166,479,2025-02-19 13:38:33,Pending
12167,869,2025-09-19 13:14:39,Completed
12168,2792,2026-08-02 21:37:45,Completed
12169,2850,2026-07-06 22:47:02,Cancelled
12170,3293,2025-10-05 09:13:19,Completed
12171,2983,2026-02-15 21:17:37,Completed
12172,2427,2025-10-17 06:16:22,Completed
12173,1510,2024-11-24 23:55:07,Completed
12174,708,2024-08-18 01:57:59,Completed
12175,3193,2025-09-26 02:11:57,Completed
12176,2963,2026-07-04 14:36:54,Completed
12177,213,2026-06-19 03:29:46,Completed
12178,66,2026-08-05 06:48:29,Completed
12179,351,2025-10-08 01:36:10,Pending
12180,2249,2025-11-02 12:21:36,Completed
12181,1823,2026-02-25 01:54:13,Pending
12182,3098,2025-02-09 09:45:42,Completed
12183,3449,2026-06-11 21:29:57,Completed
12184,2136,2025-11-03 04:43:29,Pending
12185,4194,2026-05-11 19:11:47,Completed
12186,841,2026-05-07 08:14:51,Completed
12187,29,2025-05-28 18:40:06,Cancelled
12188,3374,2025-05-15 07:23:24,Completed
12189,4912,2026-07-27 16:21:40,Pending
12190,2228,2024-08-11 17:33:23,Cancelled
12191,822,2025-04-10 06:27:12,Completed
12192,4394,2025-09-28 05:10:29,Completed
12193,3865,2024-11-06 21:49:32,Completed
12194,1575,2025-06-17 18:00:47,Completed
12195,912,2026-03-26 23:00:33,Completed
12196,1322,2026-06-24 23:02:04,Completed
12197,1171,2025-09-30 08:22:56,Completed
12198,1483,2025-09-21 08:11:34,Completed
12199,1270,2025-06-14 23:26:16,Completed
12200,4392,2025-10-23 02:03:19,Completed
12201,2677,2025-12-15 05:07:05,Completed
12202,4310,2025-12-04 12:04:40,Completed
12203,4965,2026-01-20 15:00:14,Completed
12204,2435,2024-11-27 14:24:17,Pending
12205,2236,2025-04-24 10:38:44,Pending
12206,4541,2026-08-01 15:41:45,Completed
12207,4959,2026-02-19 09:08:53,Completed
12208,1870,2025-12-09 02:41:24,Completed
12209,834,2026-05-22 06:12:13,Completed
12210,2018,2025-06-17 14:12:37,Completed
12211,244,2026-02-22 10:40:10,Completed
12212,2576,2025-01-30 06:06:36,Completed
12213,3630,2025-01-17 00:05:52,Cancelled
12214,1350,2025-03-21 10:58:35,Completed
12215,4347,2024-09-10 09:28:09,Completed
12216,63,2024-12-31 01:42:57,Completed
12217,3578,2025-11-02 04:47:48,Completed
12218,2945,2025-08-31 00:59:50,Cancelled
12219,4560,2025-07-31 23:13:45,Cancelled
12220,4906,2025-05-16 11:38:10,Completed
12221,4295,2025-01-11 19:47:49,Completed
12222,1046,2025-07-14 18:02:23,Cancelled
12223,141,2025-01-06 13:55:10,Completed
12224,195,2025-06-18 13:29:03,Completed
12225,839,2026-01-15 00:51:55,Completed
12226,2699,2025-02-13 04:44:43,Completed
12227,633,2026-02-23 16:54:34,Completed
12228,1035,2025-08-07 23:10:32,Completed
12229,4183,2026-01-15 14:43:22,Completed
12230,784,2025-05-14 08:54:48,Cancelled
12231,2152,2026-06-26 08:26:05,Completed
12232,4553,2025-05-14 01:00:09,Completed
12233,3721,2025-10-14 14:42:56,Completed
12234,1056,2026-03-14 06:34:47,Completed
12235,1436,2026-03-15 01:37:07,Pending
12236,4178,2025-05-09 04:56:22,Completed
12237,5000,2025-01-02 05:37:08,Completed
12238,3159,2025-09-09 14:40:01,Completed
12239,2821,2025-05-26 08:28:23,Completed
12240,4582,2024-09-25 13:41:16,Completed
12241,205,2026-05-05 04:39:40,Completed
12242,1863,2026-05-14 14:09:47,Completed
12243,4794,2024-09-29 01:32:04,Completed
12244,1196,2024-11-01 17:39:51,Pending
12245,3643,2025-07-06 23:30:54,Completed
12246,1963,2025-01-27 11:26:57,Completed
12247,3298,2026-07-04 10:20:08,Completed
12248,113,2024-08-20 07:17:27,Completed
12249,2720,2026-02-05 21:15:18,Completed
12250,2822,2026-06-13 02:55:09,Cancelled
12251,3049,2025-03-15 04:26:59,Completed
12252,2508,2025-04-09 05:42:48,Completed
12253,171,2026-03-17 09:58:21,Completed
12254,2280,2025-08-11 03:43:57,Completed
12255,6,2025-02-01 20:12:24,Completed
12256,4938,2026-01-23 07:41:02,Cancelled
12257,4641,2025-11-20 08:50:33,Completed
12258,2442,2025-01-25 13:17:57,Completed
12259,1256,2025-01-22 13:34:39,Completed
12260,4451,2024-12-03 06:34:53,Completed
12261,3091,2025-10-06 01:46:12,Pending
12262,398,2024-09-22 09:04:15,Completed
12263,3444,2026-06-06 21:14:39,Completed
12264,1914,2024-11-15 22:20:47,Completed
12265,2240,2026-02-04 13:47:54,Completed
12266,355,2024-11-04 15:39:36,Pending
12267,2608,2025-12-04 00:08:38,Completed
12268,3395,2025-02-05 23:23:04,Pending
12269,1825,2026-06-22 15:32:49,Completed
12270,4589,2026-02-19 22:42:24,Pending
12271,4815,2024-11-23 07:59:44,Completed
12272,480,2024-08-22 00:34:45,Completed
12273,1802,2026-06-06 15:48:51,Completed
12274,4195,2024-08-28 15:35:11,Completed
12275,3924,2024-12-20 01:47:47,Completed
12276,1317,2025-03-13 10:29:26,Completed
12277,3259,2025-07-23 20:28:39,Completed
12278,2469,2026-07-05 18:44:02,Completed
12279,4087,2026-03-10 15:06:13,Completed
12280,1478,2025-12-03 04:30:44,Completed
12281,75,2024-10-28 23:47:58,Completed
12282,1509,2024-12-25 20:10:06,Completed
12283,1154,2026-08-04 21:31:52,Cancelled
12284,1427,2025-01-25 04:59:07,Completed
12285,4197,2025-03-21 18:16:35,Pending
12286,262,2025-12-28 20:26:24,Completed
12287,3723,2025-07-05 02:34:32,Completed
12288,2522,2025-06-28 19:16:38,Completed
12289,2712,2025-09-24 19:34:12,Completed
12290,3264,2025-12-31 10:48:53,Completed
12291,2684,2024-10-01 20:48:52,Completed
12292,2584,2026-01-15 04:26:13,Completed
12293,4792,2024-09-09 02:04:58,Cancelled
12294,3148,2024-12-02 01:42:28,Completed
12295,4088,2024-12-17 03:21:57,Completed
12296,3104,2025-11-12 07:28:08,Pending
12297,2274,2025-05-14 13:10:27,Completed
12298,3705,2025-08-04 19:18:36,Pending
12299,1745,2026-03-20 19:46:14,Completed
12300,1183,2024-09-15 08:09:39,Completed
12301,2769,2025-03-16 11:11:17,Completed
12302,2385,2026-04-26 15:48:13,Completed
12303,1821,2025-03-17 13:41:54,Completed
12304,2640,2025-03-01 12:27:40,Completed
12305,1142,2025-11-09 12:19:02,Completed
12306,1855,2025-04-11 20:34:44,Pending
12307,166,2026-03-18 09:46:26,Cancelled
12308,1146,2026-04-12 06:18:19,Completed
12309,3214,2026-07-24 06:23:15,Completed
12310,4916,2025-03-30 17:26:19,Pending
12311,1294,2025-11-01 08:44:05,Pending
12312,2421,2025-10-20 05:05:19,Cancelled
12313,4918,2025-06-20 14:27:01,Completed
12314,1074,2026-06-21 05:15:23,Pending
12315,713,2026-06-08 15:42:15,Completed
12316,4437,2026-05-26 01:35:43,Cancelled
12317,1449,2024-12-26 04:12:33,Cancelled
12318,2943,2025-08-05 02:58:15,Completed
12319,4837,2024-10-10 13:06:32,Completed
12320,3327,2025-05-21 19:36:36,Completed
12321,1720,2025-05-20 11:13:02,Completed
12322,41,2025-05-02 12:16:50,Completed
12323,1034,2024-09-05 06:03:45,Completed
12324,271,2025-07-10 13:39:57,Cancelled
12325,993,2025-10-24 12:20:26,Completed
12326,4804,2025-08-24 15:47:58,Completed
12327,370,2026-07-12 20:01:57,Completed
12328,2936,2025-09-07 19:02:27,Pending
12329,1239,2024-11-13 10:14:19,Pending
12330,781,2025-03-27 03:06:16,Completed
12331,400,2026-01-30 01:50:12,Completed
12332,1961,2025-12-23 06:21:33,Completed
12333,1734,2024-12-03 19:35:10,Completed
12334,1849,2025-11-27 08:28:52,Completed
12335,3992,2025-11-19 12:41:25,Pending
12336,507,2025-12-13 19:28:04,Pending
12337,178,2026-02-25 17:16:47,Completed
12338,4766,2026-02-17 07:07:47,Completed
12339,3525,2026-03-23 01:14:29,Pending
12340,1198,2025-06-06 14:21:26,Completed
12341,2790,2026-03-04 20:15:37,Completed
12342,2301,2026-02-22 22:45:30,Completed
12343,525,2026-05-16 15:50:18,Completed
12344,3019,2024-12-21 03:37:40,Completed
12345,4913,2025-02-19 23:36:17,Completed
12346,3683,2026-08-04 09:23:39,Completed
12347,1169,2025-07-19 15:15:01,Completed
12348,2341,2025-10-14 07:22:51,Completed
12349,2820,2025-08-05 21:51:21,Completed
12350,1780,2024-12-05 12:19:32,Completed
12351,1920,2025-03-17 16:34:00,Pending
12352,3155,2025-02-12 20:50:30,Completed
12353,3840,2025-05-02 19:42:28,Completed
12354,4379,2026-05-02 09:22:11,Completed
12355,2334,2025-08-14 21:42:04,Completed
12356,2373,2025-12-05 12:14:13,Completed
12357,2359,2024-12-27 19:27:51,Completed
12358,3637,2025-06-17 11:43:14,Pending
12359,969,2024-10-30 15:40:48,Completed
12360,2890,2026-06-25 22:40:56,Completed
12361,856,2024-09-02 03:31:58,Cancelled
12362,3698,2025-11-28 14:44:23,Cancelled
12363,3506,2024-09-28 22:16:18,Cancelled
12364,3507,2026-05-15 21:25:25,Completed
12365,2823,2026-04-29 05:53:22,Completed
12366,3858,2026-03-15 02:50:11,Completed
12367,3425,2025-09-06 06:56:05,Pending
12368,218,2024-10-13 12:15:51,Completed
12369,1312,2026-06-25 12:21:20,Completed
12370,2631,2024-11-17 11:52:06,Completed
12371,451,2026-07-11 00:42:00,Completed
12372,608,2025-09-14 22:52:52,Completed
12373,491,2024-12-31 06:22:32,Completed
12374,2015,2025-04-14 15:32:30,Pending
12375,933,2025-01-16 00:20:49,Completed
12376,4482,2025-06-10 05:07:11,Completed
12377,3620,2025-08-06 09:05:57,Pending
12378,3915,2026-06-27 01:05:50,Completed
12379,1676,2026-04-21 17:56:49,Completed
12380,1110,2026-03-14 02:04:08,Completed
12381,3984,2026-01-07 00:50:38,Completed
12382,2915,2026-03-16 10:18:24,Completed
12383,587,2026-01-11 08:44:36,Completed
12384,3102,2025-07-22 17:06:43,Completed
12385,4234,2025-12-10 21:47:54,Completed
12386,4200,2024-11-12 05:38:33,Completed
12387,1808,2025-03-04 22:43:02,Cancelled
12388,687,2024-10-20 17:21:11,Pending
12389,1248,2024-12-19 08:21:58,Completed
12390,1578,2025-11-21 18:01:48,Pending
12391,237,2025-11-17 14:54:42,Cancelled
12392,2006,2025-01-12 04:42:41,Completed
12393,2758,2026-04-13 21:32:23,Completed
12394,2013,2026-05-01 19:19:10,Completed
12395,4407,2026-03-26 17:13:46,Completed
12396,1217,2025-03-05 21:12:31,Completed
12397,600,2025-10-29 07:05:33,Completed
12398,2128,2025-12-16 04:33:03,Completed
12399,4911,2024-10-21 17:38:33,Completed
12400,4115,2024-11-04 19:20:07,Completed
12401,3113,2025-04-03 07:12:00,Completed
12402,1039,2025-06-13 03:45:02,Cancelled
12403,4386,2025-06-24 12:57:56,Completed
12404,847,2024-11-08 19:56:45,Completed
12405,4537,2025-04-19 06:59:18,Completed
12406,4071,2025-11-01 00:57:36,Completed
12407,4671,2026-04-11 14:49:01,Pending
12408,2793,2025-02-10 18:48:31,Completed
12409,4291,2026-07-30 09:33:42,Completed
12410,773,2024-12-28 20:21:11,Pending
12411,2252,2025-09-18 20:40:07,Completed
12412,249,2024-12-06 11:00:37,Completed
12413,2893,2026-07-08 00:30:54,Completed
12414,3506,2026-02-05 04:15:57,Completed
12415,1508,2025-10-09 23:32:05,Completed
12416,1805,2025-05-18 15:50:34,Completed
12417,3022,2025-06-04 08:22:39,Pending
12418,1184,2026-05-26 16:53:48,Completed
12419,2291,2025-12-30 03:05:13,Completed
12420,2830,2025-06-20 19:16:25,Completed
12421,2040,2025-08-05 23:36:05,Completed
12422,2994,2026-01-25 08:22:31,Completed
12423,2573,2025-04-03 16:58:39,Cancelled
12424,3162,2024-09-01 03:13:03,Completed
12425,3365,2024-12-15 06:46:46,Completed
12426,3616,2026-05-01 13:26:40,Completed
12427,4823,2026-03-08 13:30:11,Completed
12428,1350,2026-03-23 21:47:20,Completed
12429,4733,2026-05-04 01:33:00,Completed
12430,3012,2024-10-15 04:15:26,Completed
12431,178,2026-03-28 09:28:09,Completed
12432,1132,2025-03-14 21:08:59,Completed
12433,3386,2025-03-14 06:38:01,Completed
12434,4649,2026-04-11 21:08:13,Completed
12435,3139,2025-10-10 11:01:02,Completed
12436,2735,2024-12-22 14:32:55,Completed
12437,1172,2024-09-03 23:49:30,Completed
12438,445,2025-10-01 14:49:52,Completed
12439,1036,2026-05-11 00:05:52,Completed
12440,3424,2025-06-28 23:45:55,Completed
12441,1470,2025-07-04 17:08:28,Completed
12442,1896,2026-03-20 12:30:56,Completed
12443,179,2025-02-21 22:18:18,Completed
12444,4787,2025-11-03 05:25:13,Completed
12445,2109,2026-04-13 09:18:55,Completed
12446,2207,2024-11-20 01:21:12,Completed
12447,598,2025-06-02 03:32:08,Completed
12448,904,2025-12-29 03:22:02,Completed
12449,3042,2026-05-21 18:30:36,Cancelled
12450,1525,2025-01-17 08:11:42,Completed
12451,1605,2026-04-28 04:24:23,Completed
12452,4043,2026-02-07 04:43:42,Completed
12453,52,2025-10-06 09:25:54,Completed
12454,2826,2025-01-25 18:43:59,Cancelled
12455,4647,2026-04-04 08:25:47,Completed
12456,1122,2025-10-09 18:13:54,Completed
12457,4258,2025-11-12 02:59:08,Completed
12458,426,2024-12-16 17:34:57,Completed
12459,1668,2025-07-22 02:55:26,Completed
12460,4340,2026-02-13 22:30:33,Completed
12461,2398,2026-04-16 17:11:36,Completed
12462,1180,2024-10-17 21:13:42,Completed
12463,1582,2025-10-15 12:26:37,Completed
12464,1279,2024-12-05 01:58:23,Completed
12465,4649,2024-10-23 20:32:24,Completed
12466,2210,2025-07-16 15:14:18,Completed
12467,3234,2024-10-11 18:16:08,Completed
12468,3648,2026-06-12 04:57:51,Pending
12469,1615,2026-07-02 16:11:34,Completed
12470,1800,2026-08-01 01:32:03,Completed
12471,4262,2026-02-15 01:32:52,Completed
12472,36,2025-07-16 20:39:43,Completed
12473,1134,2026-07-20 20:27:21,Completed
12474,1242,2025-02-10 15:06:18,Pending
12475,402,2024-09-13 19:56:31,Completed
12476,4244,2025-03-22 19:23:34,Completed
12477,2199,2025-03-27 22:51:00,Completed
12478,2074,2025-08-27 08:04:44,Completed
12479,4450,2025-02-02 09:28:37,Completed
12480,1741,2025-02-10 18:30:13,Completed
12481,3698,2024-12-23 12:58:23,Completed
12482,3122,2024-12-20 18:03:47,Pending
12483,4174,2025-12-11 08:28:59,Completed
12484,4426,2024-11-20 10:09:22,Completed
12485,4086,2025-02-04 12:51:30,Completed
12486,703,2025-05-22 00:46:07,Completed
12487,3123,2025-10-09 09:10:38,Pending
12488,2749,2025-06-19 04:42:38,Completed
12489,2075,2026-03-23 02:18:37,Completed
12490,2344,2025-05-03 20:21:41,Completed
12491,4911,2026-06-18 06:51:53,Completed
12492,4607,2024-09-30 23:00:30,Cancelled
12493,3435,2026-04-01 01:43:13,Completed
12494,426,2024-09-26 12:39:28,Completed
12495,1539,2025-05-09 14:45:23,Completed
12496,3028,2025-06-23 15:30:07,Completed
12497,767,2025-12-24 01:58:26,Cancelled
12498,1763,2025-08-12 18:14:52,Completed
12499,8,2026-02-03 17:12:58,Pending
12500,2719,2024-08-15 14:34:19,Completed
12501,899,2025-04-23 11:59:02,Completed
12502,4347,2025-02-19 11:48:52,Completed
12503,492,2026-07-31 09:19:50,Completed
12504,400,2025-05-30 00:59:31,Completed
12505,4292,2024-09-18 00:50:58,Completed
12506,4728,2025-08-08 08:59:41,Completed
12507,293,2025-01-24 20:32:47,Completed
12508,559,2025-03-19 00:54:57,Pending
12509,504,2026-04-14 06:26:23,Completed
12510,524,2024-11-09 23:06:21,Completed
12511,3154,2025-08-04 01:51:41,Completed
12512,2785,2024-10-15 23:04:30,Pending
12513,1750,2025-10-05 23:51:51,Completed
12514,1565,2025-09-26 13:02:06,Completed
12515,845,2024-08-10 13:30:11,Completed
12516,1780,2024-10-25 05:53:34,Completed
12517,3753,2024-10-27 11:05:30,Completed
12518,4143,2025-01-13 04:19:25,Pending
12519,345,2025-02-05 09:15:47,Completed
12520,99,2026-03-09 00:47:21,Completed
12521,3304,2026-04-25 11:29:27,Completed
12522,2604,2025-02-20 06:49:14,Completed
12523,3665,2026-01-26 20:07:50,Completed
12524,3693,2024-08-20 03:29:44,Completed
12525,296,2025-10-11 07:21:43,Pending
12526,4983,2025-06-20 22:21:31,Pending
12527,3790,2025-08-23 02:06:09,Completed
12528,842,2024-09-09 20:55:58,Completed
12529,4967,2026-01-16 11:15:05,Completed
12530,4578,2025-12-23 23:37:23,Completed
12531,1673,2025-05-23 12:34:48,Completed
12532,843,2025-07-23 11:54:52,Completed
12533,875,2025-12-14 12:28:37,Completed
12534,3189,2025-01-19 21:44:30,Completed
12535,4239,2024-09-21 13:11:45,Cancelled
12536,925,2025-05-27 11:55:39,Pending
12537,4680,2024-10-28 05:29:24,Completed
12538,3158,2025-01-03 21:24:52,Completed
12539,4745,2025-05-13 02:27:49,Completed
12540,4271,2025-07-12 19:25:58,Completed
12541,1632,2025-07-17 21:35:12,Completed
12542,538,2024-08-17 05:57:37,Completed
12543,342,2026-07-20 08:55:05,Completed
12544,231,2025-05-09 09:46:47,Completed
12545,4394,2025-09-07 02:01:46,Completed
12546,1554,2025-03-25 00:36:32,Completed
12547,4417,2025-11-16 03:39:12,Pending
12548,2849,2025-02-13 18:45:38,Completed
12549,3603,2025-01-15 11:49:12,Completed
12550,4469,2024-10-11 07:18:38,Completed
12551,2988,2024-12-19 03:39:06,Cancelled
12552,2028,2024-11-28 04:32:18,Completed
12553,4861,2025-09-14 07:33:56,Completed
12554,4172,2025-04-14 11:06:18,Completed
12555,1305,2025-01-03 00:48:50,Completed
12556,1164,2024-11-12 06:34:12,Pending
12557,3949,2025-03-20 22:42:38,Completed
12558,355,2025-08-25 01:21:02,Pending
12559,2706,2024-11-13 11:01:24,Completed
12560,2193,2025-05-14 20:48:30,Cancelled
12561,3505,2025-10-27 11:09:14,Completed
12562,4955,2025-01-08 23:10:44,Completed
12563,36,2026-06-19 07:13:42,Completed
12564,1659,2026-04-16 08:31:01,Pending
12565,4223,2026-03-26 10:01:36,Completed
12566,1291,2025-09-14 15:58:24,Cancelled
12567,3785,2024-09-15 06:17:21,Completed
12568,3148,2026-06-30 21:14:05,Completed
12569,4589,2024-09-17 04:56:26,Completed
12570,1819,2026-08-06 12:29:27,Completed
12571,571,2026-07-07 21:13:14,Completed
12572,502,2025-12-25 09:56:53,Completed
12573,1031,2026-03-24 11:56:24,Completed
12574,3037,2025-02-08 16:07:05,Cancelled
12575,3494,2025-03-18 17:42:15,Completed
12576,1955,2025-11-17 09:13:39,Pending
12577,4460,2026-06-23 01:50:03,Completed
12578,1561,2024-09-08 07:14:34,Cancelled
12579,63,2025-07-31 01:15:38,Completed
12580,4623,2024-12-23 14:02:54,Cancelled
12581,1025,2025-02-16 07:18:21,Completed
12582,66,2025-08-16 00:48:50,Completed
12583,1834,2026-08-04 02:22:09,Completed
12584,1368,2026-06-01 20:18:59,Cancelled
12585,3893,2025-02-07 13:33:14,Completed
12586,950,2025-10-31 22:15:55,Completed
12587,4107,2026-07-02 14:44:15,Completed
12588,2614,2025-03-13 23:28:05,Completed
12589,3939,2025-04-22 23:04:16,Completed
12590,3195,2025-03-04 05:05:59,Completed
12591,4937,2025-06-20 21:12:16,Pending
12592,3626,2025-09-20 11:28:39,Cancelled
12593,1200,2024-11-12 21:58:13,Pending
12594,1160,2024-09-09 14:58:51,Completed
12595,2283,2025-02-02 21:51:55,Completed
12596,2419,2025-10-23 03:07:02,Completed
12597,4005,2026-02-25 00:02:22,Completed
12598,425,2024-10-08 10:46:21,Completed
12599,3961,2025-07-30 22:20:56,Completed
12600,3663,2025-04-07 08:04:03,Cancelled
12601,770,2024-09-18 11:17:41,Completed
12602,3500,2024-12-14 19:40:17,Cancelled
12603,4749,2026-02-28 20:54:12,Completed
12604,3890,2025-03-18 00:13:22,Completed
12605,2989,2026-03-17 08:48:17,Completed
12606,3560,2025-08-31 19:56:42,Completed
12607,3267,2025-04-01 02:31:11,Completed
12608,3730,2025-07-06 03:37:33,Completed
12609,334,2026-05-29 00:25:18,Completed
12610,3094,2025-10-22 04:14:59,Completed
12611,1922,2025-08-28 07:59:42,Completed
12612,2180,2024-08-15 01:50:15,Pending
12613,3004,2026-03-21 22:37:42,Completed
12614,2307,2025-11-02 19:44:22,Cancelled
12615,3112,2026-06-30 21:15:14,Completed
12616,2987,2026-01-25 03:18:02,Completed
12617,3760,2026-04-06 09:27:15,Completed
12618,1494,2024-09-06 01:09:13,Completed
12619,723,2026-05-04 08:52:06,Completed
12620,2117,2026-05-30 21:36:56,Completed
12621,109,2024-11-19 10:52:52,Completed
12622,2965,2026-03-01 22:33:09,Completed
12623,3918,2024-12-02 12:13:02,Completed
12624,3452,2024-12-21 07:42:54,Pending
12625,935,2025-12-15 05:40:35,Completed
12626,4807,2025-02-07 19:24:13,Completed
12627,2694,2026-01-14 14:52:02,Pending
12628,788,2025-11-15 12:48:11,Pending
12629,3252,2025-04-29 07:26:51,Completed
12630,1241,2024-11-14 12:47:31,Completed
12631,252,2024-12-07 21:44:16,Completed
12632,1103,2025-08-05 03:42:01,Completed
12633,4592,2025-06-23 23:13:19,Completed
12634,1712,2025-09-10 15:46:06,Completed
12635,3840,2025-08-11 05:14:10,Cancelled
12636,4898,2026-01-14 21:02:03,Completed
12637,4558,2025-03-10 23:05:40,Cancelled
12638,1666,2026-05-09 01:05:25,Completed
12639,2368,2025-10-08 03:11:33,Completed
12640,1696,2026-05-28 02:33:22,Completed
12641,732,2025-05-01 04:06:03,Completed
12642,884,2026-03-02 13:36:05,Completed
12643,3301,2024-09-22 23:34:34,Completed
12644,748,2024-09-03 22:11:58,Completed
12645,3150,2025-12-08 14:12:26,Completed
12646,4140,2026-07-07 18:10:36,Cancelled
12647,3174,2024-09-24 05:46:49,Completed
12648,1967,2026-01-31 19:10:30,Completed
12649,188,2025-03-07 05:56:21,Completed
12650,751,2026-03-18 12:57:50,Cancelled
12651,4054,2025-03-30 05:34:15,Completed
12652,3340,2026-04-05 02:01:25,Completed
12653,1199,2025-08-04 10:10:03,Completed
12654,1164,2025-12-26 02:39:49,Completed
12655,4414,2025-07-05 12:46:23,Completed
12656,4852,2026-07-30 18:30:38,Cancelled
12657,4081,2026-02-21 14:28:31,Completed
12658,2377,2025-08-22 06:31:59,Pending
12659,282,2025-05-11 07:25:11,Completed
12660,1158,2025-09-19 09:21:41,Pending
12661,3205,2025-11-24 03:00:07,Completed
12662,708,2025-03-13 17:39:26,Completed
12663,3089,2026-03-30 12:08:47,Completed
12664,2619,2024-10-30 21:34:40,Pending
12665,198,2025-03-04 08:52:58,Completed
12666,2769,2026-03-08 02:50:33,Completed
12667,1174,2026-04-29 13:09:19,Completed
12668,939,2025-08-28 11:38:13,Completed
12669,1663,2026-04-06 04:07:20,Completed
12670,1624,2026-02-26 17:13:38,Cancelled
12671,2624,2026-05-17 18:44:20,Completed
12672,1779,2025-05-05 09:31:30,Completed
12673,1645,2025-06-29 20:40:29,Completed
12674,733,2024-12-23 11:05:33,Cancelled
12675,466,2026-03-18 08:01:22,Completed
12676,4828,2025-03-14 03:53:19,Pending
12677,4876,2026-02-19 10:48:24,Completed
12678,541,2025-06-15 09:30:27,Completed
12679,4269,2024-10-27 23:12:49,Completed
12680,30,2026-05-02 16:36:15,Completed
12681,2538,2026-04-17 08:29:53,Completed
12682,4356,2026-06-09 14:43:11,Cancelled
12683,1422,2026-01-13 22:28:40,Completed
12684,1890,2025-12-25 12:43:12,Completed
12685,2283,2025-02-26 10:42:11,Pending
12686,4455,2026-01-03 15:38:05,Completed
12687,4917,2024-08-13 18:46:18,Completed
12688,415,2025-11-11 22:19:20,Completed
12689,1886,2026-06-14 00:21:02,Pending
12690,2151,2026-01-17 04:03:53,Completed
12691,3634,2026-01-15 06:32:28,Completed
12692,726,2025-10-04 16:35:40,Completed
12693,3421,2024-12-19 21:27:29,Completed
12694,4373,2026-02-05 14:47:09,Cancelled
12695,203,2026-04-20 16:00:15,Completed
12696,675,2025-02-24 21:54:10,Completed
12697,1124,2024-10-13 10:41:03,Completed
12698,3516,2025-04-30 13:54:34,Completed
12699,2858,2024-09-30 23:04:18,Completed
12700,4687,2025-06-09 20:33:39,Completed
12701,3760,2024-08-22 18:56:47,Completed
12702,2101,2026-01-24 04:18:30,Completed
12703,31,2025-03-31 21:43:10,Completed
12704,1805,2024-09-19 23:41:59,Pending
12705,724,2025-03-24 23:04:07,Pending
12706,2858,2025-11-20 10:11:22,Completed
12707,1738,2025-02-01 11:32:18,Completed
12708,2004,2025-06-01 22:24:09,Pending
12709,3545,2024-12-17 22:21:56,Completed
12710,1662,2024-08-16 14:57:50,Completed
12711,4128,2026-04-21 11:05:27,Completed
12712,1143,2024-09-02 01:39:55,Pending
12713,4789,2026-02-05 07:11:17,Cancelled
12714,2527,2025-09-03 02:54:13,Completed
12715,3459,2026-01-11 15:17:57,Completed
12716,3887,2024-09-18 00:17:40,Cancelled
12717,2917,2025-10-14 10:29:15,Completed
12718,851,2026-04-13 01:48:49,Completed
12719,3980,2026-06-28 02:21:57,Completed
12720,806,2025-06-04 01:33:19,Completed
12721,3922,2026-03-26 21:31:40,Completed
12722,1027,2025-02-28 11:13:09,Completed
12723,4446,2026-05-04 12:21:55,Completed
12724,1776,2024-09-14 19:27:26,Completed
12725,1935,2025-03-17 17:47:55,Completed
12726,4309,2024-09-05 19:58:39,Cancelled
12727,2929,2025-06-01 11:49:12,Pending
12728,3249,2026-01-22 03:57:26,Completed
12729,1323,2024-09-04 20:48:48,Completed
12730,3290,2025-06-06 09:39:09,Completed
12731,1302,2025-07-29 14:17:53,Completed
12732,3542,2025-08-11 13:17:45,Completed
12733,4217,2026-04-19 11:41:21,Completed
12734,4218,2025-05-12 09:41:53,Pending
12735,1596,2025-02-07 02:53:04,Completed
12736,3253,2025-11-07 08:00:20,Pending
12737,3238,2025-04-13 11:25:23,Cancelled
12738,2662,2025-06-02 20:01:31,Completed
12739,4509,2025-11-18 14:14:14,Cancelled
12740,4934,2025-02-19 01:25:11,Completed
12741,4406,2025-09-12 05:46:29,Cancelled
12742,6,2025-01-01 09:02:48,Completed
12743,4758,2025-07-16 02:13:31,Completed
12744,2605,2025-06-04 22:20:40,Completed
12745,870,2025-01-27 05:52:49,Completed
12746,2797,2026-05-29 17:23:52,Completed
12747,3935,2025-04-25 17:59:19,Completed
12748,3554,2025-01-25 05:18:18,Completed
12749,4942,2026-04-05 22:19:25,Completed
12750,3115,2025-07-27 10:59:37,Completed
12751,4498,2024-09-12 15:28:41,Completed
12752,4564,2024-10-30 05:13:51,Completed
12753,4360,2026-01-31 21:39:57,Pending
12754,241,2025-09-30 17:27:44,Cancelled
12755,2384,2025-11-22 12:54:06,Completed
12756,3612,2025-03-12 12:11:12,Completed
12757,3175,2025-01-15 01:57:36,Completed
12758,4518,2026-07-21 16:53:27,Completed
12759,4684,2025-07-24 05:51:27,Pending
12760,1140,2024-09-06 18:34:45,Completed
12761,2888,2025-05-16 11:31:56,Completed
12762,2875,2025-01-29 08:51:55,Completed
12763,4378,2025-07-11 19:56:59,Completed
12764,658,2026-06-01 01:37:15,Completed
12765,2527,2024-11-08 02:32:54,Completed
12766,323,2024-11-20 13:29:32,Pending
12767,2958,2025-02-23 04:50:40,Completed
12768,36,2026-03-06 06:42:05,Completed
12769,1505,2026-05-04 23:15:21,Completed
12770,4870,2024-11-19 06:10:00,Completed
12771,1483,2024-10-08 16:10:55,Completed
12772,3664,2025-08-09 11:54:14,Completed
12773,4025,2025-03-16 18:38:01,Completed
12774,3794,2025-03-20 10:49:57,Cancelled
12775,1909,2025-01-17 03:56:30,Completed
12776,1158,2026-06-26 16:53:41,Completed
12777,148,2024-08-10 19:53:01,Completed
12778,1229,2026-05-05 12:51:08,Completed
12779,109,2025-01-02 15:03:56,Pending
12780,4155,2025-03-26 23:07:56,Completed
12781,296,2025-11-28 16:42:59,Completed
12782,1401,2025-09-26 07:30:15,Completed
12783,189,2025-06-16 02:02:26,Completed
12784,4922,2025-04-04 16:36:40,Completed
12785,1485,2025-01-22 12:00:08,Completed
12786,1549,2026-01-17 07:04:36,Completed
12787,1728,2025-12-21 01:33:21,Completed
12788,4595,2026-06-01 18:07:49,Pending
12789,1378,2024-12-07 11:26:09,Completed
12790,112,2024-11-15 18:57:03,Completed
12791,4084,2025-03-17 14:18:57,Completed
12792,163,2025-07-21 10:52:38,Cancelled
12793,2144,2025-03-07 11:25:38,Completed
12794,3154,2024-11-20 00:04:49,Completed
12795,3470,2025-11-04 08:46:33,Completed
12796,4704,2025-11-12 17:48:35,Completed
12797,1960,2025-08-12 22:28:10,Completed
12798,2362,2024-09-28 19:12:44,Cancelled
12799,2676,2026-04-02 20:45:24,Completed
12800,754,2026-01-15 21:38:52,Completed
12801,2270,2025-09-20 07:47:00,Completed
12802,4896,2025-02-26 02:47:10,Completed
12803,3343,2025-04-04 10:49:52,Completed
12804,4064,2024-12-14 12:45:03,Completed
12805,3117,2024-12-24 12:57:23,Completed
12806,4039,2025-12-08 04:50:48,Completed
12807,2965,2026-03-27 05:01:07,Completed
12808,2074,2026-06-14 04:18:48,Cancelled
12809,1793,2025-09-07 11:52:27,Completed
12810,538,2025-05-27 17:38:01,Completed
12811,3516,2026-01-13 04:31:33,Completed
12812,4395,2024-10-06 01:13:37,Completed
12813,3432,2025-08-29 06:56:57,Completed
12814,4212,2026-01-28 06:53:57,Completed
12815,2193,2026-04-09 07:55:09,Completed
12816,2431,2025-09-13 03:10:56,Completed
12817,1874,2024-11-17 22:15:59,Completed
12818,2894,2026-06-18 08:11:44,Completed
12819,3515,2025-12-09 01:46:30,Completed
12820,3412,2025-10-18 09:42:02,Completed
12821,1769,2025-08-17 16:06:31,Completed
12822,3209,2025-01-12 06:07:06,Completed
12823,4241,2024-08-13 14:11:45,Completed
12824,1264,2026-03-04 14:42:47,Pending
12825,3775,2026-04-26 08:53:52,Completed
12826,4297,2025-02-04 05:40:05,Completed
12827,4161,2025-08-17 13:21:39,Cancelled
12828,2382,2026-06-12 04:21:45,Completed
12829,3347,2025-07-05 18:38:16,Completed
12830,4998,2026-06-22 20:51:32,Completed
12831,2063,2025-07-08 09:48:48,Completed
12832,3528,2025-03-24 07:21:30,Cancelled
12833,2763,2026-03-23 12:47:28,Completed
12834,260,2025-06-02 15:25:42,Completed
12835,2504,2025-06-29 15:53:51,Completed
12836,489,2025-03-22 08:22:40,Completed
12837,262,2026-06-03 12:47:27,Completed
12838,4359,2024-11-22 15:07:28,Completed
12839,3797,2025-04-18 02:56:39,Completed
12840,68,2025-06-06 15:52:25,Pending
12841,1615,2025-01-17 00:05:15,Completed
12842,4944,2024-08-16 15:39:13,Completed
12843,4647,2025-12-20 02:40:00,Pending
12844,3830,2025-06-09 19:04:01,Completed
12845,4015,2025-04-22 03:10:47,Cancelled
12846,4836,2026-07-02 05:28:21,Completed
12847,2830,2026-06-08 00:37:48,Completed
12848,40,2024-09-28 10:13:27,Completed
12849,235,2025-08-20 14:10:39,Pending
12850,1129,2025-05-03 19:43:32,Completed
12851,2877,2025-05-20 06:25:09,Completed
12852,315,2026-07-18 13:24:54,Completed
12853,40,2026-03-09 18:29:28,Completed
12854,2814,2025-04-05 02:28:33,Pending
12855,1516,2024-09-06 16:27:30,Cancelled
12856,772,2024-11-11 03:17:19,Completed
12857,2814,2025-04-05 14:39:45,Completed
12858,531,2026-07-18 21:20:12,Completed
12859,3802,2024-08-21 13:28:23,Completed
12860,1905,2025-05-03 19:15:23,Completed
12861,4027,2025-09-13 06:12:39,Completed
12862,2709,2024-12-20 06:12:12,Completed
12863,824,2026-03-09 04:50:12,Completed
12864,1958,2026-02-28 07:08:29,Completed
12865,4720,2026-03-06 19:30:44,Pending
12866,1367,2026-02-26 02:27:00,Completed
12867,1513,2025-03-06 17:58:33,Completed
12868,2165,2025-10-05 09:56:17,Completed
12869,3557,2026-06-23 23:03:21,Completed
12870,3116,2026-07-22 15:16:17,Cancelled
12871,2818,2026-05-12 13:05:28,Completed
12872,419,2025-05-17 20:15:24,Completed
12873,4063,2025-10-06 12:40:49,Completed
12874,1577,2025-12-24 23:59:51,Completed
12875,2868,2026-07-16 13:07:12,Completed
12876,2804,2026-05-11 05:44:01,Cancelled
12877,2127,2025-10-13 16:37:17,Completed
12878,3534,2026-07-09 17:07:09,Cancelled
12879,4945,2025-08-30 07:16:49,Completed
12880,663,2025-09-20 14:08:05,Completed
12881,2656,2025-10-09 00:33:27,Pending
12882,3905,2024-12-08 14:58:09,Completed
12883,2494,2026-07-24 02:45:27,Completed
12884,2929,2025-01-23 19:06:53,Completed
12885,1802,2025-09-19 00:15:29,Completed
12886,257,2025-03-08 22:19:13,Cancelled
12887,3424,2025-03-05 09:08:04,Completed
12888,1528,2026-05-29 04:08:33,Completed
12889,882,2025-04-18 20:32:32,Completed
12890,1637,2025-02-11 03:32:41,Completed
12891,2050,2025-01-18 16:05:27,Completed
12892,1151,2026-05-07 05:41:25,Completed
12893,2601,2025-09-28 23:44:46,Completed
12894,3069,2025-03-27 11:51:57,Cancelled
12895,1367,2024-10-02 15:01:47,Completed
12896,2109,2025-09-20 01:52:20,Completed
12897,1424,2024-11-24 18:59:57,Completed
12898,236,2025-03-30 21:52:12,Completed
12899,4307,2026-04-08 04:47:06,Completed
12900,3622,2025-11-14 12:28:50,Completed
12901,116,2024-12-26 01:17:00,Completed
12902,486,2025-04-20 15:43:45,Completed
12903,1918,2024-10-26 03:50:08,Pending
12904,3535,2026-04-12 18:01:42,Completed
12905,1925,2025-01-08 16:48:26,Cancelled
12906,4897,2026-01-10 22:49:45,Completed
12907,605,2025-12-19 13:20:45,Completed
12908,4048,2024-10-06 01:33:38,Cancelled
12909,2546,2025-07-07 14:25:06,Completed
12910,2703,2024-09-10 17:45:33,Completed
12911,4835,2025-02-08 14:25:09,Completed
12912,1025,2025-07-05 00:54:09,Cancelled
12913,3431,2024-11-24 21:00:57,Completed
12914,819,2025-07-25 03:45:20,Cancelled
12915,1764,2026-01-16 16:55:40,Completed
12916,1878,2026-05-10 06:56:25,Completed
12917,4351,2025-03-18 03:00:18,Cancelled
12918,4347,2024-10-06 06:15:04,Cancelled
12919,2528,2025-09-28 23:47:17,Completed
12920,741,2025-01-18 23:09:34,Completed
12921,1248,2024-12-10 16:53:21,Pending
12922,3026,2026-04-14 22:04:16,Completed
12923,1985,2025-08-08 21:17:46,Completed
12924,3001,2024-10-16 16:06:11,Pending
12925,1186,2026-07-17 12:33:25,Completed
12926,1946,2024-12-15 23:17:44,Completed
12927,2092,2025-02-01 09:05:27,Completed
12928,2964,2025-03-12 06:44:20,Completed
12929,3618,2026-06-03 20:09:39,Completed
12930,1514,2025-11-22 02:00:38,Completed
12931,524,2025-01-29 17:35:14,Completed
12932,2714,2024-09-19 11:39:25,Completed
12933,199,2025-04-14 16:09:19,Completed
12934,2120,2024-11-02 09:49:38,Completed
12935,697,2024-08-19 23:54:46,Completed
12936,1664,2024-08-26 12:03:50,Completed
12937,2038,2025-10-09 05:49:44,Completed
12938,3052,2025-01-01 19:29:15,Completed
12939,693,2026-05-31 06:54:07,Completed
12940,1285,2025-12-04 17:09:41,Completed
12941,4795,2025-03-09 08:15:10,Completed
12942,973,2025-06-28 20:57:25,Completed
12943,879,2025-07-22 10:27:42,Completed
12944,3343,2026-03-30 23:22:44,Completed
12945,4789,2025-07-05 07:04:05,Completed
12946,3832,2025-08-11 19:40:36,Completed
12947,3194,2025-08-04 02:15:53,Cancelled
12948,2784,2025-01-31 16:00:25,Completed
12949,3703,2025-06-08 09:31:51,Completed
12950,1325,2025-07-30 09:31:32,Completed
12951,3501,2025-09-08 03:22:31,Completed
12952,684,2024-10-18 04:18:22,Completed
12953,4125,2025-03-13 01:03:54,Completed
12954,1275,2026-04-05 12:40:56,Completed
12955,4864,2025-01-23 18:41:38,Completed
12956,3253,2025-11-12 09:21:41,Completed
12957,619,2024-11-21 12:32:00,Completed
12958,3627,2026-05-04 05:28:47,Completed
12959,3773,2024-10-23 17:35:59,Completed
12960,3966,2025-05-12 06:38:58,Completed
12961,221,2025-11-02 18:38:24,Completed
12962,4628,2024-10-11 20:34:29,Completed
12963,3697,2025-06-13 01:49:35,Completed
12964,3622,2026-05-30 02:10:50,Completed
12965,2837,2025-01-31 23:09:01,Completed
12966,664,2025-08-03 11:54:38,Completed
12967,1610,2025-05-13 14:35:28,Pending
12968,2246,2026-02-24 22:07:34,Completed
12969,85,2024-09-12 05:42:25,Completed
12970,1455,2025-02-15 09:21:23,Pending
12971,3091,2026-07-03 02:41:09,Completed
12972,4266,2024-10-07 17:10:29,Completed
12973,4050,2024-09-21 23:51:38,Completed
12974,281,2026-02-27 00:09:18,Completed
12975,2537,2025-04-29 16:01:38,Completed
12976,453,2026-07-12 12:37:24,Completed
12977,2591,2025-03-22 13:39:28,Completed
12978,3708,2026-04-29 06:16:38,Completed
12979,387,2025-03-29 17:20:28,Completed
12980,390,2025-04-01 08:43:49,Completed
12981,4953,2025-09-30 23:30:28,Completed
12982,1686,2025-10-21 09:54:37,Completed
12983,3763,2025-12-22 20:35:43,Completed
12984,2438,2025-12-28 18:13:58,Completed
12985,4395,2024-12-24 09:41:05,Completed
12986,1198,2024-09-27 06:04:16,Completed
12987,3474,2026-06-03 01:56:33,Completed
12988,789,2025-04-05 22:38:18,Pending
12989,1996,2025-02-03 21:16:50,Completed
12990,1083,2025-02-04 06:33:57,Completed
12991,588,2025-08-20 11:13:10,Pending
12992,2569,2026-02-11 13:54:12,Completed
12993,2004,2024-11-16 11:30:09,Completed
12994,493,2024-09-02 05:33:04,Completed
12995,2544,2025-03-14 01:22:25,Completed
12996,24,2025-05-13 17:44:05,Pending
12997,4387,2025-04-05 02:35:19,Completed
12998,1385,2024-12-27 00:59:38,Completed
12999,1934,2025-01-31 12:49:53,Completed
13000,4508,2024-12-30 17:12:51,Completed
13001,630,2025-05-22 05:55:00,Completed
13002,3169,2025-12-11 11:57:55,Completed
13003,3368,2026-04-21 11:59:26,Completed
13004,75,2024-10-02 07:04:08,Completed
13005,4632,2024-12-29 06:20:27,Completed
13006,705,2026-02-03 21:59:01,Completed
13007,3924,2026-05-03 08:29:05,Cancelled
13008,3117,2024-08-25 17:50:54,Completed
13009,3817,2025-09-25 20:39:36,Completed
13010,4854,2024-12-01 05:08:23,Completed
13011,3983,2025-01-01 14:39:31,Completed
13012,1509,2024-10-14 11:17:13,Pending
13013,190,2025-01-12 19:16:42,Completed
13014,662,2025-09-06 23:16:13,Completed
13015,817,2024-08-27 08:13:56,Completed
13016,3883,2025-06-18 21:53:44,Cancelled
13017,3742,2025-05-05 02:40:56,Completed
13018,1978,2024-09-20 17:47:06,Completed
13019,2992,2025-06-20 16:47:18,Completed
13020,226,2025-09-18 06:16:11,Completed
13021,4368,2024-08-09 17:15:19,Completed
13022,2627,2024-10-12 03:48:51,Completed
13023,1776,2025-12-12 12:35:50,Completed
13024,4335,2024-11-03 05:23:10,Completed
13025,903,2025-02-17 19:38:13,Completed
13026,4786,2025-10-08 12:05:12,Completed
13027,2170,2024-09-24 11:23:21,Completed
13028,2490,2025-10-29 20:43:14,Completed
13029,2977,2026-05-25 07:52:04,Completed
13030,3872,2026-01-05 06:11:37,Completed
13031,3240,2026-03-29 01:43:28,Completed
13032,3191,2026-02-14 23:38:09,Completed
13033,4916,2025-04-26 11:28:40,Completed
13034,3505,2026-03-01 03:01:35,Completed
13035,1936,2026-07-08 08:59:20,Completed
13036,953,2025-07-05 02:10:11,Completed
13037,4105,2025-09-08 03:11:46,Completed
13038,1159,2026-04-20 01:09:58,Completed
13039,1971,2025-03-05 01:35:19,Completed
13040,3284,2026-02-13 12:23:27,Completed
13041,3291,2025-08-23 02:49:23,Completed
13042,3127,2025-03-11 23:59:22,Cancelled
13043,3610,2025-06-22 13:33:38,Completed
13044,207,2025-05-19 19:15:49,Completed
13045,4051,2025-02-01 09:01:42,Completed
13046,807,2025-03-05 22:59:02,Completed
13047,4299,2026-06-03 00:25:36,Completed
13048,2347,2025-11-02 08:54:40,Completed
13049,382,2025-03-15 08:34:21,Completed
13050,1146,2025-02-28 05:22:10,Completed
13051,2365,2026-05-24 20:12:15,Completed
13052,564,2024-11-12 23:22:14,Completed
13053,3203,2026-02-18 02:26:43,Completed
13054,1442,2026-07-27 13:51:17,Completed
13055,1678,2024-11-19 01:20:43,Completed
13056,7,2025-05-21 17:36:34,Completed
13057,905,2025-09-15 14:44:26,Pending
13058,3745,2026-05-04 18:12:43,Completed
13059,793,2025-03-28 21:50:02,Completed
13060,1427,2025-03-17 21:55:30,Completed
13061,838,2025-02-28 05:25:01,Completed
13062,2421,2025-03-10 17:03:29,Completed
13063,924,2025-07-10 07:07:32,Completed
13064,4358,2025-04-04 20:48:56,Completed
13065,1698,2026-08-02 12:17:18,Completed
13066,3406,2025-10-24 10:17:01,Completed
13067,223,2026-02-19 12:40:03,Completed
13068,3181,2024-09-14 23:01:06,Completed
13069,4413,2025-12-20 07:05:43,Cancelled
13070,3175,2026-05-04 14:20:27,Completed
13071,3958,2025-09-26 02:30:29,Cancelled
13072,1774,2025-03-14 19:06:36,Completed
13073,4578,2025-09-06 18:15:36,Completed
13074,1896,2025-12-09 19:50:52,Pending
13075,2280,2024-09-24 03:03:01,Completed
13076,3985,2026-03-04 15:10:26,Completed
13077,1867,2024-08-06 23:13:27,Completed
13078,1860,2024-10-18 09:00:36,Completed
13079,646,2025-01-10 06:04:24,Completed
13080,4724,2026-02-01 06:41:47,Cancelled
13081,1188,2025-02-03 13:51:03,Completed
13082,4865,2025-12-06 19:33:47,Completed
13083,1374,2024-09-11 12:34:41,Completed
13084,473,2026-06-07 12:33:05,Completed
13085,4902,2025-08-24 23:27:53,Completed
13086,528,2024-09-29 05:23:30,Pending
13087,2165,2025-12-28 23:25:29,Pending
13088,1190,2026-01-29 12:09:22,Completed
13089,672,2024-09-04 05:21:49,Completed
13090,1396,2026-05-23 23:50:35,Completed
13091,1286,2026-06-04 20:09:04,Completed
13092,1017,2024-12-31 18:14:25,Completed
13093,168,2026-06-07 05:15:01,Pending
13094,936,2026-02-24 04:13:02,Completed
13095,4780,2024-08-19 02:59:11,Completed
13096,3281,2026-02-05 15:12:01,Completed
13097,3936,2024-09-24 10:52:57,Completed
13098,3672,2024-09-04 02:00:51,Completed
13099,4266,2025-07-17 17:12:16,Completed
13100,4724,2024-09-09 10:56:58,Completed
13101,2334,2026-07-23 05:14:19,Completed
13102,3677,2025-07-20 01:32:33,Completed
13103,466,2024-11-02 11:24:01,Completed
13104,1105,2026-08-02 20:51:25,Completed
13105,1018,2024-09-15 02:33:50,Completed
13106,4476,2025-05-29 19:34:13,Completed
13107,2751,2025-09-01 19:39:06,Cancelled
13108,2916,2024-12-20 11:56:34,Completed
13109,778,2024-08-10 12:56:11,Completed
13110,4379,2025-05-26 16:32:30,Completed
13111,78,2025-11-20 02:40:39,Completed
13112,4035,2024-08-17 14:22:17,Completed
13113,2568,2025-05-10 07:24:46,Completed
13114,1993,2025-12-22 00:40:17,Pending
13115,3342,2025-08-20 19:27:04,Completed
13116,772,2025-09-09 07:39:06,Completed
13117,3777,2024-12-02 06:47:02,Cancelled
13118,3003,2026-03-23 02:20:09,Completed
13119,3676,2026-05-26 16:48:39,Completed
13120,3395,2025-08-18 13:19:46,Completed
13121,4889,2025-10-11 14:31:56,Completed
13122,3363,2025-11-21 08:58:47,Completed
13123,4593,2026-05-22 08:49:38,Completed
13124,727,2025-08-06 00:56:13,Completed
13125,1731,2025-02-09 12:17:09,Completed
13126,4834,2025-03-22 11:17:26,Completed
13127,4795,2025-04-06 03:55:22,Pending
13128,4346,2025-12-01 22:19:55,Cancelled
13129,1366,2026-01-31 17:23:04,Completed
13130,933,2024-12-17 12:50:12,Completed
13131,107,2026-03-31 05:43:10,Completed
13132,3490,2025-08-02 05:28:57,Cancelled
13133,2852,2024-08-23 10:26:57,Completed
13134,1407,2025-12-30 01:57:29,Completed
13135,1818,2024-12-27 03:40:10,Completed
13136,1594,2024-08-09 22:36:35,Completed
13137,988,2025-12-06 05:22:13,Completed
13138,1984,2025-03-17 21:24:52,Pending
13139,4317,2024-09-26 09:42:10,Completed
13140,4739,2024-11-14 10:53:46,Pending
13141,372,2024-08-20 10:26:45,Completed
13142,4933,2025-06-20 16:06:54,Completed
13143,1988,2025-10-07 04:17:53,Completed
13144,1339,2025-05-12 15:20:27,Completed
13145,2424,2025-12-08 08:55:57,Completed
13146,2728,2026-05-16 13:36:32,Completed
13147,2800,2026-04-02 22:09:11,Completed
13148,1921,2024-09-01 00:38:35,Completed
13149,4801,2025-12-25 22:56:03,Completed
13150,1014,2026-01-17 13:05:45,Completed
13151,2282,2025-05-25 15:26:43,Cancelled
13152,1785,2025-02-14 22:29:31,Completed
13153,1263,2026-01-30 22:55:11,Completed
13154,2640,2025-11-16 22:55:19,Completed
13155,2802,2026-07-22 07:24:19,Completed
13156,2231,2024-09-20 14:56:50,Pending
13157,4917,2026-03-20 02:17:07,Completed
13158,1510,2025-04-27 04:04:03,Completed
13159,547,2026-03-17 00:53:25,Completed
13160,2082,2025-04-30 16:00:57,Completed
13161,3449,2024-10-07 14:27:06,Completed
13162,871,2025-09-16 21:39:56,Completed
13163,1493,2025-04-30 02:05:12,Completed
13164,3325,2024-12-11 18:55:05,Completed
13165,996,2024-09-26 11:15:14,Completed
13166,3238,2024-12-04 02:44:47,Completed
13167,4901,2025-08-21 23:53:30,Completed
13168,2116,2026-06-06 19:04:46,Pending
13169,1704,2024-11-15 19:57:20,Completed
13170,4546,2025-04-24 04:24:03,Completed
13171,1915,2024-11-28 02:33:12,Pending
13172,3192,2024-12-16 21:48:05,Completed
13173,432,2024-11-10 02:38:58,Completed
13174,72,2026-06-17 03:53:25,Completed
13175,3853,2026-02-02 10:44:16,Completed
13176,4271,2025-03-04 13:32:38,Completed
13177,2767,2025-08-17 22:18:56,Completed
13178,378,2025-03-13 18:40:53,Completed
13179,3512,2025-03-17 15:08:21,Completed
13180,2506,2025-07-27 10:02:37,Completed
13181,4746,2026-03-19 03:45:10,Completed
13182,1111,2026-06-14 01:37:18,Completed
13183,264,2025-02-03 09:06:18,Completed
13184,4960,2025-08-11 14:19:20,Completed
13185,882,2025-08-17 08:30:46,Completed
13186,1542,2025-10-13 16:39:13,Completed
13187,762,2025-12-05 20:06:45,Completed
13188,4164,2026-03-23 14:15:48,Pending
13189,1690,2026-04-04 06:29:52,Completed
13190,3855,2025-09-25 01:02:57,Completed
13191,3513,2026-07-31 15:50:51,Completed
13192,3918,2026-07-08 02:54:44,Completed
13193,992,2025-06-21 04:39:21,Completed
13194,1855,2024-12-12 12:59:39,Completed
13195,92,2025-03-16 18:53:13,Completed
13196,1477,2025-08-18 07:05:10,Completed
13197,1407,2024-11-23 07:04:41,Completed
13198,2215,2025-04-04 09:13:47,Pending
13199,4303,2024-10-05 12:26:15,Completed
13200,1881,2026-04-28 01:28:48,Completed
13201,503,2025-09-16 23:41:27,Completed
13202,2013,2025-12-29 10:10:52,Completed
13203,1923,2024-12-01 13:25:05,Completed
13204,2528,2025-12-25 03:43:41,Cancelled
13205,772,2025-11-19 02:19:02,Completed
13206,819,2025-09-18 12:31:05,Completed
13207,2540,2025-09-09 11:56:59,Completed
13208,1378,2025-07-15 06:13:01,Completed
13209,4529,2026-02-07 08:31:48,Completed
13210,2218,2025-03-02 06:37:25,Completed
13211,253,2025-07-03 15:50:56,Completed
13212,2290,2026-01-07 01:09:04,Completed
13213,3014,2026-06-29 07:21:36,Pending
13214,4923,2026-05-10 04:07:40,Completed
13215,3370,2025-04-11 05:28:41,Completed
13216,745,2025-01-01 17:34:43,Completed
13217,4217,2025-11-28 23:55:45,Completed
13218,534,2026-01-08 17:37:36,Cancelled
13219,3413,2024-10-27 16:49:30,Cancelled
13220,67,2025-03-23 13:21:06,Completed
13221,4719,2024-10-09 07:47:28,Completed
13222,2531,2025-07-30 09:32:09,Completed
13223,1577,2026-02-13 08:42:07,Completed
13224,533,2026-04-13 15:01:10,Completed
13225,3830,2025-11-14 19:28:13,Pending
13226,2549,2025-12-03 22:59:15,Completed
13227,1100,2026-03-17 13:01:45,Completed
13228,2661,2025-10-13 23:38:41,Cancelled
13229,458,2025-10-01 11:57:19,Completed
13230,1468,2024-09-28 03:20:25,Completed
13231,624,2025-05-03 17:05:45,Completed
13232,579,2025-10-29 04:01:17,Pending
13233,1636,2024-12-12 13:25:33,Completed
13234,2618,2024-09-18 06:56:20,Completed
13235,1485,2025-08-14 07:19:55,Completed
13236,4864,2024-09-02 19:47:08,Cancelled
13237,289,2024-12-20 07:45:37,Completed
13238,1430,2026-05-26 17:15:59,Completed
13239,3132,2025-05-13 13:21:54,Completed
13240,3546,2025-06-13 11:42:18,Completed
13241,3469,2026-02-09 00:17:20,Completed
13242,1376,2025-06-03 11:52:22,Completed
13243,1915,2024-08-29 04:10:31,Completed
13244,3144,2026-05-14 15:33:04,Pending
13245,2049,2025-07-14 16:52:53,Pending
13246,536,2026-02-19 15:37:38,Completed
13247,4439,2025-08-06 09:51:28,Completed
13248,1572,2025-12-12 19:51:10,Completed
13249,134,2024-10-24 10:53:14,Completed
13250,1889,2026-07-13 23:44:50,Completed
13251,2504,2025-06-20 11:47:26,Completed
13252,1219,2025-05-13 00:18:43,Completed
13253,3102,2024-08-24 12:40:26,Completed
13254,1456,2025-01-17 10:13:11,Completed
13255,1539,2026-02-12 11:26:38,Completed
13256,1568,2024-12-16 11:28:55,Completed
13257,2457,2025-05-11 06:29:23,Completed
13258,4414,2024-08-17 07:41:40,Completed
13259,1951,2025-08-06 21:42:59,Completed
13260,3872,2025-05-09 06:29:34,Completed
13261,4316,2025-05-07 21:01:21,Completed
13262,2085,2025-11-02 22:48:12,Completed
13263,4160,2025-10-20 06:34:42,Completed
13264,2966,2025-09-09 15:40:58,Completed
13265,1440,2024-12-04 23:58:01,Completed
13266,4605,2025-08-22 12:21:36,Completed
13267,1095,2026-04-23 10:36:33,Completed
13268,2815,2026-01-13 08:22:07,Pending
13269,2204,2026-03-06 17:58:13,Completed
13270,178,2025-12-21 08:21:04,Completed
13271,2846,2026-03-07 12:03:38,Completed
13272,4583,2026-04-12 22:28:48,Completed
13273,4285,2026-08-02 08:35:54,Completed
13274,3058,2025-03-02 16:25:38,Completed
13275,3929,2026-06-07 01:48:50,Completed
13276,68,2025-04-18 06:44:16,Completed
13277,3498,2026-02-18 06:25:54,Completed
13278,4957,2026-07-29 18:47:13,Completed
13279,3457,2025-01-12 09:51:20,Completed
13280,1717,2024-09-19 02:19:50,Completed
13281,788,2025-04-26 11:36:30,Completed
13282,3853,2026-04-16 16:55:57,Completed
13283,368,2025-06-29 06:51:36,Completed
13284,1021,2025-12-10 01:48:10,Completed
13285,4285,2026-06-18 16:24:53,Completed
13286,309,2026-07-10 07:40:48,Completed
13287,4823,2025-02-15 00:00:47,Completed
13288,1118,2024-10-04 22:02:21,Completed
13289,3731,2024-08-16 06:27:15,Completed
13290,2251,2026-03-01 11:56:59,Cancelled
13291,3293,2026-07-17 18:52:18,Completed
13292,4230,2025-06-10 17:52:02,Cancelled
13293,3521,2026-07-08 21:14:03,Completed
13294,4415,2025-05-26 06:51:14,Completed
13295,2116,2025-06-17 09:45:46,Completed
13296,3348,2025-02-05 20:56:52,Completed
13297,3749,2024-12-27 08:42:55,Completed
13298,183,2024-11-21 20:34:54,Completed
13299,3550,2025-02-28 02:46:30,Completed
13300,697,2026-05-26 00:16:13,Completed
13301,3608,2025-04-05 13:33:17,Cancelled
13302,662,2025-02-07 13:06:52,Pending
13303,1761,2025-02-28 14:44:58,Completed
13304,2136,2025-02-02 22:27:14,Completed
13305,3671,2025-09-06 00:50:58,Completed
13306,3213,2026-04-11 18:02:52,Completed
13307,2937,2026-05-26 20:22:24,Completed
13308,2669,2024-11-18 23:58:03,Pending
13309,2775,2024-10-21 10:59:51,Pending
13310,4139,2024-11-28 09:00:44,Completed
13311,164,2025-01-16 13:55:19,Completed
13312,3149,2025-03-24 22:52:11,Completed
13313,2397,2024-12-08 07:52:39,Completed
13314,1481,2024-09-30 07:52:57,Completed
13315,1700,2026-04-18 20:26:40,Cancelled
13316,3015,2025-06-14 01:39:34,Completed
13317,3564,2026-01-21 19:24:07,Completed
13318,2685,2025-03-08 15:51:33,Pending
13319,2280,2026-07-29 07:18:25,Completed
13320,137,2025-12-24 06:52:06,Completed
13321,3351,2025-09-26 16:42:11,Completed
13322,4724,2024-10-15 17:33:42,Completed
13323,1879,2026-04-21 16:36:23,Completed
13324,2547,2026-07-04 06:38:18,Pending
13325,2166,2024-09-21 12:06:50,Cancelled
13326,4596,2026-04-08 06:07:40,Completed
13327,3864,2025-02-18 01:27:26,Completed
13328,4400,2026-06-08 13:35:02,Completed
13329,2713,2025-11-10 16:06:31,Completed
13330,1019,2025-01-28 11:30:02,Completed
13331,273,2024-09-21 13:39:19,Completed
13332,2707,2025-01-07 14:13:09,Pending
13333,1972,2024-10-02 16:41:17,Completed
13334,4019,2024-09-08 16:44:39,Completed
13335,1413,2025-10-31 03:47:00,Completed
13336,2465,2025-12-06 18:55:57,Completed
13337,585,2026-06-10 02:49:45,Completed
13338,2043,2024-09-10 21:42:20,Completed
13339,2356,2026-03-18 15:08:10,Completed
13340,3336,2025-10-02 08:28:56,Completed
13341,425,2024-12-06 09:58:16,Completed
13342,1605,2024-08-31 19:42:31,Completed
13343,2874,2025-05-26 12:09:51,Completed
13344,693,2026-01-16 17:47:43,Pending
13345,651,2024-08-28 13:40:28,Completed
13346,1158,2025-07-10 13:12:31,Completed
13347,4736,2025-02-17 02:58:01,Completed
13348,2732,2026-01-27 16:11:49,Pending
13349,1708,2025-07-11 06:55:01,Pending
13350,2409,2025-07-14 17:58:14,Completed
13351,4127,2026-05-07 06:54:42,Completed
13352,1208,2026-05-23 12:14:37,Cancelled
13353,4012,2025-03-13 20:06:34,Completed
13354,4295,2026-01-04 08:56:49,Completed
13355,3890,2025-05-29 03:40:20,Pending
13356,1772,2024-09-19 02:10:00,Completed
13357,3400,2024-09-08 07:19:31,Completed
13358,1592,2025-05-08 07:00:34,Completed
13359,1767,2026-04-04 23:15:56,Completed
13360,2305,2026-07-13 21:05:28,Completed
13361,4876,2026-06-26 23:28:10,Completed
13362,4168,2025-03-13 13:38:33,Completed
13363,3093,2025-03-18 10:40:17,Completed
13364,2004,2024-09-06 05:18:06,Completed
13365,4401,2025-08-19 04:27:16,Pending
13366,1234,2026-06-29 08:17:28,Completed
13367,3038,2025-11-13 22:44:53,Completed
13368,3455,2026-03-04 16:25:39,Pending
13369,392,2025-03-09 01:23:25,Completed
13370,1801,2025-03-31 18:54:42,Completed
13371,3658,2026-07-18 21:25:43,Completed
13372,2928,2025-02-21 12:54:17,Completed
13373,3507,2025-03-18 03:16:37,Completed
13374,3388,2026-07-23 12:11:28,Completed
13375,3180,2025-08-01 08:12:37,Completed
13376,3215,2025-01-18 00:52:10,Completed
13377,2566,2025-07-06 23:20:17,Completed
13378,4174,2025-05-25 15:51:24,Completed
13379,4541,2026-05-25 04:25:56,Cancelled
13380,4960,2025-05-25 03:45:33,Completed
13381,4063,2026-06-05 09:49:50,Completed
13382,4062,2025-04-21 14:03:00,Cancelled
13383,3067,2026-02-08 15:06:20,Completed
13384,2350,2025-02-24 19:32:58,Completed
13385,2337,2025-06-10 10:50:41,Completed
13386,2739,2025-03-02 17:50:12,Completed
13387,2902,2025-02-16 23:35:17,Completed
13388,3655,2025-03-31 22:25:16,Completed
13389,2079,2024-11-02 23:58:15,Completed
13390,226,2024-10-19 18:25:39,Cancelled
13391,1967,2025-08-05 22:51:26,Completed
13392,3816,2024-12-09 21:24:59,Completed
13393,3894,2025-01-06 22:45:40,Completed
13394,2173,2024-10-09 01:31:08,Completed
13395,185,2025-06-05 08:46:59,Cancelled
13396,3933,2025-06-01 11:01:04,Completed
13397,2906,2025-04-09 23:00:37,Pending
13398,4889,2026-03-23 06:53:32,Completed
13399,1637,2024-08-10 11:01:37,Completed
13400,623,2026-07-09 06:04:57,Completed
13401,3860,2024-11-12 07:48:58,Completed
13402,1704,2026-02-08 16:10:24,Pending
13403,4820,2024-12-21 19:56:37,Pending
13404,265,2026-05-30 10:43:40,Completed
13405,382,2025-01-23 17:52:46,Completed
13406,2276,2025-12-09 10:14:06,Completed
13407,3351,2026-04-25 02:22:50,Completed
13408,2926,2024-12-29 16:49:44,Completed
13409,1229,2024-11-04 02:18:08,Completed
13410,2380,2024-10-27 12:23:38,Completed
13411,2814,2025-04-19 05:31:19,Completed
13412,2733,2024-09-15 12:36:07,Completed
13413,3463,2025-09-03 23:46:04,Completed
13414,2802,2026-05-31 09:46:01,Cancelled
13415,1641,2025-02-24 23:35:43,Completed
13416,1067,2024-09-23 12:38:41,Cancelled
13417,3522,2025-11-26 13:43:10,Cancelled
13418,111,2025-08-17 03:13:53,Completed
13419,302,2026-07-27 10:16:25,Completed
13420,237,2024-10-06 04:12:45,Completed
13421,4675,2025-12-23 00:13:43,Completed
13422,575,2025-09-01 02:41:52,Pending
13423,2012,2026-06-01 01:09:02,Completed
13424,4792,2025-09-29 17:33:26,Cancelled
13425,2963,2024-09-10 12:29:15,Completed
13426,638,2025-10-04 01:54:18,Pending
13427,4898,2026-03-17 14:52:08,Completed
13428,4847,2026-01-03 00:15:32,Completed
13429,2576,2025-07-03 13:40:15,Cancelled
13430,711,2025-11-08 19:12:34,Completed
13431,2608,2024-12-05 17:43:59,Completed
13432,3669,2025-10-14 07:23:11,Completed
13433,2267,2025-01-24 02:47:16,Completed
13434,627,2026-04-18 22:28:26,Completed
13435,2511,2025-02-07 13:25:40,Completed
13436,3483,2025-07-28 11:28:36,Cancelled
13437,4184,2025-04-08 05:08:03,Completed
13438,3346,2025-04-27 05:04:26,Completed
13439,1,2025-10-27 14:31:16,Completed
13440,3782,2024-09-12 14:54:54,Completed
13441,3372,2024-11-04 19:38:15,Completed
13442,3141,2026-04-13 13:13:08,Completed
13443,1207,2026-04-19 23:51:33,Completed
13444,130,2025-07-16 00:49:25,Completed
13445,1091,2026-04-09 02:33:48,Completed
13446,2811,2026-07-12 09:47:05,Cancelled
13447,4802,2026-05-22 10:06:01,Completed
13448,4316,2026-04-08 03:18:03,Completed
13449,556,2026-03-08 04:05:55,Completed
13450,1345,2026-04-29 06:04:47,Completed
13451,1897,2025-09-07 03:35:24,Pending
13452,1479,2024-08-20 00:02:39,Completed
13453,1524,2025-12-11 14:16:34,Completed
13454,2342,2025-12-24 18:32:01,Completed
13455,2585,2026-03-20 18:25:26,Completed
13456,3942,2025-01-31 07:31:39,Completed
13457,4383,2025-09-04 14:19:48,Completed
13458,1275,2026-01-08 20:06:53,Pending
13459,449,2026-03-01 06:32:53,Completed
13460,1772,2025-03-21 15:08:35,Completed
13461,4358,2025-10-21 22:34:06,Completed
13462,265,2025-12-20 01:48:28,Completed
13463,2520,2025-04-06 07:39:25,Completed
13464,1996,2024-08-26 09:37:49,Completed
13465,4840,2026-02-19 12:52:23,Completed
13466,2076,2025-12-15 23:33:28,Completed
13467,4099,2025-02-22 23:05:03,Completed
13468,2140,2024-09-10 15:54:15,Completed
13469,2478,2025-07-07 02:10:49,Completed
13470,22,2026-03-10 04:15:52,Completed
13471,4962,2025-05-30 06:12:20,Completed
13472,845,2025-10-31 16:00:11,Pending
13473,1364,2025-08-12 08:05:20,Cancelled
13474,1851,2026-04-14 15:52:04,Completed
13475,3940,2026-04-19 16:49:03,Completed
13476,2928,2025-08-31 21:59:45,Cancelled
13477,4402,2025-07-06 23:05:12,Cancelled
13478,3329,2025-02-18 13:04:26,Completed
13479,4071,2025-10-31 01:42:06,Completed
13480,783,2024-08-27 06:29:21,Completed
13481,1668,2025-06-17 09:21:38,Cancelled
13482,626,2026-07-18 16:48:32,Completed
13483,1540,2025-09-16 04:45:21,Pending
13484,2911,2026-01-02 03:27:01,Completed
13485,1603,2026-04-21 14:39:21,Completed
13486,3428,2024-12-02 05:02:14,Completed
13487,4379,2026-03-06 16:00:22,Completed
13488,2862,2025-07-29 12:13:34,Completed
13489,4320,2025-04-14 02:24:58,Completed
13490,2988,2025-11-13 11:09:55,Completed
13491,975,2026-05-26 01:32:08,Completed
13492,4935,2026-02-28 16:15:57,Completed
13493,475,2024-10-19 02:16:54,Completed
13494,4281,2024-09-19 18:50:26,Completed
13495,623,2026-02-16 06:10:26,Cancelled
13496,4539,2025-03-28 14:00:58,Cancelled
13497,2706,2024-09-11 21:36:46,Completed
13498,4251,2025-09-12 02:02:00,Completed
13499,907,2025-06-07 07:37:02,Completed
13500,2828,2025-09-07 04:08:41,Completed
13501,1457,2026-04-19 06:04:28,Completed
13502,1684,2024-08-16 10:03:50,Cancelled
13503,796,2025-01-23 11:52:33,Completed
13504,2549,2024-11-24 21:20:50,Completed
13505,4686,2025-03-13 03:09:30,Pending
13506,337,2025-08-31 09:43:23,Completed
13507,1607,2024-09-03 10:45:19,Cancelled
13508,533,2026-02-27 20:19:03,Completed
13509,3156,2026-03-23 19:16:27,Completed
13510,1042,2025-08-27 00:13:11,Completed
13511,1418,2025-04-23 18:42:20,Completed
13512,1287,2024-11-10 15:33:58,Completed
13513,4983,2024-10-16 02:55:45,Completed
13514,4705,2025-11-13 09:56:16,Completed
13515,1984,2025-02-28 06:45:08,Cancelled
13516,427,2025-04-03 00:52:58,Completed
13517,833,2025-09-22 16:16:39,Completed
13518,4219,2025-11-25 17:44:56,Completed
13519,3869,2026-01-02 00:58:20,Cancelled
13520,2419,2026-02-23 14:49:37,Pending
13521,714,2026-03-28 03:51:45,Completed
13522,3290,2025-10-28 02:07:59,Pending
13523,2044,2026-01-14 18:49:46,Pending
13524,2920,2025-02-12 00:09:48,Completed
13525,443,2026-07-29 14:03:51,Cancelled
13526,2628,2026-04-26 12:36:18,Completed
13527,1555,2025-06-09 06:50:18,Pending
13528,2518,2026-04-07 14:04:06,Completed
13529,3685,2026-02-12 00:17:04,Completed
13530,721,2025-06-06 13:58:33,Completed
13531,818,2026-02-12 12:26:12,Completed
13532,3337,2025-09-08 13:17:05,Completed
13533,4498,2025-05-09 05:12:15,Completed
13534,2563,2026-05-23 03:47:56,Completed
13535,3333,2025-02-15 17:01:35,Completed
13536,3541,2026-02-12 12:24:57,Completed
13537,2503,2026-01-10 00:47:37,Completed
13538,2487,2024-10-24 17:20:36,Completed
13539,4575,2026-03-28 05:52:36,Completed
13540,1506,2026-03-27 04:40:06,Completed
13541,806,2025-08-12 10:51:27,Completed
13542,4899,2025-02-20 16:14:39,Completed
13543,1251,2024-09-02 15:00:15,Pending
13544,2514,2024-09-06 23:58:11,Completed
13545,844,2025-03-01 22:01:38,Pending
13546,858,2024-10-23 16:35:19,Cancelled
13547,3133,2025-07-05 06:22:47,Cancelled
13548,3118,2026-01-22 17:12:45,Completed
13549,765,2024-11-07 06:14:43,Pending
13550,4313,2025-02-25 21:34:25,Completed
13551,1312,2025-02-02 11:25:40,Completed
13552,1098,2025-03-08 18:26:42,Completed
13553,1012,2025-11-04 17:50:41,Completed
13554,1159,2025-12-04 15:49:21,Completed
13555,4125,2025-09-01 05:47:09,Cancelled
13556,1245,2024-12-15 21:42:39,Completed
13557,4090,2025-10-01 10:28:28,Completed
13558,3295,2026-02-27 09:57:45,Completed
13559,3122,2025-11-12 10:38:52,Completed
13560,4657,2026-03-17 13:02:55,Completed
13561,1197,2025-02-14 14:16:58,Pending
13562,1586,2024-08-15 20:01:42,Completed
13563,4068,2025-12-08 18:48:05,Completed
13564,708,2026-01-29 20:02:44,Completed
13565,92,2024-09-29 21:11:13,Completed
13566,1888,2024-08-06 13:12:43,Completed
13567,2882,2025-03-08 19:29:42,Completed
13568,1087,2025-05-21 06:36:29,Completed
13569,3735,2026-05-15 18:32:40,Pending
13570,1649,2025-10-28 19:17:12,Completed
13571,250,2024-12-12 03:53:51,Pending
13572,3796,2025-03-17 03:00:21,Cancelled
13573,2190,2024-12-03 18:54:21,Completed
13574,4042,2025-04-03 03:57:46,Completed
13575,2082,2024-08-25 00:17:18,Completed
13576,4559,2025-11-23 09:55:58,Completed
13577,1001,2024-08-24 18:17:52,Completed
13578,2865,2025-12-03 17:04:11,Pending
13579,2742,2025-12-07 17:49:26,Completed
13580,367,2025-06-19 15:22:51,Completed
13581,4193,2026-01-24 09:34:03,Completed
13582,189,2024-11-03 09:35:47,Completed
13583,1208,2025-04-22 08:28:00,Cancelled
13584,4228,2025-08-24 15:35:46,Completed
13585,3114,2025-11-23 04:23:36,Pending
13586,4526,2025-03-24 20:36:47,Pending
13587,1491,2026-04-21 18:37:16,Completed
13588,3429,2025-01-24 23:14:14,Completed
13589,2462,2025-02-24 16:45:52,Completed
13590,2159,2024-08-21 23:59:45,Completed
13591,3270,2024-09-12 03:56:20,Completed
13592,4973,2024-11-06 15:00:55,Cancelled
13593,342,2025-01-20 21:05:38,Completed
13594,191,2025-12-17 07:25:19,Completed
13595,684,2026-03-26 04:40:20,Completed
13596,4788,2025-03-29 10:48:50,Completed
13597,3569,2025-05-19 23:16:41,Completed
13598,2127,2025-10-23 04:49:45,Completed
13599,769,2025-04-10 21:43:53,Cancelled
13600,2698,2024-09-11 08:37:58,Completed
13601,2904,2025-10-22 15:00:01,Completed
13602,1103,2026-06-11 03:14:12,Completed
13603,4579,2025-03-19 02:41:45,Completed
13604,4167,2025-03-28 08:42:14,Cancelled
13605,3628,2025-03-06 00:32:55,Completed
13606,3121,2024-10-31 01:58:53,Completed
13607,1947,2026-07-05 13:14:32,Pending
13608,3190,2025-09-22 22:10:55,Completed
13609,430,2025-10-15 17:38:22,Completed
13610,1049,2025-11-07 12:35:47,Completed
13611,1131,2024-09-22 08:19:53,Completed
13612,189,2025-12-29 13:59:58,Completed
13613,801,2026-05-22 17:05:13,Completed
13614,1586,2025-05-02 12:04:09,Completed
13615,75,2025-02-25 07:00:00,Cancelled
13616,3949,2025-10-12 17:25:58,Completed
13617,2270,2025-10-20 00:07:12,Completed
13618,3664,2024-12-25 11:45:15,Cancelled
13619,653,2025-03-04 17:36:55,Completed
13620,127,2025-12-11 17:31:17,Completed
13621,137,2025-07-30 17:31:16,Completed
13622,994,2025-01-27 14:48:52,Completed
13623,2101,2026-02-07 06:31:23,Completed
13624,4269,2025-10-17 18:49:25,Completed
13625,2644,2025-02-11 06:15:46,Completed
13626,4589,2025-01-01 09:44:34,Completed
13627,4666,2025-07-10 15:49:11,Completed
13628,602,2025-12-01 01:33:04,Completed
13629,1000,2024-11-16 05:16:15,Completed
13630,4616,2026-06-19 09:43:19,Completed
13631,2963,2026-04-12 23:25:56,Completed
13632,3609,2024-08-26 00:20:42,Completed
13633,1961,2026-04-26 03:32:58,Completed
13634,762,2026-02-13 16:50:01,Cancelled
13635,3350,2024-10-06 17:36:54,Completed
13636,462,2025-10-16 02:37:54,Completed
13637,2715,2026-02-04 19:16:19,Completed
13638,1033,2025-02-10 03:36:45,Completed
13639,3227,2025-06-15 05:20:26,Completed
13640,4560,2026-03-24 14:40:46,Completed
13641,4183,2025-02-19 18:56:28,Completed
13642,3310,2025-07-30 10:16:15,Completed
13643,4332,2026-03-18 14:43:32,Completed
13644,3391,2026-02-08 20:30:06,Completed
13645,2718,2025-12-22 00:05:03,Completed
13646,1223,2026-05-13 21:19:21,Completed
13647,1367,2024-11-08 15:12:36,Completed
13648,4382,2025-07-04 23:05:04,Completed
13649,1302,2024-10-25 16:44:35,Completed
13650,1350,2025-05-30 04:43:04,Completed
13651,14,2025-06-27 04:05:27,Completed
13652,908,2024-10-26 05:23:58,Completed
13653,1264,2026-02-05 18:05:41,Completed
13654,1718,2025-07-15 06:50:34,Pending
13655,4178,2025-05-15 13:18:50,Completed
13656,3499,2026-01-13 18:57:58,Completed
13657,2442,2025-11-14 03:15:05,Completed
13658,3461,2025-01-20 06:31:28,Completed
13659,3355,2026-08-01 18:20:52,Completed
13660,4116,2025-11-30 15:34:20,Pending
13661,3271,2024-08-16 20:34:27,Completed
13662,4520,2025-08-12 17:56:49,Completed
13663,2203,2024-08-25 09:14:41,Completed
13664,4707,2025-08-30 13:35:03,Completed
13665,4710,2024-08-30 12:49:39,Completed
13666,1201,2024-08-11 12:21:48,Pending
13667,2928,2026-03-02 17:18:25,Completed
13668,665,2026-07-17 13:57:47,Cancelled
13669,2641,2025-11-18 16:19:51,Completed
13670,2702,2026-05-30 17:28:59,Completed
13671,1300,2024-12-27 03:19:26,Cancelled
13672,4003,2026-06-28 09:25:06,Completed
13673,3747,2025-11-23 23:30:26,Cancelled
13674,713,2025-07-13 18:26:52,Cancelled
13675,528,2026-01-12 00:51:13,Completed
13676,2385,2025-12-14 20:43:36,Cancelled
13677,3161,2026-05-22 16:33:15,Completed
13678,1282,2024-09-09 04:07:58,Completed
13679,2648,2026-01-15 18:10:26,Completed
13680,966,2026-06-05 01:37:19,Completed
13681,4039,2024-10-12 08:26:44,Completed
13682,2742,2024-08-20 14:29:26,Completed
13683,3329,2025-04-14 15:07:32,Completed
13684,2608,2026-01-05 20:31:48,Pending
13685,2935,2026-07-20 05:55:26,Completed
13686,3571,2025-06-29 20:05:31,Completed
13687,915,2025-09-28 16:17:18,Completed
13688,3610,2025-12-25 18:46:22,Completed
13689,3497,2025-01-25 04:43:13,Completed
13690,66,2024-12-22 11:06:27,Cancelled
13691,409,2025-11-13 16:17:14,Completed
13692,1693,2024-11-09 02:29:23,Completed
13693,4132,2026-06-28 19:06:10,Completed
13694,500,2025-10-10 01:21:37,Completed
13695,3245,2024-11-25 10:05:57,Completed
13696,309,2024-12-03 21:05:03,Pending
13697,2682,2026-07-16 13:29:11,Completed
13698,1272,2026-06-12 00:24:21,Completed
13699,2301,2025-03-11 13:51:50,Completed
13700,4296,2025-09-25 08:39:41,Completed
13701,4436,2025-05-05 23:52:35,Completed
13702,1762,2024-11-17 01:51:14,Completed
13703,4917,2024-09-27 16:04:38,Completed
13704,3126,2026-03-04 13:03:57,Completed
13705,400,2026-04-30 11:39:29,Completed
13706,4260,2025-07-25 04:33:49,Completed
13707,3571,2025-12-03 03:20:44,Completed
13708,404,2026-04-22 02:13:03,Cancelled
13709,4147,2025-02-17 14:20:05,Cancelled
13710,2250,2024-12-20 00:26:01,Pending
13711,1672,2025-04-26 15:04:22,Completed
13712,2458,2024-09-05 04:06:46,Completed
13713,590,2025-12-09 15:23:05,Completed
13714,2734,2026-05-15 00:19:22,Completed
13715,3594,2026-04-26 04:35:39,Completed
13716,3070,2024-10-20 08:02:41,Completed
13717,4318,2024-08-13 15:54:15,Completed
13718,3982,2025-02-05 07:59:07,Completed
13719,2834,2024-10-24 08:20:03,Completed
13720,2233,2024-10-18 09:51:25,Completed
13721,130,2026-08-03 05:03:32,Completed
13722,4799,2026-05-24 03:31:47,Completed
13723,3220,2026-02-18 16:53:42,Pending
13724,3584,2025-02-24 05:24:42,Completed
13725,2190,2024-08-27 17:29:17,Cancelled
13726,3301,2025-04-10 00:54:43,Completed
13727,1129,2024-12-17 10:42:01,Completed
13728,394,2026-06-11 03:04:55,Completed
13729,1690,2025-03-30 08:37:53,Completed
13730,2449,2025-05-06 09:36:33,Completed
13731,516,2026-03-04 01:36:33,Completed
13732,1255,2026-03-14 19:12:14,Completed
13733,2860,2025-12-26 10:07:30,Completed
13734,1258,2026-05-29 00:07:23,Completed
13735,2986,2024-11-14 19:05:12,Completed
13736,1399,2025-11-02 23:28:53,Cancelled
13737,2928,2025-01-07 16:41:30,Cancelled
13738,1782,2026-02-27 14:51:31,Completed
13739,161,2024-12-30 04:56:26,Completed
13740,3720,2024-08-27 18:50:38,Completed
13741,2622,2025-06-23 16:23:01,Completed
13742,732,2024-11-12 18:00:55,Cancelled
13743,3165,2025-06-13 22:34:48,Completed
13744,2129,2025-04-23 10:18:56,Completed
13745,4976,2025-06-22 09:24:34,Completed
13746,3914,2024-12-29 12:10:02,Completed
13747,2188,2025-01-24 12:44:14,Completed
13748,3240,2026-07-25 14:41:07,Pending
13749,4598,2025-06-07 19:46:54,Completed
13750,184,2025-04-30 02:54:28,Completed
13751,2814,2026-01-28 13:51:44,Pending
13752,4609,2025-12-30 13:21:51,Completed
13753,820,2025-09-02 07:10:29,Completed
13754,530,2025-08-05 04:11:52,Completed
13755,3070,2026-02-12 11:41:57,Completed
13756,1255,2026-07-05 15:37:34,Completed
13757,2272,2025-03-13 12:09:30,Completed
13758,2514,2025-08-18 05:56:19,Completed
13759,1354,2026-07-11 15:53:04,Completed
13760,822,2026-01-17 07:22:00,Completed
13761,2258,2025-11-08 20:23:15,Completed
13762,1457,2026-07-12 18:09:22,Completed
13763,2004,2024-09-21 09:05:17,Completed
13764,2756,2025-12-01 21:00:11,Completed
13765,3899,2024-10-28 19:05:37,Completed
13766,3645,2026-03-26 08:41:17,Completed
13767,3107,2026-02-11 02:45:23,Completed
13768,4771,2025-08-05 22:17:38,Completed
13769,3944,2025-06-14 16:29:50,Pending
13770,2672,2024-12-02 01:13:10,Completed
13771,2158,2024-11-29 08:54:42,Completed
13772,1723,2024-12-25 21:56:52,Completed
13773,2507,2024-10-04 06:06:34,Completed
13774,3539,2025-09-13 22:09:14,Completed
13775,4036,2025-01-29 05:00:26,Completed
13776,3364,2025-09-16 05:48:27,Completed
13777,1432,2025-08-01 08:50:14,Cancelled
13778,22,2024-12-16 06:17:59,Completed
13779,2177,2025-01-30 14:54:11,Completed
13780,441,2025-07-27 04:09:30,Completed
13781,1975,2024-09-19 23:26:07,Completed
13782,923,2025-01-20 14:43:07,Completed
13783,2949,2025-09-10 05:07:33,Completed
13784,3823,2026-04-14 07:08:30,Completed
13785,418,2025-05-07 13:50:23,Completed
13786,900,2025-04-09 18:30:33,Completed
13787,2729,2025-02-25 18:05:40,Completed
13788,3788,2024-11-09 03:37:16,Completed
13789,1874,2024-11-07 10:06:52,Completed
13790,2154,2025-07-30 14:17:15,Completed
13791,588,2024-12-28 20:59:53,Completed
13792,2150,2025-12-17 04:10:51,Completed
13793,3963,2025-09-15 01:34:15,Completed
13794,2887,2025-12-26 23:02:52,Cancelled
13795,3837,2025-09-26 10:02:15,Cancelled
13796,2759,2024-12-24 01:18:36,Completed
13797,851,2026-07-12 14:24:29,Completed
13798,2215,2025-12-27 11:41:55,Completed
13799,3997,2025-08-05 11:17:15,Completed
13800,3224,2026-05-11 14:57:17,Completed
13801,3065,2025-03-07 04:31:30,Completed
13802,2573,2024-09-21 12:17:23,Completed
13803,1185,2025-01-15 19:33:24,Completed
13804,3055,2025-08-02 01:53:07,Completed
13805,145,2025-11-09 12:24:10,Completed
13806,4769,2026-06-06 20:10:31,Completed
13807,2819,2024-08-16 21:28:55,Completed
13808,4898,2026-02-13 17:33:18,Completed
13809,3997,2024-11-23 07:29:07,Completed
13810,4109,2025-03-12 20:01:58,Pending
13811,3349,2025-02-05 12:11:31,Completed
13812,1273,2025-06-29 01:08:59,Completed
13813,4350,2025-08-14 11:00:09,Completed
13814,2151,2024-09-05 22:30:56,Completed
13815,964,2025-09-10 23:28:11,Completed
13816,3364,2024-11-02 20:04:04,Completed
13817,1749,2025-10-18 17:38:46,Completed
13818,2474,2025-11-05 20:14:00,Completed
13819,2463,2026-05-10 19:10:29,Pending
13820,834,2025-03-26 16:50:34,Completed
13821,4858,2025-01-26 06:49:00,Cancelled
13822,3643,2025-03-19 05:12:51,Completed
13823,787,2025-10-21 01:44:47,Completed
13824,4037,2026-02-25 03:17:06,Completed
13825,4008,2025-07-22 17:15:53,Completed
13826,2012,2025-10-09 22:34:08,Cancelled
13827,1020,2026-02-09 12:24:34,Completed
13828,2617,2025-10-08 23:39:15,Completed
13829,342,2024-08-21 13:25:33,Completed
13830,1776,2024-08-19 01:39:43,Completed
13831,2322,2026-03-09 07:21:12,Completed
13832,3297,2024-08-15 18:30:42,Pending
13833,3781,2024-12-25 17:52:53,Pending
13834,4985,2025-03-30 09:01:51,Completed
13835,826,2025-09-27 07:00:20,Pending
13836,3770,2025-11-01 20:00:26,Completed
13837,256,2025-01-30 06:31:37,Completed
13838,323,2024-12-26 12:54:39,Completed
13839,3591,2024-10-28 05:40:35,Completed
13840,3140,2025-05-13 04:50:03,Completed
13841,2210,2025-08-14 16:18:22,Completed
13842,4005,2025-09-19 17:49:38,Completed
13843,4894,2025-09-11 03:46:36,Completed
13844,4334,2025-03-07 19:13:35,Completed
13845,802,2025-11-04 19:38:41,Completed
13846,1279,2025-11-14 23:27:40,Completed
13847,2992,2025-08-16 19:31:30,Completed
13848,1937,2025-11-11 11:45:23,Completed
13849,4796,2025-01-01 17:42:53,Completed
13850,3292,2025-11-01 09:47:51,Completed
13851,2892,2026-01-05 06:03:08,Cancelled
13852,3510,2025-04-23 18:49:41,Completed
13853,1968,2025-08-14 16:43:56,Completed
13854,2917,2025-02-25 07:54:27,Completed
13855,4869,2025-03-04 20:04:47,Completed
13856,4007,2025-08-22 09:03:48,Pending
13857,1050,2026-04-09 20:15:01,Completed
13858,4411,2026-04-27 04:24:37,Completed
13859,700,2025-11-14 21:11:15,Cancelled
13860,1889,2025-11-15 11:47:37,Completed
13861,873,2026-05-15 21:38:25,Completed
13862,60,2025-12-02 20:10:37,Pending
13863,1553,2025-01-26 04:51:27,Pending
13864,3835,2025-10-23 05:02:34,Cancelled
13865,2539,2025-03-07 19:13:53,Completed
13866,2538,2025-05-21 15:12:50,Cancelled
13867,1858,2025-10-07 14:17:57,Completed
13868,1844,2026-03-05 15:20:38,Completed
13869,4652,2025-07-12 04:21:03,Completed
13870,513,2026-03-27 16:09:43,Cancelled
13871,2196,2024-09-26 16:29:13,Completed
13872,184,2025-01-08 10:26:46,Completed
13873,91,2026-02-11 20:58:02,Completed
13874,3738,2025-11-07 20:53:57,Completed
13875,1871,2026-03-21 13:04:12,Completed
13876,3580,2024-11-20 16:26:38,Completed
13877,4594,2026-04-26 22:16:35,Completed
13878,3194,2024-09-13 06:42:13,Completed
13879,4208,2025-01-23 18:31:41,Completed
13880,2808,2024-11-12 21:01:10,Completed
13881,3401,2024-11-28 12:47:37,Completed
13882,3858,2024-09-17 20:25:24,Completed
13883,2167,2025-08-10 13:22:05,Completed
13884,560,2025-07-08 06:17:48,Completed
13885,4150,2025-06-08 07:27:15,Completed
13886,4286,2024-12-26 20:20:20,Completed
13887,4779,2025-11-01 07:20:00,Completed
13888,1035,2026-05-13 07:50:10,Completed
13889,1607,2026-01-18 02:58:45,Completed
13890,1362,2025-01-31 23:04:56,Pending
13891,1364,2026-07-10 20:15:19,Completed
13892,1304,2024-11-05 05:32:26,Completed
13893,677,2025-01-04 20:55:16,Cancelled
13894,4798,2025-03-31 09:10:23,Completed
13895,4478,2026-03-31 12:01:59,Completed
13896,1203,2026-07-01 11:45:27,Completed
13897,2508,2025-03-06 19:46:33,Completed
13898,2609,2025-09-24 02:04:59,Completed
13899,2164,2024-08-25 22:12:49,Completed
13900,2236,2025-12-05 04:58:43,Completed
13901,3050,2025-09-14 04:08:20,Completed
13902,1482,2024-11-07 14:55:30,Completed
13903,2598,2025-02-12 04:20:13,Completed
13904,626,2025-08-17 21:20:35,Completed
13905,800,2026-04-26 20:28:46,Completed
13906,4361,2024-12-25 15:16:06,Completed
13907,2807,2024-11-14 10:45:30,Pending
13908,3130,2025-11-23 14:14:17,Cancelled
13909,1537,2025-09-02 09:31:33,Completed
13910,150,2024-12-20 14:12:16,Completed
13911,1183,2026-01-01 22:10:28,Pending
13912,4528,2025-09-22 03:35:18,Completed
13913,4423,2025-12-29 09:09:10,Completed
13914,4859,2025-07-05 00:15:14,Completed
13915,3514,2025-10-27 11:53:45,Completed
13916,817,2024-11-04 05:25:56,Completed
13917,2290,2025-07-14 01:03:34,Completed
13918,658,2026-07-10 06:51:19,Completed
13919,1103,2025-07-21 08:04:08,Completed
13920,611,2026-07-02 04:24:40,Completed
13921,4279,2026-01-14 10:25:46,Completed
13922,1991,2025-11-10 15:24:00,Completed
13923,489,2024-08-21 19:02:48,Completed
13924,912,2025-07-17 05:47:35,Completed
13925,1385,2026-04-04 22:58:20,Completed
13926,3189,2026-06-28 03:46:18,Pending
13927,14,2025-04-15 04:16:01,Completed
13928,3235,2025-04-07 12:32:17,Cancelled
13929,3840,2024-09-07 02:24:49,Cancelled
13930,379,2024-10-21 11:39:38,Completed
13931,87,2025-06-20 07:40:25,Cancelled
13932,3959,2026-08-03 14:59:45,Completed
13933,4453,2026-04-23 14:21:23,Completed
13934,3810,2025-08-08 09:06:27,Completed
13935,4946,2024-10-27 03:48:38,Completed
13936,3959,2026-01-11 02:30:44,Completed
13937,3955,2025-12-10 05:07:12,Completed
13938,539,2025-09-09 02:31:10,Completed
13939,1520,2025-01-28 06:38:31,Cancelled
13940,4088,2025-01-01 19:58:54,Completed
13941,2310,2025-06-04 01:29:29,Completed
13942,4229,2026-06-29 02:54:02,Completed
13943,405,2025-08-01 09:02:19,Completed
13944,844,2026-03-27 03:04:38,Completed
13945,4705,2024-10-17 17:40:07,Completed
13946,1853,2025-01-16 19:51:20,Completed
13947,1326,2024-10-03 12:08:06,Completed
13948,2437,2026-05-15 08:54:33,Completed
13949,3282,2026-02-06 19:39:48,Completed
13950,3518,2025-06-19 23:42:24,Completed
13951,895,2024-11-26 01:41:30,Completed
13952,683,2024-08-27 21:57:09,Completed
13953,2646,2026-05-02 10:25:24,Completed
13954,1890,2024-09-27 22:40:01,Completed
13955,168,2024-12-07 23:35:07,Completed
13956,2050,2025-12-26 13:37:30,Completed
13957,4663,2025-08-28 15:54:33,Pending
13958,4625,2025-02-24 00:36:27,Completed
13959,3986,2025-12-31 05:06:58,Completed
13960,1880,2024-09-30 22:41:04,Completed
13961,2755,2024-09-08 19:31:01,Completed
13962,938,2025-07-19 11:25:20,Completed
13963,4884,2025-04-24 22:44:45,Completed
13964,435,2025-03-11 12:37:18,Completed
13965,567,2025-05-02 08:05:09,Completed
13966,3062,2025-03-31 10:17:24,Completed
13967,818,2025-03-15 04:22:58,Completed
13968,4464,2026-07-03 04:21:19,Completed
13969,3206,2026-06-01 23:36:09,Completed
13970,89,2025-08-22 09:32:52,Completed
13971,1435,2026-04-07 15:59:53,Completed
13972,2721,2025-04-01 13:07:10,Cancelled
13973,549,2025-10-15 00:35:48,Completed
13974,3261,2026-07-20 12:37:30,Completed
13975,2793,2025-11-22 21:23:56,Cancelled
13976,3290,2025-09-30 13:57:16,Completed
13977,1152,2024-09-04 21:56:50,Completed
13978,3469,2026-01-22 10:47:44,Completed
13979,206,2026-07-01 09:32:47,Completed
13980,4179,2024-12-13 05:41:43,Completed
13981,2264,2025-11-08 06:04:55,Completed
13982,1160,2026-06-22 00:34:09,Completed
13983,4944,2024-09-22 13:26:17,Completed
13984,3016,2026-02-03 08:24:27,Completed
13985,4125,2025-12-09 12:01:02,Completed
13986,1574,2025-02-08 07:13:57,Completed
13987,678,2024-11-30 13:53:57,Pending
13988,2967,2026-02-14 06:01:35,Completed
13989,2673,2026-06-17 18:06:04,Completed
13990,3933,2024-11-07 07:46:24,Completed
13991,2079,2025-11-16 03:33:19,Completed
13992,1784,2025-04-15 20:52:32,Completed
13993,2828,2025-07-27 07:32:24,Completed
13994,1335,2024-11-05 04:35:44,Completed
13995,2493,2025-05-31 09:42:41,Pending
13996,725,2024-11-20 23:45:50,Completed
13997,4449,2025-05-06 14:55:10,Completed
13998,711,2024-11-03 02:24:21,Completed
13999,3012,2025-08-04 16:11:29,Completed
14000,4776,2024-09-28 01:31:21,Completed
14001,4639,2026-01-09 00:41:02,Completed
14002,1807,2025-06-02 09:07:58,Completed
14003,4939,2024-10-08 12:10:30,Completed
14004,4037,2024-10-30 13:44:28,Cancelled
14005,668,2025-12-21 03:18:07,Completed
14006,220,2024-11-27 06:22:03,Completed
14007,2830,2026-07-11 13:36:28,Completed
14008,3702,2026-04-27 20:16:35,Cancelled
14009,4696,2025-04-23 13:01:01,Completed
14010,1062,2025-10-17 13:20:51,Completed
14011,3130,2026-01-27 14:45:34,Pending
14012,764,2024-12-15 16:34:26,Cancelled
14013,2076,2024-08-27 00:10:26,Completed
14014,1900,2026-05-16 20:11:30,Completed
14015,4549,2024-09-21 17:39:14,Completed
14016,1711,2026-07-22 11:52:06,Completed
14017,3156,2025-04-04 17:15:46,Completed
14018,945,2025-08-23 01:56:42,Completed
14019,3716,2026-05-26 11:47:27,Completed
14020,3308,2024-12-10 03:58:14,Completed
14021,3569,2025-10-29 18:13:44,Completed
14022,77,2025-05-22 16:38:36,Completed
14023,1839,2026-05-11 23:46:02,Completed
14024,4810,2024-11-27 14:47:05,Completed
14025,3728,2025-06-23 21:11:13,Completed
14026,1911,2025-12-09 08:34:33,Completed
14027,3871,2025-11-08 19:00:41,Completed
14028,366,2025-11-30 09:07:48,Completed
14029,1451,2026-01-11 22:11:24,Completed
14030,3443,2026-06-03 16:22:24,Completed
14031,3697,2025-03-05 18:58:02,Completed
14032,4095,2025-06-10 22:28:56,Completed
14033,2163,2025-01-26 18:21:32,Cancelled
14034,2788,2025-03-18 06:36:40,Completed
14035,3,2025-07-18 01:50:35,Completed
14036,2302,2025-12-21 20:33:09,Completed
14037,354,2024-12-05 19:18:52,Completed
14038,3595,2025-01-02 19:58:20,Completed
14039,1780,2025-09-02 05:20:28,Completed
14040,4436,2025-06-22 22:17:01,Pending
14041,2822,2025-04-08 20:21:38,Completed
14042,2793,2026-05-30 13:55:05,Completed
14043,1329,2025-12-05 00:40:31,Completed
14044,3728,2024-08-18 02:16:48,Completed
14045,4782,2025-01-09 07:40:54,Completed
14046,2949,2024-12-27 19:46:48,Completed
14047,2449,2024-09-13 06:43:50,Completed
14048,3388,2024-09-06 17:14:18,Completed
14049,862,2024-12-21 11:16:19,Completed
14050,3966,2025-12-07 21:08:02,Cancelled
14051,4720,2026-05-15 14:53:36,Completed
14052,2513,2025-05-29 01:23:18,Completed
14053,2966,2026-02-17 23:21:59,Completed
14054,2877,2025-04-04 13:07:16,Completed
14055,3780,2024-12-09 02:34:42,Completed
14056,4631,2024-09-01 18:14:52,Completed
14057,1243,2025-04-17 15:31:49,Completed
14058,4724,2024-08-13 06:43:03,Completed
14059,4153,2026-05-30 07:25:49,Completed
14060,203,2026-05-14 13:10:50,Completed
14061,4752,2026-04-24 05:39:16,Pending
14062,4158,2024-10-12 05:35:07,Completed
14063,3115,2024-12-09 11:59:10,Completed
14064,2858,2024-08-12 19:18:15,Completed
14065,94,2025-11-04 01:38:48,Completed
14066,3105,2024-09-11 04:02:33,Completed
14067,4895,2025-12-17 19:09:09,Completed
14068,3341,2025-06-19 04:52:40,Pending
14069,4255,2025-05-23 15:00:11,Completed
14070,3357,2025-07-02 01:34:42,Completed
14071,3903,2024-12-29 00:54:09,Pending
14072,3628,2025-05-08 07:08:35,Completed
14073,3738,2025-01-06 18:14:43,Completed
14074,3069,2024-09-02 18:28:41,Completed
14075,1681,2025-05-27 00:18:04,Completed
14076,3329,2026-06-08 07:26:26,Completed
14077,1826,2026-07-27 04:36:42,Completed
14078,4828,2025-12-22 23:14:55,Completed
14079,3638,2025-01-30 21:20:02,Pending
14080,700,2025-12-28 11:04:16,Pending
14081,3587,2026-06-23 15:35:11,Completed
14082,2930,2026-07-18 20:18:31,Completed
14083,4538,2024-09-26 15:18:20,Completed
14084,1413,2026-04-30 11:07:37,Completed
14085,267,2025-08-17 17:18:48,Completed
14086,1376,2026-02-17 06:34:59,Completed
14087,1344,2024-08-29 14:56:57,Completed
14088,1982,2024-08-25 20:09:24,Pending
14089,1173,2024-11-20 01:43:12,Completed
14090,4829,2025-04-21 13:56:53,Cancelled
14091,2067,2025-06-15 09:31:48,Completed
14092,185,2025-10-31 15:16:37,Completed
14093,226,2024-12-31 05:42:46,Completed
14094,3096,2026-03-12 12:08:54,Completed
14095,2119,2026-04-21 01:17:09,Completed
14096,19,2026-03-01 08:49:30,Completed
14097,2817,2024-09-14 17:32:22,Completed
14098,1563,2025-01-04 02:13:51,Completed
14099,4405,2025-01-22 14:36:36,Completed
14100,2647,2024-11-12 10:58:17,Completed
14101,4906,2025-04-02 17:46:18,Completed
14102,1119,2026-07-12 14:34:30,Completed
14103,1987,2026-02-19 01:47:48,Completed
14104,398,2024-10-29 08:48:37,Pending
14105,3134,2026-03-25 18:05:42,Completed
14106,2171,2025-11-19 15:25:29,Completed
14107,4553,2024-11-20 06:04:19,Completed
14108,4356,2025-03-22 19:19:23,Completed
14109,2791,2025-02-09 03:27:29,Completed
14110,954,2025-01-04 05:34:23,Cancelled
14111,4263,2024-11-11 04:23:06,Completed
14112,2097,2026-05-06 19:46:03,Completed
14113,2868,2025-11-11 02:03:42,Cancelled
14114,1173,2025-05-02 08:28:32,Completed
14115,53,2025-01-15 01:47:27,Completed
14116,3638,2025-01-14 01:05:53,Completed
14117,2480,2025-02-05 14:17:04,Cancelled
14118,2992,2024-12-18 03:15:17,Completed
14119,245,2026-06-02 21:28:53,Completed
14120,3476,2026-03-12 01:55:06,Completed
14121,3659,2025-03-17 11:09:31,Completed
14122,225,2024-10-19 13:45:14,Completed
14123,345,2024-10-15 14:20:40,Completed
14124,4835,2024-11-20 01:02:54,Cancelled
14125,1383,2025-05-25 03:14:41,Completed
14126,616,2026-05-29 03:20:47,Cancelled
14127,281,2025-10-25 00:03:02,Cancelled
14128,763,2025-08-26 13:37:18,Completed
14129,2671,2025-03-24 04:14:21,Completed
14130,3398,2025-06-23 10:44:16,Cancelled
14131,4849,2026-07-29 22:36:41,Completed
14132,1080,2025-04-03 01:58:53,Completed
14133,3867,2026-04-16 01:17:28,Completed
14134,3966,2026-07-20 15:25:12,Completed
14135,4255,2026-05-24 23:40:49,Completed
14136,625,2024-10-16 20:18:17,Completed
14137,1291,2024-12-08 05:26:43,Completed
14138,4649,2025-04-20 00:16:20,Completed
14139,3349,2025-08-16 21:05:22,Completed
14140,927,2025-01-07 18:27:53,Completed
14141,4731,2025-10-27 12:23:20,Completed
14142,2462,2025-05-18 15:18:29,Completed
14143,69,2026-08-04 16:33:50,Completed
14144,1498,2025-08-03 10:38:52,Completed
14145,4150,2025-07-16 23:21:58,Pending
14146,37,2026-04-12 11:40:49,Pending
14147,644,2026-07-31 13:01:22,Completed
14148,1465,2025-01-24 10:47:58,Completed
14149,2558,2024-08-27 14:04:29,Completed
14150,650,2026-03-01 21:56:57,Completed
14151,174,2025-02-11 19:17:28,Completed
14152,1305,2025-04-18 22:30:45,Completed
14153,30,2026-07-29 00:28:50,Pending
14154,4007,2025-05-28 20:58:22,Completed
14155,3003,2025-01-19 05:22:53,Cancelled
14156,548,2025-04-10 10:51:10,Completed
14157,4341,2024-11-27 07:01:03,Completed
14158,1127,2025-07-08 03:35:42,Completed
14159,559,2024-11-21 01:41:06,Pending
14160,2205,2026-05-13 03:05:25,Completed
14161,1079,2024-08-26 20:38:59,Completed
14162,2618,2025-04-29 07:57:09,Completed
14163,147,2024-12-30 10:54:07,Completed
14164,2913,2025-09-09 20:30:43,Completed
14165,4679,2025-09-02 19:58:09,Completed
14166,2260,2026-02-03 23:49:48,Completed
14167,417,2024-12-14 05:31:18,Completed
14168,3263,2024-11-17 20:28:05,Pending
14169,4380,2026-06-18 04:28:50,Cancelled
14170,2799,2024-11-16 21:10:17,Completed
14171,4448,2026-05-08 01:45:59,Cancelled
14172,1546,2025-05-03 09:49:38,Completed
14173,4693,2025-11-28 17:49:21,Cancelled
14174,4159,2025-08-02 04:34:29,Cancelled
14175,1162,2024-08-10 02:08:45,Cancelled
14176,4550,2024-10-31 07:17:00,Completed
14177,4382,2025-05-19 06:23:41,Completed
14178,86,2024-12-18 04:26:21,Completed
14179,721,2025-04-14 06:35:56,Completed
14180,2750,2026-03-13 17:46:04,Completed
14181,4870,2024-11-25 10:13:48,Completed
14182,1103,2025-01-10 23:23:20,Completed
14183,619,2025-10-24 17:00:30,Completed
14184,4355,2025-06-07 11:36:48,Completed
14185,817,2024-09-22 21:29:14,Completed
14186,3771,2026-07-01 14:30:13,Pending
14187,2990,2026-04-29 21:55:35,Pending
14188,876,2025-06-17 04:50:59,Completed
14189,4067,2026-02-11 23:51:22,Completed
14190,3960,2024-11-25 15:41:26,Completed
14191,227,2026-06-13 16:28:19,Completed
14192,2871,2026-04-02 12:47:33,Pending
14193,1071,2025-04-15 09:58:10,Pending
14194,4607,2025-08-16 23:09:31,Completed
14195,2891,2024-09-04 15:33:09,Completed
14196,1859,2025-02-09 19:23:39,Completed
14197,4630,2025-12-16 17:37:18,Completed
14198,31,2025-07-05 14:33:36,Completed
14199,4714,2025-08-13 18:17:32,Completed
14200,1620,2025-08-29 01:13:44,Completed
14201,4797,2026-04-21 14:26:49,Completed
14202,1324,2025-09-19 21:26:26,Completed
14203,845,2026-06-02 15:49:55,Completed
14204,3048,2026-07-20 01:11:41,Cancelled
14205,1024,2026-03-16 00:17:06,Pending
14206,1729,2026-04-24 14:19:17,Completed
14207,3635,2025-06-04 17:46:06,Pending
14208,4928,2026-05-21 10:33:02,Completed
14209,159,2024-11-02 10:09:48,Cancelled
14210,3823,2026-04-23 18:49:42,Completed
14211,3765,2025-10-24 04:48:29,Completed
14212,907,2025-03-24 23:38:36,Cancelled
14213,2538,2024-11-08 12:15:50,Cancelled
14214,2450,2025-03-20 16:11:22,Completed
14215,3832,2024-10-07 15:28:04,Completed
14216,4775,2026-04-28 11:14:53,Completed
14217,3158,2025-12-09 08:25:50,Completed
14218,4926,2025-03-20 15:51:57,Pending
14219,4469,2024-11-20 04:25:23,Completed
14220,575,2026-01-27 22:39:43,Completed
14221,4712,2025-07-17 00:07:24,Cancelled
14222,3849,2025-01-28 19:42:17,Completed
14223,1931,2026-03-03 17:15:11,Completed
14224,3558,2026-07-23 05:07:56,Completed
14225,3778,2024-09-14 18:36:16,Completed
14226,2113,2024-11-01 07:26:17,Completed
14227,2505,2024-12-14 05:48:51,Completed
14228,2807,2025-09-30 16:44:42,Completed
14229,3789,2025-03-13 18:40:41,Completed
14230,1350,2024-12-17 17:12:27,Completed
14231,3084,2025-07-18 01:35:15,Completed
14232,904,2024-08-14 07:29:43,Completed
14233,3327,2026-04-05 11:08:19,Completed
14234,2519,2026-04-18 03:14:54,Completed
14235,4248,2024-09-11 21:59:13,Completed
14236,353,2025-09-27 06:01:33,Completed
14237,4681,2025-04-21 03:04:14,Pending
14238,1855,2025-08-19 18:03:39,Completed
14239,4375,2026-01-17 15:06:34,Completed
14240,2432,2025-01-29 16:42:10,Completed
14241,3858,2024-09-25 22:51:34,Completed
14242,3431,2025-10-23 15:07:26,Cancelled
14243,251,2025-10-02 14:13:53,Completed
14244,4650,2025-04-18 07:45:42,Completed
14245,4927,2025-03-17 21:23:24,Pending
14246,2903,2025-10-28 10:19:39,Completed
14247,3915,2026-06-17 00:07:45,Completed
14248,2360,2026-07-28 18:45:33,Completed
14249,3322,2025-04-19 23:08:23,Completed
14250,1134,2025-03-09 17:09:51,Completed
14251,2144,2026-06-06 14:26:09,Completed
14252,271,2025-07-12 09:43:17,Completed
14253,4912,2026-01-09 12:55:48,Completed
14254,4878,2025-08-11 13:14:20,Completed
14255,2199,2025-03-28 06:14:22,Cancelled
14256,481,2025-11-12 20:49:48,Cancelled
14257,2721,2024-11-08 10:07:52,Completed
14258,1981,2025-12-30 01:05:12,Completed
14259,932,2024-11-19 01:32:39,Completed
14260,1511,2025-07-27 00:40:49,Completed
14261,3245,2025-08-13 02:42:47,Completed
14262,540,2025-09-16 23:32:38,Completed
14263,2690,2025-06-23 02:30:35,Completed
14264,105,2026-05-10 15:19:37,Completed
14265,539,2025-08-13 15:49:52,Completed
14266,1032,2025-11-20 16:40:24,Cancelled
14267,1825,2024-12-14 18:41:58,Completed
14268,2704,2025-04-19 11:38:16,Completed
14269,2236,2025-07-25 01:12:32,Completed
14270,2509,2025-11-06 21:17:12,Completed
14271,4713,2024-12-28 21:09:09,Completed
14272,1986,2026-01-07 12:24:49,Completed
14273,2647,2025-07-29 15:33:29,Completed
14274,3404,2025-09-30 04:23:57,Cancelled
14275,3943,2026-05-13 02:34:18,Completed
14276,676,2025-11-15 04:25:36,Cancelled
14277,2042,2026-02-17 04:35:41,Completed
14278,163,2025-02-23 22:06:51,Completed
14279,1362,2024-12-08 07:26:59,Completed
14280,1340,2025-01-10 19:09:16,Completed
14281,3810,2025-01-10 10:23:03,Completed
14282,1936,2026-02-16 07:24:21,Completed
14283,87,2026-05-02 22:14:56,Pending
14284,1662,2025-04-25 03:58:26,Completed
14285,4611,2025-07-01 04:10:58,Pending
14286,311,2025-03-02 15:18:56,Completed
14287,456,2025-09-17 11:06:50,Completed
14288,3714,2025-08-24 12:27:05,Completed
14289,2554,2025-12-19 16:09:06,Completed
14290,3700,2026-07-19 00:56:05,Completed
14291,2044,2025-04-05 18:01:06,Completed
14292,2662,2025-02-13 17:47:55,Completed
14293,431,2025-04-03 16:31:55,Completed
14294,2328,2026-01-22 12:39:28,Completed
14295,2037,2025-12-24 14:55:55,Completed
14296,4037,2025-12-12 12:43:19,Completed
14297,502,2025-08-21 16:12:56,Completed
14298,3629,2024-12-22 23:55:33,Cancelled
14299,2193,2025-07-22 23:02:26,Cancelled
14300,1841,2025-02-16 23:31:10,Completed
14301,2505,2025-11-27 06:19:54,Cancelled
14302,4707,2025-12-22 00:04:27,Completed
14303,158,2025-03-24 08:44:20,Completed
14304,1737,2025-10-09 02:47:28,Completed
14305,4833,2025-07-14 17:20:06,Completed
14306,2841,2026-06-08 16:53:48,Completed
14307,3841,2025-08-19 23:03:48,Completed
14308,1823,2025-07-16 10:14:58,Completed
14309,1624,2025-01-26 02:30:50,Completed
14310,4186,2025-02-14 21:14:30,Pending
14311,1814,2026-07-01 01:45:38,Completed
14312,3944,2025-09-08 02:25:27,Completed
14313,2789,2024-08-07 06:08:25,Completed
14314,1706,2025-03-20 04:32:08,Pending
14315,1885,2025-01-20 04:41:37,Completed
14316,832,2025-12-17 00:27:44,Completed
14317,1250,2025-10-23 07:37:22,Completed
14318,3897,2025-05-19 07:04:30,Cancelled
14319,178,2024-09-20 11:02:07,Completed
14320,4414,2026-04-12 00:30:56,Completed
14321,3758,2026-08-01 19:41:00,Completed
14322,1981,2026-04-24 03:51:09,Completed
14323,368,2026-08-02 09:50:29,Completed
14324,595,2026-06-10 09:10:13,Completed
14325,1029,2025-02-23 06:43:09,Completed
14326,1082,2025-10-09 15:12:16,Completed
14327,233,2025-12-21 07:48:10,Completed
14328,736,2026-08-01 03:26:06,Completed
14329,2921,2024-11-24 17:12:12,Completed
14330,4085,2026-06-22 21:32:55,Pending
14331,4815,2024-09-29 18:49:10,Cancelled
14332,2186,2025-07-08 15:15:28,Completed
14333,429,2025-10-29 17:00:20,Completed
14334,1248,2025-08-29 22:47:02,Completed
14335,2451,2025-05-26 15:35:06,Cancelled
14336,3222,2024-10-13 00:01:17,Completed
14337,645,2026-05-16 11:52:57,Completed
14338,1281,2026-06-04 16:50:14,Completed
14339,3050,2025-10-05 14:26:19,Completed
14340,1079,2025-05-07 18:39:42,Completed
14341,4184,2026-02-11 05:30:57,Completed
14342,292,2025-09-29 19:53:10,Cancelled
14343,4235,2025-02-13 13:51:37,Pending
14344,747,2025-08-10 10:59:32,Completed
14345,2829,2025-02-09 18:37:45,Cancelled
14346,2862,2024-09-23 02:20:58,Completed
14347,1829,2026-04-01 06:12:37,Completed
14348,2541,2025-11-18 09:19:35,Completed
14349,2081,2026-03-11 12:38:41,Cancelled
14350,561,2025-09-10 02:45:33,Completed
14351,3854,2026-05-02 11:32:23,Completed
14352,4074,2026-02-11 06:24:52,Completed
14353,2573,2026-05-12 07:27:57,Completed
14354,994,2026-03-26 23:18:52,Completed
14355,3214,2026-02-24 10:31:18,Completed
14356,1890,2026-01-26 18:29:25,Completed
14357,4219,2026-02-17 13:15:08,Completed
14358,1077,2025-10-19 11:18:42,Cancelled
14359,3356,2025-12-10 10:47:35,Completed
14360,3528,2025-01-21 19:44:11,Completed
14361,3363,2025-02-02 04:14:53,Completed
14362,610,2026-06-11 09:39:51,Completed
14363,4395,2026-05-06 21:11:45,Completed
14364,3544,2026-04-19 19:12:19,Completed
14365,1077,2024-08-14 05:56:11,Pending
14366,7,2025-03-17 13:39:12,Completed
14367,600,2026-02-18 18:35:26,Completed
14368,2369,2025-09-05 23:02:42,Completed
14369,2576,2025-02-18 10:30:53,Completed
14370,3158,2025-01-27 14:26:53,Completed
14371,2937,2025-08-29 17:42:00,Completed
14372,3441,2025-03-28 03:37:20,Completed
14373,3774,2025-09-13 12:11:41,Completed
14374,2508,2026-06-08 23:50:26,Completed
14375,1768,2025-03-06 02:45:41,Completed
14376,3461,2026-08-03 10:24:16,Pending
14377,4139,2026-07-26 13:18:16,Pending
14378,4857,2024-10-12 01:15:42,Pending
14379,362,2026-07-30 11:19:54,Pending
14380,2331,2025-06-03 13:37:31,Completed
14381,3421,2025-03-26 20:04:15,Completed
14382,411,2026-07-01 00:37:36,Completed
14383,4915,2026-01-25 08:04:24,Completed
14384,4207,2025-04-25 23:17:59,Completed
14385,4566,2025-07-05 17:43:20,Pending
14386,4866,2026-02-10 09:47:25,Completed
14387,2303,2026-04-29 05:00:10,Completed
14388,3201,2025-06-16 20:34:01,Completed
14389,3162,2025-11-29 21:04:43,Cancelled
14390,4546,2026-03-01 04:31:31,Completed
14391,3340,2025-01-14 01:11:59,Cancelled
14392,3876,2024-09-14 08:48:48,Completed
14393,2887,2026-05-25 06:56:34,Pending
14394,2894,2025-05-25 22:37:36,Cancelled
14395,4882,2026-01-14 09:38:45,Pending
14396,2872,2024-12-04 21:57:47,Completed
14397,4844,2024-09-16 04:10:17,Completed
14398,3279,2026-01-21 13:03:40,Completed
14399,4394,2025-05-07 17:17:43,Completed
14400,3115,2025-01-12 10:49:00,Completed
14401,4293,2024-09-15 22:30:34,Pending
14402,3926,2025-04-23 07:15:35,Cancelled
14403,4000,2026-02-14 16:20:53,Completed
14404,15,2024-08-31 17:54:49,Completed
14405,4539,2025-03-28 22:16:45,Completed
14406,2379,2025-07-11 00:59:59,Completed
14407,1583,2024-08-15 20:46:22,Completed
14408,2882,2026-03-29 03:03:09,Completed
14409,146,2025-08-23 18:58:11,Completed
14410,1830,2026-02-08 04:11:40,Completed
14411,236,2025-06-14 05:02:42,Cancelled
14412,1819,2025-10-06 17:54:58,Pending
14413,3280,2026-04-16 17:20:25,Completed
14414,4264,2025-06-10 05:21:44,Completed
14415,4785,2025-05-28 11:54:39,Completed
14416,4667,2025-02-17 08:19:01,Completed
14417,2092,2025-10-24 11:50:00,Completed
14418,2327,2025-10-11 03:11:29,Completed
14419,1675,2026-01-21 20:34:19,Completed
14420,651,2025-10-07 00:16:48,Completed
14421,3939,2026-07-17 07:27:27,Completed
14422,290,2026-04-04 04:06:13,Cancelled
14423,3105,2025-12-02 08:49:40,Completed
14424,3424,2026-06-17 17:30:23,Completed
14425,561,2024-12-15 17:25:38,Completed
14426,2766,2026-04-02 19:37:12,Completed
14427,828,2025-04-14 20:26:09,Pending
14428,2494,2026-01-15 12:01:36,Completed
14429,373,2025-05-08 22:48:36,Completed
14430,4978,2026-01-09 14:15:54,Completed
14431,3295,2025-02-16 15:37:31,Completed
14432,2488,2026-04-25 11:44:12,Completed
14433,733,2026-08-02 01:32:43,Completed
14434,3596,2025-08-07 10:23:50,Completed
14435,1201,2024-08-10 16:58:23,Pending
14436,266,2025-04-14 14:52:53,Completed
14437,4336,2024-08-11 11:03:11,Completed
14438,2836,2026-03-21 21:28:13,Completed
14439,1753,2026-04-01 23:42:31,Completed
14440,3848,2025-03-30 05:50:32,Completed
14441,3950,2024-10-27 02:22:55,Completed
14442,151,2025-08-11 23:11:31,Completed
14443,815,2025-07-03 10:23:10,Completed
14444,4565,2026-01-30 23:05:45,Completed
14445,4849,2024-12-28 16:23:26,Completed
14446,3406,2024-08-25 18:59:05,Completed
14447,2320,2025-07-23 00:54:30,Completed
14448,1260,2025-09-03 08:03:35,Pending
14449,848,2024-10-05 13:03:10,Completed
14450,472,2025-05-04 20:16:51,Completed
14451,3072,2024-09-09 21:03:34,Cancelled
14452,2377,2026-05-10 00:19:45,Completed
14453,195,2026-08-03 21:26:40,Completed
14454,2803,2025-04-16 07:53:00,Completed
14455,257,2025-09-25 16:12:44,Completed
14456,299,2026-05-25 19:35:27,Completed
14457,4802,2026-06-11 05:42:48,Cancelled
14458,1711,2024-08-23 06:48:01,Completed
14459,4064,2025-07-22 02:06:05,Completed
14460,3754,2026-03-21 13:35:09,Completed
14461,4178,2025-04-20 18:00:00,Completed
14462,2539,2025-09-22 10:49:11,Completed
14463,3210,2026-07-28 18:03:19,Completed
14464,1657,2025-03-05 12:10:23,Completed
14465,2311,2025-03-07 16:17:54,Completed
14466,1801,2026-04-16 20:47:38,Completed
14467,487,2025-02-03 05:18:47,Pending
14468,4754,2025-06-11 03:54:52,Pending
14469,1831,2025-07-25 00:53:16,Completed
14470,2517,2025-01-23 05:00:17,Completed
14471,1852,2025-08-24 15:06:53,Cancelled
14472,4029,2025-03-19 07:18:28,Completed
14473,2278,2025-01-26 14:14:29,Completed
14474,4655,2025-10-20 03:22:37,Completed
14475,3382,2024-10-26 08:43:41,Completed
14476,2224,2025-09-25 17:45:02,Completed
14477,3175,2024-08-25 11:38:15,Completed
14478,4068,2025-09-28 16:33:17,Completed
14479,2943,2024-09-06 21:34:17,Pending
14480,4962,2025-09-14 05:40:38,Completed
14481,1285,2024-08-25 09:34:24,Completed
14482,1272,2026-06-13 11:12:52,Completed
14483,2682,2025-03-28 21:22:49,Completed
14484,457,2024-11-08 11:49:55,Pending
14485,1044,2026-04-06 16:28:23,Completed
14486,1063,2025-05-10 01:07:50,Completed
14487,2351,2024-08-29 03:17:22,Pending
14488,3132,2025-10-17 02:12:45,Completed
14489,3700,2026-02-25 16:26:47,Completed
14490,837,2024-09-01 14:21:19,Completed
14491,646,2025-03-21 20:10:11,Completed
14492,4249,2025-09-27 14:11:44,Completed
14493,357,2025-02-23 20:29:41,Completed
14494,838,2025-02-11 06:52:10,Cancelled
14495,1360,2026-07-15 16:58:21,Completed
14496,4153,2025-09-25 04:52:23,Completed
14497,99,2026-06-10 09:22:44,Completed
14498,3382,2026-01-01 07:02:09,Completed
14499,356,2024-12-24 02:23:28,Completed
14500,941,2026-06-27 01:16:20,Completed
14501,1782,2025-10-07 14:27:21,Completed
14502,3997,2026-01-06 17:56:10,Completed
14503,2408,2026-01-02 04:30:28,Completed
14504,3981,2024-11-04 18:04:12,Completed
14505,276,2026-05-13 09:48:55,Completed
14506,3127,2026-05-23 13:14:41,Completed
14507,3411,2025-06-09 15:22:44,Pending
14508,1152,2026-02-05 22:18:12,Completed
14509,2646,2025-12-21 23:44:51,Completed
14510,2309,2025-08-25 07:24:03,Completed
14511,1273,2025-10-14 06:03:59,Pending
14512,1312,2025-01-02 17:22:39,Completed
14513,2127,2024-09-03 19:32:52,Completed
14514,1223,2025-05-29 21:27:15,Completed
14515,4459,2026-06-08 18:15:13,Completed
14516,1568,2025-10-24 19:10:59,Completed
14517,2002,2024-10-09 08:11:12,Completed
14518,1923,2024-12-24 01:20:55,Completed
14519,2460,2025-11-11 02:11:23,Completed
14520,1855,2024-10-07 05:10:05,Cancelled
14521,901,2026-03-17 05:50:07,Cancelled
14522,259,2025-10-18 03:03:19,Completed
14523,3116,2025-07-08 07:44:35,Completed
14524,4811,2024-12-15 21:16:29,Completed
14525,2160,2024-09-09 02:12:49,Completed
14526,4951,2025-01-26 12:44:20,Completed
14527,4701,2026-05-22 03:57:10,Completed
14528,3140,2025-10-18 04:08:51,Pending
14529,2161,2024-10-20 20:25:02,Completed
14530,758,2026-02-24 09:34:39,Completed
14531,4652,2025-06-02 08:03:50,Completed
14532,1017,2025-10-07 17:45:03,Completed
14533,4753,2024-08-10 11:24:55,Completed
14534,1026,2024-11-28 17:49:41,Completed
14535,3100,2025-07-24 20:03:08,Cancelled
14536,4910,2025-05-31 07:12:31,Completed
14537,2489,2025-09-25 21:59:21,Completed
14538,3353,2024-10-20 23:24:24,Completed
14539,1732,2025-09-16 14:43:03,Completed
14540,371,2025-05-25 20:59:31,Completed
14541,644,2026-06-24 10:26:57,Completed
14542,1623,2026-01-06 04:43:11,Completed
14543,4225,2026-07-13 18:51:17,Completed
14544,4607,2025-10-19 01:13:51,Completed
14545,2557,2025-08-31 10:36:48,Pending
14546,2801,2025-05-09 07:13:49,Cancelled
14547,1897,2025-03-09 06:33:21,Completed
14548,949,2025-11-25 07:37:26,Completed
14549,4811,2025-02-28 12:49:10,Completed
14550,2538,2024-10-28 11:56:24,Completed
14551,316,2025-01-02 08:11:35,Completed
14552,3393,2025-12-11 09:58:15,Pending
14553,2252,2025-07-19 14:07:01,Completed
14554,3166,2025-02-03 04:45:50,Completed
14555,2425,2026-03-11 06:29:08,Completed
14556,4124,2025-11-20 02:12:36,Completed
14557,1743,2025-12-29 14:12:01,Pending
14558,1622,2026-05-30 01:05:24,Completed
14559,2898,2024-11-07 14:48:05,Completed
14560,3193,2026-01-26 20:12:28,Completed
14561,3882,2024-11-23 19:06:25,Completed
14562,1250,2024-12-18 18:14:06,Completed
14563,3870,2025-09-12 23:24:05,Completed
14564,448,2025-09-19 09:58:08,Completed
14565,2194,2025-01-02 05:03:45,Pending
14566,1760,2026-03-22 03:24:21,Completed
14567,3685,2026-01-13 06:25:36,Completed
14568,4757,2026-01-09 05:46:49,Completed
14569,4303,2024-11-20 10:17:38,Completed
14570,4951,2026-03-05 22:04:55,Cancelled
14571,2023,2025-02-25 22:06:00,Completed
14572,1874,2025-03-15 17:07:33,Completed
14573,2367,2025-08-24 02:15:04,Pending
14574,3314,2025-09-01 08:32:39,Cancelled
14575,581,2026-04-22 09:18:52,Pending
14576,3157,2026-04-05 20:40:50,Pending
14577,1375,2024-08-06 15:52:08,Completed
14578,3694,2025-12-02 12:13:57,Completed
14579,536,2025-06-01 22:28:30,Completed
14580,4560,2025-05-01 10:54:22,Pending
14581,4006,2025-05-07 08:01:14,Cancelled
14582,3249,2026-04-08 08:11:44,Completed
14583,297,2026-02-14 02:48:28,Pending
14584,4374,2025-04-10 05:19:24,Completed
14585,2723,2025-02-27 14:40:13,Completed
14586,776,2026-06-24 13:20:58,Completed
14587,1851,2025-12-01 20:24:01,Completed
14588,3183,2024-09-07 19:11:51,Cancelled
14589,175,2025-10-21 23:37:34,Pending
14590,3612,2026-06-09 02:09:22,Completed
14591,4269,2025-02-28 19:09:04,Completed
14592,4911,2024-08-30 05:05:13,Completed
14593,4600,2024-09-10 19:53:12,Completed
14594,4784,2025-06-22 12:05:37,Completed
14595,4841,2024-10-23 16:21:19,Completed
14596,2068,2024-12-27 06:46:16,Completed
14597,3829,2025-12-31 23:40:07,Pending
14598,2019,2025-02-23 04:43:20,Completed
14599,873,2024-09-28 18:31:38,Pending
14600,439,2025-11-12 12:41:22,Cancelled
14601,3736,2025-02-28 16:02:10,Completed
14602,33,2026-02-19 19:07:00,Completed
14603,3642,2024-10-28 08:03:33,Completed
14604,1818,2025-07-09 06:27:43,Completed
14605,2566,2025-08-07 14:33:39,Completed
14606,2540,2025-05-11 02:14:53,Completed
14607,1655,2025-02-27 07:47:13,Completed
14608,303,2026-03-17 13:38:10,Completed
14609,846,2024-08-13 06:48:31,Completed
14610,606,2024-12-07 21:57:53,Completed
14611,4701,2025-04-06 05:25:24,Completed
14612,3467,2025-01-05 11:57:20,Completed
14613,300,2024-09-21 13:47:52,Completed
14614,194,2025-06-26 16:35:02,Completed
14615,761,2025-09-09 04:28:03,Completed
14616,2407,2026-07-04 04:26:03,Pending
14617,2922,2025-01-21 15:52:44,Completed
14618,4849,2025-12-06 11:06:56,Completed
14619,2289,2025-07-11 23:42:14,Completed
14620,1912,2026-06-29 12:19:12,Completed
14621,4252,2025-07-15 02:58:17,Completed
14622,4626,2025-04-19 10:40:55,Completed
14623,2806,2026-01-12 01:27:22,Completed
14624,1326,2025-11-26 20:26:12,Completed
14625,893,2026-05-29 04:55:59,Completed
14626,218,2024-11-15 02:55:50,Completed
14627,1919,2026-07-23 04:44:18,Completed
14628,11,2025-05-12 01:42:40,Completed
14629,454,2025-08-20 21:46:38,Completed
14630,4798,2026-04-21 15:43:01,Completed
14631,3152,2025-12-28 22:53:18,Completed
14632,2851,2024-09-28 01:23:18,Completed
14633,3162,2024-08-30 10:51:30,Completed
14634,3913,2025-09-13 03:11:59,Completed
14635,3739,2026-05-01 23:44:18,Completed
14636,3723,2025-09-09 02:53:16,Completed
14637,4653,2024-08-06 09:28:28,Completed
14638,3503,2024-11-03 04:06:31,Completed
14639,1268,2026-04-22 18:31:39,Completed
14640,4058,2025-01-23 09:34:18,Completed
14641,1248,2026-04-04 07:52:44,Cancelled
14642,1607,2026-03-07 23:20:10,Completed
14643,4589,2026-03-07 21:42:45,Completed
14644,4310,2025-05-04 18:38:54,Completed
14645,2700,2025-08-17 05:20:00,Cancelled
14646,1996,2026-06-11 14:14:01,Completed
14647,1257,2025-11-27 00:13:59,Completed
14648,3179,2026-04-04 12:12:26,Completed
14649,758,2026-01-23 17:08:55,Completed
14650,641,2024-11-08 19:06:33,Cancelled
14651,1978,2025-11-25 13:45:29,Completed
14652,1645,2026-01-22 23:56:34,Completed
14653,3946,2025-11-27 10:32:57,Cancelled
14654,3200,2024-09-21 04:10:31,Completed
14655,274,2026-01-20 01:51:01,Completed
14656,2993,2025-10-26 11:12:17,Completed
14657,830,2026-04-22 05:14:02,Completed
14658,1876,2026-06-05 09:08:00,Completed
14659,3789,2024-12-03 19:31:05,Completed
14660,971,2025-09-17 17:13:33,Completed
14661,995,2025-11-08 08:43:52,Completed
14662,2778,2025-05-31 01:28:42,Pending
14663,4813,2026-02-28 10:02:12,Completed
14664,1540,2026-04-28 04:56:00,Cancelled
14665,3040,2025-05-17 15:43:37,Completed
14666,3221,2025-05-08 04:30:26,Completed
14667,1710,2026-01-24 15:41:04,Completed
14668,4384,2026-05-29 08:13:01,Completed
14669,3669,2025-10-11 15:16:19,Pending
14670,2425,2025-04-17 13:37:02,Completed
14671,2685,2024-11-14 17:40:53,Completed
14672,41,2025-09-25 08:15:14,Completed
14673,1891,2025-02-09 01:41:30,Completed
14674,1945,2025-01-08 21:33:11,Completed
14675,1084,2026-04-07 03:55:40,Completed
14676,812,2026-02-22 01:29:59,Completed
14677,3237,2024-11-26 09:21:37,Completed
14678,4778,2025-04-25 12:06:57,Cancelled
14679,2967,2025-04-05 19:46:10,Completed
14680,4951,2026-05-17 22:58:51,Completed
14681,449,2025-12-13 06:14:38,Completed
14682,1423,2025-03-17 13:39:02,Completed
14683,440,2025-02-12 03:57:17,Pending
14684,658,2024-11-13 16:16:58,Completed
14685,911,2025-10-10 21:49:33,Completed
14686,454,2025-07-21 01:04:07,Pending
14687,2677,2024-11-20 02:12:23,Completed
14688,3402,2026-03-04 11:16:23,Pending
14689,4796,2024-09-11 15:53:07,Completed
14690,4603,2024-08-14 23:49:50,Completed
14691,2068,2024-12-04 12:00:08,Cancelled
14692,4213,2025-06-21 07:52:24,Pending
14693,719,2025-01-25 15:17:12,Completed
14694,10,2024-09-10 05:43:05,Pending
14695,4556,2025-02-13 05:07:59,Completed
14696,1583,2025-06-28 01:23:10,Completed
14697,2482,2025-10-24 03:00:12,Completed
14698,3076,2025-12-22 19:07:10,Completed
14699,420,2026-02-03 03:19:26,Completed
14700,4594,2026-07-21 22:55:05,Completed
14701,3917,2025-08-19 01:27:39,Completed
14702,1787,2025-11-02 07:21:17,Pending
14703,2161,2026-03-08 12:35:37,Completed
14704,4336,2024-11-09 19:18:50,Completed
14705,3820,2025-11-18 02:50:56,Cancelled
14706,2008,2024-10-17 04:17:12,Completed
14707,3381,2025-09-20 14:12:24,Completed
14708,2973,2025-02-24 15:06:40,Cancelled
14709,3433,2025-12-12 17:04:22,Pending
14710,1135,2025-08-16 23:31:42,Completed
14711,589,2026-04-16 13:31:55,Completed
14712,4345,2025-12-01 23:58:12,Completed
14713,1145,2024-11-21 07:18:15,Pending
14714,1748,2026-07-07 02:38:38,Completed
14715,4312,2024-11-25 11:03:04,Completed
14716,3258,2025-03-15 14:58:56,Completed
14717,996,2025-04-18 01:36:36,Completed
14718,518,2026-02-27 14:46:04,Completed
14719,1830,2024-11-30 08:26:26,Completed
14720,1275,2025-11-06 14:17:56,Completed
14721,2145,2025-02-07 14:01:54,Completed
14722,3575,2024-08-25 15:42:05,Completed
14723,3470,2025-08-01 00:53:18,Completed
14724,2596,2026-05-09 21:01:40,Cancelled
14725,4993,2024-10-27 01:02:30,Completed
14726,3391,2024-08-31 11:10:28,Completed
14727,3560,2025-02-27 18:06:51,Completed
14728,1998,2024-08-16 10:46:24,Completed
14729,4731,2025-04-05 12:05:32,Completed
14730,4683,2026-03-31 16:29:12,Completed
14731,1472,2024-08-13 11:18:13,Cancelled
14732,1147,2025-04-03 04:39:28,Completed
14733,4372,2024-12-03 19:39:02,Completed
14734,3296,2026-04-10 08:44:35,Completed
14735,834,2025-01-15 14:36:43,Completed
14736,4936,2025-07-29 22:47:16,Completed
14737,4778,2025-02-01 07:08:45,Completed
14738,4651,2026-04-18 13:31:30,Completed
14739,1356,2025-09-28 12:39:16,Cancelled
14740,2565,2025-11-20 06:47:47,Completed
14741,3396,2025-09-30 22:26:22,Completed
14742,2115,2025-04-08 06:26:58,Completed
14743,4262,2025-09-20 01:31:36,Completed
14744,2035,2026-01-19 02:19:24,Completed
14745,3517,2026-06-23 15:37:01,Completed
14746,4442,2026-05-26 14:19:48,Completed
14747,926,2024-08-21 10:01:53,Completed
14748,952,2025-03-28 14:11:53,Pending
14749,1824,2025-01-25 15:10:23,Completed
14750,3491,2024-12-01 16:51:30,Completed
14751,4957,2025-07-31 06:44:23,Completed
14752,201,2025-11-17 05:26:32,Completed
14753,4094,2024-09-23 10:20:45,Completed
14754,2736,2025-09-14 07:01:00,Completed
14755,2849,2026-04-01 10:10:52,Completed
14756,458,2025-10-18 07:37:18,Completed
14757,3184,2026-07-22 13:02:43,Completed
14758,1368,2025-06-30 21:48:28,Completed
14759,4348,2024-09-27 11:56:58,Completed
14760,4996,2026-04-01 08:37:59,Pending
14761,2920,2025-05-03 00:32:12,Completed
14762,1245,2025-06-12 07:45:33,Pending
14763,2183,2025-08-27 18:05:44,Cancelled
14764,1929,2026-05-26 19:04:18,Completed
14765,953,2025-11-08 17:55:11,Completed
14766,3251,2026-06-08 16:11:15,Completed
14767,185,2026-07-24 23:58:45,Completed
14768,1559,2026-05-02 06:07:11,Completed
14769,2433,2025-11-27 10:22:08,Pending
14770,55,2026-07-30 11:11:42,Completed
14771,2618,2025-04-10 14:40:07,Completed
14772,4829,2026-04-15 02:32:58,Completed
14773,4012,2025-01-10 08:08:30,Completed
14774,1863,2025-02-27 03:21:30,Completed
14775,4680,2024-11-19 05:43:29,Completed
14776,2941,2024-08-14 15:36:58,Cancelled
14777,4743,2026-03-30 07:32:14,Completed
14778,2837,2025-05-04 23:16:00,Pending
14779,1197,2026-02-18 23:14:14,Completed
14780,3699,2025-12-13 03:01:18,Completed
14781,700,2024-11-29 05:38:56,Pending
14782,3928,2025-06-04 14:38:42,Completed
14783,3208,2024-10-27 13:01:31,Cancelled
14784,3736,2025-06-01 09:33:58,Pending
14785,4323,2025-07-26 00:41:17,Completed
14786,2910,2026-01-03 09:18:30,Completed
14787,3794,2025-02-12 10:32:58,Completed
14788,853,2025-09-17 22:01:36,Completed
14789,2989,2025-07-20 12:21:14,Cancelled
14790,2390,2025-11-13 21:04:16,Completed
14791,1314,2025-12-15 02:23:56,Completed
14792,251,2024-10-30 13:32:12,Completed
14793,4449,2025-12-13 09:45:36,Pending
14794,3260,2026-01-10 15:00:47,Cancelled
14795,263,2025-03-27 18:36:33,Completed
14796,4163,2024-12-17 03:21:57,Completed
14797,4736,2026-05-14 16:31:15,Cancelled
14798,2071,2026-05-14 00:07:16,Cancelled
14799,4577,2025-08-19 12:36:59,Completed
14800,3821,2025-09-21 06:49:03,Completed
14801,1404,2024-08-11 09:40:20,Completed
14802,323,2025-05-30 18:28:04,Completed
14803,4274,2025-12-13 05:47:32,Completed
14804,682,2024-10-10 08:58:39,Completed
14805,3616,2026-02-16 12:10:37,Completed
14806,3497,2026-03-09 06:38:08,Cancelled
14807,2381,2025-10-07 21:13:12,Completed
14808,1224,2025-12-06 11:24:30,Completed
14809,3867,2026-06-02 20:19:24,Completed
14810,525,2024-10-01 23:27:26,Completed
14811,185,2025-05-11 20:24:20,Completed
14812,1129,2025-06-20 12:59:08,Completed
14813,2076,2024-12-30 03:26:35,Completed
14814,569,2026-03-16 20:26:00,Completed
14815,1313,2025-05-29 05:39:45,Completed
14816,3522,2025-03-31 19:53:11,Completed
14817,1715,2025-11-26 17:15:38,Completed
14818,2673,2026-06-11 18:39:22,Pending
14819,2681,2025-05-07 03:56:02,Completed
14820,749,2026-06-17 23:53:30,Completed
14821,160,2025-06-20 03:33:28,Pending
14822,2978,2026-04-01 10:07:52,Completed
14823,266,2025-04-27 09:30:39,Completed
14824,2487,2025-10-12 00:27:31,Completed
14825,2097,2024-11-20 01:27:30,Completed
14826,1056,2025-06-28 04:57:56,Completed
14827,1417,2024-08-30 14:10:48,Completed
14828,391,2025-02-03 15:02:09,Pending
14829,3428,2025-02-01 03:24:16,Pending
14830,3702,2026-05-11 14:03:18,Completed
14831,1972,2025-08-16 11:02:48,Completed
14832,1258,2025-12-06 03:02:01,Completed
14833,4334,2025-05-05 21:26:54,Completed
14834,1560,2026-03-29 19:10:37,Completed
14835,1167,2024-08-18 22:32:51,Completed
14836,2250,2025-08-08 16:00:35,Completed
14837,3743,2026-02-09 06:50:12,Completed
14838,1677,2026-01-29 19:31:40,Completed
14839,3562,2025-12-22 16:40:11,Completed
14840,1160,2024-09-30 01:10:10,Completed
14841,4590,2025-07-12 18:17:07,Pending
14842,4966,2026-06-06 19:12:13,Completed
14843,3405,2026-07-16 15:54:11,Completed
14844,1812,2025-10-20 03:16:16,Completed
14845,3493,2026-01-25 20:25:19,Completed
14846,4573,2026-07-11 02:51:06,Completed
14847,2504,2024-09-13 08:58:04,Pending
14848,1691,2025-02-21 16:58:16,Completed
14849,2083,2025-08-23 23:09:56,Completed
14850,2071,2025-07-18 17:55:19,Pending
14851,155,2024-10-07 10:19:02,Completed
14852,3571,2024-09-15 14:25:27,Completed
14853,4754,2026-03-28 12:20:05,Completed
14854,251,2026-01-27 05:58:00,Completed
14855,2355,2026-07-05 03:58:25,Completed
14856,2714,2026-04-28 21:54:13,Completed
14857,818,2025-09-12 12:48:26,Completed
14858,779,2025-08-01 06:49:49,Completed
14859,2453,2026-05-24 23:36:21,Completed
14860,3383,2026-04-28 13:46:22,Completed
14861,1393,2024-12-03 07:38:14,Completed
14862,4804,2024-11-30 13:24:13,Completed
14863,786,2025-05-08 05:44:46,Completed
14864,50,2025-05-28 17:25:55,Completed
14865,149,2024-09-18 20:33:09,Completed
14866,3342,2026-03-28 00:03:13,Completed
14867,3406,2025-09-09 19:28:56,Pending
14868,1599,2025-12-12 16:51:23,Completed
14869,1331,2026-07-26 21:51:35,Completed
14870,3052,2026-08-02 13:33:49,Completed
14871,2004,2026-01-06 06:03:55,Completed
14872,1091,2026-02-20 02:18:35,Completed
14873,4528,2025-04-14 20:26:18,Cancelled
14874,2658,2025-01-29 08:39:49,Completed
14875,4492,2024-12-24 09:52:22,Completed
14876,3736,2026-06-07 12:49:43,Completed
14877,2492,2024-11-20 11:55:57,Completed
14878,2221,2026-01-02 04:19:54,Completed
14879,2508,2024-09-19 22:13:16,Completed
14880,3315,2024-10-29 02:52:58,Completed
14881,2785,2024-08-20 01:11:27,Completed
14882,1626,2025-01-21 01:29:35,Completed
14883,383,2026-07-21 14:08:20,Completed
14884,713,2025-03-15 06:03:46,Completed
14885,2701,2025-06-30 12:37:52,Completed
14886,2660,2025-09-26 15:20:16,Completed
14887,3567,2024-12-30 00:45:20,Completed
14888,3793,2025-08-08 01:36:45,Completed
14889,4451,2025-04-07 02:41:14,Completed
14890,1452,2024-08-06 22:38:31,Completed
14891,1811,2025-09-04 20:16:01,Pending
14892,3647,2026-05-23 06:06:20,Completed
14893,4814,2025-08-14 03:29:04,Pending
14894,1950,2025-05-12 18:16:11,Pending
14895,2939,2024-10-13 09:34:44,Completed
14896,4372,2024-11-14 16:24:30,Completed
14897,4158,2026-04-03 09:45:17,Pending
14898,4858,2026-03-26 04:36:02,Completed
14899,4453,2026-06-30 10:13:01,Completed
14900,2536,2025-05-06 11:49:54,Completed
14901,1076,2025-12-03 00:44:41,Completed
14902,1804,2024-11-27 18:38:47,Completed
14903,2691,2025-01-26 19:22:20,Cancelled
14904,2417,2025-08-07 11:45:01,Completed
14905,2986,2025-04-07 02:43:10,Completed
14906,1484,2025-07-21 17:07:36,Pending
14907,2889,2026-06-16 06:18:32,Completed
14908,3629,2024-10-22 23:03:21,Completed
14909,4063,2026-01-14 03:34:46,Completed
14910,724,2026-07-02 05:19:40,Completed
14911,1544,2025-10-10 11:37:15,Completed
14912,4854,2024-09-25 23:27:04,Completed
14913,1831,2024-10-14 03:05:10,Pending
14914,2503,2024-10-03 10:33:42,Completed
14915,3832,2026-07-27 00:05:52,Completed
14916,1170,2025-06-05 15:19:01,Completed
14917,2049,2025-09-12 08:14:22,Completed
14918,853,2025-11-13 21:10:37,Pending
14919,3188,2025-05-25 20:56:58,Pending
14920,4670,2026-01-23 18:25:09,Cancelled
14921,2922,2025-10-07 07:43:26,Cancelled
14922,4674,2025-02-22 08:07:22,Completed
14923,320,2025-03-06 15:49:32,Completed
14924,894,2026-02-14 00:49:55,Completed
14925,1376,2025-02-15 05:42:26,Completed
14926,1681,2026-03-27 16:05:35,Completed
14927,4274,2026-06-23 13:43:16,Completed
14928,3080,2026-07-21 16:00:18,Pending
14929,4211,2024-09-13 08:29:13,Completed
14930,3757,2025-10-21 08:16:14,Completed
14931,577,2025-08-14 20:26:30,Completed
14932,4159,2025-03-31 17:01:31,Completed
14933,4229,2024-11-12 20:56:38,Completed
14934,1862,2026-07-14 21:18:52,Pending
14935,4062,2025-07-17 15:31:32,Completed
14936,867,2025-10-20 23:52:24,Completed
14937,2019,2026-04-21 05:03:20,Completed
14938,4688,2025-10-11 17:55:04,Completed
14939,3926,2024-12-06 17:25:31,Completed
14940,4870,2024-09-18 14:06:57,Completed
14941,862,2026-06-18 12:07:47,Completed
14942,2690,2025-09-16 17:40:29,Completed
14943,399,2025-03-24 22:59:54,Cancelled
14944,1805,2026-07-18 00:52:42,Completed
14945,3980,2026-03-17 18:39:06,Completed
14946,4253,2026-04-25 19:37:13,Completed
14947,1193,2025-09-12 08:22:49,Completed
14948,4595,2024-08-10 11:46:35,Completed
14949,4196,2025-10-25 18:53:18,Completed
14950,860,2025-05-12 05:57:23,Completed
14951,2116,2026-08-06 06:23:40,Completed
14952,4714,2026-04-09 15:08:30,Completed
14953,1989,2026-01-12 06:38:36,Pending
14954,4657,2025-03-14 05:25:24,Pending
14955,34,2025-06-06 12:16:28,Completed
14956,4067,2025-11-12 19:18:32,Completed
14957,4771,2024-12-31 22:10:27,Cancelled
14958,2435,2025-12-10 02:42:22,Completed
14959,2562,2025-03-13 00:54:14,Completed
14960,2070,2025-05-31 03:12:15,Completed
14961,2538,2026-05-08 12:23:55,Completed
14962,355,2026-05-05 20:24:04,Completed
14963,4764,2026-01-18 19:32:06,Cancelled
14964,1396,2025-07-07 17:39:31,Completed
14965,1110,2026-06-13 10:39:28,Completed
14966,2813,2025-08-11 06:42:34,Completed
14967,1903,2025-10-12 11:54:39,Completed
14968,3703,2026-03-09 02:39:33,Completed
14969,4654,2026-05-24 20:10:11,Completed
14970,3204,2025-05-15 07:02:05,Pending
14971,2123,2025-09-22 19:15:13,Completed
14972,4750,2024-11-27 21:33:47,Completed
14973,4223,2025-12-22 08:52:51,Completed
14974,4225,2025-04-04 18:34:56,Completed
14975,4651,2025-09-24 16:53:17,Completed
14976,3786,2026-07-01 01:26:08,Completed
14977,4689,2025-12-05 14:30:54,Cancelled
14978,2981,2026-07-22 16:20:37,Completed
14979,2575,2025-11-20 02:05:50,Completed
14980,1827,2025-08-27 02:30:22,Cancelled
14981,4071,2025-04-11 17:12:00,Completed
14982,4524,2026-01-03 00:36:57,Pending
14983,3908,2025-11-26 04:39:28,Completed
14984,1787,2024-10-16 18:57:49,Cancelled
14985,320,2025-01-14 06:32:45,Completed
14986,1725,2025-01-24 00:54:39,Pending
14987,3628,2025-11-19 04:26:12,Completed
14988,802,2024-10-01 13:55:14,Completed
14989,3818,2026-03-27 22:48:12,Completed
14990,3178,2024-09-22 03:40:46,Pending
14991,1584,2026-07-29 08:00:41,Completed
14992,210,2025-08-26 23:55:45,Completed
14993,22,2024-08-27 12:24:40,Completed
14994,4380,2025-03-09 12:48:03,Completed
14995,4784,2026-04-13 02:31:36,Completed
14996,1563,2025-02-05 01:19:10,Completed
14997,4105,2024-08-22 02:49:52,Completed
14998,112,2025-01-04 04:27:24,Completed
14999,1550,2026-06-06 15:59:06,Completed
15000,4816,2026-07-28 06:28:36,Completed
15001,1065,2025-02-14 12:00:56,Cancelled
15002,2729,2024-11-24 00:26:31,Completed
15003,355,2026-04-30 11:19:59,Completed
15004,1837,2025-04-01 09:47:53,Pending
15005,1133,2026-02-18 20:34:56,Cancelled
15006,3217,2026-05-24 17:05:35,Completed
15007,1300,2025-12-01 20:36:18,Completed
15008,2569,2026-03-25 05:01:52,Completed
15009,2712,2025-07-15 17:11:46,Completed
15010,2333,2026-02-13 10:50:06,Completed
15011,1277,2025-08-17 08:34:04,Completed
15012,440,2025-09-01 23:00:15,Completed
15013,1049,2024-09-02 13:19:30,Completed
15014,3950,2025-03-26 06:53:58,Completed
15015,2393,2026-04-10 00:11:56,Completed
15016,2702,2024-08-17 18:16:05,Completed
15017,4794,2024-10-03 14:49:55,Completed
15018,2925,2026-02-04 07:51:51,Completed
15019,2824,2026-03-26 09:24:56,Completed
15020,344,2025-06-21 06:47:37,Cancelled
15021,1219,2025-10-25 13:49:40,Pending
15022,3368,2026-05-18 04:54:46,Completed
15023,2061,2025-12-24 03:10:44,Pending
15024,3426,2025-02-06 16:56:32,Cancelled
15025,2175,2024-12-27 11:39:50,Cancelled
15026,2953,2025-08-16 15:32:30,Completed
15027,3852,2025-08-16 22:56:22,Completed
15028,911,2025-04-18 16:49:11,Completed
15029,883,2025-12-24 07:32:37,Completed
15030,2043,2024-08-19 21:34:28,Cancelled
15031,4892,2025-12-17 19:46:45,Pending
15032,1209,2025-11-30 07:25:17,Completed
15033,117,2026-02-13 23:03:31,Completed
15034,2662,2026-01-12 13:45:47,Pending
15035,3320,2025-01-27 17:07:37,Completed
15036,1261,2024-10-24 16:11:26,Completed
15037,1225,2025-03-04 08:24:33,Cancelled
15038,4433,2025-10-22 02:44:56,Completed
15039,217,2025-06-03 23:24:10,Completed
15040,2426,2026-04-10 15:12:57,Completed
15041,4567,2025-05-29 01:36:38,Completed
15042,2035,2025-09-03 20:08:48,Completed
15043,2103,2025-05-12 09:48:09,Completed
15044,2653,2025-07-08 07:57:06,Completed
15045,2787,2025-03-30 10:31:06,Completed
15046,419,2024-10-14 00:52:20,Completed
15047,3342,2025-05-28 17:42:12,Completed
15048,2727,2025-08-11 13:22:20,Completed
15049,4094,2025-01-02 19:32:27,Completed
15050,4415,2025-08-09 11:42:04,Completed
15051,2553,2024-10-04 07:44:10,Cancelled
15052,1773,2026-04-08 21:38:54,Completed
15053,1122,2025-04-15 06:09:07,Completed
15054,1571,2024-10-07 16:22:21,Completed
15055,4921,2026-06-11 09:00:52,Pending
15056,3368,2026-01-09 04:07:46,Pending
15057,4257,2025-05-14 08:25:11,Completed
15058,2001,2024-10-01 04:41:11,Completed
15059,3089,2025-09-26 04:17:00,Completed
15060,1165,2026-05-17 23:02:56,Cancelled
15061,3475,2024-11-14 01:46:38,Completed
15062,4611,2025-08-18 05:38:40,Pending
15063,1506,2026-05-04 22:44:02,Completed
15064,4623,2025-11-26 17:03:41,Completed
15065,2763,2024-11-17 09:30:15,Completed
15066,3281,2024-09-02 09:21:09,Completed
15067,4961,2026-05-13 14:55:26,Pending
15068,3787,2025-12-03 00:36:48,Pending
15069,550,2024-10-14 06:20:17,Cancelled
15070,884,2024-12-20 07:11:53,Completed
15071,458,2026-05-17 16:53:27,Completed
15072,1711,2025-02-20 08:18:23,Completed
15073,272,2025-05-06 14:54:21,Completed
15074,4909,2026-05-12 20:30:34,Completed
15075,1341,2025-11-23 20:38:18,Cancelled
15076,3133,2024-12-22 13:08:13,Completed
15077,606,2026-07-27 13:00:26,Completed
15078,1587,2026-04-09 17:16:15,Completed
15079,1895,2025-03-31 02:40:03,Completed
15080,595,2025-07-26 00:16:00,Completed
15081,1291,2025-05-07 20:02:07,Completed
15082,3096,2025-02-02 05:22:40,Completed
15083,4993,2024-09-08 00:50:11,Completed
15084,21,2025-04-06 16:53:57,Completed
15085,1838,2025-09-06 23:07:35,Pending
15086,697,2025-02-11 15:28:55,Completed
15087,3424,2025-09-23 04:11:25,Pending
15088,456,2025-10-22 21:01:44,Completed
15089,1032,2026-04-26 13:30:03,Completed
15090,4186,2026-03-27 05:38:57,Completed
15091,3796,2026-04-13 15:29:49,Completed
15092,2292,2024-09-20 23:20:08,Completed
15093,444,2024-10-16 02:39:02,Completed
15094,4585,2026-03-06 11:04:23,Completed
15095,4436,2025-07-11 23:21:10,Completed
15096,3645,2026-04-10 21:12:34,Completed
15097,4486,2025-01-29 09:15:42,Cancelled
15098,510,2026-03-26 13:53:52,Completed
15099,1235,2025-07-07 23:20:50,Completed
15100,4248,2025-10-21 02:00:09,Completed
15101,212,2026-03-15 03:35:41,Cancelled
15102,1372,2025-02-13 14:22:30,Completed
15103,4727,2024-08-24 19:10:46,Completed
15104,2385,2024-11-23 14:25:51,Completed
15105,3434,2024-11-21 23:51:44,Completed
15106,4749,2025-02-18 17:20:56,Completed
15107,2218,2024-08-16 09:04:34,Completed
15108,108,2025-11-14 06:48:41,Completed
15109,3416,2025-06-14 11:13:31,Completed
15110,160,2025-05-27 10:59:09,Completed
15111,2174,2025-04-29 22:11:41,Completed
15112,2106,2025-08-13 16:40:03,Cancelled
15113,2807,2025-07-09 17:31:38,Completed
15114,3777,2025-05-01 05:58:11,Completed
15115,4507,2026-05-21 22:57:05,Completed
15116,2053,2026-06-09 02:54:39,Completed
15117,4485,2025-09-25 04:15:27,Cancelled
15118,2138,2024-11-02 20:17:53,Pending
15119,30,2025-07-30 06:28:21,Completed
15120,4965,2024-10-28 16:35:03,Completed
15121,2606,2025-05-08 05:58:47,Completed
15122,3754,2026-05-12 17:26:21,Completed
15123,434,2025-11-03 19:20:30,Cancelled
15124,708,2025-02-03 02:10:44,Completed
15125,4211,2026-04-02 18:23:41,Completed
15126,3718,2025-04-26 08:13:12,Cancelled
15127,1255,2026-03-10 09:31:25,Completed
15128,1271,2024-08-07 07:08:15,Completed
15129,503,2024-11-02 01:52:11,Completed
15130,1117,2026-04-15 10:21:42,Completed
15131,1202,2025-09-21 03:43:29,Completed
15132,584,2026-08-06 09:26:09,Completed
15133,3094,2025-06-18 13:56:10,Completed
15134,3585,2024-09-17 23:42:52,Pending
15135,2799,2026-04-14 15:12:54,Completed
15136,4037,2026-05-07 19:26:51,Pending
15137,4227,2024-09-29 09:02:27,Cancelled
15138,273,2024-11-02 19:30:55,Completed
15139,3259,2025-07-22 23:30:49,Completed
15140,87,2025-07-14 02:01:46,Completed
15141,609,2026-07-09 09:58:15,Completed
15142,3289,2025-07-19 01:21:36,Completed
15143,3867,2025-06-21 08:34:37,Cancelled
15144,4729,2026-07-21 02:15:09,Completed
15145,526,2024-09-11 16:56:08,Completed
15146,4773,2024-08-25 01:00:58,Completed
15147,1010,2025-09-29 15:13:58,Completed
15148,2151,2025-01-21 02:33:09,Completed
15149,2958,2025-05-08 05:40:52,Completed
15150,3057,2024-12-08 21:52:18,Completed
15151,2213,2026-06-09 20:42:56,Pending
15152,3268,2025-07-06 03:14:01,Completed
15153,695,2025-05-21 06:24:33,Completed
15154,702,2025-10-18 11:05:59,Cancelled
15155,4558,2025-03-10 19:29:53,Completed
15156,4557,2024-08-09 13:14:33,Pending
15157,3605,2026-01-27 21:47:43,Pending
15158,971,2026-06-23 02:04:02,Completed
15159,4215,2026-05-08 00:44:52,Completed
15160,3280,2025-10-05 09:10:48,Completed
15161,842,2025-10-04 10:47:18,Completed
15162,323,2025-09-30 21:26:41,Completed
15163,848,2025-08-10 16:32:30,Completed
15164,450,2026-03-21 07:09:12,Completed
15165,2337,2026-02-19 16:20:29,Pending
15166,1853,2025-04-13 20:03:01,Completed
15167,4489,2025-11-27 09:03:56,Completed
15168,3627,2026-06-30 06:02:31,Completed
15169,3712,2026-02-16 15:14:51,Completed
15170,2406,2024-09-25 21:55:02,Completed
15171,440,2026-05-08 02:51:36,Completed
15172,552,2025-10-07 13:29:28,Pending
15173,4675,2024-11-27 03:57:34,Cancelled
15174,420,2026-01-03 12:55:51,Completed
15175,418,2026-03-17 22:34:55,Completed
15176,4067,2026-03-03 03:36:37,Completed
15177,2967,2025-03-24 01:00:22,Pending
15178,1447,2025-07-17 20:06:53,Pending
15179,394,2024-12-17 17:14:06,Completed
15180,2368,2025-01-31 14:36:39,Completed
15181,1340,2025-08-07 16:13:50,Completed
15182,1882,2025-07-17 13:53:44,Completed
15183,1439,2026-02-17 04:16:19,Pending
15184,98,2024-09-17 06:56:23,Cancelled
15185,1411,2026-05-24 18:27:34,Completed
15186,3856,2025-09-16 13:17:58,Completed
15187,4941,2025-06-16 13:44:42,Completed
15188,3775,2025-06-21 02:43:46,Completed
15189,2735,2025-04-08 03:16:45,Completed
15190,4909,2025-02-12 08:08:20,Completed
15191,4875,2025-01-02 15:35:04,Completed
15192,3698,2025-07-22 07:49:53,Completed
15193,2085,2026-07-17 01:07:39,Completed
15194,1369,2025-08-08 02:09:54,Completed
15195,3143,2025-12-18 15:35:29,Completed
15196,2113,2026-02-07 10:21:45,Completed
15197,1358,2026-04-22 11:23:24,Pending
15198,684,2026-04-02 16:00:57,Completed
15199,926,2025-01-01 09:17:28,Completed
15200,1731,2025-02-22 06:17:59,Completed
15201,323,2025-10-11 10:33:45,Cancelled
15202,3002,2025-02-03 01:39:04,Pending
15203,1538,2025-02-14 12:18:16,Completed
15204,1883,2025-05-07 00:17:13,Completed
15205,3472,2025-02-25 02:22:10,Completed
15206,3240,2024-11-01 23:47:34,Completed
15207,4981,2025-04-07 17:07:20,Completed
15208,4372,2025-08-06 08:03:49,Completed
15209,3087,2024-08-09 20:17:12,Completed
15210,40,2025-11-28 12:20:41,Completed
15211,2624,2026-03-12 00:19:38,Completed
15212,725,2026-03-18 18:43:00,Completed
15213,3751,2025-10-25 17:43:11,Completed
15214,381,2025-05-29 12:14:01,Completed
15215,4268,2026-05-21 06:10:44,Completed
15216,3203,2024-10-29 00:48:31,Completed
15217,646,2025-02-13 10:10:26,Completed
15218,4819,2025-06-24 01:00:38,Completed
15219,4224,2025-10-16 00:53:27,Pending
15220,2765,2025-07-22 18:06:54,Completed
15221,1401,2024-10-10 19:40:48,Completed
15222,370,2025-02-04 19:49:51,Completed
15223,3639,2024-12-11 17:37:12,Completed
15224,2710,2024-08-30 03:10:39,Pending
15225,4732,2025-08-08 02:00:27,Completed
15226,1713,2025-04-25 15:59:05,Completed
15227,3063,2024-12-30 06:46:47,Completed
15228,2600,2025-10-10 15:30:39,Completed
15229,3616,2026-06-23 21:41:24,Completed
15230,896,2025-08-26 16:07:19,Pending
15231,955,2025-01-31 15:55:24,Pending
15232,465,2025-06-13 03:22:54,Cancelled
15233,4245,2025-11-12 00:40:45,Completed
15234,581,2025-06-13 23:07:19,Cancelled
15235,2051,2024-11-21 20:25:00,Completed
15236,3476,2025-11-01 19:27:50,Completed
15237,4995,2024-10-23 23:27:35,Completed
15238,2634,2024-10-07 04:23:37,Completed
15239,1360,2026-05-28 21:46:56,Pending
15240,2925,2025-03-19 10:51:35,Completed
15241,3376,2025-03-26 02:31:55,Completed
15242,1718,2025-03-13 23:14:57,Pending
15243,3719,2026-01-02 17:06:24,Completed
15244,1627,2024-12-06 02:56:37,Completed
15245,4358,2025-01-24 14:16:56,Pending
15246,327,2024-11-12 14:15:06,Completed
15247,1211,2026-03-15 06:17:08,Completed
15248,3430,2024-11-17 09:16:27,Completed
15249,2836,2025-01-01 10:57:21,Completed
15250,4058,2026-05-08 04:41:52,Completed
15251,1100,2026-01-08 12:02:36,Pending
15252,2719,2025-06-26 05:59:50,Completed
15253,1344,2026-01-27 02:51:15,Completed
15254,4236,2025-12-03 02:03:22,Completed
15255,3968,2025-08-10 00:17:10,Cancelled
15256,4490,2025-02-05 19:00:09,Completed
15257,4996,2025-01-12 10:52:43,Completed
15258,527,2025-07-31 14:03:22,Completed
15259,2310,2025-05-09 19:51:50,Completed
15260,2093,2025-12-15 02:34:26,Completed
15261,4423,2025-06-19 09:41:32,Completed
15262,2499,2024-08-13 02:07:40,Completed
15263,2415,2025-09-01 23:38:27,Completed
15264,2031,2025-12-09 03:37:49,Cancelled
15265,850,2026-04-14 23:08:39,Completed
15266,4487,2024-11-01 19:50:37,Cancelled
15267,3887,2025-07-23 17:03:25,Cancelled
15268,1477,2024-08-23 09:43:14,Pending
15269,3521,2026-07-04 01:35:49,Pending
15270,1501,2026-02-09 12:18:29,Completed
15271,4386,2026-04-22 12:40:57,Pending
15272,2224,2026-03-01 15:51:45,Completed
15273,1181,2025-02-20 05:10:33,Completed
15274,1483,2026-03-23 19:31:41,Completed
15275,3506,2024-08-14 02:35:49,Completed
15276,4125,2026-04-16 09:58:19,Completed
15277,3728,2025-09-14 18:53:10,Completed
15278,4439,2025-02-25 05:16:24,Completed
15279,3856,2025-09-01 15:56:53,Completed
15280,2284,2024-11-25 21:45:57,Completed
15281,2114,2025-02-04 04:28:25,Completed
15282,2416,2026-07-02 02:09:41,Cancelled
15283,1931,2024-12-27 09:38:54,Completed
15284,947,2024-12-26 04:53:11,Cancelled
15285,1116,2026-02-17 11:18:16,Completed
15286,4762,2025-01-03 06:53:45,Cancelled
15287,1746,2025-06-13 16:08:09,Completed
15288,27,2025-11-04 23:11:04,Completed
15289,4933,2025-04-16 10:34:10,Completed
15290,3717,2025-10-28 15:08:40,Completed
15291,525,2025-09-20 09:06:26,Cancelled
15292,4764,2026-07-20 01:53:25,Completed
15293,3088,2025-01-07 13:17:02,Completed
15294,4227,2026-08-06 04:57:59,Completed
15295,909,2025-08-30 23:05:01,Completed
15296,2284,2025-01-30 00:47:05,Completed
15297,4326,2024-08-25 13:58:02,Completed
15298,2414,2024-10-02 01:51:10,Completed
15299,1986,2026-05-12 13:22:34,Completed
15300,2863,2025-05-26 21:54:36,Completed
15301,573,2025-08-22 00:19:46,Cancelled
15302,3356,2025-01-18 22:28:45,Completed
15303,3294,2025-02-22 09:58:39,Completed
15304,1084,2025-04-13 04:39:51,Completed
15305,1967,2026-01-13 00:50:55,Completed
15306,509,2026-06-12 23:53:09,Cancelled
15307,3813,2025-11-09 04:40:46,Pending
15308,3432,2026-04-30 05:04:46,Completed
15309,2068,2024-11-26 07:07:48,Completed
15310,2590,2025-09-21 17:17:35,Cancelled
15311,837,2025-10-06 16:05:31,Completed
15312,1076,2025-08-22 10:09:09,Completed
15313,3683,2025-01-25 13:30:06,Completed
15314,2454,2025-04-05 23:37:40,Completed
15315,434,2025-07-25 14:26:11,Completed
15316,3605,2026-03-18 19:14:36,Cancelled
15317,1444,2024-11-05 14:09:32,Completed
15318,4031,2025-07-01 13:10:28,Pending
15319,3391,2026-04-23 19:54:08,Completed
15320,1327,2024-11-12 12:16:44,Completed
15321,3741,2025-08-13 05:58:33,Completed
15322,2885,2025-04-15 13:54:21,Completed
15323,514,2024-10-24 13:59:13,Completed
15324,862,2025-09-14 14:26:59,Completed
15325,627,2026-04-29 20:56:56,Completed
15326,118,2025-12-24 15:24:59,Completed
15327,1524,2024-10-13 17:27:46,Completed
15328,4000,2026-03-31 14:54:01,Completed
15329,390,2025-11-18 08:39:07,Cancelled
15330,3410,2025-06-21 05:28:45,Pending
15331,2448,2025-06-03 22:41:40,Completed
15332,4184,2024-12-12 02:28:35,Completed
15333,3288,2025-08-10 05:23:03,Completed
15334,2898,2024-09-11 10:01:47,Completed
15335,2429,2026-07-20 01:43:26,Pending
15336,236,2025-10-20 02:27:20,Completed
15337,4514,2025-12-31 02:49:00,Completed
15338,1442,2025-06-25 07:18:51,Completed
15339,623,2024-08-20 21:41:24,Cancelled
15340,4287,2024-09-14 06:49:11,Completed
15341,3124,2026-06-09 00:49:58,Completed
15342,340,2025-12-21 22:11:57,Cancelled
15343,2590,2026-06-30 17:19:08,Completed
15344,2233,2026-06-03 05:08:43,Completed
15345,4963,2026-06-26 14:38:02,Completed
15346,2541,2025-05-16 08:50:48,Completed
15347,4109,2025-09-10 20:50:57,Completed
15348,4364,2025-06-29 21:25:05,Cancelled
15349,3679,2026-04-10 11:35:49,Completed
15350,2690,2025-12-17 14:20:54,Completed
15351,1987,2024-10-25 15:17:34,Pending
15352,1805,2025-02-10 20:31:42,Completed
15353,1373,2026-05-14 01:58:37,Completed
15354,4427,2025-12-05 13:12:23,Completed
15355,3771,2024-10-10 10:41:29,Pending
15356,1373,2025-11-11 18:48:21,Completed
15357,1306,2025-02-11 06:27:01,Cancelled
15358,1704,2026-02-22 02:58:31,Completed
15359,3127,2024-11-23 20:40:39,Completed
15360,2401,2025-11-13 16:08:11,Completed
15361,3626,2026-01-20 11:23:14,Cancelled
15362,3937,2025-06-27 07:24:18,Completed
15363,1116,2024-08-20 16:41:14,Completed
15364,4437,2026-03-20 21:22:15,Completed
15365,2769,2026-06-18 08:08:18,Completed
15366,1180,2025-03-11 02:33:47,Completed
15367,3103,2025-05-31 12:51:59,Cancelled
15368,1993,2024-11-23 10:00:48,Completed
15369,4144,2025-08-03 23:12:48,Cancelled
15370,3958,2025-04-12 14:17:59,Completed
15371,1856,2024-09-05 17:53:11,Completed
15372,3586,2025-01-15 23:58:40,Cancelled
15373,60,2025-10-04 07:46:57,Completed
15374,4399,2026-04-07 03:59:25,Completed
15375,1818,2026-03-28 05:15:35,Completed
15376,2843,2025-10-14 02:07:15,Completed
15377,3017,2025-02-28 12:40:50,Completed
15378,2803,2025-10-04 18:46:45,Completed
15379,1422,2026-07-29 14:28:44,Completed
15380,1058,2026-06-22 04:21:52,Completed
15381,3711,2026-07-20 15:05:19,Completed
15382,300,2026-05-03 13:40:30,Pending
15383,2709,2025-06-30 13:22:23,Completed
15384,4348,2024-12-08 07:49:06,Completed
15385,4785,2024-12-17 22:59:46,Completed
15386,499,2024-09-02 23:18:19,Cancelled
15387,3788,2024-09-03 03:21:05,Completed
15388,1037,2025-09-14 10:59:02,Completed
15389,2822,2026-06-16 15:06:52,Completed
15390,3672,2025-08-22 23:07:02,Cancelled
15391,186,2026-04-03 11:41:59,Completed
15392,1338,2025-11-19 03:23:26,Completed
15393,343,2024-08-10 21:05:12,Completed
15394,1249,2025-02-05 13:17:35,Completed
15395,2767,2026-03-18 23:56:13,Completed
15396,3364,2025-03-30 07:49:54,Completed
15397,1827,2025-06-02 01:21:02,Cancelled
15398,3686,2026-05-17 19:10:25,Completed
15399,3754,2026-06-04 13:21:57,Completed
15400,2402,2024-10-30 06:07:44,Completed
15401,3405,2024-12-15 03:37:22,Completed
15402,4571,2025-03-26 07:55:47,Completed
15403,567,2026-07-21 03:50:08,Completed
15404,4783,2024-10-20 03:11:08,Completed
15405,2339,2026-05-28 00:59:47,Completed
15406,3771,2025-07-04 00:05:18,Completed
15407,3203,2025-03-07 09:37:44,Completed
15408,2813,2025-05-22 08:59:35,Completed
15409,84,2026-05-19 02:37:26,Completed
15410,2282,2025-01-27 00:52:00,Completed
15411,2168,2026-02-01 22:50:18,Completed
15412,3533,2025-05-31 15:24:35,Completed
15413,1870,2025-11-14 22:54:13,Completed
15414,1461,2025-10-31 20:23:13,Completed
15415,578,2026-08-01 23:33:20,Cancelled
15416,1336,2024-10-19 10:29:36,Completed
15417,4934,2025-06-13 01:41:02,Completed
15418,4380,2026-06-09 08:16:37,Completed
15419,3586,2025-12-27 18:39:58,Pending
15420,3468,2026-02-10 22:45:44,Completed
15421,1960,2024-09-08 09:40:42,Completed
15422,2145,2025-12-02 07:13:38,Cancelled
15423,4774,2025-02-25 14:03:30,Completed
15424,2286,2025-04-22 17:55:09,Cancelled
15425,3455,2024-11-15 20:49:09,Completed
15426,4000,2025-09-01 01:20:24,Completed
15427,4548,2025-10-29 14:08:14,Completed
15428,1691,2025-03-30 01:58:36,Pending
15429,1055,2025-03-14 00:55:08,Cancelled
15430,387,2024-12-11 21:29:35,Completed
15431,2007,2024-12-27 10:18:50,Completed
15432,238,2025-12-12 14:43:26,Completed
15433,1977,2025-09-02 13:58:09,Completed
15434,4134,2025-07-05 18:16:42,Completed
15435,3080,2025-07-22 04:56:49,Completed
15436,1834,2025-03-11 19:19:55,Completed
15437,3476,2025-05-16 21:09:48,Completed
15438,437,2025-03-21 15:18:39,Completed
15439,4491,2025-07-09 17:20:50,Completed
15440,621,2026-06-12 18:17:41,Pending
15441,139,2024-12-19 13:39:54,Cancelled
15442,2999,2025-12-29 17:23:43,Completed
15443,1694,2025-08-24 14:06:04,Completed
15444,1620,2025-08-07 04:43:09,Completed
15445,3756,2025-08-26 12:19:24,Pending
15446,3686,2025-11-02 17:01:26,Completed
15447,4191,2025-09-19 08:58:30,Completed
15448,581,2025-10-23 04:04:38,Cancelled
15449,3121,2026-02-12 23:17:46,Completed
15450,3535,2025-06-19 03:35:26,Completed
15451,3016,2026-05-27 08:25:00,Completed
15452,4763,2026-08-06 01:10:03,Completed
15453,2424,2025-07-11 13:22:34,Completed
15454,4053,2025-11-04 17:44:59,Completed
15455,2812,2024-08-13 15:33:28,Completed
15456,3039,2025-11-25 06:54:16,Cancelled
15457,209,2024-09-03 04:54:26,Completed
15458,2656,2026-01-16 17:57:27,Completed
15459,1967,2025-11-11 21:08:16,Completed
15460,3169,2025-05-24 09:09:56,Completed
15461,680,2025-07-15 06:10:15,Completed
15462,2461,2026-04-08 11:50:50,Completed
15463,2345,2024-11-25 20:06:07,Completed
15464,4581,2025-08-09 00:06:21,Completed
15465,2827,2024-12-29 02:56:25,Cancelled
15466,2564,2025-03-08 17:36:29,Completed
15467,3007,2026-03-30 16:01:40,Completed
15468,506,2025-08-15 10:14:22,Cancelled
15469,4339,2025-10-07 21:04:53,Completed
15470,4102,2025-05-25 12:58:27,Completed
15471,609,2025-02-08 01:41:27,Completed
15472,2567,2025-07-05 05:05:00,Pending
15473,550,2026-03-22 15:10:29,Completed
15474,1516,2025-04-15 13:00:43,Pending
15475,3066,2026-07-20 01:30:23,Completed
15476,2424,2024-11-17 16:28:37,Completed
15477,492,2025-01-18 01:09:36,Completed
15478,331,2024-11-08 16:51:30,Completed
15479,1111,2026-01-06 03:55:06,Completed
15480,3160,2025-08-28 10:15:37,Completed
15481,2147,2026-07-15 03:19:19,Completed
15482,211,2026-05-06 22:22:08,Completed
15483,4481,2024-09-02 07:35:19,Completed
15484,465,2025-06-22 20:26:57,Completed
15485,2969,2025-12-29 21:08:30,Completed
15486,1983,2025-12-23 14:45:34,Completed
15487,751,2026-06-23 11:07:35,Completed
15488,2331,2024-10-23 04:37:31,Completed
15489,2341,2026-06-14 10:57:38,Pending
15490,1417,2025-11-29 20:49:48,Completed
15491,3576,2024-08-30 04:41:21,Completed
15492,181,2026-07-25 22:58:52,Completed
15493,740,2025-06-02 14:15:48,Completed
15494,726,2026-01-11 11:05:28,Completed
15495,318,2025-01-11 13:06:40,Completed
15496,1350,2025-08-14 12:14:18,Completed
15497,4684,2024-12-21 06:35:48,Completed
15498,4655,2025-08-21 22:59:32,Pending
15499,221,2026-01-25 14:44:09,Completed
15500,3920,2025-07-21 13:07:22,Completed
15501,2072,2026-04-04 12:02:37,Pending
15502,1939,2025-06-13 09:05:43,Cancelled
15503,2662,2025-06-29 12:47:29,Completed
15504,67,2025-11-28 09:49:01,Pending
15505,4869,2024-12-01 16:38:58,Pending
15506,933,2026-05-20 02:29:57,Completed
15507,2479,2025-12-08 11:48:57,Completed
15508,1911,2024-11-01 10:15:15,Completed
15509,4116,2025-08-23 10:28:59,Completed
15510,3875,2024-08-06 18:21:37,Pending
15511,1756,2025-08-17 18:54:02,Completed
15512,3543,2025-03-22 04:04:24,Completed
15513,3783,2024-12-09 10:20:31,Completed
15514,3408,2026-01-12 21:50:39,Pending
15515,4044,2026-03-11 08:47:38,Completed
15516,1053,2026-01-10 04:30:40,Completed
15517,955,2024-10-15 11:12:39,Completed
15518,1356,2025-11-28 18:06:12,Completed
15519,1670,2025-06-03 16:11:33,Completed
15520,1834,2026-05-21 12:43:39,Pending
15521,2376,2025-12-08 07:33:38,Completed
15522,2502,2026-07-14 06:27:53,Completed
15523,1334,2024-12-16 10:55:17,Completed
15524,4935,2024-12-04 14:56:12,Pending
15525,4465,2025-04-22 16:14:57,Completed
15526,576,2025-08-02 18:57:23,Completed
15527,3377,2024-11-22 18:44:15,Completed
15528,2953,2026-05-05 00:21:35,Completed
15529,959,2024-10-09 14:22:55,Completed
15530,883,2025-09-26 13:39:24,Completed
15531,4835,2025-07-31 15:16:43,Pending
15532,1263,2025-09-23 09:11:04,Pending
15533,1778,2024-09-26 13:30:06,Completed
15534,3216,2025-05-23 14:35:52,Cancelled
15535,1695,2024-12-17 06:54:48,Pending
15536,1242,2026-07-14 20:10:42,Completed
15537,3532,2025-09-29 23:53:34,Completed
15538,3267,2024-10-09 07:00:01,Completed
15539,2461,2026-04-15 22:09:58,Cancelled
15540,567,2024-12-10 03:33:48,Cancelled
15541,697,2026-04-30 11:05:17,Pending
15542,1784,2024-11-12 03:34:26,Completed
15543,4614,2025-07-24 23:29:28,Pending
15544,944,2025-05-18 12:06:39,Completed
15545,3926,2026-06-29 20:58:39,Completed
15546,2631,2025-09-08 11:53:27,Completed
15547,248,2025-08-13 14:47:30,Completed
15548,1688,2026-03-27 14:10:10,Completed
15549,188,2024-10-13 19:46:46,Completed
15550,2040,2026-04-03 22:50:53,Completed
15551,2159,2025-10-08 09:26:11,Completed
15552,3522,2026-01-04 10:45:26,Pending
15553,4040,2026-01-12 06:06:00,Pending
15554,4254,2026-07-20 10:20:22,Completed
15555,3202,2024-08-25 01:17:43,Completed
15556,4063,2025-02-19 01:33:09,Completed
15557,1258,2026-06-22 19:20:30,Completed
15558,3763,2025-06-22 08:55:29,Completed
15559,617,2025-02-14 02:14:59,Completed
15560,1712,2026-05-06 02:05:09,Completed
15561,214,2024-09-21 13:00:25,Completed
15562,4076,2025-10-08 08:09:39,Cancelled
15563,4128,2024-11-06 10:04:35,Completed
15564,761,2026-06-09 04:29:33,Completed
15565,450,2025-09-09 19:06:28,Completed
15566,3601,2025-01-12 11:30:59,Cancelled
15567,254,2024-11-29 15:45:42,Cancelled
15568,4697,2025-05-02 10:45:11,Completed
15569,1686,2026-04-20 08:36:58,Pending
15570,3269,2025-08-05 17:09:56,Completed
15571,187,2025-10-20 08:22:46,Pending
15572,4865,2025-10-16 19:02:23,Completed
15573,3299,2025-09-05 19:49:33,Cancelled
15574,3252,2025-02-18 06:42:35,Completed
15575,4953,2025-04-08 05:14:07,Completed
15576,1122,2024-12-16 01:13:16,Cancelled
15577,2031,2026-05-17 09:37:55,Completed
15578,3779,2024-10-13 06:47:50,Pending
15579,4040,2026-05-30 12:10:55,Completed
15580,2608,2026-02-03 09:54:31,Completed
15581,73,2025-01-31 18:48:42,Completed
15582,4752,2026-07-01 23:11:48,Completed
15583,539,2025-10-15 00:19:35,Completed
15584,398,2025-07-06 23:23:18,Completed
15585,1622,2025-01-16 01:07:48,Completed
15586,1772,2026-05-31 13:56:47,Completed
15587,251,2025-05-09 14:10:11,Completed
15588,3328,2025-12-09 02:25:18,Completed
15589,4379,2025-05-15 15:57:47,Completed
15590,2402,2025-09-21 04:22:44,Completed
15591,4438,2025-07-15 23:54:12,Completed
15592,4523,2026-04-25 01:13:33,Completed
15593,1402,2025-02-16 17:30:05,Completed
15594,2745,2026-06-18 20:48:11,Completed
15595,43,2026-08-03 16:15:13,Completed
15596,4038,2024-11-05 07:23:54,Completed
15597,4298,2025-03-20 23:28:52,Completed
15598,2663,2025-03-25 00:39:48,Cancelled
15599,1159,2025-12-21 00:01:44,Completed
15600,4509,2025-07-28 08:12:17,Cancelled
15601,2248,2025-01-26 22:32:27,Completed
15602,923,2026-05-09 06:04:49,Completed
15603,937,2026-05-29 22:27:02,Completed
15604,3448,2025-12-11 20:18:39,Completed
15605,1760,2025-07-31 19:55:44,Cancelled
15606,4255,2026-04-14 17:40:42,Completed
15607,1927,2025-05-26 13:25:06,Completed
15608,4446,2026-02-17 15:05:42,Completed
15609,1690,2025-08-02 16:07:27,Completed
15610,4007,2025-11-04 02:54:02,Completed
15611,4609,2025-03-30 02:01:56,Completed
15612,1578,2025-04-13 16:21:21,Completed
15613,1971,2025-08-20 09:32:45,Completed
15614,267,2024-10-09 19:41:09,Completed
15615,1929,2025-05-28 16:50:10,Completed
15616,3597,2025-07-08 16:12:00,Completed
15617,2550,2026-02-23 14:34:43,Completed
15618,2241,2025-02-01 21:14:15,Completed
15619,3929,2024-09-01 12:24:09,Cancelled
15620,2178,2024-12-28 06:49:40,Pending
15621,1892,2025-06-12 01:47:06,Completed
15622,724,2025-09-30 03:57:08,Completed
15623,3280,2025-01-24 01:08:30,Completed
15624,3747,2025-02-15 17:21:01,Completed
15625,1382,2024-11-09 12:47:21,Completed
15626,3939,2025-01-12 07:54:20,Completed
15627,999,2025-07-15 04:23:10,Completed
15628,4206,2026-01-18 23:53:46,Completed
15629,4202,2025-07-18 06:38:13,Completed
15630,2207,2025-11-13 20:21:39,Completed
15631,652,2025-02-26 04:23:17,Completed
15632,1461,2026-05-08 04:02:52,Completed
15633,2553,2025-01-25 19:19:47,Completed
15634,3107,2026-02-09 14:47:13,Completed
15635,596,2026-05-04 19:28:35,Completed
15636,3123,2024-09-28 00:47:06,Completed
15637,2515,2024-11-18 14:53:48,Completed
15638,255,2025-06-26 15:30:03,Completed
15639,3073,2026-04-08 14:31:05,Pending
15640,4231,2026-07-15 03:43:29,Completed
15641,3275,2024-10-13 18:32:35,Completed
15642,182,2026-04-09 17:20:41,Completed
15643,2800,2026-07-20 16:58:44,Completed
15644,2209,2026-01-25 07:48:27,Completed
15645,2873,2025-08-05 20:14:59,Cancelled
15646,1438,2026-06-05 08:13:14,Completed
15647,4103,2026-03-02 06:40:27,Cancelled
15648,3112,2026-02-25 15:05:21,Completed
15649,2093,2025-07-14 16:39:02,Cancelled
15650,1897,2026-01-09 07:06:42,Completed
15651,734,2025-04-11 02:04:37,Cancelled
15652,224,2025-11-06 01:20:28,Completed
15653,2234,2025-07-13 22:34:22,Completed
15654,2579,2025-06-19 10:14:44,Completed
15655,2769,2024-09-16 00:52:33,Completed
15656,2902,2026-03-12 22:42:11,Completed
15657,3474,2025-10-16 20:20:31,Pending
15658,1892,2025-06-16 01:15:59,Cancelled
15659,707,2026-01-25 02:29:00,Pending
15660,3389,2024-12-04 14:28:16,Completed
15661,1128,2025-10-16 11:47:34,Completed
15662,1228,2024-11-09 05:17:38,Cancelled
15663,4282,2025-08-09 10:01:30,Completed
15664,4810,2025-08-29 13:02:06,Completed
15665,2188,2025-09-17 20:12:43,Completed
15666,811,2026-06-03 10:00:50,Completed
15667,3646,2026-06-30 19:31:04,Completed
15668,1702,2025-06-14 12:14:34,Completed
15669,4345,2025-04-21 21:54:45,Completed
15670,3012,2025-01-05 17:05:17,Completed
15671,454,2025-06-20 12:34:32,Cancelled
15672,2662,2024-08-17 15:13:26,Completed
15673,3695,2025-03-18 20:55:28,Pending
15674,4797,2024-11-11 15:31:07,Completed
15675,241,2026-03-08 11:32:24,Completed
15676,4953,2026-03-06 10:34:00,Completed
15677,3330,2024-10-09 10:47:57,Completed
15678,2955,2026-03-23 07:52:22,Pending
15679,930,2024-09-08 15:56:02,Pending
15680,3374,2024-12-09 01:58:22,Completed
15681,2127,2024-12-26 09:11:39,Completed
15682,158,2025-09-01 07:45:06,Completed
15683,4323,2024-09-06 03:42:26,Completed
15684,4604,2026-06-25 09:04:35,Completed
15685,3882,2025-06-21 19:28:55,Completed
15686,278,2024-09-02 19:02:27,Pending
15687,3441,2025-08-07 01:03:02,Completed
15688,3990,2024-10-10 23:27:55,Cancelled
15689,2710,2025-07-07 03:31:59,Completed
15690,4722,2024-10-17 23:44:20,Completed
15691,1017,2025-02-06 08:20:45,Completed
15692,1485,2025-12-26 05:39:07,Completed
15693,2912,2026-03-25 23:21:47,Completed
15694,3172,2025-05-15 16:34:23,Completed
15695,2698,2026-08-06 06:03:19,Completed
15696,693,2026-04-17 00:00:24,Cancelled
15697,3900,2026-03-06 00:07:45,Completed
15698,2898,2025-06-12 18:54:21,Completed
15699,1069,2025-03-06 02:14:48,Completed
15700,1381,2025-10-15 09:48:10,Completed
15701,99,2026-01-26 03:35:16,Completed
15702,548,2025-04-23 05:14:44,Completed
15703,3661,2025-11-12 21:33:19,Completed
15704,2508,2025-05-05 21:22:27,Completed
15705,2332,2025-05-17 15:04:43,Completed
15706,2613,2025-11-18 03:06:15,Completed
15707,1919,2026-07-07 21:06:09,Completed
15708,963,2024-12-08 16:55:46,Completed
15709,1744,2024-10-06 02:29:38,Completed
15710,1330,2024-08-20 19:25:50,Completed
15711,4214,2026-06-25 14:09:41,Completed
15712,747,2024-11-05 04:55:21,Completed
15713,379,2026-07-01 17:28:52,Pending
15714,3646,2026-02-23 10:31:44,Pending
15715,4557,2024-10-10 17:59:19,Cancelled
15716,848,2025-03-25 20:31:39,Completed
15717,2326,2026-03-05 20:35:27,Completed
15718,2768,2024-10-01 19:11:30,Completed
15719,614,2024-08-18 22:10:54,Completed
15720,1962,2024-09-03 19:16:21,Pending
15721,2217,2026-03-23 11:30:32,Completed
15722,4639,2024-11-24 01:53:30,Completed
15723,2309,2026-04-09 11:08:19,Pending
15724,2363,2026-03-26 17:13:59,Completed
15725,2009,2026-04-23 20:45:45,Completed
15726,2873,2026-06-08 19:59:58,Completed
15727,4439,2025-09-11 11:47:06,Completed
15728,1748,2026-03-27 02:06:47,Completed
15729,4382,2024-08-29 10:37:03,Completed
15730,2943,2025-07-16 02:05:11,Completed
15731,4030,2026-07-16 14:55:26,Completed
15732,4545,2025-09-26 19:07:57,Completed
15733,1705,2025-12-25 11:07:42,Pending
15734,1135,2025-02-13 02:38:45,Completed
15735,2669,2025-03-14 16:20:31,Completed
15736,3739,2024-11-12 21:18:49,Cancelled
15737,3870,2026-05-19 00:06:46,Pending
15738,679,2026-03-31 23:22:27,Completed
15739,4591,2025-10-15 05:17:57,Completed
15740,531,2024-09-14 17:51:38,Completed
15741,3840,2026-05-03 22:38:31,Cancelled
15742,4275,2025-03-10 09:36:46,Completed
15743,2275,2026-02-17 02:13:30,Pending
15744,17,2025-02-05 17:35:08,Completed
15745,4726,2026-01-17 09:45:19,Completed
15746,3413,2025-04-03 10:03:30,Completed
15747,2464,2024-10-20 18:53:48,Cancelled
15748,2112,2025-05-09 08:40:50,Completed
15749,670,2024-10-12 03:27:58,Cancelled
15750,4773,2026-01-13 00:05:32,Completed
15751,1976,2025-02-23 16:42:17,Pending
15752,4724,2026-01-19 12:55:29,Completed
15753,2486,2024-10-28 00:46:47,Completed
15754,2474,2024-12-28 19:58:35,Completed
15755,4010,2025-01-05 02:16:22,Completed
15756,4229,2024-11-11 05:58:54,Cancelled
15757,2757,2025-06-13 21:13:49,Cancelled
15758,1514,2025-08-28 08:37:08,Completed
15759,3956,2025-09-21 16:41:13,Cancelled
15760,4584,2026-02-27 13:29:17,Completed
15761,4060,2025-01-02 04:29:13,Completed
15762,463,2025-02-11 05:59:40,Completed
15763,4592,2025-09-18 07:58:14,Completed
15764,1205,2024-12-08 16:00:34,Completed
15765,1414,2026-05-04 00:02:27,Completed
15766,777,2025-01-10 05:34:11,Completed
15767,4546,2025-08-15 08:07:05,Completed
15768,4511,2026-03-10 03:59:05,Cancelled
15769,1360,2025-12-10 03:45:24,Completed
15770,4684,2025-06-16 13:13:43,Cancelled
15771,495,2025-03-17 05:21:25,Completed
15772,3325,2025-07-25 21:46:09,Completed
15773,160,2026-06-19 12:56:12,Completed
15774,3526,2024-09-14 00:01:55,Completed
15775,1666,2026-07-16 17:55:31,Completed
15776,1762,2024-09-30 20:55:27,Completed
15777,2958,2024-09-10 03:26:20,Completed
15778,3358,2024-11-13 01:53:32,Completed
15779,4339,2025-06-21 16:59:27,Completed
15780,889,2025-05-19 11:50:13,Completed
15781,10,2025-04-04 11:16:18,Completed
15782,1548,2026-05-02 17:28:45,Completed
15783,3870,2025-11-10 21:12:39,Pending
15784,4864,2025-07-02 09:41:51,Completed
15785,174,2025-06-05 15:07:29,Completed
15786,2015,2025-10-31 08:11:52,Completed
15787,498,2026-01-18 17:51:28,Completed
15788,4196,2026-07-04 02:24:45,Completed
15789,3416,2025-09-22 05:05:54,Cancelled
15790,3561,2024-11-03 23:42:07,Completed
15791,4752,2024-11-24 01:39:51,Completed
15792,300,2025-08-11 10:12:42,Completed
15793,288,2026-02-11 16:31:24,Completed
15794,4218,2024-11-30 21:24:29,Completed
15795,4134,2025-05-10 17:33:30,Completed
15796,1267,2025-08-11 11:14:38,Completed
15797,3566,2024-09-12 23:23:48,Completed
15798,2495,2025-08-27 03:51:26,Completed
15799,3354,2025-09-02 08:25:32,Cancelled
15800,1442,2024-10-30 23:45:44,Completed
15801,2848,2024-08-28 10:47:18,Pending
15802,3890,2025-08-07 01:33:04,Completed
15803,2204,2024-11-08 20:14:39,Completed
15804,3236,2025-11-19 23:05:29,Completed
15805,1092,2024-09-03 01:31:35,Completed
15806,3238,2025-06-25 06:29:57,Completed
15807,2263,2026-03-28 01:58:39,Pending
15808,4900,2026-02-18 01:05:50,Completed
15809,4114,2024-09-25 17:25:27,Completed
15810,4801,2025-01-01 23:15:07,Completed
15811,3905,2026-02-01 03:45:02,Completed
15812,29,2024-08-18 23:11:00,Completed
15813,331,2025-01-02 22:12:04,Completed
15814,2735,2025-11-15 04:39:43,Completed
15815,1222,2026-04-19 20:45:34,Pending
15816,3584,2025-01-05 16:57:10,Cancelled
15817,3254,2024-08-22 18:15:12,Completed
15818,1850,2026-02-28 03:50:03,Pending
15819,1025,2026-05-17 15:52:26,Completed
15820,3187,2024-10-10 15:32:47,Completed
15821,2095,2024-08-08 15:43:19,Completed
15822,3042,2025-05-08 01:06:36,Cancelled
15823,1825,2026-08-05 09:42:22,Completed
15824,271,2025-11-15 16:08:20,Cancelled
15825,3781,2024-11-02 21:35:37,Completed
15826,2113,2025-02-07 19:59:31,Completed
15827,322,2025-02-24 09:37:03,Completed
15828,1861,2025-01-05 12:01:26,Completed
15829,3545,2025-08-09 23:09:11,Completed
15830,1202,2026-01-08 17:53:17,Completed
15831,2227,2025-12-12 15:48:05,Completed
15832,3921,2025-01-03 05:14:00,Completed
15833,1026,2026-03-08 23:04:24,Completed
15834,4571,2026-06-04 14:23:04,Completed
15835,4709,2026-04-03 11:39:53,Completed
15836,203,2026-02-17 08:18:29,Pending
15837,2935,2025-02-18 05:06:59,Completed
15838,1720,2026-05-02 04:23:36,Completed
15839,3344,2025-01-03 20:36:54,Completed
15840,1712,2026-04-14 05:00:20,Completed
15841,4036,2024-11-19 07:31:18,Completed
15842,1779,2024-09-27 20:26:00,Cancelled
15843,1062,2026-01-27 14:45:27,Completed
15844,2908,2025-04-25 08:04:27,Completed
15845,1306,2026-04-20 17:37:09,Completed
15846,4257,2026-04-16 09:44:26,Completed
15847,1146,2026-03-02 09:27:33,Completed
15848,1795,2024-10-19 02:06:54,Completed
15849,1448,2025-10-20 12:46:20,Completed
15850,4750,2026-01-04 16:01:16,Completed
15851,290,2026-06-17 19:23:31,Completed
15852,1880,2025-11-10 08:46:40,Completed
15853,436,2026-07-17 16:58:58,Pending
15854,4785,2024-11-07 21:45:51,Completed
15855,1701,2024-11-21 03:35:16,Completed
15856,279,2024-08-23 14:29:12,Completed
15857,3652,2025-08-14 15:38:12,Pending
15858,1619,2024-08-28 19:21:46,Completed
15859,1611,2025-05-25 09:51:47,Completed
15860,4403,2026-02-04 17:28:57,Completed
15861,4216,2024-11-06 22:02:17,Completed
15862,2302,2025-04-10 06:35:49,Completed
15863,676,2024-11-25 12:16:43,Completed
15864,3989,2025-09-04 04:01:54,Completed
15865,104,2025-01-31 01:11:36,Completed
15866,1796,2025-07-31 23:48:57,Completed
15867,4854,2024-12-29 23:38:42,Completed
15868,3045,2025-09-19 11:26:45,Completed
15869,932,2025-02-28 14:31:29,Completed
15870,3449,2024-08-14 19:42:31,Completed
15871,3160,2026-01-24 22:10:16,Completed
15872,3164,2026-01-03 19:26:05,Completed
15873,2921,2026-02-07 19:28:52,Completed
15874,1181,2025-03-17 00:39:54,Pending
15875,4010,2025-04-08 07:57:32,Completed
15876,4419,2025-08-11 15:00:55,Completed
15877,3798,2025-05-10 17:06:00,Completed
15878,1289,2025-07-24 16:28:59,Completed
15879,247,2024-09-12 00:03:57,Completed
15880,1192,2026-06-20 22:21:30,Completed
15881,3689,2025-02-14 12:03:45,Completed
15882,4936,2025-06-27 08:59:38,Completed
15883,4337,2024-12-04 14:34:21,Completed
15884,1673,2025-01-15 15:03:11,Completed
15885,1088,2026-06-27 19:49:22,Completed
15886,4556,2025-06-07 16:04:43,Completed
15887,4688,2026-02-18 10:40:48,Pending
15888,4942,2025-10-19 14:49:30,Completed
15889,4975,2025-01-14 16:02:10,Completed
15890,4243,2026-02-09 11:01:10,Completed
15891,1731,2026-05-05 16:24:19,Pending
15892,3050,2024-08-25 03:30:39,Pending
15893,1352,2026-03-31 06:48:55,Pending
15894,4177,2025-10-23 05:21:03,Completed
15895,4765,2024-08-08 02:40:26,Completed
15896,3446,2025-12-31 01:29:37,Cancelled
15897,2973,2024-10-11 00:05:02,Completed
15898,245,2025-02-01 00:59:56,Completed
15899,96,2026-03-22 19:31:39,Completed
15900,3559,2024-11-05 13:17:12,Completed
15901,4293,2024-12-02 04:16:06,Completed
15902,302,2025-08-06 07:49:14,Completed
15903,3750,2025-01-29 04:07:35,Completed
15904,2439,2025-09-20 02:05:50,Completed
15905,3859,2026-02-23 14:20:44,Pending
15906,2440,2026-05-22 01:36:59,Completed
15907,4727,2026-06-25 00:33:00,Completed
15908,3511,2024-11-14 09:23:48,Completed
15909,4584,2026-01-16 18:55:27,Completed
15910,730,2025-01-08 16:40:53,Completed
15911,8,2025-12-07 00:48:22,Completed
15912,2744,2025-01-29 04:23:59,Completed
15913,1202,2025-11-29 13:58:55,Completed
15914,3123,2025-06-05 12:22:18,Completed
15915,846,2025-02-19 20:43:53,Completed
15916,4637,2024-10-01 17:25:29,Completed
15917,1983,2026-07-20 03:04:13,Cancelled
15918,3619,2025-08-30 07:09:30,Completed
15919,4693,2025-06-11 17:40:47,Completed
15920,3397,2025-08-15 12:54:37,Completed
15921,4946,2024-12-03 12:07:22,Completed
15922,2760,2024-12-24 10:03:46,Cancelled
15923,2368,2025-04-21 21:10:27,Pending
15924,4558,2026-07-03 10:30:04,Completed
15925,2625,2026-02-10 01:06:02,Completed
15926,2343,2025-01-29 11:42:56,Completed
15927,3568,2026-05-23 12:30:15,Completed
15928,3015,2025-10-31 18:25:39,Completed
15929,3850,2024-11-28 18:01:12,Pending
15930,4019,2024-11-23 15:23:02,Completed
15931,439,2025-10-08 04:34:55,Completed
15932,746,2025-10-07 00:46:33,Pending
15933,1200,2026-06-23 06:47:24,Completed
15934,3832,2025-03-24 13:17:20,Cancelled
15935,3115,2026-06-29 02:59:45,Completed
15936,1815,2026-02-08 05:10:32,Completed
15937,1375,2025-05-20 05:18:00,Completed
15938,3200,2024-11-30 01:09:31,Completed
15939,3779,2025-06-01 09:10:02,Completed
15940,1523,2025-01-21 15:29:04,Completed
15941,1676,2024-11-04 17:52:15,Completed
15942,4137,2025-06-22 05:31:24,Completed
15943,4623,2025-10-29 17:28:39,Completed
15944,536,2025-11-15 14:48:09,Completed
15945,3207,2026-05-10 06:11:18,Pending
15946,787,2025-10-21 11:28:09,Completed
15947,274,2026-05-04 08:49:08,Completed
15948,2477,2026-05-12 21:28:28,Completed
15949,3530,2025-01-09 17:14:06,Completed
15950,188,2025-08-12 21:29:00,Completed
15951,1703,2026-06-10 23:45:32,Cancelled
15952,1264,2025-07-29 06:46:42,Completed
15953,2493,2026-05-15 21:26:50,Cancelled
15954,3665,2024-09-18 07:25:38,Completed
15955,4569,2025-05-30 09:42:59,Completed
15956,1620,2025-10-05 04:15:09,Completed
15957,4212,2024-09-25 05:27:12,Completed
15958,2975,2026-02-27 16:14:16,Completed
15959,2289,2025-08-26 20:27:46,Pending
15960,3529,2025-11-22 16:09:49,Completed
15961,191,2025-06-08 19:02:10,Completed
15962,4061,2025-03-23 21:36:35,Pending
15963,3399,2026-07-24 11:09:04,Completed
15964,2997,2025-04-08 21:05:34,Completed
15965,4582,2025-10-18 22:42:32,Completed
15966,2340,2026-04-16 06:52:56,Completed
15967,4021,2026-01-27 13:51:29,Completed
15968,2228,2026-01-27 18:19:11,Completed
15969,4708,2024-12-26 05:46:34,Completed
15970,2089,2025-05-17 18:24:33,Cancelled
15971,1749,2026-05-26 14:05:30,Completed
15972,1916,2025-05-06 04:19:38,Completed
15973,4499,2024-08-08 15:16:30,Completed
15974,2668,2026-01-19 15:06:23,Completed
15975,4691,2026-05-10 12:53:58,Pending
15976,2718,2026-04-29 01:27:11,Completed
15977,2825,2026-05-01 07:34:17,Cancelled
15978,720,2025-04-16 06:51:00,Completed
15979,3625,2026-04-01 01:52:06,Completed
15980,2482,2026-03-21 20:03:22,Completed
15981,3626,2025-06-02 11:52:33,Pending
15982,4331,2024-11-13 10:21:21,Cancelled
15983,4422,2024-11-29 11:45:52,Completed
15984,3646,2026-01-05 11:04:47,Completed
15985,2163,2024-09-10 06:01:09,Completed
15986,4967,2025-04-09 23:54:15,Completed
15987,4163,2025-12-29 06:55:36,Completed
15988,1756,2026-03-28 23:40:40,Completed
15989,3237,2025-12-02 21:56:20,Completed
15990,2650,2025-03-22 12:23:13,Pending
15991,1964,2024-09-12 20:41:26,Pending
15992,4675,2025-12-08 05:14:34,Completed
15993,3195,2026-08-02 15:27:05,Completed
15994,4983,2024-12-20 04:14:17,Cancelled
15995,1355,2025-04-03 00:01:13,Completed
15996,1822,2025-09-13 02:47:28,Completed
15997,1903,2026-05-08 13:06:03,Completed
15998,4329,2025-02-12 04:48:05,Completed
15999,2704,2025-11-01 16:17:55,Completed
16000,919,2026-03-20 15:12:42,Completed
16001,837,2026-07-19 20:44:46,Completed
16002,3186,2026-07-30 15:34:25,Pending
16003,1927,2025-09-28 09:27:52,Completed
16004,521,2025-12-01 21:46:40,Pending
16005,4473,2024-10-15 22:31:39,Pending
16006,2705,2024-10-08 17:03:41,Completed
16007,3438,2026-06-19 20:32:41,Completed
16008,3128,2025-05-18 06:55:56,Completed
16009,2455,2025-05-27 10:04:17,Completed
16010,481,2025-05-17 11:17:14,Completed
16011,3297,2026-02-03 08:34:29,Completed
16012,2263,2026-06-26 09:01:32,Completed
16013,4775,2025-08-09 03:17:29,Completed
16014,672,2024-12-22 20:54:48,Completed
16015,1526,2024-08-29 21:23:51,Completed
16016,2770,2024-08-25 21:52:40,Pending
16017,1948,2026-02-13 01:33:41,Completed
16018,3319,2024-10-30 21:53:53,Completed
16019,2877,2025-12-08 20:34:59,Completed
16020,3349,2025-07-27 09:54:40,Completed
16021,575,2024-08-06 21:47:04,Completed
16022,364,2024-12-28 11:35:47,Pending
16023,2480,2025-12-22 17:39:49,Completed
16024,4270,2024-10-10 12:02:29,Completed
16025,1761,2026-05-04 11:59:12,Completed
16026,1074,2025-01-14 11:27:57,Completed
16027,3408,2025-10-08 05:53:54,Completed
16028,3286,2025-03-29 02:07:08,Pending
16029,1831,2026-03-14 18:05:31,Completed
16030,2586,2026-07-03 08:52:34,Completed
16031,213,2025-09-18 22:00:06,Completed
16032,2775,2025-09-01 19:49:36,Completed
16033,3948,2025-02-18 11:28:41,Completed
16034,4249,2024-11-21 17:20:22,Pending
16035,256,2025-01-04 02:05:20,Pending
16036,2411,2024-12-18 07:21:13,Completed
16037,3815,2026-07-21 13:56:12,Pending
16038,4440,2025-10-02 07:44:54,Pending
16039,3071,2026-05-01 06:20:32,Completed
16040,3153,2026-04-07 02:24:20,Completed
16041,743,2024-09-01 13:47:46,Completed
16042,4978,2026-08-02 08:21:21,Completed
16043,4739,2025-03-17 22:41:41,Completed
16044,3287,2025-06-25 02:40:47,Completed
16045,3062,2024-11-27 20:27:18,Pending
16046,2919,2024-12-29 09:59:48,Completed
16047,4716,2025-02-08 16:56:31,Pending
16048,4859,2026-07-15 11:26:52,Completed
16049,4722,2024-08-24 06:14:27,Completed
16050,3589,2026-07-04 02:02:28,Pending
16051,3548,2026-03-05 13:38:02,Completed
16052,4035,2025-01-21 22:32:17,Pending
16053,64,2025-08-08 10:08:10,Completed
16054,2550,2025-02-26 15:53:53,Completed
16055,1210,2025-11-24 16:09:42,Completed
16056,1672,2024-10-20 00:28:28,Completed
16057,4576,2025-11-01 11:17:04,Cancelled
16058,2996,2025-11-07 14:27:09,Pending
16059,831,2024-08-14 22:03:16,Completed
16060,686,2025-04-17 03:51:25,Completed
16061,4842,2025-03-20 12:03:49,Completed
16062,1151,2025-01-13 18:23:53,Pending
16063,1596,2026-01-28 09:52:31,Completed
16064,2892,2024-09-18 22:07:18,Completed
16065,1105,2024-08-19 00:15:40,Pending
16066,2173,2025-08-30 12:37:27,Pending
16067,428,2025-11-07 08:32:54,Cancelled
16068,1747,2025-09-23 21:20:16,Completed
16069,599,2026-07-05 07:41:33,Cancelled
16070,3860,2024-08-28 21:06:50,Completed
16071,4278,2025-10-29 14:15:22,Completed
16072,3157,2024-12-06 19:17:55,Completed
16073,3678,2025-03-20 15:28:26,Completed
16074,57,2026-01-01 11:58:44,Completed
16075,871,2024-12-30 12:49:30,Pending
16076,1486,2026-02-24 11:48:17,Cancelled
16077,1076,2026-06-19 22:33:58,Completed
16078,1881,2026-03-20 01:22:04,Cancelled
16079,3182,2025-04-04 06:11:28,Completed
16080,3036,2024-12-14 21:52:26,Cancelled
16081,3518,2024-12-27 16:26:04,Completed
16082,765,2025-12-26 21:42:58,Completed
16083,966,2024-11-08 05:08:50,Completed
16084,394,2026-03-12 20:40:46,Completed
16085,520,2025-11-30 22:47:44,Completed
16086,995,2026-01-02 11:30:36,Completed
16087,1080,2025-12-13 02:32:40,Completed
16088,1885,2026-02-14 16:36:30,Completed
16089,4987,2025-03-17 13:27:50,Cancelled
16090,1603,2025-12-23 16:31:08,Pending
16091,2659,2025-01-26 17:10:48,Completed
16092,4162,2025-07-22 05:33:47,Completed
16093,4758,2025-08-28 00:27:33,Completed
16094,1112,2025-04-20 13:51:32,Pending
16095,1235,2025-11-01 18:17:57,Completed
16096,2331,2024-12-05 03:30:08,Completed
16097,2793,2024-11-02 01:53:52,Completed
16098,4547,2026-01-24 00:34:06,Completed
16099,4137,2025-09-19 20:33:22,Completed
16100,864,2025-08-01 14:18:29,Completed
16101,4774,2026-05-01 22:25:02,Completed
16102,883,2025-12-25 06:52:56,Completed
16103,3315,2026-03-31 22:50:12,Completed
16104,397,2024-11-06 14:09:27,Cancelled
16105,2944,2025-08-12 09:00:28,Pending
16106,1338,2025-09-24 23:45:37,Pending
16107,1155,2025-03-06 19:05:19,Completed
16108,1779,2025-12-20 23:45:43,Completed
16109,49,2026-06-04 23:38:55,Completed
16110,3318,2026-03-20 08:07:23,Completed
16111,846,2025-04-19 02:41:57,Cancelled
16112,4562,2024-11-15 16:32:33,Completed
16113,2074,2025-12-10 00:07:17,Completed
16114,3335,2026-04-05 08:52:20,Completed
16115,4433,2026-04-01 14:08:25,Completed
16116,4093,2026-05-06 04:01:02,Cancelled
16117,2103,2026-02-14 08:30:16,Pending
16118,4521,2025-07-12 23:54:30,Completed
16119,2238,2026-06-13 04:13:26,Completed
16120,2668,2025-06-11 12:26:12,Completed
16121,4637,2026-03-15 13:27:12,Completed
16122,245,2025-05-09 13:10:11,Completed
16123,95,2025-11-30 14:08:15,Completed
16124,2724,2025-05-06 07:17:03,Completed
16125,4109,2025-01-30 04:29:20,Pending
16126,1079,2025-08-12 23:18:28,Completed
16127,3742,2025-11-09 08:13:10,Completed
16128,3264,2024-12-18 03:14:54,Completed
16129,4568,2024-12-22 06:59:40,Completed
16130,4476,2025-08-24 09:27:55,Cancelled
16131,2854,2025-02-09 04:46:41,Completed
16132,333,2025-04-24 06:34:43,Completed
16133,1161,2024-09-03 18:10:58,Completed
16134,2247,2024-09-03 23:40:21,Pending
16135,1173,2026-06-23 19:49:28,Completed
16136,132,2025-07-18 10:49:04,Completed
16137,2942,2025-11-06 14:32:01,Completed
16138,3630,2025-08-23 03:24:18,Cancelled
16139,1468,2026-04-23 11:56:44,Completed
16140,1561,2026-05-14 19:25:23,Completed
16141,4372,2026-07-07 21:00:05,Completed
16142,3328,2026-02-11 01:55:35,Completed
16143,4955,2026-04-07 20:11:46,Pending
16144,4920,2025-09-30 08:29:22,Completed
16145,1600,2026-03-28 02:12:48,Pending
16146,3201,2025-11-12 21:05:44,Cancelled
16147,2341,2025-12-04 12:48:05,Completed
16148,4297,2025-01-18 12:43:35,Cancelled
16149,3284,2024-10-01 07:15:18,Completed
16150,2405,2026-06-26 13:32:29,Completed
16151,3075,2025-05-02 07:27:58,Completed
16152,2623,2026-02-05 13:32:24,Completed
16153,118,2025-06-08 18:11:36,Completed
16154,3174,2025-06-01 18:18:52,Completed
16155,3654,2025-09-28 06:54:44,Cancelled
16156,695,2026-03-15 17:45:02,Completed
16157,3197,2024-11-28 17:51:11,Completed
16158,4425,2026-04-30 18:55:40,Completed
16159,65,2026-06-06 17:57:06,Completed
16160,2527,2026-01-02 14:52:08,Completed
16161,1045,2026-03-13 01:14:44,Completed
16162,3277,2025-03-07 03:55:57,Completed
16163,4871,2024-09-21 09:48:31,Cancelled
16164,3384,2025-10-30 18:45:18,Completed
16165,377,2025-12-22 02:18:31,Completed
16166,3028,2025-03-09 00:56:32,Completed
16167,4077,2025-08-15 23:56:37,Completed
16168,2420,2025-05-24 17:38:19,Pending
16169,516,2025-09-24 23:58:54,Completed
16170,4074,2026-01-10 14:04:42,Cancelled
16171,1690,2025-03-02 17:36:54,Pending
16172,1209,2025-10-31 21:31:38,Completed
16173,2241,2026-05-13 17:50:58,Completed
16174,1664,2025-09-08 02:49:01,Completed
16175,2799,2025-09-30 06:05:19,Completed
16176,3198,2026-04-21 20:31:57,Completed
16177,6,2024-09-17 11:03:08,Completed
16178,4281,2025-08-11 13:04:42,Completed
16179,2531,2026-03-27 06:34:25,Completed
16180,513,2025-09-02 12:36:42,Completed
16181,885,2024-08-13 21:36:14,Completed
16182,464,2025-08-27 22:19:11,Completed
16183,1231,2025-08-22 22:33:18,Pending
16184,2949,2024-12-08 22:23:05,Cancelled
16185,1866,2026-04-12 02:34:48,Completed
16186,719,2025-02-26 18:53:39,Completed
16187,976,2025-09-18 22:40:51,Completed
16188,3044,2025-02-23 15:36:04,Cancelled
16189,137,2025-11-14 08:29:08,Completed
16190,1884,2025-08-01 20:38:00,Completed
16191,1224,2026-06-03 15:28:37,Completed
16192,1040,2026-06-13 00:50:33,Completed
16193,1013,2026-04-06 01:18:14,Pending
16194,698,2025-03-26 11:20:49,Completed
16195,4741,2025-10-03 00:15:26,Completed
16196,2115,2025-07-26 07:07:57,Completed
16197,1854,2026-04-04 21:59:53,Completed
16198,2271,2026-05-31 15:50:02,Cancelled
16199,616,2025-03-08 23:22:02,Completed
16200,254,2025-07-14 04:21:53,Completed
16201,4410,2025-03-22 01:00:03,Cancelled
16202,3978,2025-02-23 01:25:14,Completed
16203,2173,2025-11-11 17:18:24,Completed
16204,1613,2024-12-25 06:34:29,Completed
16205,3815,2025-07-12 14:39:57,Completed
16206,3947,2026-06-27 12:49:53,Completed
16207,4457,2026-07-21 22:09:08,Completed
16208,2489,2024-11-13 12:51:11,Pending
16209,1218,2025-07-03 04:38:17,Pending
16210,941,2025-03-04 00:59:35,Completed
16211,4350,2024-12-28 23:05:14,Completed
16212,760,2025-04-30 00:59:18,Completed
16213,4636,2025-12-24 08:40:37,Completed
16214,4236,2025-12-14 21:38:54,Pending
16215,894,2025-03-09 00:07:05,Completed
16216,350,2025-09-30 13:36:39,Completed
16217,4644,2026-05-30 00:13:04,Completed
16218,2546,2024-09-28 16:05:41,Completed
16219,3346,2026-02-10 17:07:05,Completed
16220,3795,2025-06-07 19:45:40,Completed
16221,3566,2026-04-05 15:08:53,Completed
16222,2724,2024-12-17 04:13:43,Completed
16223,3879,2024-09-14 16:02:44,Completed
16224,2313,2024-09-05 06:28:12,Completed
16225,2842,2025-07-29 16:43:45,Completed
16226,3417,2025-01-25 01:25:08,Completed
16227,2462,2025-02-08 20:30:05,Completed
16228,4368,2024-10-22 17:34:26,Completed
16229,4047,2025-11-15 03:58:05,Completed
16230,1222,2026-06-04 09:13:45,Completed
16231,2421,2025-12-15 22:44:14,Completed
16232,1051,2024-08-28 20:10:15,Completed
16233,1660,2025-08-14 12:22:17,Completed
16234,554,2025-06-19 03:04:04,Completed
16235,4313,2024-10-21 03:13:30,Completed
16236,1529,2025-04-10 00:00:58,Completed
16237,2713,2025-04-25 23:02:16,Pending
16238,2045,2026-02-23 16:22:50,Completed
16239,2995,2025-08-27 02:32:57,Completed
16240,4320,2024-08-24 23:56:05,Completed
16241,3865,2025-12-08 05:08:42,Completed
16242,2147,2025-10-25 07:57:12,Completed
16243,3874,2024-11-06 00:31:55,Completed
16244,3104,2026-01-07 01:58:49,Completed
16245,4361,2025-06-21 21:05:38,Completed
16246,4473,2026-06-28 20:17:11,Cancelled
16247,2452,2024-09-28 05:07:51,Completed
16248,4101,2025-04-05 00:22:28,Completed
16249,1060,2026-06-08 00:41:44,Pending
16250,3872,2026-04-08 17:22:39,Completed
16251,592,2025-05-25 08:44:38,Completed
16252,1763,2025-07-16 11:38:21,Completed
16253,3196,2026-03-18 15:35:05,Completed
16254,4950,2026-01-29 10:08:15,Completed
16255,3043,2025-01-15 07:33:32,Completed
16256,1117,2025-08-28 22:33:34,Completed
16257,781,2025-06-15 05:54:46,Completed
16258,283,2025-09-13 06:26:24,Completed
16259,2422,2025-03-12 17:13:39,Completed
16260,674,2025-08-10 06:17:10,Completed
16261,2158,2025-01-04 04:11:20,Completed
16262,998,2026-06-22 05:11:37,Pending
16263,3176,2025-09-02 07:47:14,Pending
16264,2345,2025-04-06 04:35:48,Completed
16265,4841,2025-02-20 12:33:07,Completed
16266,4895,2025-04-26 04:43:40,Completed
16267,2506,2024-09-04 16:34:00,Completed
16268,3780,2025-07-03 23:16:31,Completed
16269,1678,2026-07-21 17:52:57,Completed
16270,4876,2026-03-18 23:22:16,Completed
16271,3923,2025-07-07 22:17:25,Pending
16272,1004,2025-02-10 02:15:56,Completed
16273,2969,2026-01-06 19:23:52,Completed
16274,1991,2025-03-11 01:12:34,Completed
16275,4757,2025-10-19 20:06:28,Cancelled
16276,1349,2026-05-24 07:16:55,Completed
16277,3829,2026-03-26 19:05:57,Pending
16278,207,2025-07-21 06:00:17,Completed
16279,1688,2025-07-14 16:09:53,Completed
16280,2479,2025-01-07 23:14:30,Completed
16281,2471,2025-01-16 01:11:49,Completed
16282,4066,2026-08-01 18:33:25,Completed
16283,4447,2025-03-29 09:41:39,Completed
16284,4519,2026-06-18 19:48:24,Completed
16285,564,2026-04-13 07:28:39,Completed
16286,4289,2026-05-17 10:35:13,Completed
16287,3901,2026-06-28 01:03:59,Completed
16288,440,2025-09-09 18:31:07,Cancelled
16289,1072,2025-12-11 00:49:19,Completed
16290,4692,2026-04-06 04:28:52,Completed
16291,4089,2025-04-11 04:24:26,Completed
16292,1781,2025-06-25 16:11:57,Completed
16293,1799,2026-02-02 07:30:32,Completed
16294,4023,2026-07-31 03:34:00,Cancelled
16295,4779,2025-12-20 02:04:22,Completed
16296,1726,2025-01-14 03:53:42,Completed
16297,1313,2024-08-11 20:27:10,Completed
16298,1877,2025-03-28 19:03:05,Completed
16299,2634,2024-10-20 13:07:16,Completed
16300,336,2024-10-07 22:36:01,Cancelled
16301,3597,2025-04-03 00:52:31,Pending
16302,3691,2026-06-09 01:48:02,Completed
16303,964,2025-12-04 04:51:27,Cancelled
16304,4304,2024-09-16 13:38:14,Completed
16305,3247,2026-01-03 19:24:03,Completed
16306,2537,2025-01-02 04:19:31,Completed
16307,4067,2025-11-22 01:41:40,Completed
16308,3761,2026-04-10 07:26:21,Pending
16309,3299,2025-05-06 22:05:04,Completed
16310,2894,2025-04-26 19:02:44,Completed
16311,31,2025-06-08 13:02:44,Completed
16312,3681,2025-02-05 15:45:01,Completed
16313,1141,2025-08-01 17:49:43,Completed
16314,4503,2024-11-16 09:32:02,Completed
16315,985,2025-04-16 02:00:55,Completed
16316,1483,2025-02-18 21:35:43,Completed
16317,4414,2025-01-15 14:42:31,Completed
16318,4760,2024-11-15 00:39:38,Completed
16319,1742,2024-11-20 13:17:47,Completed
16320,4125,2026-01-03 04:09:17,Completed
16321,4401,2026-07-10 22:04:10,Completed
16322,4552,2025-05-20 07:49:35,Completed
16323,3608,2024-12-22 13:30:42,Completed
16324,2142,2025-11-03 23:23:02,Completed
16325,1766,2026-06-30 09:04:42,Completed
16326,1619,2026-03-22 11:10:05,Completed
16327,2453,2025-06-03 11:40:17,Completed
16328,2951,2025-05-10 20:21:25,Completed
16329,3530,2024-12-21 16:23:58,Completed
16330,301,2025-09-05 17:06:11,Cancelled
16331,3285,2026-06-01 20:36:41,Completed
16332,3253,2025-07-23 11:05:00,Pending
16333,2238,2024-11-01 23:05:08,Completed
16334,1898,2025-09-09 02:48:35,Pending
16335,1658,2025-12-24 08:17:47,Completed
16336,2168,2025-03-25 22:29:27,Completed
16337,2786,2024-09-02 12:10:05,Completed
16338,2271,2024-09-16 11:34:35,Completed
16339,4608,2025-04-22 08:14:48,Pending
16340,4267,2025-04-08 05:32:59,Completed
16341,3548,2025-04-17 19:55:08,Completed
16342,1262,2025-10-22 02:41:00,Cancelled
16343,1486,2026-02-26 19:25:10,Completed
16344,3186,2025-08-14 07:34:26,Completed
16345,3832,2024-11-13 23:29:46,Completed
16346,724,2024-11-27 18:21:21,Completed
16347,156,2024-08-31 04:41:17,Completed
16348,1848,2024-12-29 18:20:04,Completed
16349,2068,2025-12-08 19:18:22,Completed
16350,4334,2026-04-27 15:57:17,Pending
16351,3366,2025-07-21 15:21:33,Completed
16352,4747,2026-02-07 00:36:46,Completed
16353,2961,2026-01-04 16:04:32,Completed
16354,4526,2026-05-28 13:15:15,Completed
16355,3050,2025-01-29 02:00:13,Completed
16356,2114,2026-04-25 22:03:56,Completed
16357,2022,2026-06-10 17:34:14,Completed
16358,1617,2026-06-13 08:09:43,Cancelled
16359,1709,2025-06-23 00:07:16,Completed
16360,3360,2024-09-24 01:26:23,Completed
16361,3227,2024-11-06 16:24:19,Completed
16362,4068,2024-10-06 17:19:20,Completed
16363,3275,2026-04-30 12:12:37,Completed
16364,4258,2025-12-04 23:28:01,Completed
16365,3999,2026-07-28 08:08:22,Completed
16366,1718,2025-04-17 02:14:12,Completed
16367,4580,2025-09-09 18:53:17,Completed
16368,1710,2024-08-12 22:41:25,Completed
16369,2529,2025-04-30 00:33:29,Pending
16370,2105,2026-02-21 18:59:14,Cancelled
16371,598,2025-03-11 05:13:37,Completed
16372,1803,2026-05-13 19:50:53,Completed
16373,4550,2025-07-10 16:11:38,Pending
16374,4487,2024-12-12 22:44:59,Completed
16375,2440,2025-06-22 11:30:07,Completed
16376,4026,2025-09-13 16:10:40,Completed
16377,1573,2025-01-21 18:54:14,Completed
16378,4972,2025-06-21 03:29:08,Pending
16379,4015,2024-10-16 17:10:08,Completed
16380,942,2024-11-17 01:36:28,Completed
16381,226,2026-05-04 03:55:06,Pending
16382,615,2025-04-19 19:14:17,Pending
16383,4996,2026-07-11 23:55:49,Completed
16384,2523,2025-05-29 05:04:54,Completed
16385,2,2025-01-05 05:12:08,Completed
16386,1503,2026-07-30 16:33:53,Completed
16387,3381,2026-01-07 18:55:16,Cancelled
16388,4092,2024-12-14 06:41:12,Completed
16389,612,2025-01-09 10:38:23,Completed
16390,4793,2026-06-12 05:58:55,Completed
16391,713,2025-11-15 22:59:28,Pending
16392,4298,2025-03-19 08:05:05,Cancelled
16393,797,2025-05-11 17:44:55,Completed
16394,3150,2025-08-25 05:51:09,Completed
16395,2049,2026-02-15 22:29:11,Completed
16396,4962,2026-03-07 17:38:41,Pending
16397,4939,2025-02-25 06:40:06,Completed
16398,734,2024-09-11 19:26:43,Completed
16399,3943,2024-10-06 01:29:22,Completed
16400,220,2025-11-20 08:03:00,Completed
16401,4689,2026-06-04 11:00:34,Completed
16402,1894,2025-09-17 08:15:23,Completed
16403,1487,2025-04-27 19:48:25,Cancelled
16404,4785,2025-04-23 05:00:21,Completed
16405,969,2026-05-10 16:50:28,Pending
16406,1485,2024-09-25 05:43:45,Completed
16407,3753,2026-02-20 11:27:57,Completed
16408,2504,2025-02-24 15:21:27,Completed
16409,1421,2025-06-10 19:40:42,Pending
16410,4170,2024-10-28 20:52:33,Completed
16411,4650,2026-05-10 06:10:55,Completed
16412,1297,2025-12-30 04:19:49,Completed
16413,2975,2025-03-14 05:37:40,Completed
16414,3842,2026-06-20 01:30:14,Completed
16415,2983,2025-04-25 04:20:25,Completed
16416,3637,2025-02-16 04:53:00,Completed
16417,1286,2024-09-27 16:37:15,Completed
16418,4006,2025-01-26 21:36:15,Completed
16419,972,2025-05-26 08:29:48,Completed
16420,2750,2026-01-10 19:31:24,Completed
16421,786,2025-11-23 03:05:24,Completed
16422,3822,2026-01-09 05:59:06,Completed
16423,1685,2024-12-03 05:33:24,Completed
16424,1499,2025-08-26 12:54:59,Completed
16425,3390,2024-11-24 23:41:06,Pending
16426,4803,2026-03-01 00:29:56,Completed
16427,2788,2025-08-26 15:56:46,Completed
16428,4521,2025-04-07 07:40:02,Completed
16429,4509,2025-05-09 07:53:37,Completed
16430,515,2026-07-19 07:22:01,Pending
16431,4291,2025-06-24 13:50:25,Completed
16432,4956,2026-03-21 18:58:29,Completed
16433,2841,2026-04-27 20:16:53,Completed
16434,3923,2025-04-30 21:34:52,Completed
16435,4843,2026-05-03 04:49:41,Completed
16436,1742,2025-01-19 14:07:44,Cancelled
16437,1594,2026-04-04 00:10:43,Cancelled
16438,3365,2025-05-01 02:31:14,Completed
16439,4065,2025-04-13 15:34:32,Pending
16440,3135,2024-11-25 10:45:37,Completed
16441,4015,2026-07-14 17:26:55,Completed
16442,4037,2025-09-28 19:04:36,Completed
16443,2873,2025-07-13 20:30:10,Completed
16444,2162,2024-08-08 20:42:17,Completed
16445,4246,2025-01-14 13:29:14,Completed
16446,3173,2025-06-23 09:28:48,Completed
16447,2125,2025-10-06 10:57:15,Completed
16448,2172,2025-09-04 13:13:34,Cancelled
16449,642,2026-03-11 12:57:11,Completed
16450,1955,2026-03-08 02:31:42,Completed
16451,3632,2025-04-09 02:31:57,Cancelled
16452,2620,2024-11-08 21:37:26,Completed
16453,1063,2026-04-17 14:36:09,Completed
16454,2987,2025-07-27 09:39:04,Completed
16455,4057,2025-01-23 19:57:52,Completed
16456,46,2025-06-26 16:10:02,Completed
16457,2236,2026-06-27 02:19:44,Completed
16458,4295,2025-12-30 10:37:59,Completed
16459,2580,2025-05-06 04:17:55,Completed
16460,2120,2025-11-30 08:50:30,Completed
16461,222,2026-05-09 22:30:54,Completed
16462,2863,2026-02-16 00:45:32,Completed
16463,267,2025-06-20 20:38:08,Completed
16464,3949,2026-03-25 17:57:54,Completed
16465,3069,2025-04-05 10:02:24,Completed
16466,1769,2025-10-28 03:22:24,Completed
16467,4372,2025-11-17 07:53:41,Completed
16468,3301,2025-01-26 16:55:44,Completed
16469,1529,2026-02-28 06:01:37,Completed
16470,991,2024-10-31 20:11:15,Completed
16471,4923,2024-10-30 21:42:45,Completed
16472,4300,2025-07-04 08:31:35,Pending
16473,2267,2026-02-13 11:03:06,Completed
16474,240,2025-05-20 03:33:51,Completed
16475,3757,2025-02-18 03:19:00,Completed
16476,2252,2026-05-04 19:32:37,Pending
16477,11,2025-12-03 06:59:51,Completed
16478,3165,2024-10-14 11:00:28,Completed
16479,2110,2026-02-25 02:23:43,Completed
16480,2575,2024-11-28 13:43:41,Completed
16481,1157,2025-08-02 17:38:07,Completed
16482,4232,2026-04-22 12:17:05,Completed
16483,4367,2026-02-24 10:54:11,Completed
16484,4764,2025-08-04 20:14:52,Completed
16485,1656,2026-02-28 16:26:51,Completed
16486,3233,2025-01-30 03:31:05,Completed
16487,3499,2025-01-14 21:15:35,Completed
16488,3229,2026-02-23 18:00:20,Completed
16489,306,2025-03-19 18:04:49,Completed
16490,1119,2026-06-24 22:11:27,Cancelled
16491,1611,2026-03-13 16:09:32,Completed
16492,4673,2026-05-24 14:41:55,Completed
16493,2167,2025-03-30 08:09:48,Completed
16494,4872,2024-11-05 12:49:26,Completed
16495,440,2025-10-01 00:21:38,Completed
16496,4716,2026-07-09 18:55:55,Completed
16497,572,2026-01-14 07:13:48,Pending
16498,728,2026-05-02 21:07:20,Pending
16499,4008,2026-01-20 18:51:16,Completed
16500,3957,2024-10-13 00:58:49,Completed
16501,903,2025-05-23 22:43:09,Completed
16502,4886,2025-07-23 10:44:24,Completed
16503,3210,2026-06-12 17:52:59,Completed
16504,4242,2026-06-07 21:34:32,Completed
16505,3781,2024-09-11 07:39:37,Completed
16506,3845,2025-04-04 05:10:50,Completed
16507,1609,2026-02-27 22:16:47,Cancelled
16508,178,2026-02-22 04:10:02,Completed
16509,2160,2026-03-30 21:18:50,Completed
16510,2634,2025-09-17 23:39:41,Completed
16511,3041,2024-09-13 02:18:02,Completed
16512,3876,2025-07-20 16:27:02,Completed
16513,1724,2026-06-04 18:57:02,Completed
16514,188,2024-08-19 07:10:45,Cancelled
16515,2818,2024-11-10 13:50:37,Completed
16516,1503,2025-03-16 07:47:15,Completed
16517,1522,2025-07-13 05:01:59,Completed
16518,238,2025-03-06 00:43:54,Completed
16519,4325,2024-10-14 10:40:06,Completed
16520,3545,2025-02-23 13:35:22,Completed
16521,496,2026-03-23 06:28:10,Completed
16522,4439,2024-10-02 11:23:54,Completed
16523,981,2026-03-23 14:16:24,Cancelled
16524,4913,2024-11-20 14:08:49,Completed
16525,3270,2024-08-26 19:52:50,Cancelled
16526,1790,2025-05-24 13:58:10,Completed
16527,1044,2026-03-07 03:53:03,Completed
16528,3783,2025-06-02 05:46:47,Completed
16529,4901,2026-03-26 13:47:48,Completed
16530,4268,2025-11-27 03:28:01,Cancelled
16531,840,2025-12-23 22:08:01,Completed
16532,1697,2025-09-30 11:48:29,Cancelled
16533,2036,2024-08-08 08:40:02,Completed
16534,4101,2024-11-21 18:17:19,Completed
16535,2740,2024-08-22 14:29:34,Cancelled
16536,4138,2025-09-08 01:09:49,Completed
16537,96,2024-09-30 06:12:49,Completed
16538,542,2024-09-02 15:44:21,Completed
16539,3314,2024-11-10 17:42:11,Completed
16540,2977,2026-07-12 07:38:47,Completed
16541,246,2026-05-28 13:14:39,Completed
16542,2190,2024-08-17 07:19:45,Pending
16543,294,2024-10-10 05:24:54,Cancelled
16544,4324,2025-08-31 04:40:59,Completed
16545,4407,2025-10-13 14:04:54,Completed
16546,2469,2025-05-09 15:52:49,Completed
16547,2203,2025-03-14 22:22:59,Completed
16548,1608,2026-06-03 07:29:02,Completed
16549,1868,2026-02-06 23:12:51,Completed
16550,2878,2026-04-25 17:49:50,Completed
16551,3546,2024-10-30 08:26:43,Cancelled
16552,2692,2025-02-10 21:54:25,Completed
16553,60,2025-04-01 00:13:36,Completed
16554,2149,2025-10-16 20:24:13,Completed
16555,3926,2025-06-20 03:31:47,Completed
16556,474,2026-06-20 17:36:14,Completed
16557,1550,2025-01-22 19:24:23,Completed
16558,3701,2025-02-22 10:24:34,Completed
16559,4146,2025-05-02 04:10:55,Completed
16560,3195,2024-09-18 22:43:28,Completed
16561,2100,2026-05-22 13:15:26,Completed
16562,678,2025-06-06 04:25:20,Completed
16563,4254,2025-02-08 21:49:16,Completed
16564,4118,2026-04-29 22:16:07,Completed
16565,2139,2026-01-08 02:14:31,Cancelled
16566,342,2025-07-31 08:57:40,Completed
16567,4691,2026-03-14 15:51:05,Cancelled
16568,4814,2025-06-01 06:50:35,Completed
16569,1638,2026-01-12 23:32:42,Cancelled
16570,276,2024-09-10 03:22:31,Completed
16571,3046,2026-04-10 06:56:50,Completed
16572,2804,2025-09-30 15:20:00,Completed
16573,444,2026-05-07 00:10:04,Completed
16574,2963,2026-07-23 00:01:43,Completed
16575,310,2025-04-09 20:02:14,Completed
16576,4973,2026-08-03 21:06:36,Cancelled
16577,3295,2026-02-06 01:53:15,Completed
16578,1794,2025-03-12 00:26:56,Pending
16579,4919,2025-02-20 11:20:16,Completed
16580,1353,2025-06-11 01:51:14,Cancelled
16581,2935,2025-04-16 05:57:25,Completed
16582,3274,2025-08-11 18:49:10,Completed
16583,27,2024-10-27 02:03:41,Cancelled
16584,241,2026-01-10 18:34:11,Completed
16585,4860,2025-12-04 21:46:36,Completed
16586,2894,2024-09-07 03:54:01,Completed
16587,493,2026-01-06 18:21:13,Completed
16588,3793,2024-08-29 13:56:15,Completed
16589,1339,2025-05-02 06:52:52,Pending
16590,1196,2024-12-12 12:37:06,Completed
16591,4992,2025-10-06 01:38:27,Completed
16592,766,2024-12-24 08:10:06,Completed
16593,2674,2025-05-23 07:06:26,Pending
16594,2394,2026-05-19 15:47:22,Completed
16595,643,2026-01-28 22:42:32,Completed
16596,4356,2025-01-28 16:23:36,Completed
16597,320,2026-01-26 21:59:14,Completed
16598,3150,2024-11-30 20:09:22,Cancelled
16599,1035,2026-05-02 04:36:15,Completed
16600,455,2026-02-06 15:47:04,Completed
16601,1020,2026-04-06 08:29:56,Completed
16602,267,2025-01-23 02:07:26,Completed
16603,459,2025-06-06 02:48:54,Cancelled
16604,2840,2025-01-14 12:39:11,Completed
16605,2359,2025-11-22 01:17:05,Completed
16606,1782,2025-10-16 04:47:59,Cancelled
16607,2941,2026-04-21 07:56:11,Completed
16608,3977,2025-06-22 22:21:47,Completed
16609,1676,2024-08-15 01:41:55,Completed
16610,4305,2024-09-26 04:18:49,Cancelled
16611,1232,2025-12-08 10:33:32,Completed
16612,2700,2026-02-11 06:59:49,Completed
16613,2683,2024-08-26 01:21:04,Completed
16614,860,2025-02-12 06:46:28,Completed
16615,694,2024-08-20 00:13:54,Completed
16616,3982,2026-02-21 08:41:58,Completed
16617,1539,2025-01-15 23:25:38,Completed
16618,1132,2025-03-17 22:29:34,Completed
16619,2249,2026-03-10 18:15:24,Completed
16620,4808,2025-05-14 15:06:57,Completed
16621,807,2026-07-08 16:42:26,Completed
16622,1513,2026-06-05 20:36:46,Completed
16623,2992,2025-10-19 09:43:29,Completed
16624,3431,2025-06-11 19:05:50,Completed
16625,4309,2025-05-26 11:00:58,Completed
16626,650,2025-05-18 10:44:44,Completed
16627,2773,2024-11-10 06:21:57,Completed
16628,1997,2026-04-24 04:58:24,Pending
16629,4205,2024-09-13 13:43:01,Completed
16630,3468,2025-05-20 07:13:00,Completed
16631,2690,2024-09-05 09:50:51,Completed
16632,2145,2026-01-23 10:51:49,Completed
16633,3715,2025-09-13 21:10:31,Completed
16634,2774,2026-04-11 17:13:45,Pending
16635,2410,2025-09-17 21:28:35,Completed
16636,2308,2025-07-14 17:24:14,Completed
16637,944,2026-06-26 08:41:07,Completed
16638,2666,2025-09-22 07:44:01,Completed
16639,4182,2026-05-12 02:50:51,Completed
16640,2092,2024-09-23 20:33:57,Completed
16641,2380,2025-12-18 13:31:29,Pending
16642,2724,2024-11-03 09:33:40,Pending
16643,3384,2025-11-23 17:30:44,Completed
16644,2959,2026-07-31 14:25:22,Completed
16645,2887,2025-02-02 18:30:30,Completed
16646,1724,2025-08-07 07:37:25,Completed
16647,2725,2024-09-17 08:49:46,Completed
16648,638,2025-07-22 03:08:37,Completed
16649,4160,2025-03-08 18:20:10,Completed
16650,1099,2024-08-31 14:08:18,Completed
16651,3659,2025-08-15 15:10:33,Completed
16652,2702,2026-01-28 14:21:57,Completed
16653,3703,2025-02-01 05:52:56,Completed
16654,4040,2025-04-13 17:50:14,Completed
16655,4706,2025-07-10 11:45:08,Completed
16656,3031,2025-12-25 02:55:46,Completed
16657,963,2025-08-10 18:47:11,Completed
16658,4214,2026-03-02 02:10:33,Completed
16659,2364,2026-02-19 06:29:43,Completed
16660,2035,2026-04-11 09:32:23,Completed
16661,3850,2025-10-16 09:42:08,Completed
16662,140,2026-06-07 05:33:30,Completed
16663,2335,2026-03-31 01:13:28,Completed
16664,2984,2025-05-21 12:59:08,Completed
16665,2329,2025-06-07 02:17:28,Completed
16666,2544,2025-05-03 01:12:22,Completed
16667,3409,2025-11-30 22:30:04,Completed
16668,2173,2026-04-18 21:56:21,Cancelled
16669,865,2025-02-02 04:49:42,Completed
16670,1087,2025-02-16 05:42:12,Completed
16671,4618,2026-07-13 22:23:56,Completed
16672,3456,2024-09-22 09:12:39,Completed
16673,4003,2025-07-10 15:15:32,Completed
16674,2703,2025-08-05 23:19:07,Completed
16675,1811,2025-12-29 23:20:33,Completed
16676,245,2026-08-03 03:39:46,Cancelled
16677,3690,2026-03-31 00:34:22,Completed
16678,2159,2026-05-10 07:02:58,Completed
16679,171,2026-06-01 21:49:29,Completed
16680,1016,2025-03-27 14:07:41,Completed
16681,1254,2025-01-10 23:17:39,Completed
16682,3955,2024-09-22 19:08:05,Completed
16683,1617,2024-09-14 03:13:29,Completed
16684,2319,2025-10-28 03:56:09,Completed
16685,928,2024-09-21 03:00:10,Completed
16686,1655,2024-12-10 12:40:28,Completed
16687,4067,2026-06-05 09:22:08,Cancelled
16688,405,2024-09-11 16:29:46,Pending
16689,2318,2025-04-27 18:37:54,Cancelled
16690,2756,2026-02-20 16:55:35,Completed
16691,2374,2025-09-07 13:25:42,Completed
16692,2755,2025-08-13 03:31:48,Completed
16693,2979,2024-10-07 16:50:07,Cancelled
16694,1535,2024-08-30 06:59:17,Cancelled
16695,3474,2025-07-02 07:07:44,Cancelled
16696,1759,2026-01-19 03:09:44,Completed
16697,3963,2024-12-13 14:10:31,Completed
16698,3397,2026-01-21 01:05:49,Completed
16699,443,2025-08-08 16:46:16,Completed
16700,2918,2025-01-16 10:12:02,Completed
16701,2471,2025-09-23 05:48:41,Cancelled
16702,4756,2025-11-15 00:28:08,Pending
16703,4119,2026-06-05 10:33:22,Completed
16704,417,2025-03-17 13:31:49,Completed
16705,651,2026-07-18 18:02:01,Completed
16706,3036,2024-10-26 17:19:52,Cancelled
16707,3863,2026-05-18 22:30:31,Completed
16708,1300,2026-04-20 20:59:59,Pending
16709,4744,2025-07-06 08:39:58,Completed
16710,1897,2025-09-26 19:18:08,Completed
16711,4555,2025-12-04 04:22:33,Completed
16712,379,2026-05-12 12:37:49,Completed
16713,1988,2025-09-04 10:41:05,Completed
16714,3443,2026-02-25 19:34:25,Pending
16715,4717,2024-08-20 12:29:00,Cancelled
16716,4241,2024-12-20 11:53:43,Cancelled
16717,4476,2026-04-18 22:35:08,Completed
16718,201,2026-05-02 20:23:11,Cancelled
16719,274,2024-08-30 02:21:53,Completed
16720,4521,2026-03-11 18:31:46,Completed
16721,642,2025-09-14 08:44:22,Pending
16722,3027,2025-07-18 06:13:06,Completed
16723,1419,2024-11-06 00:31:27,Pending
16724,3326,2026-05-05 00:39:57,Completed
16725,271,2026-07-24 23:32:52,Completed
16726,1556,2025-07-24 17:07:28,Completed
16727,1945,2024-09-09 21:17:42,Completed
16728,4675,2025-09-21 11:43:26,Completed
16729,4095,2025-08-06 05:52:33,Completed
16730,1516,2026-01-21 14:35:20,Cancelled
16731,1935,2025-06-03 15:39:34,Completed
16732,3667,2025-06-07 19:36:58,Completed
16733,515,2026-01-28 21:45:55,Completed
16734,1731,2025-11-09 22:34:06,Completed
16735,2322,2025-04-18 21:44:43,Cancelled
16736,3685,2025-10-06 08:28:28,Completed
16737,3377,2025-01-16 17:56:12,Completed
16738,3542,2026-05-05 16:54:38,Completed
16739,2237,2026-01-21 21:32:34,Completed
16740,1107,2025-06-01 22:53:59,Completed
16741,4454,2024-10-24 17:10:04,Completed
16742,4199,2026-02-08 23:47:12,Completed
16743,1521,2025-09-21 04:00:33,Completed
16744,3316,2026-07-03 17:04:10,Completed
16745,3939,2024-12-02 18:35:57,Completed
16746,3384,2025-12-02 00:26:15,Completed
16747,246,2026-07-17 02:56:46,Completed
16748,4578,2026-03-03 00:38:22,Completed
16749,1364,2025-02-05 07:34:26,Completed
16750,4910,2025-06-14 19:52:50,Completed
16751,3330,2025-07-21 20:25:40,Completed
16752,4866,2025-10-30 17:11:02,Completed
16753,2681,2024-11-05 13:27:33,Completed
16754,4503,2024-11-08 02:09:25,Completed
16755,2477,2026-01-13 14:23:50,Completed
16756,4641,2025-12-11 22:24:47,Completed
16757,3180,2024-08-24 01:26:07,Completed
16758,724,2025-05-17 04:33:40,Completed
16759,2108,2026-07-14 19:29:56,Completed
16760,4996,2025-01-03 07:35:50,Completed
16761,4662,2025-02-10 18:55:28,Completed
16762,2744,2026-02-05 09:45:18,Completed
16763,2680,2024-10-25 02:05:40,Completed
16764,3582,2025-01-25 16:40:48,Completed
16765,1182,2026-01-06 07:39:36,Completed
16766,2287,2025-08-17 22:18:40,Pending
16767,1251,2025-09-12 12:25:19,Completed
16768,4779,2026-01-14 05:10:30,Completed
16769,4551,2025-05-01 03:13:38,Cancelled
16770,3073,2026-04-04 22:24:05,Completed
16771,4827,2026-06-13 20:12:16,Completed
16772,3427,2026-06-17 04:00:23,Completed
16773,4255,2024-11-14 04:29:58,Pending
16774,998,2025-12-28 11:23:10,Completed
16775,4406,2026-04-07 08:21:53,Completed
16776,1140,2025-03-11 09:48:18,Completed
16777,1196,2024-11-23 10:07:20,Completed
16778,1118,2026-05-22 22:17:11,Completed
16779,4590,2025-06-04 11:22:45,Completed
16780,1522,2025-07-21 06:29:58,Cancelled
16781,1856,2024-09-08 11:17:05,Completed
16782,1888,2025-04-05 07:36:49,Completed
16783,4572,2025-10-02 18:54:10,Completed
16784,437,2024-11-28 07:43:24,Cancelled
16785,527,2025-09-28 15:55:50,Completed
16786,3389,2024-12-28 08:34:47,Completed
16787,2465,2025-08-18 15:33:25,Completed
16788,4267,2025-11-03 17:59:55,Cancelled
16789,4062,2024-11-02 18:34:17,Completed
16790,422,2025-11-15 02:55:30,Cancelled
16791,2701,2026-04-14 18:01:54,Completed
16792,3155,2024-08-12 14:12:04,Completed
16793,2667,2026-08-02 08:29:58,Completed
16794,3682,2025-05-05 22:50:56,Completed
16795,3047,2026-03-21 09:13:45,Completed
16796,3772,2026-01-20 05:23:52,Completed
16797,4601,2024-10-30 09:19:33,Completed
16798,444,2024-11-08 09:09:49,Completed
16799,2764,2025-08-19 18:19:24,Pending
16800,1080,2024-09-18 12:11:58,Cancelled
16801,3924,2025-05-27 01:50:39,Completed
16802,2140,2025-04-05 07:10:24,Completed
16803,4929,2025-05-26 06:58:24,Completed
16804,3394,2026-05-07 05:00:00,Cancelled
16805,1357,2025-11-15 11:38:50,Completed
16806,3012,2026-06-11 06:21:49,Completed
16807,2092,2025-01-22 13:16:02,Cancelled
16808,2910,2026-07-03 04:52:22,Completed
16809,2059,2026-04-27 05:55:39,Completed
16810,1455,2024-11-29 19:38:38,Pending
16811,2391,2026-02-06 01:24:03,Completed
16812,4179,2025-07-19 21:24:01,Completed
16813,2049,2026-02-06 06:19:54,Completed
16814,818,2026-01-05 23:47:01,Completed
16815,1125,2025-01-10 11:55:39,Pending
16816,2669,2025-08-30 15:37:21,Pending
16817,4706,2025-11-13 11:09:29,Pending
16818,4323,2024-10-06 15:28:41,Completed
16819,178,2024-11-20 02:36:25,Completed
16820,3350,2025-07-20 23:04:33,Completed
16821,830,2026-02-24 18:28:59,Completed
16822,2594,2026-06-06 18:44:31,Completed
16823,4484,2025-10-30 18:37:31,Completed
16824,4452,2024-12-24 20:58:05,Pending
16825,2156,2025-08-16 03:19:08,Cancelled
16826,1521,2026-04-01 20:38:31,Completed
16827,4610,2024-11-05 09:39:49,Completed
16828,3898,2024-08-22 18:11:43,Completed
16829,3365,2025-10-03 06:14:03,Completed
16830,1678,2025-04-07 10:33:31,Completed
16831,4014,2026-07-20 04:08:59,Completed
16832,391,2025-04-13 06:03:32,Completed
16833,1056,2025-07-23 19:13:11,Completed
16834,4489,2025-02-16 07:24:53,Pending
16835,3295,2024-11-14 02:20:34,Pending
16836,4141,2025-04-17 09:22:01,Completed
16837,635,2025-08-07 07:33:10,Completed
16838,4023,2025-09-28 08:42:28,Pending
16839,2979,2026-01-01 08:16:07,Completed
16840,4941,2025-08-13 04:34:47,Pending
16841,2190,2025-07-12 09:46:09,Completed
16842,2421,2025-03-25 08:10:51,Completed
16843,3330,2024-11-12 06:53:30,Completed
16844,4904,2025-07-26 12:59:21,Pending
16845,1088,2025-10-30 02:01:39,Completed
16846,1477,2024-09-30 21:12:07,Completed
16847,3517,2025-08-17 20:46:10,Pending
16848,927,2026-03-26 07:52:17,Completed
16849,1766,2024-11-03 11:36:24,Completed
16850,4128,2025-05-16 01:30:55,Completed
16851,367,2024-12-27 13:53:36,Completed
16852,52,2026-04-16 03:07:15,Completed
16853,3926,2024-11-24 12:42:57,Completed
16854,3001,2025-11-26 05:35:15,Completed
16855,329,2026-01-04 21:10:08,Completed
16856,89,2026-05-08 16:58:24,Completed
16857,1255,2026-04-29 20:54:10,Completed
16858,1147,2026-05-31 04:13:14,Completed
16859,4504,2026-07-14 14:23:46,Completed
16860,2356,2026-01-27 14:11:39,Completed
16861,1648,2025-01-12 18:04:53,Completed
16862,904,2025-05-11 10:14:57,Completed
16863,3662,2025-08-10 20:41:54,Completed
16864,1270,2024-11-20 06:47:19,Pending
16865,2014,2025-02-09 08:53:00,Pending
16866,1035,2025-05-13 15:52:13,Completed
16867,2040,2024-09-28 02:54:16,Completed
16868,1472,2026-02-04 23:02:58,Completed
16869,3369,2024-11-20 13:39:07,Completed
16870,355,2026-05-20 17:26:31,Completed
16871,1649,2024-12-03 18:40:19,Completed
16872,3391,2026-01-17 13:43:31,Cancelled
16873,2784,2025-03-15 23:53:50,Completed
16874,3429,2026-07-16 12:14:35,Completed
16875,2053,2024-11-28 06:29:46,Completed
16876,2718,2024-08-28 10:24:57,Completed
16877,3449,2024-09-05 03:20:36,Completed
16878,1138,2025-10-02 07:09:52,Completed
16879,1983,2024-10-16 16:45:39,Completed
16880,3876,2026-01-14 01:14:37,Completed
16881,1180,2024-08-23 15:30:47,Completed
16882,2573,2026-03-29 08:35:38,Completed
16883,64,2026-02-08 18:28:23,Completed
16884,2919,2026-07-03 11:42:33,Cancelled
16885,3577,2026-05-29 11:23:01,Completed
16886,342,2025-06-17 17:10:21,Completed
16887,23,2026-05-31 08:30:19,Completed
16888,623,2026-03-19 20:33:13,Completed
16889,1457,2025-03-29 08:50:24,Pending
16890,4281,2024-11-23 14:33:01,Pending
16891,3139,2025-09-01 11:16:51,Completed
16892,4906,2025-03-29 09:40:29,Completed
16893,1477,2024-12-19 17:53:03,Cancelled
16894,2990,2026-01-05 17:01:10,Completed
16895,1538,2026-04-02 21:41:38,Completed
16896,1882,2024-11-26 02:31:40,Completed
16897,1896,2026-03-04 02:54:07,Pending
16898,3036,2026-04-15 23:03:09,Completed
16899,2310,2026-03-06 11:26:26,Completed
16900,2619,2026-07-28 13:29:01,Cancelled
16901,3430,2024-10-24 01:36:31,Completed
16902,460,2026-06-04 19:02:55,Completed
16903,4766,2026-04-27 11:10:26,Completed
16904,1191,2025-07-06 07:35:17,Completed
16905,4326,2025-09-20 22:05:22,Completed
16906,1212,2026-05-08 11:54:41,Completed
16907,3244,2025-08-01 12:26:21,Completed
16908,3378,2024-11-30 03:53:45,Completed
16909,2739,2024-12-11 11:50:59,Completed
16910,2711,2026-01-05 01:56:04,Completed
16911,4699,2025-11-30 13:17:54,Pending
16912,283,2026-05-05 23:52:02,Completed
16913,531,2025-07-24 21:14:57,Completed
16914,2497,2026-04-20 00:09:11,Completed
16915,269,2026-07-29 11:53:27,Completed
16916,808,2024-11-19 12:10:45,Pending
16917,1814,2026-03-25 16:02:35,Completed
16918,3206,2026-07-09 00:34:20,Completed
16919,2031,2025-09-24 10:08:13,Completed
16920,3414,2025-06-11 06:48:06,Completed
16921,1951,2026-02-03 21:59:18,Pending
16922,3949,2024-12-28 12:22:32,Completed
16923,3018,2026-04-23 20:50:38,Completed
16924,1586,2025-05-03 14:59:33,Completed
16925,434,2025-09-17 05:31:19,Pending
16926,4426,2024-10-27 06:18:34,Completed
16927,980,2025-10-27 20:53:23,Completed
16928,2159,2025-09-27 03:25:16,Completed
16929,3678,2026-07-26 13:20:43,Pending
16930,1202,2026-07-09 18:27:38,Pending
16931,3789,2024-10-28 20:58:00,Pending
16932,2209,2026-04-07 05:18:20,Completed
16933,912,2025-04-17 01:07:37,Completed
16934,2794,2024-09-23 20:46:06,Completed
16935,1390,2024-11-26 14:48:33,Completed
16936,1835,2025-10-25 08:53:12,Completed
16937,4632,2026-03-21 20:53:22,Completed
16938,759,2025-04-20 01:21:45,Completed
16939,4417,2026-05-20 14:32:35,Completed
16940,4336,2026-06-28 18:35:37,Completed
16941,3102,2025-06-13 22:25:05,Completed
16942,3072,2026-08-05 18:08:37,Pending
16943,4951,2025-01-29 11:10:37,Pending
16944,1940,2024-08-24 13:36:07,Cancelled
16945,4611,2025-03-03 09:36:30,Completed
16946,567,2024-10-08 02:23:39,Cancelled
16947,2844,2026-08-03 11:44:29,Completed
16948,4831,2025-01-05 07:45:51,Pending
16949,3101,2026-05-19 18:37:32,Completed
16950,4491,2025-10-04 12:05:51,Completed
16951,604,2025-12-15 22:20:51,Completed
16952,1736,2025-12-30 22:06:30,Cancelled
16953,3079,2024-12-28 07:44:32,Completed
16954,4093,2025-01-23 20:13:28,Pending
16955,4933,2025-04-07 21:20:56,Completed
16956,2112,2024-08-27 20:27:50,Completed
16957,354,2024-11-14 00:17:17,Completed
16958,2425,2025-04-28 14:59:13,Cancelled
16959,2908,2026-07-06 13:40:25,Completed
16960,2737,2026-05-12 21:25:08,Completed
16961,3020,2025-07-04 04:13:22,Completed
16962,4076,2026-04-22 00:32:44,Completed
16963,3131,2024-11-09 02:28:11,Completed
16964,55,2026-05-21 00:13:24,Completed
16965,3211,2024-09-11 02:41:04,Completed
16966,102,2025-09-04 16:25:17,Completed
16967,2625,2026-07-05 04:18:58,Completed
16968,1494,2026-01-19 17:21:37,Completed
16969,4760,2024-12-24 17:45:15,Completed
16970,1312,2024-12-14 04:00:18,Completed
16971,1055,2025-07-07 04:12:15,Cancelled
16972,3138,2025-12-07 10:43:30,Completed
16973,532,2024-11-21 14:15:42,Completed
16974,3573,2026-01-02 06:11:20,Completed
16975,164,2025-03-04 19:23:55,Completed
16976,217,2026-02-11 13:12:40,Cancelled
16977,1805,2025-08-13 15:06:56,Completed
16978,27,2025-01-22 14:50:09,Completed
16979,558,2024-10-27 21:18:20,Completed
16980,4684,2025-02-23 00:36:56,Pending
16981,4553,2025-07-02 08:02:15,Pending
16982,3829,2025-06-04 00:44:18,Pending
16983,1609,2024-09-10 06:15:17,Cancelled
16984,4093,2026-04-25 21:54:08,Completed
16985,1377,2026-01-22 05:56:27,Completed
16986,2824,2025-08-14 15:34:10,Cancelled
16987,4292,2024-11-10 19:30:18,Completed
16988,4022,2026-02-16 00:20:47,Completed
16989,408,2025-05-05 11:54:07,Pending
16990,4823,2025-01-17 04:28:45,Completed
16991,3160,2026-02-22 13:54:53,Completed
16992,824,2025-11-11 01:32:46,Completed
16993,2752,2025-06-01 13:12:27,Completed
16994,4915,2025-07-07 23:09:07,Cancelled
16995,2507,2025-08-23 18:15:38,Completed
16996,4022,2025-11-22 16:35:32,Completed
16997,2605,2025-06-14 09:02:52,Cancelled
16998,2966,2024-10-11 17:15:35,Completed
16999,4612,2025-07-18 08:45:21,Completed
17000,4857,2024-10-28 05:59:19,Completed
17001,1224,2026-01-20 06:46:59,Pending
17002,985,2025-05-29 13:00:14,Cancelled
17003,3018,2026-03-21 04:29:11,Completed
17004,4661,2025-08-22 18:47:52,Cancelled
17005,3765,2025-07-07 22:34:01,Completed
17006,4348,2025-08-03 01:21:29,Completed
17007,4996,2026-08-05 23:13:59,Completed
17008,368,2025-10-15 09:38:40,Pending
17009,2924,2024-11-14 06:00:09,Completed
17010,3826,2025-09-13 18:53:20,Completed
17011,4301,2025-12-16 09:50:49,Completed
17012,3874,2024-08-14 08:56:59,Completed
17013,4435,2026-04-01 01:58:20,Completed
17014,1071,2025-10-25 10:54:48,Completed
17015,4015,2025-07-17 22:37:24,Completed
17016,2148,2025-02-19 04:23:41,Completed
17017,2312,2025-06-26 23:12:04,Completed
17018,4975,2026-05-07 06:05:24,Completed
17019,2729,2026-05-20 23:44:04,Completed
17020,2515,2025-06-15 02:52:17,Completed
17021,1927,2025-05-03 15:47:41,Completed
17022,4952,2025-06-25 03:11:29,Completed
17023,3848,2026-02-04 12:35:17,Completed
17024,1454,2025-09-02 08:31:25,Completed
17025,296,2026-05-06 21:11:21,Completed
17026,1640,2025-02-03 06:16:48,Pending
17027,3113,2026-07-02 13:13:38,Completed
17028,3489,2026-01-18 15:39:16,Completed
17029,1009,2025-11-29 21:05:24,Completed
17030,4022,2024-08-06 18:01:08,Completed
17031,730,2026-06-19 15:21:00,Completed
17032,4795,2025-01-17 22:06:42,Completed
17033,1728,2026-07-10 08:27:34,Completed
17034,308,2025-09-19 04:14:15,Completed
17035,626,2025-10-13 10:51:57,Completed
17036,4548,2025-10-27 12:49:16,Completed
17037,1776,2025-06-24 03:13:15,Pending
17038,3223,2026-02-09 19:13:58,Completed
17039,4224,2024-11-15 18:42:55,Completed
17040,3912,2025-01-23 22:10:52,Completed
17041,1929,2025-07-26 04:40:57,Completed
17042,2716,2025-05-20 06:08:59,Completed
17043,1407,2024-09-03 08:26:40,Pending
17044,4901,2025-11-21 15:02:33,Completed
17045,4497,2025-05-13 18:04:54,Cancelled
17046,2078,2025-03-03 04:26:27,Completed
17047,1015,2026-03-17 11:37:14,Completed
17048,4576,2026-01-24 12:38:29,Completed
17049,4841,2025-10-29 23:28:59,Completed
17050,4828,2025-06-22 21:35:04,Completed
17051,3018,2025-09-14 06:26:39,Completed
17052,1891,2026-05-02 14:02:11,Completed
17053,1354,2024-09-01 05:03:04,Completed
17054,1126,2025-06-11 15:51:16,Completed
17055,678,2024-11-27 12:56:50,Completed
17056,3770,2024-11-19 21:23:11,Completed
17057,2750,2025-08-22 01:49:43,Cancelled
17058,67,2024-08-21 05:23:20,Completed
17059,4651,2025-12-20 10:42:02,Completed
17060,3600,2025-08-24 18:18:31,Completed
17061,455,2025-08-05 08:16:59,Completed
17062,3952,2025-10-23 10:06:53,Completed
17063,4055,2025-09-15 02:52:30,Completed
17064,4609,2026-03-16 05:16:35,Pending
17065,2463,2026-04-25 00:35:53,Completed
17066,1029,2026-07-31 01:37:24,Completed
17067,1735,2024-10-06 09:03:58,Completed
17068,2616,2025-10-25 11:27:54,Completed
17069,2029,2026-06-13 13:48:33,Completed
17070,627,2024-12-03 06:51:00,Pending
17071,2707,2026-03-05 16:48:44,Completed
17072,260,2025-05-28 14:37:18,Completed
17073,1153,2024-10-02 02:29:23,Completed
17074,3764,2026-05-05 23:34:14,Completed
17075,2226,2024-12-11 02:28:25,Completed
17076,1541,2026-01-25 23:32:10,Completed
17077,3057,2024-10-13 22:07:03,Completed
17078,2887,2025-08-09 04:08:44,Cancelled
17079,1528,2025-01-03 13:54:24,Completed
17080,2102,2026-05-20 04:40:26,Completed
17081,4724,2025-08-28 16:42:57,Completed
17082,4390,2025-02-19 15:17:00,Completed
17083,3774,2025-08-12 04:05:34,Cancelled
17084,4267,2026-05-01 16:12:55,Completed
17085,2659,2026-04-25 04:02:44,Pending
17086,4691,2024-09-16 05:44:55,Completed
17087,1867,2024-08-28 12:57:34,Completed
17088,4745,2026-05-03 19:45:37,Completed
17089,2234,2024-12-31 10:43:29,Completed
17090,870,2024-08-29 02:35:11,Pending
17091,553,2024-08-22 04:18:26,Pending
17092,1196,2025-01-01 11:33:51,Completed
17093,4858,2025-07-07 03:30:53,Completed
17094,1581,2025-04-15 15:54:03,Completed
17095,4789,2025-11-16 02:07:47,Completed
17096,12,2025-08-06 06:38:58,Completed
17097,4298,2025-11-16 09:35:11,Completed
17098,4137,2025-06-11 12:42:25,Completed
17099,3406,2025-06-03 13:15:47,Completed
17100,931,2025-02-07 04:55:18,Completed
17101,1275,2025-06-25 12:36:07,Completed
17102,4803,2026-01-30 09:35:33,Completed
17103,3673,2026-01-27 15:36:33,Cancelled
17104,2630,2024-11-05 02:37:39,Completed
17105,2513,2025-11-10 10:58:09,Completed
17106,636,2025-03-13 05:21:10,Completed
17107,2662,2026-02-02 23:00:11,Completed
17108,308,2026-02-15 10:20:11,Completed
17109,2455,2025-10-20 04:39:00,Completed
17110,3241,2025-01-14 10:07:40,Pending
17111,758,2025-03-31 11:46:08,Completed
17112,3376,2025-09-11 22:20:56,Completed
17113,1322,2026-01-30 09:43:48,Completed
17114,2474,2024-12-28 18:38:12,Completed
17115,2739,2025-12-12 18:32:49,Cancelled
17116,2326,2026-06-11 10:49:23,Completed
17117,1333,2026-06-01 02:51:32,Pending
17118,1458,2025-06-16 08:41:50,Cancelled
17119,1889,2024-12-12 14:55:51,Completed
17120,2054,2025-03-13 12:21:36,Completed
17121,1390,2024-12-18 04:48:07,Completed
17122,2048,2025-02-20 03:35:54,Completed
17123,33,2025-12-24 00:15:30,Completed
17124,683,2025-10-24 20:06:18,Completed
17125,2017,2025-02-07 23:17:30,Completed
17126,1877,2026-07-18 18:57:02,Completed
17127,3138,2025-09-22 07:40:47,Cancelled
17128,2790,2024-10-05 02:46:35,Completed
17129,2124,2025-06-26 06:25:47,Completed
17130,407,2024-11-03 11:22:47,Completed
17131,415,2025-10-04 11:01:07,Completed
17132,2047,2025-11-28 03:58:03,Cancelled
17133,4305,2026-06-17 04:15:40,Completed
17134,631,2026-02-07 08:39:47,Pending
17135,4736,2025-11-29 03:09:27,Cancelled
17136,2929,2026-07-27 11:55:26,Completed
17137,1556,2024-09-14 05:04:44,Completed
17138,611,2026-06-21 04:05:42,Completed
17139,700,2025-05-04 05:50:20,Completed
17140,4,2026-08-04 23:41:53,Cancelled
17141,1356,2026-07-26 01:48:47,Completed
17142,875,2026-04-24 19:01:05,Completed
17143,3272,2025-08-05 01:13:44,Pending
17144,4216,2026-03-02 11:38:23,Pending
17145,4976,2026-02-14 08:42:17,Completed
17146,2074,2026-07-12 08:49:59,Completed
17147,704,2025-03-07 10:58:41,Completed
17148,2751,2025-07-25 03:46:11,Completed
17149,1571,2025-02-17 00:04:58,Completed
17150,1615,2025-04-30 09:46:30,Completed
17151,2947,2026-07-12 21:11:39,Completed
17152,102,2026-05-30 04:27:15,Completed
17153,2790,2025-01-02 08:42:01,Cancelled
17154,4893,2025-01-31 20:32:50,Completed
17155,552,2025-12-24 00:22:50,Completed
17156,3532,2024-09-20 19:16:22,Completed
17157,2618,2026-06-16 04:20:10,Completed
17158,3599,2025-02-27 04:33:26,Completed
17159,811,2025-10-16 23:33:49,Completed
17160,3879,2024-08-15 03:45:56,Completed
17161,4636,2025-04-09 17:13:14,Pending
17162,2697,2026-06-27 15:17:01,Completed
17163,2491,2025-03-15 04:58:39,Completed
17164,1395,2024-12-19 04:54:09,Pending
17165,4792,2024-08-08 19:02:14,Completed
17166,841,2025-02-10 21:01:35,Completed
17167,1311,2025-05-22 15:30:07,Completed
17168,4978,2024-11-17 04:54:33,Completed
17169,925,2026-02-21 20:31:52,Completed
17170,2329,2025-08-14 13:32:29,Pending
17171,689,2024-11-18 06:41:59,Completed
17172,4205,2024-08-16 07:30:24,Cancelled
17173,3251,2024-11-01 15:50:28,Cancelled
17174,4761,2026-05-11 21:02:58,Completed
17175,992,2025-02-22 00:16:19,Completed
17176,1380,2025-01-01 04:15:22,Completed
17177,1261,2024-09-09 00:19:35,Pending
17178,989,2026-01-13 18:37:23,Completed
17179,251,2025-04-20 21:17:08,Completed
17180,2474,2025-01-30 22:15:13,Completed
17181,1247,2026-01-25 03:25:05,Pending
17182,4146,2026-06-03 19:55:25,Completed
17183,2517,2026-07-21 10:36:33,Completed
17184,4123,2025-03-26 07:23:51,Completed
17185,4265,2025-12-03 06:39:43,Completed
17186,2982,2024-10-01 14:08:27,Completed
17187,4455,2026-04-27 04:59:09,Pending
17188,4444,2025-01-25 05:07:02,Completed
17189,1529,2025-06-19 20:44:28,Cancelled
17190,4915,2024-11-03 20:15:02,Completed
17191,3159,2025-07-21 11:57:41,Completed
17192,2679,2026-03-23 07:28:03,Cancelled
17193,834,2026-01-02 18:37:54,Cancelled
17194,2558,2024-10-08 16:32:00,Cancelled
17195,4725,2026-06-09 01:31:47,Completed
17196,2568,2024-12-14 08:13:46,Completed
17197,1225,2026-03-18 03:30:51,Completed
17198,4586,2024-12-25 15:18:58,Completed
17199,780,2025-05-23 04:44:15,Pending
17200,505,2025-06-21 13:57:17,Completed
17201,1126,2026-01-16 18:34:46,Completed
17202,2944,2025-07-25 12:23:58,Completed
17203,4372,2026-04-12 14:09:46,Completed
17204,1932,2025-06-04 05:33:24,Completed
17205,4450,2026-01-12 09:34:47,Completed
17206,102,2026-02-17 03:08:43,Completed
17207,1209,2025-09-11 02:36:26,Completed
17208,2063,2026-01-07 08:46:19,Completed
17209,3220,2025-09-17 00:28:50,Completed
17210,670,2025-11-08 20:32:29,Completed
17211,1296,2026-01-14 06:36:13,Pending
17212,1143,2026-03-21 06:49:26,Completed
17213,2074,2025-06-27 20:08:35,Completed
17214,4399,2026-05-16 12:16:35,Completed
17215,323,2026-06-12 02:42:04,Completed
17216,3884,2025-03-08 01:20:49,Completed
17217,2548,2025-05-20 13:57:53,Completed
17218,1622,2026-04-02 21:25:04,Completed
17219,4834,2026-05-13 22:52:10,Completed
17220,4043,2026-05-31 15:40:16,Completed
17221,3495,2026-07-05 10:18:25,Completed
17222,3849,2026-02-03 22:02:30,Completed
17223,4417,2024-09-20 05:03:33,Completed
17224,4090,2025-10-29 06:18:57,Completed
17225,1099,2025-04-15 05:35:14,Pending
17226,3677,2026-07-07 19:00:08,Completed
17227,1463,2026-02-19 06:57:53,Completed
17228,425,2025-07-03 17:17:43,Pending
17229,1792,2025-01-02 04:19:07,Completed
17230,3035,2025-04-30 09:05:36,Completed
17231,153,2026-05-23 11:12:32,Completed
17232,4902,2025-05-30 10:19:47,Completed
17233,4040,2025-04-05 11:11:43,Cancelled
17234,1185,2024-10-16 23:35:05,Completed
17235,3785,2026-02-19 21:38:32,Completed
17236,1127,2026-02-01 18:23:03,Completed
17237,1498,2025-07-11 07:15:45,Completed
17238,2371,2026-04-17 10:59:47,Completed
17239,3579,2024-09-24 04:27:32,Completed
17240,4357,2026-02-02 05:27:38,Completed
17241,1699,2025-11-21 03:22:07,Completed
17242,3977,2026-07-27 07:23:32,Cancelled
17243,3559,2025-08-10 01:02:55,Completed
17244,1917,2026-06-30 10:08:40,Completed
17245,2614,2025-08-06 15:26:43,Completed
17246,1799,2025-11-25 02:57:49,Completed
17247,848,2025-01-26 19:03:16,Completed
17248,1387,2024-08-10 01:01:00,Completed
17249,4189,2026-05-07 21:27:53,Completed
17250,3124,2024-09-08 08:23:36,Completed
17251,1364,2024-11-10 05:46:16,Completed
17252,3764,2024-09-25 18:46:17,Completed
17253,3494,2025-07-14 18:11:53,Completed
17254,3917,2024-12-26 20:39:02,Completed
17255,326,2025-06-22 08:49:19,Completed
17256,1903,2024-08-19 21:54:47,Completed
17257,3741,2025-07-24 22:48:35,Completed
17258,1893,2024-09-15 11:02:54,Pending
17259,4933,2025-06-18 11:35:16,Completed
17260,1928,2024-12-14 19:40:38,Pending
17261,661,2025-10-04 22:35:55,Completed
17262,4740,2026-04-06 23:05:24,Completed
17263,663,2026-02-15 11:17:43,Completed
17264,2612,2025-10-18 05:31:32,Completed
17265,3831,2026-01-08 04:12:17,Completed
17266,2836,2025-10-14 12:08:45,Pending
17267,3845,2026-04-05 11:12:08,Cancelled
17268,28,2026-03-28 04:27:01,Completed
17269,3072,2025-03-06 05:02:31,Pending
17270,4576,2026-06-13 05:40:41,Completed
17271,2438,2025-03-26 03:03:22,Completed
17272,4734,2025-01-28 03:21:13,Completed
17273,3273,2025-05-28 06:43:25,Completed
17274,2839,2025-09-29 06:15:00,Completed
17275,4134,2025-12-27 08:51:10,Completed
17276,3397,2025-05-27 02:38:19,Completed
17277,580,2026-06-03 21:08:28,Completed
17278,95,2025-12-11 14:52:24,Completed
17279,4742,2026-07-05 12:27:55,Completed
17280,2108,2025-01-26 10:35:18,Completed
17281,2941,2025-02-17 12:08:33,Completed
17282,1404,2025-08-25 21:04:04,Completed
17283,3038,2026-06-13 03:36:00,Completed
17284,2758,2026-01-04 16:59:19,Completed
17285,1548,2024-09-02 09:25:02,Completed
17286,2683,2024-08-21 12:49:37,Completed
17287,2876,2025-02-04 09:46:04,Completed
17288,4767,2025-04-29 11:53:11,Completed
17289,2904,2024-08-15 13:53:41,Completed
17290,816,2025-11-05 20:38:53,Pending
17291,3365,2025-04-03 08:44:21,Completed
17292,2807,2026-06-02 04:53:04,Completed
17293,1888,2025-03-11 19:48:05,Cancelled
17294,3514,2025-09-01 16:08:38,Completed
17295,2913,2025-08-26 20:37:24,Completed
17296,81,2026-05-02 18:07:44,Cancelled
17297,2746,2024-09-01 14:55:54,Completed
17298,2063,2025-01-21 16:09:14,Pending
17299,1945,2025-09-02 00:10:52,Completed
17300,1167,2025-09-30 15:54:08,Completed
17301,2137,2025-10-16 16:47:00,Completed
17302,3989,2024-11-26 23:53:08,Completed
17303,3819,2024-09-28 20:18:10,Completed
17304,324,2024-09-22 11:56:25,Cancelled
17305,1628,2025-03-21 04:25:42,Completed
17306,1414,2025-12-21 01:14:22,Completed
17307,4465,2026-07-08 07:03:16,Completed
17308,4227,2026-06-09 14:44:50,Pending
17309,518,2025-02-09 02:53:49,Completed
17310,4312,2024-12-06 21:37:38,Completed
17311,4672,2025-01-12 15:59:58,Completed
17312,2895,2026-03-10 00:06:19,Cancelled
17313,2517,2025-06-17 07:17:41,Completed
17314,2623,2025-02-05 02:59:42,Completed
17315,984,2025-07-30 14:29:06,Pending
17316,1321,2026-04-08 07:07:28,Completed
17317,2599,2026-07-17 12:54:48,Cancelled
17318,3467,2025-07-22 13:22:50,Completed
17319,4080,2025-03-13 20:42:38,Completed
17320,1782,2026-07-19 19:51:56,Pending
17321,2506,2025-08-02 15:27:29,Completed
17322,1687,2025-04-03 13:58:52,Completed
17323,862,2025-06-13 12:06:43,Completed
17324,4384,2026-01-07 23:11:55,Completed
17325,1327,2025-05-17 04:24:09,Cancelled
17326,442,2026-02-15 05:04:55,Completed
17327,2739,2025-07-07 18:42:30,Completed
17328,4764,2026-05-17 19:28:29,Completed
17329,216,2025-07-08 01:45:43,Pending
17330,4363,2025-12-25 05:26:16,Pending
17331,154,2025-08-30 22:18:25,Completed
17332,3421,2024-11-03 14:02:01,Completed
17333,3050,2025-04-23 04:02:44,Completed
17334,307,2026-08-02 05:03:48,Cancelled
17335,1057,2026-05-31 22:36:12,Pending
17336,1254,2025-06-27 11:38:52,Completed
17337,2072,2025-11-19 09:17:09,Pending
17338,715,2026-03-23 10:54:56,Completed
17339,1104,2025-01-18 05:39:06,Completed
17340,3463,2026-07-24 01:43:18,Pending
17341,4507,2025-08-26 10:35:45,Completed
17342,3651,2024-11-17 20:19:48,Completed
17343,1570,2026-08-05 21:00:02,Completed
17344,527,2025-05-21 21:10:37,Completed
17345,4970,2026-05-23 15:31:16,Completed
17346,89,2026-01-23 21:37:34,Completed
17347,1052,2025-01-31 17:38:48,Cancelled
17348,2295,2025-02-08 03:42:24,Completed
17349,2551,2026-04-22 00:14:05,Completed
17350,2096,2025-07-04 03:06:24,Completed
17351,1679,2024-11-12 22:16:44,Completed
17352,1063,2026-01-05 06:30:40,Completed
17353,3370,2025-06-05 16:24:47,Completed
17354,369,2025-01-26 02:21:11,Completed
17355,2411,2025-12-04 07:41:51,Completed
17356,16,2024-11-21 19:01:17,Pending
17357,2395,2025-01-04 21:19:07,Completed
17358,1000,2026-02-19 21:40:59,Completed
17359,3002,2025-04-11 08:18:59,Completed
17360,3730,2026-06-21 15:03:07,Completed
17361,1091,2025-04-29 23:21:50,Pending
17362,3870,2026-06-13 05:54:34,Completed
17363,1203,2026-04-22 06:01:55,Completed
17364,1048,2024-12-19 18:28:00,Completed
17365,4889,2025-01-28 07:33:30,Cancelled
17366,3468,2025-12-28 18:09:47,Completed
17367,3804,2026-07-09 10:59:39,Completed
17368,698,2024-10-17 15:13:04,Completed
17369,629,2025-12-26 05:32:58,Completed
17370,4915,2025-11-03 07:49:54,Completed
17371,4582,2026-01-12 10:06:11,Cancelled
17372,4541,2025-06-29 08:14:44,Completed
17373,4537,2026-04-29 16:15:20,Cancelled
17374,3719,2025-07-05 18:33:03,Completed
17375,3901,2025-05-07 18:00:37,Completed
17376,3040,2026-02-28 01:55:36,Completed
17377,1784,2025-04-22 02:38:46,Completed
17378,3807,2025-05-20 15:05:01,Completed
17379,1056,2024-11-10 12:56:51,Completed
17380,4969,2026-05-30 13:52:17,Completed
17381,4367,2026-08-05 01:36:46,Cancelled
17382,1829,2025-07-10 09:54:27,Completed
17383,1317,2025-08-10 11:35:06,Pending
17384,4151,2026-06-28 15:04:07,Completed
17385,319,2025-12-29 10:07:00,Completed
17386,958,2026-05-17 11:12:23,Completed
17387,2614,2025-01-19 06:11:41,Completed
17388,4107,2025-02-04 16:15:51,Completed
17389,4177,2025-07-09 00:18:30,Completed
17390,693,2024-10-10 13:19:15,Completed
17391,3738,2025-01-27 17:00:21,Completed
17392,1830,2025-09-26 21:10:41,Completed
17393,4412,2025-09-27 09:04:42,Completed
17394,251,2025-06-09 16:05:18,Completed
17395,4742,2024-09-20 19:39:22,Completed
17396,2554,2026-04-08 10:03:53,Completed
17397,329,2025-04-25 11:37:32,Completed
17398,877,2025-02-12 23:20:17,Completed
17399,3969,2025-07-14 03:28:23,Completed
17400,4178,2025-07-25 04:01:09,Completed
17401,1579,2025-01-18 03:39:28,Cancelled
17402,869,2025-02-19 08:34:13,Completed
17403,4419,2025-01-12 05:02:06,Completed
17404,1954,2024-11-23 09:18:43,Completed
17405,1149,2024-10-02 22:52:47,Pending
17406,2285,2025-06-18 18:25:39,Completed
17407,4923,2025-02-25 20:58:52,Completed
17408,1930,2025-07-07 10:19:04,Completed
17409,3671,2024-12-20 02:36:29,Pending
17410,4617,2025-01-15 23:24:42,Completed
17411,255,2025-12-04 16:21:01,Cancelled
17412,1867,2025-07-29 02:39:13,Completed
17413,3445,2026-05-05 00:23:05,Completed
17414,70,2026-01-07 06:48:40,Completed
17415,447,2025-11-21 12:15:08,Completed
17416,612,2026-03-21 05:37:00,Completed
17417,1616,2025-01-02 00:36:30,Completed
17418,2287,2026-07-10 17:07:59,Completed
17419,2838,2025-12-21 23:24:51,Completed
17420,2853,2025-03-19 14:21:25,Completed
17421,1795,2024-10-11 09:42:52,Completed
17422,2188,2025-08-29 19:26:17,Completed
17423,296,2024-12-11 16:49:24,Completed
17424,4229,2026-02-22 16:58:24,Completed
17425,3385,2025-03-19 21:13:12,Completed
17426,4124,2026-01-24 01:55:19,Completed
17427,4408,2025-11-30 04:19:18,Cancelled
17428,4816,2025-06-10 14:35:48,Cancelled
17429,1350,2025-12-17 04:07:08,Completed
17430,1110,2025-02-02 08:18:36,Cancelled
17431,868,2025-09-24 19:57:44,Completed
17432,257,2025-04-12 06:54:40,Completed
17433,3732,2026-05-10 06:25:04,Completed
17434,75,2025-11-15 07:45:56,Cancelled
17435,178,2025-02-26 02:35:26,Completed
17436,2543,2024-09-19 10:31:24,Completed
17437,558,2025-04-22 05:51:17,Cancelled
17438,1424,2024-12-24 20:05:03,Completed
17439,866,2026-04-07 16:18:40,Completed
17440,3007,2026-06-28 06:28:05,Completed
17441,4403,2025-10-27 01:19:40,Completed
17442,2290,2026-03-26 10:09:05,Pending
17443,189,2025-07-19 02:13:35,Cancelled
17444,2545,2025-03-05 00:41:14,Completed
17445,3350,2024-12-19 20:17:09,Completed
17446,4275,2026-01-17 06:40:05,Completed
17447,2240,2025-02-03 15:04:34,Completed
17448,3551,2024-10-21 14:06:48,Completed
17449,2395,2025-08-09 08:43:44,Completed
17450,4077,2026-08-06 15:14:21,Pending
17451,2120,2024-12-09 00:51:34,Completed
17452,3395,2026-03-03 09:54:18,Completed
17453,942,2026-06-11 09:24:49,Completed
17454,963,2025-03-28 17:27:31,Completed
17455,3820,2025-02-16 21:52:24,Completed
17456,1892,2025-06-05 21:51:19,Completed
17457,2674,2024-12-16 06:28:51,Completed
17458,386,2026-08-04 06:45:41,Completed
17459,2407,2025-02-18 10:46:02,Completed
17460,239,2024-08-09 07:57:50,Completed
17461,1103,2024-08-07 21:43:50,Completed
17462,3082,2025-10-23 10:52:51,Completed
17463,4343,2026-06-08 06:28:32,Completed
17464,3956,2025-04-16 07:48:03,Completed
17465,2101,2025-10-24 22:51:34,Completed
17466,491,2026-05-10 11:58:41,Completed
17467,468,2026-07-28 10:07:11,Completed
17468,1865,2026-05-01 12:14:56,Completed
17469,829,2025-07-15 17:25:37,Completed
17470,3624,2026-02-19 00:20:34,Completed
17471,4098,2025-07-01 19:40:44,Cancelled
17472,4698,2025-12-16 16:55:55,Completed
17473,3310,2025-05-04 01:12:53,Completed
17474,1318,2025-11-16 18:02:40,Completed
17475,183,2025-04-07 18:55:06,Completed
17476,4321,2026-03-06 23:05:45,Completed
17477,1570,2026-07-27 03:45:03,Pending
17478,4192,2024-09-29 02:56:03,Completed
17479,2363,2025-11-26 22:07:58,Completed
17480,2028,2025-08-20 03:06:08,Pending
17481,2166,2026-05-20 13:21:59,Cancelled
17482,3105,2026-03-06 04:45:24,Completed
17483,794,2026-04-03 12:06:55,Completed
17484,1022,2024-12-08 13:53:53,Completed
17485,3009,2025-04-26 04:41:10,Completed
17486,3889,2026-02-16 14:17:58,Pending
17487,2014,2025-02-09 21:50:22,Completed
17488,3771,2025-10-31 21:25:59,Completed
17489,1267,2025-12-15 07:16:29,Completed
17490,3124,2025-01-30 06:38:03,Completed
17491,3843,2025-05-25 07:14:15,Completed
17492,2709,2025-06-01 03:04:42,Completed
17493,1132,2026-07-15 20:05:23,Completed
17494,1269,2025-11-14 20:30:06,Completed
17495,599,2025-09-21 13:00:13,Completed
17496,2113,2025-11-22 01:21:13,Completed
17497,545,2025-08-20 01:24:15,Completed
17498,222,2025-04-01 16:34:45,Completed
17499,228,2025-04-08 20:58:29,Completed
17500,4005,2025-07-31 14:24:29,Completed
17501,3294,2026-01-02 17:14:01,Completed
17502,1671,2025-03-03 17:56:50,Pending
17503,271,2026-06-09 19:53:40,Completed
17504,1054,2025-06-02 17:12:12,Completed
17505,2534,2025-09-05 11:17:18,Completed
17506,3473,2024-11-03 00:14:54,Completed
17507,3586,2025-04-26 16:32:21,Completed
17508,2002,2025-06-23 16:32:26,Completed
17509,2995,2025-12-08 01:18:20,Completed
17510,4592,2026-07-28 11:40:48,Completed
17511,1115,2025-12-01 21:58:54,Completed
17512,3477,2025-09-04 02:21:49,Completed
17513,3354,2025-09-22 16:16:05,Completed
17514,2562,2024-12-28 03:31:05,Completed
17515,4677,2026-04-24 09:39:22,Completed
17516,2549,2024-09-12 12:47:40,Completed
17517,1161,2025-08-27 01:22:52,Completed
17518,699,2025-03-16 04:10:35,Completed
17519,2699,2025-10-13 15:19:37,Completed
17520,3593,2026-04-07 04:37:13,Completed
17521,2595,2025-07-04 18:15:38,Completed
17522,1264,2025-11-28 21:45:58,Completed
17523,1043,2026-07-21 02:45:36,Completed
17524,3021,2025-07-09 21:02:47,Pending
17525,873,2025-02-01 03:37:49,Completed
17526,4756,2024-12-15 04:41:11,Completed
17527,2548,2026-06-03 21:27:18,Cancelled
17528,1499,2025-10-16 23:06:25,Completed
17529,1095,2026-04-01 19:28:30,Completed
17530,4548,2024-09-04 04:39:50,Completed
17531,1885,2025-07-08 03:47:10,Completed
17532,4188,2026-07-02 15:31:48,Pending
17533,1690,2025-05-15 13:12:26,Cancelled
17534,2731,2024-11-03 04:26:26,Completed
17535,1405,2024-09-02 18:11:06,Completed
17536,248,2026-01-28 03:15:50,Completed
17537,4062,2026-02-27 18:56:56,Completed
17538,4073,2024-10-25 08:32:08,Completed
17539,4166,2024-12-21 15:15:49,Pending
17540,3696,2025-08-11 15:25:06,Completed
17541,2955,2026-06-20 04:22:35,Completed
17542,2415,2025-03-15 04:41:18,Cancelled
17543,2934,2026-04-25 03:33:11,Completed
17544,3878,2026-04-17 04:57:36,Completed
17545,3953,2025-06-30 19:05:16,Completed
17546,2241,2025-04-21 17:13:36,Completed
17547,2168,2025-07-09 07:21:18,Completed
17548,2010,2025-05-15 20:27:19,Pending
17549,3500,2025-12-29 00:17:49,Completed
17550,434,2025-05-08 12:36:42,Pending
17551,72,2024-08-14 18:59:51,Completed
17552,4359,2026-02-01 00:02:51,Completed
17553,1112,2026-01-07 04:48:56,Completed
17554,4476,2025-10-19 08:52:12,Completed
17555,3748,2025-09-08 04:55:24,Completed
17556,2991,2025-06-24 03:37:56,Completed
17557,4071,2025-08-23 00:46:51,Completed
17558,1867,2026-08-05 19:30:40,Completed
17559,4608,2024-11-05 07:07:55,Completed
17560,2378,2026-05-15 01:51:57,Completed
17561,3112,2026-05-05 14:58:15,Pending
17562,825,2026-03-02 21:58:28,Completed
17563,182,2025-04-30 07:14:03,Completed
17564,2083,2025-10-09 14:12:32,Pending
17565,1288,2026-02-11 03:15:41,Completed
17566,2075,2025-09-12 15:00:54,Completed
17567,2902,2026-01-19 15:14:30,Completed
17568,4941,2024-10-15 08:31:58,Completed
17569,759,2026-04-17 19:17:32,Completed
17570,496,2026-03-15 01:56:11,Completed
17571,1824,2026-07-27 07:32:27,Completed
17572,2072,2025-05-02 15:22:24,Completed
17573,3608,2025-08-09 18:37:52,Completed
17574,3254,2025-08-19 23:40:58,Cancelled
17575,2954,2025-10-15 10:56:54,Completed
17576,854,2025-08-05 20:32:50,Completed
17577,2431,2026-02-07 19:35:06,Completed
17578,3230,2025-02-25 05:05:50,Completed
17579,1783,2025-07-05 18:37:54,Completed
17580,482,2025-10-13 04:09:12,Completed
17581,1894,2025-02-23 12:17:37,Completed
17582,4789,2026-07-14 03:05:30,Completed
17583,4895,2025-12-16 05:57:56,Completed
17584,4352,2025-02-18 05:05:35,Completed
17585,2191,2025-12-23 10:48:24,Cancelled
17586,3768,2024-09-23 14:18:29,Completed
17587,2929,2024-09-05 09:33:00,Completed
17588,1989,2026-05-24 16:12:19,Completed
17589,4091,2024-11-29 05:07:21,Completed
17590,2168,2025-11-03 00:57:13,Completed
17591,2151,2025-09-07 03:26:27,Completed
17592,2510,2026-02-02 20:05:55,Completed
17593,2903,2024-09-28 22:02:19,Completed
17594,2901,2025-10-30 04:09:16,Completed
17595,4154,2026-06-30 02:33:10,Completed
17596,1420,2026-03-14 10:42:51,Completed
17597,1582,2025-11-13 19:35:16,Completed
17598,4039,2025-01-05 14:50:52,Completed
17599,2359,2024-08-08 05:33:20,Completed
17600,1178,2024-08-14 12:46:37,Completed
17601,873,2026-07-27 10:26:36,Completed
17602,1088,2025-02-21 09:23:51,Completed
17603,2293,2026-02-25 22:14:41,Cancelled
17604,1323,2024-11-17 19:26:38,Completed
17605,1710,2026-05-01 08:39:59,Completed
17606,1060,2026-03-11 09:21:47,Completed
17607,839,2025-03-16 15:16:21,Completed
17608,2217,2025-02-26 04:47:26,Completed
17609,2268,2025-08-05 23:18:46,Cancelled
17610,2279,2025-07-02 20:25:37,Completed
17611,3191,2024-09-25 12:45:51,Completed
17612,3004,2025-06-12 11:06:08,Pending
17613,1339,2024-11-18 19:16:18,Completed
17614,1896,2025-03-06 03:24:07,Completed
17615,1006,2026-05-04 14:16:39,Cancelled
17616,2869,2025-01-04 23:44:45,Pending
17617,1113,2026-06-08 02:46:50,Completed
17618,1076,2025-10-20 15:39:14,Completed
17619,4941,2026-04-13 12:18:32,Completed
17620,3907,2025-08-10 22:23:12,Completed
17621,2392,2026-05-05 23:56:03,Completed
17622,2774,2024-09-22 19:41:49,Completed
17623,1391,2026-03-12 11:12:14,Completed
17624,4309,2026-07-05 03:05:01,Cancelled
17625,1105,2024-10-10 13:30:12,Completed
17626,3441,2026-06-02 23:04:10,Completed
17627,2236,2025-09-30 23:35:35,Completed
17628,1722,2026-05-20 23:50:00,Completed
17629,2171,2024-11-25 10:50:41,Completed
17630,1878,2026-07-17 16:15:52,Completed
17631,3743,2024-09-23 19:21:40,Completed
17632,1092,2025-06-21 11:37:41,Completed
17633,4261,2024-09-24 18:47:29,Cancelled
17634,4981,2026-02-18 06:35:01,Completed
17635,4739,2025-01-22 02:54:15,Completed
17636,2824,2024-08-12 05:20:44,Completed
17637,98,2025-05-09 01:42:53,Completed
17638,12,2025-02-16 08:29:52,Completed
17639,1353,2024-08-29 17:07:57,Pending
17640,1587,2025-08-23 00:58:19,Completed
17641,2060,2025-11-13 20:28:09,Cancelled
17642,4276,2025-12-22 07:12:42,Completed
17643,4664,2026-03-26 08:00:10,Completed
17644,3135,2026-03-01 02:41:51,Cancelled
17645,2813,2025-03-30 10:28:16,Completed
17646,4070,2024-09-17 03:50:36,Pending
17647,2921,2026-05-26 21:30:12,Completed
17648,913,2026-04-30 19:07:48,Cancelled
17649,2918,2024-08-31 16:09:41,Completed
17650,4591,2024-11-27 04:27:03,Completed
17651,1594,2026-01-31 00:50:46,Pending
17652,3713,2026-04-26 10:44:29,Completed
17653,4656,2026-07-10 07:24:52,Cancelled
17654,424,2025-11-12 02:30:09,Completed
17655,1717,2025-06-18 21:23:26,Completed
17656,3827,2025-06-06 17:28:51,Completed
17657,1866,2025-07-18 03:44:30,Completed
17658,1067,2025-09-27 08:48:32,Completed
17659,1580,2025-11-21 14:27:28,Completed
17660,2255,2025-08-16 02:42:03,Cancelled
17661,2551,2026-05-19 09:56:58,Completed
17662,424,2026-02-03 22:56:17,Completed
17663,1310,2026-08-02 03:59:19,Completed
17664,3719,2024-08-18 12:04:42,Completed
17665,3057,2024-11-26 06:46:01,Completed
17666,220,2026-01-22 04:00:12,Completed
17667,3375,2026-06-08 01:32:48,Completed
17668,152,2026-04-18 19:57:23,Pending
17669,482,2025-07-26 19:44:02,Completed
17670,1416,2025-12-26 20:12:29,Pending
17671,3913,2024-10-15 20:37:50,Pending
17672,1284,2025-09-17 10:44:48,Cancelled
17673,994,2025-04-29 05:12:36,Completed
17674,2288,2025-07-06 08:27:52,Completed
17675,2010,2026-06-08 08:37:26,Completed
17676,2649,2025-06-29 20:07:15,Completed
17677,310,2024-08-22 14:37:23,Completed
17678,1718,2026-03-28 18:58:12,Pending
17679,2686,2025-10-18 06:32:40,Completed
17680,4228,2026-06-25 01:38:57,Completed
17681,2874,2025-02-04 22:55:04,Completed
17682,2956,2026-03-30 13:14:03,Completed
17683,243,2024-08-28 19:19:20,Completed
17684,1611,2026-02-09 00:54:47,Pending
17685,4513,2025-04-11 17:02:05,Completed
17686,465,2025-11-19 05:46:30,Completed
17687,25,2025-04-21 02:47:20,Completed
17688,2319,2025-07-20 18:07:43,Cancelled
17689,3809,2025-07-07 20:29:24,Completed
17690,1387,2024-12-01 18:56:27,Cancelled
17691,2292,2024-12-30 19:44:26,Completed
17692,1811,2025-07-07 15:56:01,Cancelled
17693,386,2025-11-15 12:07:48,Completed
17694,4475,2026-03-15 06:31:29,Completed
17695,2864,2026-01-24 23:05:45,Completed
17696,3970,2025-06-10 10:38:26,Completed
17697,4434,2025-11-24 16:24:57,Completed
17698,41,2026-06-26 06:16:24,Completed
17699,4711,2025-04-03 22:03:03,Completed
17700,2488,2025-02-19 11:21:01,Completed
17701,2431,2024-11-18 15:52:59,Completed
17702,3586,2025-05-30 14:13:29,Completed
17703,2033,2025-09-19 11:18:53,Completed
17704,2387,2025-12-08 06:34:36,Completed
17705,1049,2025-12-30 18:04:18,Completed
17706,4110,2026-03-27 07:39:03,Completed
17707,2779,2024-10-17 08:01:06,Completed
17708,1023,2026-03-27 19:40:01,Completed
17709,1101,2026-01-20 06:42:52,Pending
17710,1852,2025-04-22 23:37:04,Completed
17711,2216,2024-10-02 20:30:35,Completed
17712,2654,2025-03-31 07:20:15,Cancelled
17713,2124,2026-01-21 12:44:55,Cancelled
17714,1198,2024-12-01 09:20:01,Completed
17715,3163,2025-04-07 01:42:10,Completed
17716,1585,2025-10-30 13:53:11,Cancelled
17717,4955,2024-12-03 02:03:36,Completed
17718,4703,2025-10-05 15:27:39,Cancelled
17719,874,2025-12-23 14:49:59,Completed
17720,3094,2025-01-13 06:18:42,Completed
17721,275,2025-09-30 23:47:25,Completed
17722,4586,2025-06-21 03:55:54,Completed
17723,3437,2026-03-09 09:45:57,Completed
17724,2949,2024-12-29 02:26:58,Completed
17725,3658,2025-10-14 12:00:24,Completed
17726,618,2026-02-15 15:44:12,Cancelled
17727,705,2026-01-30 08:23:55,Pending
17728,3578,2025-03-18 23:37:35,Completed
17729,1239,2024-10-25 12:47:15,Cancelled
17730,2374,2026-07-12 08:39:45,Cancelled
17731,4129,2025-12-14 11:23:38,Completed
17732,1935,2026-06-23 05:03:28,Completed
17733,3687,2026-05-30 10:55:04,Completed
17734,2598,2025-10-18 17:20:53,Completed
17735,3873,2025-10-18 10:42:47,Pending
17736,1312,2025-08-06 20:49:30,Completed
17737,1743,2026-07-22 06:21:00,Completed
17738,898,2026-05-23 14:28:46,Completed
17739,2179,2025-08-26 14:51:24,Completed
17740,4896,2026-07-21 15:26:17,Completed
17741,1207,2025-03-11 00:35:58,Cancelled
17742,2120,2024-11-24 13:19:09,Cancelled
17743,3593,2024-12-11 02:29:57,Completed
17744,2216,2026-06-02 20:51:06,Completed
17745,2399,2025-08-25 20:14:20,Pending
17746,4827,2026-01-06 18:27:08,Completed
17747,2823,2025-04-19 15:44:17,Pending
17748,4170,2024-10-27 09:00:49,Completed
17749,3058,2024-09-02 20:40:28,Completed
17750,4751,2025-02-27 11:24:57,Completed
17751,3540,2025-06-16 14:26:12,Completed
17752,4830,2025-01-29 23:30:01,Completed
17753,412,2025-01-16 00:32:11,Completed
17754,1807,2025-03-23 20:36:06,Completed
17755,1303,2026-05-08 11:52:52,Completed
17756,1707,2024-10-26 18:28:58,Cancelled
17757,4066,2024-08-08 00:01:01,Completed
17758,2984,2026-01-22 12:53:23,Completed
17759,3964,2026-07-23 04:38:31,Cancelled
17760,593,2025-08-19 17:22:26,Completed
17761,2042,2025-11-06 11:11:03,Pending
17762,4527,2024-09-09 07:04:12,Completed
17763,3751,2025-05-30 01:03:31,Completed
17764,4720,2026-07-17 10:18:48,Completed
17765,4809,2024-10-15 15:01:19,Completed
17766,1918,2024-12-31 05:01:01,Completed
17767,2499,2025-02-23 07:03:11,Completed
17768,3182,2025-11-09 08:40:37,Completed
17769,57,2025-05-26 00:25:27,Completed
17770,7,2025-12-16 02:09:03,Completed
17771,2734,2025-05-05 04:46:24,Cancelled
17772,4405,2026-04-04 18:24:39,Completed
17773,4963,2024-10-30 20:15:24,Pending
17774,1684,2025-05-19 17:06:14,Pending
17775,2201,2026-02-10 20:04:14,Pending
17776,2015,2026-01-27 07:45:37,Completed
17777,3324,2025-11-20 17:44:23,Completed
17778,1549,2026-04-07 12:29:31,Completed
17779,4224,2025-02-28 21:44:18,Completed
17780,4392,2025-12-02 19:08:43,Completed
17781,4933,2025-06-09 10:23:25,Cancelled
17782,3636,2026-01-28 05:12:10,Completed
17783,3615,2025-06-28 12:55:22,Completed
17784,227,2026-05-27 13:04:53,Completed
17785,357,2024-12-22 00:36:38,Completed
17786,204,2025-04-02 09:02:48,Completed
17787,3092,2026-06-23 06:44:08,Pending
17788,2278,2025-07-22 10:58:20,Completed
17789,2028,2025-03-11 14:07:27,Completed
17790,258,2025-06-14 12:16:56,Cancelled
17791,2276,2025-07-02 10:56:23,Completed
17792,650,2026-01-11 13:58:57,Completed
17793,4000,2026-04-01 03:32:29,Cancelled
17794,2325,2026-01-24 12:37:50,Completed
17795,4587,2024-10-09 02:59:42,Completed
17796,3126,2026-02-08 10:08:08,Completed
17797,3756,2026-05-05 00:03:20,Completed
17798,650,2025-07-12 17:04:06,Cancelled
17799,3916,2025-03-10 18:35:12,Completed
17800,2467,2025-10-04 11:19:09,Completed
17801,2663,2026-03-19 18:42:20,Completed
17802,3070,2025-10-29 17:18:37,Completed
17803,3581,2024-11-26 14:01:42,Completed
17804,4289,2024-12-01 06:21:54,Completed
17805,4418,2026-08-04 14:33:23,Completed
17806,2520,2025-10-03 07:02:48,Pending
17807,1396,2025-11-27 22:14:54,Completed
17808,2962,2025-03-07 12:55:57,Completed
17809,521,2026-05-11 11:57:38,Completed
17810,4951,2026-05-16 18:33:07,Completed
17811,3852,2025-11-27 07:35:18,Completed
17812,1698,2026-05-28 13:13:09,Completed
17813,4686,2026-01-19 22:09:53,Completed
17814,1320,2026-02-01 13:03:38,Completed
17815,1793,2026-07-02 00:05:44,Completed
17816,4795,2025-10-06 19:04:32,Completed
17817,4294,2026-01-22 04:32:10,Completed
17818,1305,2026-02-27 23:14:44,Completed
17819,4614,2024-12-26 03:48:37,Completed
17820,118,2024-12-18 14:47:56,Completed
17821,1007,2025-03-25 06:38:24,Completed
17822,1136,2024-11-24 19:11:32,Completed
17823,56,2025-03-14 10:13:56,Completed
17824,2238,2024-09-14 22:28:44,Cancelled
17825,2119,2025-03-07 02:38:53,Cancelled
17826,2877,2025-10-01 20:19:42,Completed
17827,3957,2025-08-13 10:24:36,Pending
17828,2179,2026-06-11 06:14:36,Completed
17829,3807,2026-05-03 09:53:26,Completed
17830,3112,2026-02-17 19:11:52,Completed
17831,2431,2025-12-06 14:13:42,Completed
17832,4490,2026-04-02 01:55:56,Completed
17833,1890,2025-03-18 11:09:25,Completed
17834,809,2025-06-12 08:49:43,Completed
17835,2541,2026-06-17 13:35:24,Completed
17836,3283,2026-02-18 12:39:16,Completed
17837,3688,2024-09-19 14:53:16,Completed
17838,3273,2025-11-22 19:42:24,Cancelled
17839,3882,2025-08-04 13:11:38,Completed
17840,3153,2026-07-19 06:39:21,Completed
17841,2062,2025-05-31 18:56:14,Completed
17842,3229,2024-12-16 07:30:55,Pending
17843,2891,2024-10-24 18:20:18,Completed
17844,4098,2025-03-12 10:08:07,Completed
17845,2802,2026-03-19 19:30:35,Completed
17846,1145,2024-11-20 11:49:32,Completed
17847,2547,2025-08-20 22:25:01,Completed
17848,2627,2024-12-14 18:18:26,Cancelled
17849,579,2026-02-11 20:24:10,Completed
17850,509,2025-07-27 06:10:24,Completed
17851,4402,2025-04-29 15:40:00,Completed
17852,4336,2026-04-04 11:22:37,Completed
17853,4574,2026-02-28 12:29:42,Completed
17854,1177,2026-07-01 11:26:18,Completed
17855,2451,2025-11-08 00:04:51,Completed
17856,1162,2026-04-19 02:39:31,Completed
17857,3532,2025-08-31 22:02:43,Pending
17858,4539,2025-01-11 12:34:45,Completed
17859,333,2025-05-03 09:43:28,Completed
17860,4976,2025-08-29 17:19:23,Completed
17861,4393,2026-03-03 10:49:29,Completed
17862,1902,2025-07-26 03:40:45,Completed
17863,3538,2025-09-01 07:27:43,Completed
17864,2258,2025-12-30 14:15:30,Pending
17865,3113,2024-08-08 02:48:53,Completed
17866,1145,2025-03-19 23:55:19,Completed
17867,3538,2025-06-14 02:36:20,Completed
17868,307,2025-06-26 07:28:56,Completed
17869,719,2025-06-26 09:32:19,Completed
17870,456,2025-07-08 12:33:52,Completed
17871,4457,2026-01-09 14:00:35,Completed
17872,4643,2026-06-12 03:54:07,Completed
17873,1959,2024-09-10 05:27:00,Completed
17874,163,2025-10-04 20:08:46,Completed
17875,889,2026-01-23 18:58:54,Cancelled
17876,4165,2024-09-29 20:06:38,Completed
17877,176,2025-11-18 19:21:34,Completed
17878,2062,2026-05-04 20:46:05,Completed
17879,2650,2025-03-09 20:18:46,Completed
17880,4081,2026-01-14 01:37:54,Completed
17881,1094,2025-06-13 21:54:24,Completed
17882,2913,2024-08-07 17:57:29,Completed
17883,3217,2025-08-25 16:06:24,Completed
17884,613,2024-11-20 23:48:14,Completed
17885,3376,2025-03-24 18:15:47,Completed
17886,2073,2024-12-15 18:53:40,Completed
17887,4287,2026-07-16 14:49:34,Completed
17888,597,2024-12-12 20:45:40,Cancelled
17889,4685,2026-01-05 19:57:35,Completed
17890,1637,2025-02-12 21:08:42,Completed
17891,3738,2026-02-13 21:53:49,Completed
17892,730,2025-03-25 03:55:22,Completed
17893,2689,2025-07-03 20:41:08,Completed
17894,3256,2025-05-20 13:39:59,Cancelled
17895,3540,2025-04-16 09:55:38,Cancelled
17896,2028,2024-08-16 16:51:57,Completed
17897,1666,2025-05-02 18:37:49,Completed
17898,4446,2026-07-19 06:50:50,Completed
17899,4712,2026-01-01 13:52:01,Completed
17900,4401,2025-09-18 12:55:22,Completed
17901,2051,2024-11-07 16:24:50,Pending
17902,4374,2025-07-19 13:12:31,Cancelled
17903,2679,2025-07-19 08:08:16,Cancelled
17904,3171,2026-06-03 07:14:07,Cancelled
17905,1005,2025-04-24 22:07:48,Completed
17906,4778,2025-11-20 18:36:36,Cancelled
17907,3541,2025-08-08 07:15:54,Completed
17908,3479,2026-05-19 16:48:38,Cancelled
17909,2512,2026-08-02 19:37:18,Completed
17910,3449,2025-07-10 18:10:24,Completed
17911,1378,2024-09-17 02:01:50,Completed
17912,3223,2026-06-23 03:02:28,Completed
17913,4397,2024-10-23 22:12:42,Completed
17914,3536,2025-09-27 14:31:42,Completed
17915,2965,2026-07-03 22:00:51,Completed
17916,3976,2024-10-13 18:02:37,Cancelled
17917,3749,2024-11-27 09:05:49,Completed
17918,3944,2026-06-11 21:49:49,Completed
17919,4967,2025-03-12 09:00:42,Completed
17920,399,2026-07-30 14:50:16,Pending
17921,33,2025-03-15 04:55:22,Completed
17922,4051,2025-06-18 16:25:45,Completed
17923,4971,2026-04-12 01:05:24,Completed
17924,2563,2025-06-07 12:49:07,Completed
17925,1043,2026-04-17 08:06:38,Completed
17926,1540,2026-02-25 06:02:23,Completed
17927,3721,2024-08-20 11:53:26,Completed
17928,1054,2024-08-07 03:36:47,Completed
17929,2993,2025-02-25 22:01:19,Completed
17930,4687,2025-08-03 04:50:48,Pending
17931,2245,2024-10-06 13:47:28,Completed
17932,3136,2026-03-24 22:31:55,Completed
17933,2497,2026-05-05 19:44:45,Completed
17934,2218,2024-11-02 02:21:44,Completed
17935,1499,2026-01-21 11:26:57,Completed
17936,769,2024-09-17 20:07:04,Completed
17937,3482,2025-04-29 03:05:18,Completed
17938,1932,2026-02-24 17:13:24,Completed
17939,2891,2024-10-25 01:08:58,Pending
17940,1276,2025-02-28 18:12:21,Completed
17941,1078,2024-11-16 10:28:50,Completed
17942,2647,2025-10-04 02:06:37,Completed
17943,4412,2025-09-28 02:07:13,Pending
17944,2266,2024-11-11 20:03:31,Pending
17945,440,2026-02-25 09:47:00,Completed
17946,2572,2025-04-15 18:57:21,Completed
17947,4877,2025-02-14 18:34:08,Completed
17948,2326,2025-09-05 11:14:46,Pending
17949,2242,2026-08-04 09:52:54,Completed
17950,503,2024-11-16 19:34:30,Completed
17951,2320,2025-10-24 09:57:26,Completed
17952,1554,2024-09-12 11:41:51,Completed
17953,2839,2026-01-11 11:05:01,Pending
17954,2294,2026-04-10 01:30:51,Completed
17955,4918,2026-06-11 10:52:47,Completed
17956,2022,2026-04-24 00:01:46,Cancelled
17957,4223,2024-08-20 17:06:22,Pending
17958,4787,2025-10-13 22:29:16,Completed
17959,4629,2025-02-22 09:05:15,Completed
17960,3815,2026-06-19 14:20:51,Pending
17961,2171,2024-09-06 22:03:44,Completed
17962,2477,2025-02-23 18:23:37,Cancelled
17963,1657,2024-12-06 06:06:41,Pending
17964,99,2024-09-29 22:11:21,Completed
17965,789,2024-08-16 00:31:40,Completed
17966,1425,2026-06-06 19:22:45,Completed
17967,2692,2024-09-23 19:59:17,Completed
17968,1979,2025-01-28 14:50:25,Cancelled
17969,1059,2025-01-23 22:45:35,Completed
17970,4006,2025-11-17 20:48:26,Completed
17971,1808,2025-03-28 02:03:52,Completed
17972,2905,2026-04-15 19:29:54,Completed
17973,3612,2024-09-21 03:08:33,Completed
17974,3585,2025-08-22 23:33:22,Completed
17975,2925,2024-10-15 14:56:20,Completed
17976,1846,2024-08-27 12:09:49,Completed
17977,2540,2025-01-08 10:19:30,Completed
17978,875,2026-06-11 17:06:35,Completed
17979,798,2025-01-07 10:27:58,Completed
17980,3192,2025-12-15 13:30:55,Completed
17981,867,2025-03-06 20:46:11,Completed
17982,2024,2024-09-05 19:50:08,Completed
17983,4728,2025-11-24 20:00:13,Completed
17984,1045,2026-05-30 18:12:26,Completed
17985,1469,2025-12-02 12:14:55,Completed
17986,418,2024-11-27 13:57:11,Completed
17987,566,2026-03-19 06:08:47,Completed
17988,805,2025-04-07 15:04:52,Completed
17989,2087,2025-06-18 05:45:03,Completed
17990,1824,2024-10-05 09:49:15,Completed
17991,4665,2024-11-14 02:24:01,Pending
17992,1292,2024-11-05 22:07:42,Completed
17993,4421,2025-10-15 01:48:26,Cancelled
17994,2708,2025-03-17 22:44:24,Completed
17995,2360,2025-04-03 12:12:18,Completed
17996,3877,2026-02-04 10:02:42,Completed
17997,4629,2026-01-29 14:19:12,Pending
17998,1079,2026-02-27 19:58:33,Completed
17999,4946,2025-10-04 02:11:48,Completed
18000,1811,2025-12-16 19:04:27,Completed
18001,917,2026-07-05 09:24:34,Completed
18002,899,2024-08-20 11:30:40,Completed
18003,3618,2026-03-27 05:44:28,Completed
18004,1986,2025-11-13 06:33:11,Completed
18005,2971,2024-08-06 15:07:52,Completed
18006,718,2024-11-15 17:33:35,Cancelled
18007,1481,2025-08-10 04:38:14,Pending
18008,734,2025-06-09 16:42:54,Completed
18009,1532,2024-10-05 17:20:42,Cancelled
18010,276,2024-11-07 20:35:16,Completed
18011,3208,2026-07-27 12:54:20,Completed
18012,2665,2026-02-09 22:58:53,Completed
18013,376,2025-10-22 09:40:36,Pending
18014,2262,2026-04-15 17:04:03,Completed
18015,1554,2025-11-29 18:45:28,Completed
18016,1767,2024-12-21 18:01:19,Completed
18017,2377,2024-11-04 14:37:22,Completed
18018,1314,2024-10-01 20:18:30,Completed
18019,4616,2025-02-08 22:24:42,Completed
18020,3428,2026-05-22 20:49:08,Completed
18021,2072,2026-04-16 19:09:26,Completed
18022,62,2025-08-03 22:39:12,Completed
18023,3797,2026-01-27 16:36:43,Completed
18024,1353,2025-01-16 05:32:27,Cancelled
18025,3617,2026-01-21 19:24:18,Completed
18026,4098,2026-01-17 20:14:04,Completed
18027,1288,2026-07-11 00:03:17,Completed
18028,385,2026-01-10 01:18:57,Completed
18029,4156,2024-12-27 05:21:23,Cancelled
18030,3654,2026-03-20 10:45:03,Cancelled
18031,2619,2025-04-16 01:12:32,Completed
18032,872,2026-02-09 01:57:57,Pending
18033,1789,2026-05-05 11:37:10,Completed
18034,3049,2026-06-16 10:41:47,Completed
18035,117,2026-02-27 08:33:58,Pending
18036,356,2025-06-11 02:11:12,Completed
18037,3466,2025-05-25 18:18:20,Completed
18038,1152,2025-12-26 02:26:42,Completed
18039,3475,2025-10-19 22:01:03,Completed
18040,3899,2026-06-25 22:51:19,Cancelled
18041,2710,2026-05-03 07:51:26,Completed
18042,3029,2024-09-03 10:51:54,Completed
18043,988,2025-01-31 05:30:08,Completed
18044,4529,2025-09-06 01:41:19,Completed
18045,3789,2025-08-28 14:08:25,Completed
18046,1977,2025-02-02 23:40:18,Completed
18047,3451,2026-03-23 09:20:59,Completed
18048,1805,2024-12-18 18:16:50,Completed
18049,2352,2025-05-23 22:17:14,Completed
18050,2898,2026-04-06 05:16:48,Completed
18051,3385,2024-09-14 21:10:44,Completed
18052,4329,2025-11-03 16:08:45,Completed
18053,533,2026-01-23 08:28:39,Completed
18054,3366,2025-12-21 21:25:54,Completed
18055,2728,2025-03-19 23:19:03,Completed
18056,2561,2024-09-10 22:20:14,Completed
18057,2569,2026-05-11 02:16:01,Cancelled
18058,557,2025-11-25 09:21:54,Completed
18059,4217,2026-08-02 13:13:11,Completed
18060,4094,2026-01-29 12:47:45,Completed
18061,3168,2025-10-01 14:58:19,Completed
18062,4640,2025-05-30 04:50:02,Completed
18063,4751,2026-08-03 23:25:23,Completed
18064,3374,2025-06-04 08:01:39,Pending
18065,1874,2026-06-26 11:54:34,Completed
18066,3668,2026-07-09 20:45:33,Completed
18067,1258,2024-12-02 02:46:17,Completed
18068,3238,2026-07-13 21:50:37,Completed
18069,4226,2025-01-06 05:50:24,Completed
18070,1145,2026-04-05 14:00:38,Pending
18071,4620,2025-01-09 08:40:35,Completed
18072,1048,2025-04-07 06:07:41,Completed
18073,2176,2026-03-04 17:26:48,Completed
18074,3932,2024-10-23 04:35:18,Cancelled
18075,3017,2026-05-30 09:11:40,Completed
18076,1622,2025-03-04 06:49:18,Completed
18077,1069,2026-08-01 20:16:39,Completed
18078,3249,2024-09-14 13:13:07,Completed
18079,2237,2026-02-03 07:19:23,Pending
18080,1180,2026-05-18 23:55:43,Cancelled
18081,2515,2025-09-05 07:13:27,Completed
18082,1515,2025-03-24 17:54:53,Completed
18083,3866,2025-01-29 05:57:36,Pending
18084,635,2026-02-03 16:34:27,Completed
18085,3987,2026-02-10 19:44:43,Completed
18086,4837,2026-05-01 05:32:46,Completed
18087,999,2025-07-28 20:43:02,Pending
18088,1641,2025-10-22 06:31:08,Completed
18089,1218,2024-12-22 18:03:52,Completed
18090,1559,2024-11-04 23:45:10,Completed
18091,1362,2025-12-13 20:13:10,Completed
18092,3026,2025-02-04 20:35:56,Pending
18093,2504,2025-01-05 18:12:53,Completed
18094,1091,2026-03-03 09:28:11,Completed
18095,210,2026-03-09 12:42:56,Completed
18096,3544,2025-08-26 06:00:02,Completed
18097,4847,2025-02-14 05:05:00,Completed
18098,1624,2024-10-03 22:22:08,Completed
18099,4471,2025-02-25 14:33:47,Completed
18100,1741,2026-06-09 19:57:14,Completed
18101,2409,2026-05-31 15:16:48,Completed
18102,3301,2025-07-02 21:08:54,Completed
18103,197,2025-04-23 19:49:23,Pending
18104,3591,2025-11-23 14:08:38,Completed
18105,2546,2025-08-20 02:11:22,Completed
18106,3531,2024-11-21 19:02:19,Cancelled
18107,3091,2026-03-02 13:28:55,Completed
18108,4604,2025-03-29 09:44:40,Completed
18109,40,2025-08-31 06:14:50,Completed
18110,4630,2024-10-06 03:16:41,Completed
18111,1724,2026-03-12 23:47:21,Completed
18112,4142,2026-01-06 16:16:14,Completed
18113,2917,2025-08-25 04:43:49,Cancelled
18114,135,2026-07-04 05:18:55,Completed
18115,2748,2025-06-22 16:56:14,Completed
18116,2738,2026-05-07 20:07:54,Completed
18117,3500,2026-03-17 17:45:46,Completed
18118,3906,2025-10-24 00:32:43,Completed
18119,3089,2026-07-17 14:58:33,Completed
18120,1199,2025-05-16 12:49:27,Completed
18121,1170,2025-05-08 22:52:55,Completed
18122,1302,2025-05-16 09:19:27,Completed
18123,2492,2025-10-06 05:31:51,Completed
18124,3383,2025-12-07 04:05:46,Cancelled
18125,4963,2025-04-16 21:04:48,Completed
18126,3880,2024-10-29 17:04:38,Cancelled
18127,2216,2024-10-19 20:07:01,Completed
18128,1577,2025-10-17 10:06:29,Completed
18129,1974,2026-07-23 23:19:16,Completed
18130,2060,2026-01-08 11:44:52,Completed
18131,3527,2025-08-23 11:08:39,Completed
18132,864,2026-04-24 18:55:57,Pending
18133,821,2025-06-11 11:15:01,Cancelled
18134,2444,2025-01-05 09:18:34,Completed
18135,3165,2025-04-25 07:26:39,Pending
18136,395,2026-01-19 04:42:20,Cancelled
18137,4205,2024-12-09 01:59:32,Completed
18138,4114,2025-06-14 22:40:02,Completed
18139,3164,2026-06-25 09:27:10,Completed
18140,4260,2025-07-17 22:16:03,Completed
18141,3858,2026-07-15 02:06:45,Cancelled
18142,1388,2025-08-09 17:47:23,Completed
18143,2053,2024-12-30 10:38:04,Completed
18144,2088,2025-06-30 04:15:07,Completed
18145,2014,2026-02-01 09:44:31,Completed
18146,2951,2026-03-17 23:01:05,Pending
18147,3500,2026-03-24 18:06:16,Completed
18148,2655,2026-01-31 17:29:35,Completed
18149,711,2026-06-27 17:21:06,Completed
18150,2456,2025-09-17 21:47:03,Completed
18151,4600,2024-11-29 11:17:33,Cancelled
18152,1867,2026-03-22 19:27:43,Completed
18153,1928,2026-01-08 14:52:52,Completed
18154,4461,2026-04-03 13:36:54,Completed
18155,227,2026-02-08 05:08:13,Completed
18156,4746,2025-04-19 10:09:12,Completed
18157,2195,2024-12-24 13:17:19,Completed
18158,4798,2024-09-07 17:23:28,Pending
18159,1108,2024-12-05 23:54:18,Completed
18160,1667,2025-06-25 16:25:22,Completed
18161,4046,2025-09-10 06:27:05,Completed
18162,2030,2025-05-12 20:13:20,Completed
18163,4997,2024-12-02 20:19:05,Completed
18164,20,2026-05-24 08:53:46,Pending
18165,1293,2025-01-29 10:18:30,Completed
18166,228,2026-01-14 07:22:58,Pending
18167,1762,2025-12-17 23:57:54,Pending
18168,3007,2024-12-13 19:55:33,Completed
18169,49,2025-11-03 19:16:20,Completed
18170,1970,2025-05-02 22:32:25,Completed
18171,2981,2025-11-26 21:09:30,Completed
18172,600,2026-06-21 22:01:23,Cancelled
18173,1986,2025-03-17 21:53:40,Completed
18174,3236,2025-11-19 01:59:26,Completed
18175,1777,2024-11-29 14:56:13,Completed
18176,2385,2025-08-28 23:16:18,Completed
18177,4864,2024-12-21 18:54:49,Completed
18178,652,2026-06-16 10:44:24,Completed
18179,373,2025-10-24 16:35:44,Completed
18180,1002,2025-07-05 02:21:35,Completed
18181,3494,2026-07-02 19:52:13,Completed
18182,287,2026-04-02 11:52:31,Completed
18183,1499,2024-10-07 13:21:52,Completed
18184,4952,2025-06-26 11:19:01,Pending
18185,2007,2024-11-14 02:21:47,Pending
18186,3740,2024-12-29 17:11:24,Completed
18187,2624,2025-02-12 17:23:53,Completed
18188,4713,2025-04-26 14:54:38,Completed
18189,113,2025-11-13 02:55:02,Pending
18190,47,2024-11-16 06:51:04,Completed
18191,4767,2024-08-28 19:37:09,Completed
18192,649,2024-12-28 15:21:43,Cancelled
18193,3082,2025-04-04 02:51:58,Completed
18194,1742,2024-11-17 15:09:43,Completed
18195,1427,2026-03-03 19:28:24,Cancelled
18196,2531,2025-07-15 12:59:06,Completed
18197,2107,2024-11-24 04:13:59,Cancelled
18198,4181,2026-04-04 13:52:04,Cancelled
18199,3941,2024-11-19 21:27:49,Completed
18200,596,2026-07-26 01:50:29,Completed
18201,4038,2025-10-01 23:02:08,Completed
18202,945,2026-04-20 22:04:56,Completed
18203,480,2025-12-31 14:11:59,Completed
18204,4526,2024-09-17 00:00:41,Completed
18205,1093,2025-03-04 04:57:17,Completed
18206,4367,2024-11-08 03:15:20,Cancelled
18207,272,2024-11-11 09:49:43,Completed
18208,437,2025-06-24 03:07:35,Pending
18209,1945,2025-09-01 13:43:15,Completed
18210,4258,2024-08-14 20:34:44,Pending
18211,4468,2025-02-05 03:39:53,Cancelled
18212,1656,2026-03-09 11:07:57,Completed
18213,4653,2025-03-18 00:00:05,Completed
18214,1465,2024-09-23 13:17:33,Completed
18215,1375,2025-09-16 08:16:37,Completed
18216,104,2025-12-13 17:38:39,Pending
18217,4918,2025-10-14 21:30:09,Completed
18218,1759,2025-04-27 15:47:05,Completed
18219,624,2025-10-04 09:48:03,Completed
18220,1138,2025-05-20 21:17:29,Completed
18221,2870,2025-11-29 15:28:10,Completed
18222,3694,2026-03-19 12:18:58,Completed
18223,2957,2025-03-26 19:13:38,Completed
18224,352,2025-03-29 15:26:29,Completed
18225,724,2026-04-13 20:02:54,Completed
18226,809,2025-10-17 11:14:36,Completed
18227,4621,2025-01-06 13:22:17,Completed
18228,2377,2025-12-14 10:31:04,Completed
18229,1763,2026-04-07 03:36:28,Completed
18230,3165,2026-06-03 22:08:42,Completed
18231,218,2025-10-15 07:19:24,Completed
18232,684,2025-11-23 19:46:27,Completed
18233,4142,2025-08-17 04:45:06,Completed
18234,3548,2025-09-03 07:35:26,Cancelled
18235,3837,2025-10-09 06:19:39,Completed
18236,4400,2024-08-17 10:23:51,Completed
18237,1112,2025-12-19 04:14:26,Cancelled
18238,58,2025-07-02 11:14:36,Completed
18239,786,2026-02-14 04:55:15,Completed
18240,4155,2025-02-21 11:04:45,Completed
18241,2102,2025-10-08 10:40:04,Completed
18242,3542,2024-09-12 09:36:12,Completed
18243,129,2026-05-11 03:36:13,Completed
18244,335,2026-07-11 19:13:46,Completed
18245,2449,2025-09-01 01:20:32,Pending
18246,2769,2025-06-03 17:01:24,Completed
18247,190,2025-02-08 12:55:59,Completed
18248,98,2025-06-06 02:14:55,Completed
18249,1617,2026-06-06 05:37:05,Pending
18250,4276,2025-03-08 00:45:41,Completed
18251,609,2024-10-27 17:58:30,Pending
18252,2808,2024-11-05 05:12:01,Pending
18253,2641,2025-01-11 08:41:17,Completed
18254,22,2025-02-14 06:16:01,Completed
18255,4111,2024-11-25 02:39:25,Completed
18256,4488,2026-04-14 14:55:06,Completed
18257,4010,2025-06-01 10:12:43,Completed
18258,1907,2026-02-08 06:49:53,Completed
18259,4131,2026-07-22 18:04:33,Completed
18260,3704,2025-01-13 01:21:45,Completed
18261,406,2024-08-09 11:26:41,Completed
18262,4581,2025-02-18 14:22:52,Completed
18263,1862,2025-02-22 16:52:32,Cancelled
18264,3683,2025-10-09 06:32:14,Completed
18265,2410,2026-04-30 23:32:46,Completed
18266,2784,2025-05-13 13:04:22,Cancelled
18267,1903,2026-03-08 02:59:21,Completed
18268,64,2026-07-29 12:44:34,Pending
18269,1339,2026-06-30 02:51:25,Completed
18270,3724,2025-03-22 05:42:09,Completed
18271,3627,2026-05-15 08:46:10,Completed
18272,1127,2025-03-26 16:34:02,Completed
18273,4627,2026-03-15 17:50:15,Pending
18274,4483,2024-10-10 10:09:00,Cancelled
18275,1069,2026-03-18 19:41:49,Pending
18276,885,2026-06-23 09:04:46,Pending
18277,1292,2026-06-02 01:34:48,Pending
18278,1584,2024-12-04 23:31:03,Completed
18279,3500,2025-07-18 04:38:38,Completed
18280,3141,2025-12-13 03:39:05,Completed
18281,598,2025-03-01 06:07:50,Completed
18282,4887,2026-03-26 09:34:47,Pending
18283,242,2024-09-11 20:04:53,Completed
18284,340,2026-06-12 07:47:00,Completed
18285,527,2025-03-13 17:15:06,Pending
18286,3843,2025-11-15 11:25:10,Completed
18287,2238,2025-07-21 07:06:12,Completed
18288,3889,2026-06-02 23:35:41,Completed
18289,727,2025-08-29 18:53:08,Completed
18290,3219,2026-04-02 10:39:52,Completed
18291,2881,2026-04-08 18:03:29,Cancelled
18292,3604,2025-10-14 18:10:36,Completed
18293,4180,2025-06-27 10:45:33,Completed
18294,1600,2026-08-05 20:19:28,Completed
18295,734,2026-06-03 06:34:41,Completed
18296,2086,2024-10-08 20:52:19,Completed
18297,3669,2025-04-19 11:44:28,Completed
18298,4950,2025-03-01 10:32:24,Pending
18299,2440,2025-11-18 06:14:32,Completed
18300,658,2026-01-28 15:07:19,Cancelled
18301,4444,2026-06-23 23:34:47,Cancelled
18302,4270,2025-05-05 05:11:40,Completed
18303,512,2024-12-13 20:38:47,Cancelled
18304,818,2025-08-04 09:47:56,Cancelled
18305,2248,2024-12-21 13:06:52,Completed
18306,2747,2025-04-20 16:34:12,Completed
18307,4095,2024-08-23 09:22:42,Completed
18308,3295,2024-10-20 02:13:31,Completed
18309,3409,2025-05-06 02:14:58,Cancelled
18310,4788,2024-08-12 21:20:16,Completed
18311,1059,2025-10-22 05:38:09,Completed
18312,3270,2026-01-14 22:14:35,Completed
18313,790,2024-09-10 05:43:16,Completed
18314,4656,2025-06-11 23:00:51,Completed
18315,775,2026-05-04 05:56:56,Completed
18316,2511,2024-08-23 22:21:56,Completed
18317,3959,2026-06-06 21:58:46,Completed
18318,3824,2024-12-19 03:46:50,Completed
18319,329,2025-01-23 11:42:51,Completed
18320,1250,2026-05-08 12:06:40,Completed
18321,4548,2024-10-28 21:51:41,Pending
18322,2868,2025-05-16 01:57:57,Cancelled
18323,2502,2025-09-19 10:02:12,Completed
18324,1329,2026-04-22 12:16:01,Completed
18325,1114,2024-12-27 08:07:44,Completed
18326,1554,2026-05-19 22:25:39,Completed
18327,486,2025-07-24 11:59:51,Completed
18328,2895,2024-11-30 23:18:19,Completed
18329,1496,2026-03-10 08:29:27,Completed
18330,4294,2025-02-07 06:44:56,Completed
18331,3886,2025-05-24 00:00:00,Completed
18332,2956,2024-09-16 22:44:51,Completed
18333,4087,2025-03-30 01:58:42,Completed
18334,3757,2025-04-07 19:28:17,Cancelled
18335,4979,2025-11-19 08:44:45,Completed
18336,1558,2026-03-21 14:39:44,Completed
18337,2781,2026-07-22 02:16:14,Completed
18338,131,2025-05-29 05:42:09,Completed
18339,2089,2025-03-18 17:21:27,Pending
18340,1989,2026-05-19 19:57:31,Completed
18341,3285,2025-03-20 04:33:39,Completed
18342,1602,2026-01-14 05:21:19,Completed
18343,4330,2024-09-04 20:48:15,Completed
18344,3147,2025-04-13 07:22:02,Completed
18345,2343,2024-10-07 02:23:55,Completed
18346,3727,2025-02-05 22:48:31,Completed
18347,4565,2025-02-06 21:26:52,Completed
18348,3219,2025-04-18 09:46:27,Completed
18349,2842,2025-01-03 06:15:57,Completed
18350,1965,2026-08-03 04:18:58,Completed
18351,4531,2025-02-10 16:19:19,Completed
18352,3411,2026-02-25 03:01:15,Completed
18353,3320,2026-04-02 18:14:11,Completed
18354,1275,2024-09-26 10:17:14,Completed
18355,2732,2025-08-16 14:58:42,Cancelled
18356,1850,2025-01-21 16:53:16,Completed
18357,2554,2025-07-13 23:28:10,Completed
18358,3199,2025-07-12 17:26:41,Completed
18359,464,2025-01-25 23:33:57,Completed
18360,3368,2025-12-27 20:26:48,Completed
18361,2014,2025-11-19 00:33:31,Completed
18362,485,2025-04-27 04:07:42,Completed
18363,1092,2025-07-08 22:01:32,Pending
18364,3264,2026-04-15 20:53:33,Completed
18365,2093,2026-07-18 00:14:28,Completed
18366,2813,2026-06-18 18:40:33,Completed
18367,3405,2024-09-29 15:39:16,Completed
18368,1404,2026-02-22 22:59:41,Completed
18369,4327,2026-01-23 19:08:48,Completed
18370,1491,2026-04-01 07:02:37,Completed
18371,1598,2024-09-07 08:16:13,Completed
18372,264,2025-02-14 16:55:08,Completed
18373,2182,2025-08-08 19:02:07,Completed
18374,961,2024-10-05 20:52:33,Completed
18375,2511,2024-09-02 08:32:19,Completed
18376,2380,2026-05-20 13:14:54,Cancelled
18377,689,2024-09-15 22:37:02,Pending
18378,3828,2025-07-20 05:53:03,Completed
18379,4718,2026-04-04 08:38:45,Completed
18380,4651,2026-03-06 20:58:51,Completed
18381,2367,2025-06-26 16:37:41,Completed
18382,664,2024-10-16 06:30:35,Completed
18383,4354,2026-06-02 22:20:45,Completed
18384,1472,2025-08-01 07:22:23,Completed
18385,2460,2024-12-28 02:24:31,Completed
18386,4143,2026-04-05 21:40:51,Completed
18387,3008,2025-09-19 08:00:10,Pending
18388,912,2026-07-11 11:29:54,Completed
18389,3342,2025-06-14 05:28:56,Completed
18390,4024,2024-12-12 18:51:17,Completed
18391,1423,2026-07-06 01:56:04,Cancelled
18392,3174,2025-07-27 17:43:58,Completed
18393,4806,2026-04-27 13:47:37,Completed
18394,4106,2025-11-18 17:00:30,Cancelled
18395,1422,2024-08-23 01:38:00,Completed
18396,1674,2026-07-15 07:11:14,Completed
18397,4328,2026-06-18 06:58:02,Completed
18398,3070,2025-08-27 08:55:41,Completed
18399,4669,2026-02-19 21:05:57,Completed
18400,2951,2025-01-22 14:29:12,Completed
18401,18,2025-08-18 01:47:43,Pending
18402,2590,2024-11-19 08:13:43,Completed
18403,2139,2025-10-14 03:55:27,Completed
18404,617,2024-09-01 19:50:50,Completed
18405,1805,2026-03-12 10:23:19,Completed
18406,3934,2025-10-18 13:16:22,Completed
18407,1454,2026-07-25 05:38:47,Cancelled
18408,1922,2025-08-01 21:53:00,Pending
18409,3814,2025-11-03 05:47:38,Completed
18410,4569,2025-06-10 07:50:29,Completed
18411,2657,2025-11-11 21:10:32,Completed
18412,625,2026-06-11 01:11:05,Pending
18413,4122,2026-05-04 07:22:44,Pending
18414,2057,2026-06-22 00:11:08,Completed
18415,2457,2025-04-13 16:18:19,Cancelled
18416,1955,2025-03-22 17:47:25,Completed
18417,4384,2026-08-03 23:19:32,Completed
18418,3146,2026-05-19 12:05:09,Cancelled
18419,2528,2025-09-01 17:59:06,Completed
18420,389,2024-08-28 15:20:18,Cancelled
18421,582,2026-06-11 01:32:36,Cancelled
18422,3406,2025-04-03 01:32:30,Pending
18423,3447,2025-09-15 10:17:36,Completed
18424,4837,2026-03-26 23:25:11,Completed
18425,217,2024-10-08 05:23:56,Completed
18426,4874,2024-08-16 09:06:01,Completed
18427,1986,2025-09-26 03:55:46,Completed
18428,2536,2025-06-08 13:28:52,Completed
18429,1205,2025-08-26 03:30:28,Completed
18430,524,2026-05-17 14:38:32,Completed
18431,4023,2025-10-21 08:06:01,Completed
18432,303,2025-07-23 21:04:03,Completed
18433,74,2026-03-30 16:34:20,Completed
18434,2182,2025-04-18 06:19:02,Completed
18435,2868,2024-09-05 03:43:17,Completed
18436,839,2025-06-17 11:49:32,Completed
18437,1350,2025-03-29 08:36:31,Completed
18438,1137,2025-07-12 23:37:09,Completed
18439,1565,2026-04-14 04:19:39,Pending
18440,362,2024-09-13 20:47:35,Pending
18441,2084,2025-11-29 02:21:43,Completed
18442,1534,2026-02-12 05:37:03,Cancelled
18443,3938,2026-05-21 17:03:03,Completed
18444,4433,2026-06-18 06:40:07,Completed
18445,4190,2024-09-26 16:47:24,Cancelled
18446,1095,2025-10-19 15:26:19,Completed
18447,1415,2026-06-17 12:49:31,Pending
18448,3204,2024-11-12 01:56:03,Completed
18449,2165,2025-01-20 22:43:43,Completed
18450,4490,2025-06-10 15:55:09,Completed
18451,3047,2025-03-21 15:02:20,Pending
18452,3786,2025-05-27 23:13:21,Completed
18453,3119,2025-08-20 02:16:05,Completed
18454,3709,2025-06-15 17:52:54,Completed
18455,2141,2026-02-04 20:54:20,Completed
18456,506,2025-12-24 08:42:28,Completed
18457,2343,2025-05-15 04:45:13,Pending
18458,2210,2026-06-08 19:44:11,Completed
18459,3214,2025-12-11 17:29:33,Pending
18460,3897,2025-12-31 21:02:07,Completed
18461,4001,2026-07-11 19:55:53,Completed
18462,4369,2025-11-18 16:54:35,Cancelled
18463,555,2025-08-30 10:54:55,Completed
18464,2900,2025-01-13 03:20:53,Completed
18465,1390,2025-05-01 18:55:12,Completed
18466,2639,2026-05-02 12:38:16,Completed
18467,4913,2025-07-29 14:01:55,Completed
18468,2652,2025-10-09 07:16:12,Completed
18469,3579,2025-01-05 10:10:31,Completed
18470,4013,2025-04-14 10:29:18,Completed
18471,4988,2025-06-17 17:18:02,Completed
18472,4859,2026-06-29 11:40:21,Completed
18473,2786,2025-11-09 19:49:56,Completed
18474,3915,2025-05-21 07:43:02,Completed
18475,4922,2026-07-19 22:53:30,Completed
18476,1712,2024-09-14 03:47:50,Completed
18477,3560,2026-06-12 06:45:05,Pending
18478,2555,2025-10-12 06:14:41,Completed
18479,817,2025-02-25 17:41:09,Pending
18480,4806,2026-02-14 02:43:09,Completed
18481,2234,2024-11-07 10:16:21,Completed
18482,4387,2025-03-15 23:20:25,Completed
18483,37,2026-05-08 11:23:08,Completed
18484,1884,2024-11-03 12:30:36,Completed
18485,1937,2025-11-14 11:41:53,Completed
18486,3553,2026-01-15 06:29:13,Completed
18487,1093,2025-12-06 14:32:41,Completed
18488,4519,2025-08-28 08:06:18,Completed
18489,3139,2025-12-08 02:53:09,Completed
18490,124,2025-08-26 18:57:38,Completed
18491,3434,2026-05-13 15:10:24,Completed
18492,2518,2025-10-11 11:00:22,Completed
18493,3218,2024-10-27 05:17:00,Pending
18494,3983,2025-03-08 11:21:49,Completed
18495,671,2025-09-15 16:55:05,Completed
18496,714,2024-08-29 11:25:23,Pending
18497,4100,2026-04-17 10:15:44,Completed
18498,3191,2024-10-12 05:04:19,Completed
18499,1121,2024-11-02 21:30:50,Completed
18500,2341,2025-06-05 03:47:06,Cancelled
18501,4313,2025-05-30 08:48:44,Pending
18502,1071,2025-08-30 20:37:24,Completed
18503,2829,2025-06-14 10:44:48,Completed
18504,499,2024-09-05 18:36:12,Completed
18505,4969,2025-12-29 10:53:30,Completed
18506,2635,2026-01-25 23:17:20,Completed
18507,1970,2025-04-18 07:06:50,Completed
18508,2265,2026-05-21 22:48:00,Completed
18509,3856,2026-03-30 08:43:19,Completed
18510,4840,2025-05-19 15:31:58,Completed
18511,3664,2025-08-24 01:40:21,Completed
18512,3419,2024-09-05 02:59:52,Cancelled
18513,2970,2026-08-02 17:25:19,Completed
18514,2644,2025-06-04 03:36:09,Completed
18515,1831,2025-03-20 14:56:34,Completed
18516,2065,2025-02-21 01:46:47,Completed
18517,2889,2026-05-30 21:45:48,Completed
18518,1268,2024-12-27 18:08:02,Completed
18519,1397,2024-10-11 22:22:05,Completed
18520,2712,2026-04-14 23:21:41,Cancelled
18521,4513,2024-10-28 22:49:05,Completed
18522,3435,2026-06-30 01:05:33,Completed
18523,4855,2026-06-10 05:47:11,Completed
18524,421,2026-06-14 08:35:39,Pending
18525,4029,2024-10-24 21:46:38,Completed
18526,1392,2026-01-09 18:06:07,Completed
18527,3935,2025-03-15 18:48:28,Completed
18528,1435,2026-01-10 10:32:23,Completed
18529,4609,2025-06-19 18:00:25,Completed
18530,3508,2025-09-26 11:57:50,Completed
18531,1328,2026-01-25 23:18:31,Completed
18532,3256,2025-03-17 19:56:41,Completed
18533,4791,2026-05-07 12:10:43,Cancelled
18534,4619,2026-04-11 22:46:49,Completed
18535,1165,2025-07-10 09:35:45,Pending
18536,1836,2024-08-24 06:40:00,Completed
18537,2781,2024-10-16 07:39:08,Completed
18538,3586,2024-12-24 03:26:57,Pending
18539,4590,2026-08-01 18:41:09,Completed
18540,735,2025-01-30 17:01:00,Completed
18541,673,2025-04-23 23:17:53,Cancelled
18542,2318,2025-09-18 11:49:55,Completed
18543,4623,2026-05-06 18:15:42,Completed
18544,3849,2025-04-06 18:29:36,Completed
18545,1814,2025-10-04 16:51:24,Completed
18546,4452,2025-02-28 03:58:36,Completed
18547,1653,2024-12-20 09:52:04,Completed
18548,4983,2024-11-07 14:15:39,Completed
18549,3073,2025-03-21 21:09:39,Completed
18550,2734,2025-08-30 07:14:39,Completed
18551,2330,2025-06-09 05:59:52,Completed
18552,2559,2026-06-22 22:32:08,Completed
18553,3559,2025-12-17 22:12:20,Completed
18554,179,2025-05-10 18:49:08,Completed
18555,4188,2024-10-06 07:27:43,Completed
18556,184,2025-08-26 14:44:15,Completed
18557,2016,2026-04-26 12:57:37,Completed
18558,3340,2025-11-11 20:07:52,Pending
18559,4319,2025-11-20 11:18:36,Completed
18560,4306,2025-07-07 18:29:03,Completed
18561,3677,2025-11-08 18:27:26,Completed
18562,1471,2025-09-09 21:56:27,Completed
18563,2862,2025-08-15 03:52:06,Cancelled
18564,1545,2026-06-03 23:02:20,Completed
18565,4159,2025-10-17 07:29:15,Pending
18566,839,2025-01-05 06:02:13,Completed
18567,541,2026-07-25 22:47:54,Completed
18568,3151,2025-08-11 07:01:51,Pending
18569,2009,2026-04-20 19:05:33,Completed
18570,1896,2026-05-30 09:35:55,Pending
18571,3062,2026-07-14 12:40:22,Completed
18572,712,2026-01-04 08:14:53,Completed
18573,2469,2025-03-24 13:16:15,Completed
18574,3522,2026-05-10 02:05:46,Pending
18575,1481,2024-12-17 02:29:20,Completed
18576,4956,2026-02-01 14:11:09,Cancelled
18577,715,2025-11-04 02:32:26,Completed
18578,4533,2025-11-30 07:32:33,Completed
18579,1298,2025-03-28 07:51:10,Completed
18580,548,2025-06-22 20:23:29,Pending
18581,1969,2024-09-01 20:32:25,Cancelled
18582,3978,2025-05-24 08:13:32,Completed
18583,3385,2025-04-12 00:21:01,Completed
18584,3750,2026-07-24 00:15:10,Completed
18585,3727,2025-03-11 02:44:20,Completed
18586,3409,2025-04-19 01:33:28,Completed
18587,3737,2026-07-24 20:11:34,Completed
18588,2926,2026-06-12 00:26:10,Completed
18589,2711,2026-02-04 09:42:26,Completed
18590,477,2025-06-09 14:28:00,Completed
18591,4131,2025-05-24 02:38:38,Completed
18592,2711,2025-01-08 00:16:04,Completed
18593,2049,2026-08-02 00:04:08,Completed
18594,910,2026-07-21 03:29:48,Completed
18595,414,2025-12-10 02:07:42,Completed
18596,1674,2025-10-24 14:11:00,Completed
18597,3044,2026-07-03 09:19:15,Completed
18598,404,2025-06-09 03:40:38,Completed
18599,1109,2024-09-14 03:53:13,Completed
18600,2044,2026-01-05 03:46:03,Completed
18601,674,2025-03-29 01:34:08,Completed
18602,573,2025-11-09 08:38:06,Completed
18603,4261,2025-04-13 01:12:19,Completed
18604,234,2026-08-04 11:15:53,Completed
18605,1174,2024-09-01 06:20:23,Completed
18606,143,2026-03-18 12:09:19,Completed
18607,3462,2025-04-21 01:14:42,Pending
18608,3605,2025-04-08 00:17:51,Completed
18609,870,2026-05-07 13:00:48,Completed
18610,1011,2025-07-02 17:29:22,Completed
18611,2433,2025-09-03 14:07:19,Completed
18612,4154,2025-08-06 05:03:07,Completed
18613,1288,2025-01-29 16:53:07,Completed
18614,3442,2025-04-15 03:43:12,Cancelled
18615,4608,2025-03-02 21:00:20,Cancelled
18616,2089,2026-06-30 17:34:26,Completed
18617,3713,2025-07-28 19:55:30,Completed
18618,4743,2025-08-17 22:36:03,Completed
18619,447,2025-04-20 16:27:29,Completed
18620,2310,2025-03-06 18:03:41,Pending
18621,4644,2026-06-02 00:36:30,Completed
18622,3916,2024-08-27 13:12:37,Cancelled
18623,2826,2025-11-21 21:06:00,Completed
18624,276,2026-07-18 11:26:40,Completed
18625,2960,2025-11-21 12:52:01,Completed
18626,1690,2025-03-20 08:19:59,Completed
18627,915,2025-08-24 09:06:30,Completed
18628,4475,2025-08-08 05:16:34,Completed
18629,2167,2026-07-14 12:02:16,Completed
18630,4583,2025-03-06 00:20:13,Completed
18631,694,2025-07-09 08:26:27,Completed
18632,4829,2025-07-18 03:21:18,Cancelled
18633,2459,2025-02-21 02:58:48,Completed
18634,2935,2024-11-22 14:06:40,Cancelled
18635,3147,2025-07-06 01:31:09,Completed
18636,2735,2025-04-07 13:06:28,Completed
18637,551,2025-08-10 17:39:48,Completed
18638,4784,2024-10-09 19:27:12,Completed
18639,3225,2025-06-18 07:52:50,Completed
18640,2402,2025-12-04 05:11:45,Cancelled
18641,3544,2024-11-04 08:35:21,Completed
18642,2634,2025-01-04 13:00:06,Completed
18643,4786,2025-01-16 12:44:47,Pending
18644,2113,2025-06-09 06:44:40,Pending
18645,3035,2026-07-10 14:44:42,Completed
18646,1280,2026-03-29 21:29:13,Cancelled
18647,4312,2024-10-14 20:34:40,Completed
18648,4411,2025-07-15 18:55:46,Completed
18649,2095,2026-06-26 06:11:12,Completed
18650,77,2025-11-02 12:03:57,Completed
18651,4114,2026-01-05 01:18:42,Completed
18652,3999,2025-05-21 14:35:17,Completed
18653,2840,2025-08-23 00:09:06,Completed
18654,1024,2026-07-16 17:09:06,Completed
18655,2468,2026-06-01 01:27:11,Completed
18656,357,2026-05-11 16:09:06,Completed
18657,1872,2025-01-05 06:03:38,Completed
18658,1174,2025-12-16 19:28:56,Completed
18659,2816,2025-01-22 04:52:13,Cancelled
18660,1051,2026-01-14 03:12:36,Cancelled
18661,229,2025-06-20 02:13:37,Pending
18662,2537,2026-04-28 15:46:31,Completed
18663,3781,2025-07-27 18:00:04,Completed
18664,266,2025-04-18 11:30:36,Completed
18665,4058,2026-04-11 17:43:47,Completed
18666,3469,2025-03-06 04:50:42,Pending
18667,2034,2024-12-24 06:41:22,Completed
18668,801,2024-08-18 16:24:59,Completed
18669,2442,2026-04-07 18:51:51,Pending
18670,3993,2026-06-14 07:31:28,Completed
18671,1045,2024-11-22 04:38:29,Completed
18672,720,2025-01-15 06:35:20,Completed
18673,2198,2025-07-16 20:11:31,Completed
18674,2652,2025-04-12 19:56:38,Completed
18675,3997,2024-12-07 16:15:01,Completed
18676,1468,2025-12-23 08:30:41,Completed
18677,1649,2026-04-25 04:23:20,Completed
18678,4601,2024-09-05 13:41:34,Completed
18679,4014,2025-02-13 21:26:08,Completed
18680,4114,2024-12-15 17:31:59,Completed
18681,740,2024-12-08 01:22:43,Cancelled
18682,428,2025-03-28 04:01:16,Completed
18683,3206,2025-11-14 02:08:08,Completed
18684,4163,2024-09-27 11:42:44,Pending
18685,2938,2025-10-02 21:02:56,Completed
18686,900,2025-04-13 02:00:59,Completed
18687,2989,2026-07-27 10:23:57,Completed
18688,3412,2024-12-17 22:20:49,Pending
18689,3452,2025-09-01 12:28:17,Completed
18690,4770,2024-11-23 03:58:10,Completed
18691,354,2026-05-12 03:31:15,Completed
18692,3446,2025-10-19 08:27:21,Cancelled
18693,1958,2024-11-22 04:54:10,Completed
18694,3337,2026-05-17 05:09:13,Completed
18695,2799,2025-10-31 18:54:43,Completed
18696,3036,2025-07-30 03:56:41,Completed
18697,3386,2026-08-06 15:25:21,Completed
18698,588,2025-04-23 21:58:54,Completed
18699,4809,2026-04-02 17:08:30,Completed
18700,1540,2025-04-24 01:56:43,Completed
18701,2137,2025-11-01 14:55:27,Cancelled
18702,612,2024-08-10 23:29:03,Completed
18703,3058,2025-04-16 05:06:16,Completed
18704,3311,2025-05-24 21:54:01,Pending
18705,1054,2025-12-07 03:33:56,Pending
18706,1191,2024-08-07 10:57:57,Completed
18707,3520,2026-03-10 23:26:30,Cancelled
18708,3695,2024-09-06 01:23:04,Completed
18709,2556,2025-07-30 20:53:12,Completed
18710,3178,2025-05-24 06:57:04,Completed
18711,4534,2025-12-12 05:29:45,Completed
18712,3947,2026-07-08 02:55:12,Completed
18713,4158,2026-05-22 14:42:23,Completed
18714,3346,2024-12-22 17:48:23,Completed
18715,699,2025-01-19 01:53:27,Completed
18716,1839,2024-08-30 23:28:50,Pending
18717,1328,2025-06-06 22:41:27,Completed
18718,418,2024-12-16 21:23:51,Completed
18719,1679,2025-01-09 20:26:15,Completed
18720,1501,2025-03-01 03:09:31,Completed
18721,2848,2024-08-09 13:12:15,Completed
18722,644,2026-05-20 03:47:24,Completed
18723,1091,2025-02-01 13:40:07,Completed
18724,988,2024-12-08 14:56:59,Completed
18725,2307,2025-03-21 07:21:33,Completed
18726,82,2026-01-27 04:29:13,Completed
18727,3199,2025-12-27 09:16:20,Completed
18728,885,2026-04-20 13:24:55,Completed
18729,742,2026-01-14 11:21:56,Completed
18730,4116,2025-09-16 08:16:13,Completed
18731,1997,2025-02-24 08:13:40,Completed
18732,140,2025-09-03 05:20:47,Completed
18733,2973,2025-03-29 14:37:49,Completed
18734,1854,2025-11-10 08:39:20,Completed
18735,37,2024-11-01 08:38:08,Completed
18736,1229,2025-11-03 06:47:48,Completed
18737,99,2025-04-08 07:54:03,Completed
18738,2854,2026-06-05 07:38:15,Completed
18739,1689,2024-08-30 07:51:43,Completed
18740,2891,2024-11-05 06:23:17,Completed
18741,3062,2025-02-23 06:17:32,Completed
18742,2371,2025-08-02 23:22:19,Completed
18743,4981,2025-11-18 12:52:52,Completed
18744,532,2026-07-02 13:06:08,Pending
18745,2441,2024-08-07 02:01:31,Completed
18746,290,2025-11-17 22:02:00,Completed
18747,1306,2026-05-29 03:31:08,Completed
18748,152,2025-06-10 01:27:52,Completed
18749,1045,2026-01-26 18:33:12,Completed
18750,4291,2025-08-20 19:32:17,Completed
18751,3642,2026-01-23 09:56:07,Completed
18752,3121,2025-08-15 04:41:51,Completed
18753,2662,2026-01-30 01:54:56,Completed
18754,1879,2025-12-28 16:59:02,Completed
18755,3385,2025-07-21 20:17:16,Pending
18756,4562,2025-12-19 16:35:38,Completed
18757,1240,2025-10-25 10:56:37,Pending
18758,1990,2026-03-13 00:50:56,Completed
18759,4425,2025-11-27 03:32:10,Pending
18760,3517,2026-07-13 17:17:35,Completed
18761,4774,2024-12-26 18:07:21,Completed
18762,3384,2026-07-24 22:25:33,Cancelled
18763,550,2025-02-20 20:02:05,Completed
18764,1638,2026-07-18 10:38:14,Cancelled
18765,525,2026-03-18 06:09:42,Completed
18766,770,2026-08-05 00:05:41,Completed
18767,1341,2026-06-09 01:20:32,Completed
18768,644,2024-09-07 07:25:05,Completed
18769,4939,2025-07-23 03:27:06,Pending
18770,1713,2026-05-25 05:07:46,Completed
18771,3473,2026-01-11 04:30:26,Completed
18772,1873,2025-06-21 23:19:46,Completed
18773,2489,2026-07-18 05:19:32,Completed
18774,4155,2024-11-14 18:42:53,Pending
18775,2018,2025-02-05 03:09:58,Completed
18776,2674,2025-06-18 07:38:15,Completed
18777,2293,2025-03-31 02:48:43,Completed
18778,1577,2024-12-09 11:57:34,Completed
18779,4026,2026-07-07 03:36:09,Completed
18780,1418,2025-08-15 07:08:30,Completed
18781,4926,2024-08-19 20:26:20,Completed
18782,253,2025-08-09 10:56:33,Completed
18783,4019,2024-08-16 14:46:44,Completed
18784,2827,2025-12-12 21:00:15,Completed
18785,1622,2026-06-27 12:08:19,Completed
18786,882,2026-03-10 01:04:09,Completed
18787,1273,2024-10-18 07:06:34,Completed
18788,2810,2026-02-24 14:37:51,Completed
18789,3672,2025-01-29 15:00:44,Cancelled
18790,2704,2025-06-07 03:25:39,Completed
18791,804,2024-10-09 15:21:07,Completed
18792,2805,2025-06-11 10:50:40,Pending
18793,2045,2025-02-19 13:29:35,Pending
18794,3300,2024-09-12 20:24:17,Completed
18795,4551,2026-02-17 00:16:38,Pending
18796,550,2025-02-12 08:19:14,Completed
18797,3261,2024-11-16 21:41:15,Completed
18798,2327,2026-06-04 16:44:53,Completed
18799,2393,2026-02-02 05:31:56,Completed
18800,4945,2025-12-10 03:35:55,Pending
18801,2913,2025-10-12 18:45:12,Completed
18802,4911,2024-11-24 23:49:47,Cancelled
18803,1950,2026-04-08 16:30:33,Completed
18804,1387,2025-03-27 05:06:47,Cancelled
18805,605,2025-05-21 17:37:40,Completed
18806,2266,2025-08-20 10:48:58,Completed
18807,3619,2025-02-08 05:24:59,Completed
18808,2198,2025-01-17 03:31:48,Completed
18809,2016,2026-06-13 01:07:13,Completed
18810,696,2026-05-18 12:19:22,Completed
18811,2884,2025-05-10 10:31:39,Completed
18812,2838,2025-11-28 08:21:15,Completed
18813,1365,2024-09-26 15:53:36,Cancelled
18814,3169,2024-09-11 06:25:53,Completed
18815,4649,2026-06-12 12:37:57,Completed
18816,2203,2025-02-08 17:05:18,Completed
18817,4617,2026-02-06 15:30:08,Completed
18818,195,2025-04-02 15:44:44,Completed
18819,1074,2026-02-11 21:58:52,Completed
18820,4604,2026-05-20 03:56:36,Completed
18821,4755,2026-03-16 02:06:24,Completed
18822,1555,2025-05-15 07:13:44,Completed
18823,2098,2025-12-30 09:06:01,Completed
18824,2621,2025-04-02 08:30:07,Completed
18825,3353,2025-05-08 01:22:15,Completed
18826,630,2024-08-24 02:27:36,Completed
18827,1948,2026-02-08 06:30:46,Cancelled
18828,4392,2024-10-23 23:48:35,Completed
18829,2812,2025-06-27 06:53:22,Completed
18830,135,2026-05-30 10:45:00,Completed
18831,279,2025-05-29 19:36:25,Completed
18832,4773,2025-10-31 04:48:18,Completed
18833,3011,2024-08-24 23:49:25,Completed
18834,3280,2026-03-30 22:06:59,Completed
18835,4224,2026-02-15 02:39:45,Completed
18836,1707,2025-10-05 07:58:57,Completed
18837,2987,2026-05-01 10:40:38,Cancelled
18838,4843,2024-11-01 20:30:37,Completed
18839,3143,2024-12-12 13:35:22,Completed
18840,959,2025-03-07 17:23:30,Completed
18841,2333,2024-09-06 18:25:33,Pending
18842,3766,2024-10-14 00:53:57,Pending
18843,3137,2025-12-14 23:11:34,Completed
18844,2681,2025-02-15 00:07:43,Completed
18845,3357,2025-02-27 05:32:46,Pending
18846,4351,2025-10-28 17:57:49,Completed
18847,341,2025-05-13 02:52:51,Cancelled
18848,3591,2026-03-17 18:13:14,Completed
18849,1146,2025-06-08 17:02:33,Pending
18850,1831,2024-10-01 06:00:22,Cancelled
18851,1759,2026-01-11 14:30:18,Completed
18852,4499,2026-08-02 05:34:23,Completed
18853,547,2024-09-18 22:36:05,Completed
18854,4734,2024-09-09 20:59:01,Completed
18855,3245,2025-01-18 18:13:04,Completed
18856,3512,2025-06-10 11:41:05,Cancelled
18857,3629,2025-03-20 20:17:20,Completed
18858,143,2026-03-27 19:04:23,Completed
18859,3636,2025-03-06 12:51:56,Completed
18860,2050,2024-09-05 08:42:19,Completed
18861,3075,2025-12-29 20:07:49,Completed
18862,3957,2024-12-28 01:01:25,Pending
18863,825,2025-11-08 06:45:45,Completed
18864,21,2025-11-01 05:37:31,Completed
18865,2671,2026-05-29 06:31:07,Completed
18866,2352,2024-12-25 11:18:23,Completed
18867,1588,2026-01-01 20:01:48,Completed
18868,4007,2024-11-21 20:44:16,Completed
18869,2603,2025-06-12 06:21:45,Completed
18870,3692,2025-02-08 05:14:48,Completed
18871,1999,2026-03-14 17:28:16,Pending
18872,2059,2025-11-25 09:11:27,Completed
18873,47,2025-03-16 20:33:03,Completed
18874,2800,2025-12-31 01:05:03,Completed
18875,3488,2025-04-16 08:15:12,Completed
18876,4364,2026-07-26 18:29:22,Completed
18877,1975,2026-01-14 03:33:37,Completed
18878,411,2025-08-10 12:45:30,Completed
18879,4240,2024-10-24 05:27:40,Cancelled
18880,3513,2026-07-12 11:18:30,Completed
18881,477,2024-11-10 06:37:08,Completed
18882,2708,2026-05-08 12:40:25,Completed
18883,775,2025-12-19 00:33:20,Completed
18884,4832,2025-11-25 05:27:54,Completed
18885,3461,2025-07-29 09:34:57,Completed
18886,3438,2025-11-06 18:36:43,Completed
18887,2230,2026-05-19 02:36:51,Cancelled
18888,4165,2026-03-06 20:24:42,Completed
18889,268,2025-02-26 19:08:29,Completed
18890,4225,2026-03-31 16:50:42,Pending
18891,116,2025-10-02 10:54:22,Completed
18892,2408,2025-12-24 19:24:24,Completed
18893,2585,2026-03-14 11:45:13,Completed
18894,3825,2025-09-17 08:52:09,Completed
18895,107,2025-06-22 19:39:39,Pending
18896,577,2024-10-28 04:19:08,Cancelled
18897,456,2026-05-19 18:11:50,Cancelled
18898,287,2024-12-21 11:26:34,Completed
18899,4253,2025-11-10 01:58:21,Completed
18900,2624,2025-05-29 09:02:06,Completed
18901,3613,2025-01-03 18:01:44,Cancelled
18902,1899,2025-01-26 05:49:15,Completed
18903,4065,2026-07-07 15:55:00,Completed
18904,3293,2024-12-22 19:10:36,Completed
18905,1901,2026-02-02 01:20:30,Completed
18906,266,2024-10-28 19:18:35,Completed
18907,2264,2025-05-03 19:21:34,Completed
18908,880,2025-03-15 11:14:22,Completed
18909,2605,2025-04-25 03:52:53,Cancelled
18910,3097,2024-12-10 03:29:32,Completed
18911,4290,2025-04-24 00:39:55,Completed
18912,895,2025-03-01 02:08:37,Completed
18913,109,2025-02-27 20:49:20,Completed
18914,1031,2026-06-27 00:55:10,Cancelled
18915,4437,2025-02-27 04:35:26,Completed
18916,1435,2026-06-18 18:20:15,Completed
18917,556,2025-03-23 16:58:17,Completed
18918,4776,2025-03-16 18:41:15,Completed
18919,1609,2025-01-30 05:45:55,Completed
18920,4925,2025-09-13 08:19:39,Completed
18921,118,2026-04-20 10:24:38,Completed
18922,1361,2026-03-29 20:36:46,Completed
18923,2316,2025-09-27 22:35:44,Pending
18924,1487,2026-08-02 16:42:53,Completed
18925,3674,2024-11-01 02:09:48,Completed
18926,4831,2025-08-11 04:27:39,Pending
18927,1870,2024-08-08 21:00:12,Completed
18928,1143,2025-09-08 15:10:01,Completed
18929,4443,2025-01-09 23:58:23,Completed
18930,3431,2026-01-12 02:39:21,Cancelled
18931,3189,2025-09-16 15:53:32,Completed
18932,298,2025-12-15 02:48:25,Cancelled
18933,3173,2024-10-21 21:32:09,Completed
18934,4290,2025-03-27 12:26:54,Completed
18935,2623,2026-04-21 03:14:26,Completed
18936,582,2026-08-03 09:15:29,Completed
18937,2538,2025-06-11 10:33:02,Pending
18938,1741,2026-04-04 07:57:22,Completed
18939,3854,2025-04-16 23:10:30,Completed
18940,4373,2026-04-08 04:22:35,Completed
18941,2378,2025-11-08 16:38:47,Completed
18942,1593,2026-07-25 07:31:18,Pending
18943,819,2024-12-21 10:13:13,Completed
18944,3338,2026-04-29 07:37:22,Completed
18945,4657,2026-05-17 13:55:04,Completed
18946,3668,2024-09-10 00:06:48,Completed
18947,1478,2025-09-11 16:59:39,Completed
18948,3129,2025-08-21 10:36:07,Completed
18949,1367,2025-04-03 21:33:12,Completed
18950,3866,2025-01-27 20:18:00,Completed
18951,2531,2026-01-10 00:51:53,Completed
18952,4514,2026-05-26 08:26:14,Completed
18953,1823,2026-02-10 10:06:14,Completed
18954,864,2026-06-10 21:49:44,Pending
18955,3850,2025-01-04 04:32:35,Completed
18956,463,2025-03-01 12:46:14,Completed
18957,3679,2025-05-31 17:39:51,Completed
18958,3706,2025-04-09 03:45:26,Completed
18959,4858,2026-05-06 14:59:41,Completed
18960,4577,2024-12-01 23:10:52,Completed
18961,1105,2024-10-31 14:41:37,Completed
18962,1866,2025-07-09 15:03:32,Pending
18963,1279,2025-01-09 15:47:06,Completed
18964,3637,2025-03-14 05:47:15,Completed
18965,3587,2025-02-21 18:00:21,Completed
18966,2929,2024-11-30 16:47:13,Completed
18967,1522,2025-10-28 00:21:58,Completed
18968,106,2026-01-19 11:51:25,Completed
18969,107,2024-09-29 02:51:42,Completed
18970,4005,2024-08-25 05:53:55,Completed
18971,908,2025-01-06 20:49:30,Completed
18972,1391,2026-01-27 13:04:07,Completed
18973,4892,2026-02-05 07:30:38,Completed
18974,1434,2025-04-06 22:15:41,Completed
18975,2799,2026-05-22 04:59:26,Completed
18976,3813,2025-04-09 04:12:42,Pending
18977,3317,2026-05-19 05:08:26,Completed
18978,3394,2024-08-23 09:05:26,Completed
18979,2120,2025-08-06 01:13:31,Completed
18980,777,2025-04-25 22:44:43,Completed
18981,2533,2025-08-07 13:32:20,Completed
18982,3708,2025-05-18 04:10:18,Completed
18983,1456,2026-04-29 14:36:30,Completed
18984,2462,2025-05-20 06:10:27,Cancelled
18985,2435,2024-09-28 13:47:42,Completed
18986,4246,2024-12-06 10:06:51,Completed
18987,2648,2025-11-02 21:17:21,Completed
18988,3435,2025-06-05 02:06:52,Completed
18989,4945,2025-09-09 11:36:02,Completed
18990,398,2025-06-28 17:59:07,Completed
18991,4265,2024-09-25 04:54:53,Completed
18992,854,2025-05-30 10:15:59,Completed
18993,844,2025-08-13 02:38:49,Completed
18994,2578,2024-08-23 22:42:58,Completed
18995,3903,2025-09-05 22:16:41,Completed
18996,1903,2024-08-24 18:32:30,Completed
18997,2821,2025-09-08 00:12:15,Pending
18998,3768,2026-07-01 12:09:26,Completed
18999,3445,2024-10-04 06:22:23,Completed
19000,304,2025-04-29 20:14:52,Completed
19001,494,2026-06-25 09:18:04,Completed
19002,4359,2026-06-11 14:57:52,Pending
19003,4985,2025-05-19 09:25:08,Completed
19004,4129,2024-10-06 12:20:36,Completed
19005,555,2026-07-03 14:52:45,Completed
19006,1830,2025-03-06 22:44:11,Completed
19007,2652,2026-02-02 03:25:12,Completed
19008,1454,2025-06-06 02:44:10,Completed
19009,2622,2026-01-30 19:51:03,Completed
19010,3509,2025-05-15 15:47:08,Pending
19011,2452,2025-12-20 14:07:51,Completed
19012,2819,2024-11-02 01:50:21,Completed
19013,1975,2026-06-30 19:32:55,Completed
19014,4428,2024-11-05 22:35:25,Completed
19015,2001,2026-04-24 03:47:11,Completed
19016,2946,2024-08-31 11:48:09,Completed
19017,2630,2025-08-26 08:02:39,Completed
19018,2778,2024-10-04 14:07:48,Pending
19019,2763,2025-12-07 10:28:51,Completed
19020,4346,2024-10-18 20:19:57,Cancelled
19021,1094,2024-10-18 16:34:49,Completed
19022,4387,2024-12-08 16:37:35,Completed
19023,1660,2024-09-02 09:15:08,Completed
19024,2207,2025-12-08 13:47:55,Cancelled
19025,1191,2025-04-27 16:51:27,Completed
19026,3093,2024-08-13 03:56:27,Completed
19027,4304,2025-12-02 20:11:44,Completed
19028,3193,2025-07-30 19:37:46,Completed
19029,4189,2026-07-18 07:16:39,Cancelled
19030,3096,2025-11-23 01:28:08,Completed
19031,3791,2025-06-07 05:30:03,Cancelled
19032,2056,2025-01-28 05:09:13,Completed
19033,1474,2026-06-21 10:07:17,Cancelled
19034,1767,2024-09-03 16:33:25,Completed
19035,202,2026-04-06 18:35:07,Completed
19036,4559,2024-09-10 21:58:54,Completed
19037,2287,2025-09-05 18:38:29,Completed
19038,3637,2026-03-22 14:08:52,Completed
19039,1519,2024-11-22 21:58:04,Completed
19040,787,2026-01-15 05:10:37,Completed
19041,1551,2025-09-20 19:33:05,Cancelled
19042,1270,2026-08-04 13:25:32,Completed
19043,4686,2026-06-17 19:42:09,Cancelled
19044,740,2024-11-17 08:25:12,Completed
19045,1440,2026-02-19 02:04:17,Cancelled
19046,1827,2024-10-08 03:59:48,Completed
19047,8,2025-11-21 08:01:41,Completed
19048,3210,2025-07-27 15:19:35,Completed
19049,1972,2025-12-08 13:27:23,Completed
19050,2054,2026-06-17 21:29:27,Completed
19051,777,2025-05-26 21:00:22,Cancelled
19052,2954,2026-01-26 02:34:01,Completed
19053,3016,2026-06-17 07:18:47,Completed
19054,4417,2025-06-27 23:38:21,Completed
19055,2608,2024-12-21 02:02:21,Completed
19056,4341,2025-08-28 01:22:53,Completed
19057,1959,2024-11-16 13:25:05,Pending
19058,30,2025-09-21 12:24:35,Pending
19059,1903,2025-10-08 17:47:11,Completed
19060,1841,2025-05-11 08:03:32,Pending
19061,1299,2026-02-24 23:37:43,Completed
19062,3532,2025-11-22 22:12:31,Completed
19063,2674,2026-06-09 22:19:21,Completed
19064,75,2024-11-15 13:47:48,Completed
19065,3660,2024-09-13 09:08:14,Completed
19066,4479,2024-10-09 08:35:28,Cancelled
19067,2952,2026-04-27 08:41:02,Completed
19068,3495,2025-03-03 17:39:26,Completed
19069,4127,2024-10-20 16:55:04,Completed
19070,3578,2024-10-04 17:03:49,Completed
19071,757,2024-12-07 16:36:22,Completed
19072,3004,2025-09-28 22:26:50,Pending
19073,3423,2025-03-10 04:04:03,Completed
19074,4423,2025-03-18 15:02:12,Completed
19075,4393,2026-05-31 13:39:54,Completed
19076,2394,2024-09-21 11:29:13,Cancelled
19077,1723,2025-08-14 15:28:00,Completed
19078,3168,2026-01-24 13:06:07,Pending
19079,4292,2026-01-07 22:41:38,Completed
19080,4410,2026-07-16 13:51:21,Completed
19081,167,2026-06-22 12:02:49,Completed
19082,2962,2025-01-30 14:04:37,Completed
19083,1451,2024-08-30 17:33:29,Completed
19084,2372,2025-04-03 19:39:39,Completed
19085,1749,2026-04-26 09:11:15,Completed
19086,640,2024-08-15 01:41:43,Completed
19087,2000,2026-07-13 12:00:23,Pending
19088,4540,2025-02-26 21:01:34,Completed
19089,344,2024-12-08 23:46:27,Completed
19090,1292,2025-12-28 11:33:45,Completed
19091,1248,2026-04-08 12:18:05,Completed
19092,117,2026-01-21 11:19:24,Completed
19093,1700,2026-06-09 21:33:37,Completed
19094,3320,2026-04-22 12:35:18,Completed
19095,403,2025-01-13 14:53:21,Completed
19096,2327,2025-09-04 06:13:32,Completed
19097,4093,2025-12-24 00:11:35,Completed
19098,662,2026-03-20 15:48:52,Completed
19099,3549,2024-11-19 12:03:33,Completed
19100,1963,2026-04-19 12:24:17,Completed
19101,1824,2024-09-20 13:13:11,Completed
19102,284,2026-02-12 18:18:51,Completed
19103,779,2026-05-01 23:27:40,Pending
19104,803,2025-01-18 22:54:37,Completed
19105,1925,2026-05-05 05:22:27,Completed
19106,3536,2025-09-30 05:46:38,Completed
19107,1178,2026-06-19 17:27:56,Completed
19108,2973,2026-07-16 15:42:44,Completed
19109,2507,2026-04-19 14:41:30,Pending
19110,22,2025-03-11 06:32:22,Completed
19111,2714,2026-05-14 16:25:17,Completed
19112,3100,2024-12-24 16:11:45,Completed
19113,4710,2026-01-30 13:22:04,Completed
19114,853,2025-09-30 16:40:36,Completed
19115,4190,2026-01-05 00:23:20,Completed
19116,3498,2025-02-03 02:48:54,Pending
19117,3135,2025-10-28 02:57:31,Completed
19118,3397,2025-12-26 18:59:54,Completed
19119,493,2026-05-13 18:24:54,Completed
19120,3191,2026-07-31 13:49:38,Completed
19121,2427,2024-12-12 11:36:38,Completed
19122,145,2025-04-03 00:13:13,Completed
19123,3623,2025-03-03 19:44:13,Completed
19124,2749,2024-09-08 05:16:29,Completed
19125,868,2026-05-05 03:03:23,Cancelled
19126,3111,2026-03-30 07:16:57,Completed
19127,1099,2026-05-23 16:30:45,Cancelled
19128,2273,2026-03-27 14:30:02,Pending
19129,196,2025-01-27 06:03:42,Completed
19130,4028,2025-03-29 06:41:28,Completed
19131,2359,2026-03-12 13:28:00,Completed
19132,3856,2026-03-16 11:25:52,Completed
19133,1810,2025-02-23 03:34:19,Completed
19134,1209,2025-12-30 05:46:47,Cancelled
19135,3528,2025-12-01 19:03:40,Completed
19136,1456,2025-05-14 18:11:07,Cancelled
19137,2244,2024-08-28 13:03:01,Completed
19138,1733,2025-12-26 03:13:05,Completed
19139,4688,2025-09-24 02:15:03,Completed
19140,2180,2025-06-22 20:11:57,Completed
19141,115,2025-08-28 17:21:44,Completed
19142,555,2025-07-16 14:54:38,Completed
19143,126,2026-06-27 18:02:59,Completed
19144,1406,2025-10-21 05:42:32,Completed
19145,3071,2025-04-23 04:20:46,Pending
19146,1998,2024-09-15 17:31:15,Completed
19147,210,2025-07-01 22:09:26,Cancelled
19148,250,2026-07-20 22:25:12,Completed
19149,3554,2025-10-10 18:25:30,Completed
19150,2070,2024-10-03 08:45:48,Completed
19151,1917,2026-02-20 00:11:54,Cancelled
19152,1632,2026-02-11 03:06:04,Completed
19153,4093,2025-04-29 23:56:34,Completed
19154,2087,2025-12-27 08:01:15,Completed
19155,2596,2025-04-08 00:18:25,Completed
19156,541,2025-06-21 14:25:39,Completed
19157,4526,2025-07-05 12:56:27,Completed
19158,2398,2026-08-04 17:29:54,Completed
19159,4744,2026-07-12 10:35:02,Completed
19160,48,2024-12-21 00:02:42,Completed
19161,1474,2026-03-30 14:57:07,Completed
19162,4497,2024-11-23 04:07:20,Pending
19163,1483,2025-12-31 18:43:16,Pending
19164,4805,2026-06-07 23:48:17,Completed
19165,2902,2025-11-09 17:56:41,Completed
19166,3609,2026-02-16 08:38:18,Completed
19167,4486,2025-05-22 12:14:37,Pending
19168,1294,2026-03-18 08:18:53,Completed
19169,3524,2025-04-28 02:13:59,Completed
19170,373,2025-06-30 08:38:34,Completed
19171,468,2024-12-11 23:01:18,Completed
19172,1868,2024-09-11 21:49:39,Cancelled
19173,1114,2026-02-13 22:16:05,Completed
19174,4917,2025-06-22 01:14:14,Pending
19175,4922,2025-04-22 11:22:46,Completed
19176,444,2026-06-29 03:45:57,Completed
19177,1383,2025-09-18 18:35:28,Completed
19178,1380,2024-11-14 02:45:08,Completed
19179,4919,2025-09-28 20:15:21,Completed
19180,1245,2025-08-30 09:31:24,Completed
19181,1964,2025-11-23 02:20:02,Completed
19182,4144,2025-01-16 14:35:22,Cancelled
19183,2423,2025-05-05 06:24:04,Pending
19184,1901,2025-11-17 08:43:09,Completed
19185,3220,2025-01-22 03:04:25,Completed
19186,1725,2025-02-24 08:51:03,Completed
19187,4849,2025-01-21 00:08:02,Completed
19188,4606,2025-05-22 15:18:45,Completed
19189,4298,2024-12-21 02:44:08,Pending
19190,1842,2024-09-21 12:48:51,Cancelled
19191,4283,2025-10-10 03:53:57,Completed
19192,2087,2026-04-20 06:59:49,Completed
19193,2356,2026-04-19 09:02:49,Completed
19194,2014,2024-11-02 22:51:30,Completed
19195,4840,2025-07-25 23:24:00,Completed
19196,4222,2024-10-18 11:03:59,Completed
19197,167,2026-06-27 03:39:34,Completed
19198,469,2024-11-30 01:56:09,Completed
19199,2232,2025-06-26 13:36:03,Cancelled
19200,4188,2026-05-31 17:43:35,Completed
19201,867,2026-04-28 17:16:48,Completed
19202,228,2025-11-05 08:43:24,Completed
19203,966,2025-11-07 18:34:01,Completed
19204,1732,2024-10-18 04:30:20,Completed
19205,1396,2024-12-03 21:40:05,Completed
19206,426,2025-04-19 12:42:09,Completed
19207,2367,2026-04-08 15:50:17,Completed
19208,4690,2025-01-04 11:53:29,Completed
19209,4654,2025-06-06 14:37:51,Completed
19210,588,2024-09-15 01:49:25,Completed
19211,3969,2024-10-05 06:04:29,Cancelled
19212,81,2024-09-27 03:57:55,Pending
19213,2099,2025-02-05 09:12:37,Completed
19214,4325,2025-01-27 21:02:15,Completed
19215,4130,2026-03-04 11:43:05,Completed
19216,4342,2026-07-20 02:12:30,Completed
19217,3988,2025-09-19 00:52:40,Completed
19218,3923,2024-10-23 12:43:19,Completed
19219,2279,2025-10-04 00:32:09,Completed
19220,3317,2025-04-25 10:04:33,Completed
19221,41,2025-01-08 03:36:14,Completed
19222,1796,2026-06-06 12:54:02,Completed
19223,476,2025-05-17 12:05:15,Completed
19224,3850,2024-12-18 08:32:45,Completed
19225,1213,2024-09-26 10:39:16,Pending
19226,866,2026-06-28 07:22:25,Completed
19227,1581,2024-11-24 02:23:22,Completed
19228,4868,2025-06-12 22:20:52,Completed
19229,1261,2025-03-08 11:51:53,Completed
19230,1088,2025-09-05 06:25:47,Completed
19231,4798,2026-01-01 13:38:52,Completed
19232,39,2025-11-29 10:27:02,Completed
19233,4759,2026-03-10 14:36:00,Completed
19234,2991,2026-05-01 16:26:08,Completed
19235,150,2025-07-05 20:12:43,Completed
19236,4979,2026-01-02 16:45:57,Completed
19237,2692,2026-05-01 08:25:59,Completed
19238,3614,2025-01-10 07:48:17,Completed
19239,3528,2025-04-08 18:27:26,Completed
19240,2373,2025-12-08 21:05:13,Cancelled
19241,421,2024-09-29 11:27:10,Completed
19242,809,2025-04-13 20:03:35,Completed
19243,3280,2025-01-21 03:47:43,Completed
19244,570,2025-07-13 22:58:00,Completed
19245,1225,2024-08-12 15:47:18,Completed
19246,4535,2026-01-07 02:45:08,Pending
19247,2772,2025-09-09 13:57:17,Completed
19248,3158,2025-08-10 12:30:48,Completed
19249,1284,2025-07-08 14:34:10,Completed
19250,4221,2025-04-17 00:28:56,Completed
19251,1804,2026-08-01 16:31:37,Pending
19252,2932,2026-08-04 12:19:16,Completed
19253,3004,2024-09-11 18:42:51,Completed
19254,3254,2026-05-21 02:37:53,Pending
19255,4402,2025-07-19 08:34:39,Cancelled
19256,1542,2024-10-31 16:26:40,Completed
19257,4579,2025-01-01 13:01:36,Completed
19258,1940,2026-01-29 18:04:13,Completed
19259,248,2024-09-16 21:28:05,Pending
19260,2081,2026-06-03 23:59:09,Completed
19261,4935,2026-06-21 22:52:52,Completed
19262,2496,2025-02-13 01:28:12,Completed
19263,2696,2024-10-01 16:44:44,Completed
19264,4010,2026-05-07 12:32:29,Completed
19265,3683,2025-11-08 00:17:48,Completed
19266,303,2025-06-18 17:56:33,Completed
19267,4821,2026-03-07 13:52:49,Cancelled
19268,327,2026-05-20 06:28:02,Completed
19269,3417,2026-04-05 14:18:27,Completed
19270,556,2026-05-09 23:55:21,Completed
19271,2987,2024-09-06 15:01:23,Completed
19272,3190,2025-08-11 07:08:20,Cancelled
19273,2756,2025-04-02 12:26:57,Completed
19274,3693,2025-06-11 09:34:06,Completed
19275,3154,2025-01-30 18:26:52,Pending
19276,257,2026-03-16 02:41:36,Completed
19277,2055,2025-05-15 11:03:26,Pending
19278,3852,2026-03-06 16:57:29,Completed
19279,3289,2026-04-09 16:36:38,Completed
19280,4756,2025-04-20 01:51:22,Pending
19281,420,2026-07-29 04:36:44,Completed
19282,166,2026-02-12 00:39:12,Completed
19283,898,2024-09-29 13:58:35,Completed
19284,4071,2025-10-22 23:54:29,Cancelled
19285,2571,2025-02-27 20:08:19,Completed
19286,2277,2025-03-24 11:29:41,Completed
19287,260,2026-01-14 00:50:29,Completed
19288,1324,2024-09-19 08:43:01,Completed
19289,4120,2025-09-23 03:47:13,Completed
19290,4148,2025-10-03 18:19:23,Completed
19291,3719,2026-06-13 12:36:21,Completed
19292,3477,2025-05-11 16:19:42,Cancelled
19293,4721,2025-07-12 04:33:15,Completed
19294,3172,2024-10-14 08:55:02,Completed
19295,3790,2025-09-18 05:26:04,Completed
19296,3361,2026-08-06 00:27:23,Completed
19297,575,2025-07-27 06:06:04,Completed
19298,2161,2025-09-14 04:15:24,Completed
19299,2719,2025-01-30 20:59:33,Completed
19300,4555,2024-10-18 10:46:19,Cancelled
19301,3438,2025-11-12 19:28:04,Completed
19302,905,2026-06-27 10:09:49,Cancelled
19303,3155,2025-10-31 09:35:07,Completed
19304,3909,2025-07-12 12:30:38,Completed
19305,4500,2025-03-31 03:11:50,Completed
19306,4533,2024-11-24 06:51:06,Cancelled
19307,4808,2025-05-25 11:06:55,Completed
19308,1362,2025-12-15 03:15:46,Completed
19309,4606,2026-06-04 03:31:31,Completed
19310,4375,2026-04-20 21:08:13,Completed
19311,1349,2024-08-25 04:48:12,Completed
19312,4772,2025-08-18 23:18:07,Pending
19313,3313,2026-02-26 12:24:47,Pending
19314,4341,2025-02-15 11:47:08,Completed
19315,2849,2025-04-24 00:58:50,Completed
19316,4590,2025-02-26 01:49:46,Completed
19317,3014,2026-07-15 06:29:52,Completed
19318,1859,2026-05-29 20:03:08,Pending
19319,2279,2024-10-29 16:09:50,Completed
19320,3411,2024-12-23 19:11:10,Completed
19321,4339,2024-09-11 18:12:42,Completed
19322,4633,2024-09-29 05:24:49,Completed
19323,4048,2024-12-31 10:31:59,Pending
19324,1010,2026-01-01 13:16:31,Completed
19325,2093,2026-04-04 08:58:50,Completed
19326,783,2026-04-16 20:55:21,Completed
19327,2503,2025-12-15 15:16:41,Pending
19328,485,2025-01-26 12:36:36,Completed
19329,2227,2025-10-25 11:55:07,Pending
19330,3642,2026-03-24 19:27:33,Completed
19331,370,2024-11-10 19:40:31,Completed
19332,1008,2025-04-04 23:05:36,Pending
19333,3464,2025-03-30 15:34:11,Completed
19334,331,2025-08-15 03:57:51,Completed
19335,4975,2025-07-10 11:52:00,Completed
19336,4787,2024-08-22 23:49:53,Completed
19337,1322,2025-11-11 21:35:48,Completed
19338,4603,2026-02-18 11:39:06,Completed
19339,2705,2026-04-28 10:41:41,Completed
19340,2503,2025-04-05 04:12:26,Completed
19341,1689,2026-04-10 00:52:14,Completed
19342,2119,2025-09-01 03:09:35,Cancelled
19343,3977,2024-12-15 17:09:02,Completed
19344,4909,2026-05-26 10:33:05,Completed
19345,3071,2026-01-23 19:12:41,Completed
19346,4888,2025-02-06 11:50:18,Completed
19347,1597,2025-04-17 05:30:46,Completed
19348,3342,2025-12-22 01:28:44,Completed
19349,2636,2024-08-07 11:51:33,Cancelled
19350,3649,2025-06-18 03:40:36,Completed
19351,3001,2025-02-09 00:30:52,Completed
19352,3781,2026-01-23 05:45:20,Completed
19353,1994,2026-03-03 18:20:16,Cancelled
19354,3968,2026-01-27 09:38:05,Cancelled
19355,491,2026-04-09 01:42:39,Completed
19356,2643,2024-08-08 23:48:20,Completed
19357,4809,2024-12-09 19:10:50,Completed
19358,1171,2024-08-16 15:14:18,Completed
19359,4835,2026-03-15 17:39:04,Pending
19360,3524,2026-07-30 12:46:58,Completed
19361,4060,2024-10-09 21:12:36,Completed
19362,4574,2026-02-22 17:07:46,Completed
19363,3288,2026-07-26 10:53:02,Pending
19364,876,2025-09-07 07:34:55,Completed
19365,1839,2025-08-14 00:58:24,Completed
19366,2107,2025-11-21 14:12:42,Pending
19367,1293,2026-01-02 11:05:32,Completed
19368,483,2026-07-13 17:23:58,Pending
19369,991,2024-11-23 06:30:58,Completed
19370,816,2025-01-10 21:34:47,Completed
19371,3251,2026-02-23 22:11:07,Completed
19372,3809,2025-11-28 07:03:51,Completed
19373,3935,2025-03-06 22:27:45,Completed
19374,5,2026-05-18 13:21:16,Completed
19375,1276,2025-06-05 04:53:19,Completed
19376,4716,2025-03-23 17:26:30,Cancelled
19377,3840,2025-06-24 20:35:15,Completed
19378,3523,2025-01-15 23:36:46,Completed
19379,2669,2026-04-15 19:34:27,Pending
19380,2422,2024-10-26 10:56:21,Completed
19381,3757,2026-06-19 19:57:20,Completed
19382,4977,2024-12-24 04:51:35,Cancelled
19383,2410,2024-09-19 10:13:33,Completed
19384,4488,2024-08-08 14:34:05,Completed
19385,3991,2026-01-27 15:13:09,Cancelled
19386,3336,2026-07-13 09:00:38,Completed
19387,1110,2025-07-22 02:37:33,Cancelled
19388,1376,2026-07-17 21:41:49,Completed
19389,3592,2025-04-12 02:23:38,Pending
19390,2849,2026-05-19 05:35:29,Completed
19391,589,2026-01-07 22:35:48,Completed
19392,1902,2026-04-03 02:01:49,Completed
19393,2610,2026-01-27 17:45:58,Completed
19394,3449,2025-04-20 08:06:18,Completed
19395,3953,2025-04-22 23:53:19,Completed
19396,3429,2026-04-23 05:53:53,Pending
19397,2317,2024-08-28 09:17:38,Completed
19398,3829,2025-05-26 05:31:15,Cancelled
19399,4198,2025-04-22 02:01:56,Completed
19400,368,2025-01-30 03:53:55,Completed
19401,3571,2026-04-02 20:02:35,Completed
19402,3202,2026-05-12 06:45:50,Completed
19403,881,2026-05-14 02:08:52,Completed
19404,2875,2025-01-16 19:06:46,Pending
19405,1514,2025-03-24 23:35:42,Completed
19406,530,2025-02-09 10:31:53,Completed
19407,242,2026-07-30 18:12:17,Completed
19408,3861,2026-02-15 09:16:30,Completed
19409,1107,2025-01-15 17:53:07,Completed
19410,455,2025-03-30 01:41:47,Completed
19411,3539,2026-04-25 04:40:32,Completed
19412,3568,2025-12-18 23:04:13,Completed
19413,2646,2025-08-02 12:56:29,Completed
19414,35,2025-01-23 18:12:28,Completed
19415,1465,2026-05-11 15:52:36,Completed
19416,934,2026-04-03 06:21:05,Completed
19417,3375,2024-12-17 02:02:41,Cancelled
19418,2274,2026-05-01 11:40:37,Completed
19419,1833,2026-05-08 02:34:26,Completed
19420,4101,2026-07-05 10:56:32,Completed
19421,601,2026-06-12 19:54:15,Completed
19422,99,2026-01-19 12:50:52,Completed
19423,556,2026-04-22 20:45:39,Completed
19424,4255,2025-06-08 19:57:36,Pending
19425,2728,2026-05-15 11:17:50,Completed
19426,1531,2024-12-01 05:51:29,Completed
19427,3098,2026-05-01 13:09:02,Completed
19428,3634,2025-09-03 08:30:24,Completed
19429,4589,2025-09-09 10:21:51,Completed
19430,2924,2026-01-28 01:01:08,Completed
19431,3050,2025-10-14 09:51:53,Completed
19432,903,2025-05-10 17:58:07,Completed
19433,248,2025-08-24 13:40:01,Completed
19434,2850,2024-08-11 16:15:17,Completed
19435,4078,2026-05-30 22:38:31,Pending
19436,1282,2026-04-22 00:14:01,Completed
19437,3060,2024-10-06 22:46:00,Pending
19438,3265,2025-02-28 16:26:14,Completed
19439,2187,2025-04-29 18:06:28,Completed
19440,1038,2026-02-19 19:05:08,Completed
19441,2816,2026-05-05 22:43:36,Cancelled
19442,4807,2025-04-29 10:53:58,Completed
19443,4475,2025-03-22 21:12:10,Completed
19444,1420,2025-07-15 10:11:45,Cancelled
19445,2605,2026-01-29 06:34:46,Completed
19446,4889,2026-01-08 02:07:58,Completed
19447,3270,2024-09-08 07:55:05,Completed
19448,3530,2026-04-29 10:17:37,Pending
19449,3137,2026-01-29 17:29:54,Completed
19450,2743,2025-12-20 08:37:19,Completed
19451,516,2025-07-05 00:57:53,Completed
19452,3954,2025-08-01 08:56:24,Completed
19453,4812,2026-06-27 16:57:45,Completed
19454,3660,2025-10-31 15:37:17,Completed
19455,2976,2025-03-27 03:23:13,Pending
19456,4793,2025-03-04 16:34:54,Completed
19457,4268,2026-06-10 03:20:31,Completed
19458,2741,2025-01-24 02:30:23,Completed
19459,1415,2025-01-04 02:25:08,Completed
19460,1622,2025-12-08 16:12:03,Completed
19461,2058,2025-07-21 07:47:33,Completed
19462,2739,2025-01-15 13:40:35,Completed
19463,163,2025-07-04 18:26:46,Completed
19464,4035,2025-08-17 08:08:10,Completed
19465,1307,2024-09-21 17:19:33,Completed
19466,2203,2024-10-22 12:38:26,Completed
19467,731,2025-05-15 07:32:29,Completed
19468,3086,2025-07-14 22:55:57,Pending
19469,1219,2026-04-21 09:12:37,Cancelled
19470,3536,2025-11-07 01:12:06,Completed
19471,2034,2025-10-06 01:45:23,Completed
19472,1157,2026-04-28 02:46:39,Completed
19473,2144,2026-05-23 13:40:11,Cancelled
19474,3684,2025-12-21 20:29:38,Pending
19475,4179,2026-01-09 01:02:36,Pending
19476,20,2025-03-06 01:57:22,Completed
19477,4326,2026-06-01 03:32:08,Completed
19478,1375,2026-04-02 11:29:30,Completed
19479,3627,2025-05-06 12:52:35,Pending
19480,4575,2025-12-17 19:56:46,Completed
19481,357,2025-12-08 01:58:56,Completed
19482,4552,2025-08-10 14:48:00,Completed
19483,2057,2024-12-22 17:39:14,Completed
19484,2475,2025-12-16 03:21:38,Completed
19485,979,2025-11-25 21:53:05,Completed
19486,3292,2026-01-30 14:04:24,Completed
19487,3994,2026-05-21 21:58:52,Completed
19488,4928,2025-02-09 08:34:23,Completed
19489,117,2025-06-14 03:55:56,Completed
19490,149,2026-02-18 15:14:28,Completed
19491,4439,2025-02-16 20:25:25,Completed
19492,4981,2026-03-02 08:12:04,Completed
19493,2701,2024-11-05 14:30:49,Completed
19494,4161,2024-11-14 03:21:20,Pending
19495,990,2025-02-08 13:55:47,Completed
19496,1578,2025-06-04 20:57:24,Completed
19497,207,2026-05-11 18:52:29,Completed
19498,274,2025-01-28 20:48:07,Completed
19499,921,2026-06-26 04:15:32,Completed
19500,396,2026-03-22 04:41:03,Completed
19501,1814,2024-09-23 22:58:53,Completed
19502,4246,2026-04-18 06:00:13,Completed
19503,3540,2025-05-19 14:53:21,Completed
19504,4845,2024-10-02 13:39:59,Completed
19505,1511,2026-07-21 07:32:54,Cancelled
19506,1933,2024-08-23 23:38:54,Cancelled
19507,797,2024-08-13 00:59:05,Completed
19508,3399,2025-07-27 07:51:06,Completed
19509,3425,2025-03-10 14:00:08,Pending
19510,1124,2026-01-30 18:55:06,Cancelled
19511,616,2026-03-30 20:42:50,Completed
19512,2381,2025-08-25 16:48:01,Cancelled
19513,3671,2026-02-03 11:53:27,Completed
19514,2116,2025-11-29 16:05:10,Completed
19515,941,2024-08-10 08:25:08,Completed
19516,2841,2025-02-16 00:47:33,Completed
19517,1558,2024-10-27 07:15:58,Completed
19518,1301,2026-06-21 09:14:41,Pending
19519,2192,2025-02-02 17:46:35,Completed
19520,4588,2026-07-15 06:04:57,Completed
19521,2159,2025-03-23 17:39:16,Completed
19522,2630,2026-05-20 01:38:08,Completed
19523,1411,2024-12-24 11:13:53,Completed
19524,4741,2025-05-18 00:22:17,Completed
19525,2005,2025-06-05 15:31:30,Completed
19526,2128,2025-08-25 06:58:18,Completed
19527,3027,2024-10-03 09:41:54,Completed
19528,2900,2024-12-26 08:08:15,Completed
19529,983,2026-07-30 20:44:20,Completed
19530,3201,2026-03-11 02:12:57,Completed
19531,4197,2025-01-11 16:34:51,Completed
19532,1730,2024-12-23 07:54:25,Pending
19533,4708,2026-02-11 13:39:11,Completed
19534,470,2026-07-05 23:15:55,Completed
19535,4107,2024-08-14 08:19:12,Completed
19536,3245,2025-12-07 15:21:11,Completed
19537,823,2025-10-29 23:40:51,Completed
19538,2882,2025-05-28 09:12:50,Pending
19539,3159,2024-11-12 09:22:26,Completed
19540,4617,2026-07-26 01:24:53,Completed
19541,1557,2026-05-20 13:51:48,Completed
19542,1067,2024-11-03 22:14:24,Completed
19543,1853,2026-03-12 19:56:42,Pending
19544,1211,2025-09-10 19:26:35,Cancelled
19545,4527,2026-04-25 14:52:24,Cancelled
19546,3159,2026-04-05 04:03:27,Completed
19547,1527,2025-04-12 17:05:13,Completed
19548,1783,2025-01-07 11:24:52,Completed
19549,4658,2025-06-16 21:13:16,Completed
19550,2975,2025-10-03 04:32:29,Completed
19551,2627,2024-10-06 15:48:10,Completed
19552,972,2026-03-08 17:04:56,Completed
19553,110,2025-03-26 20:51:19,Completed
19554,4129,2025-08-09 09:03:59,Completed
19555,2011,2024-08-15 15:22:19,Completed
19556,297,2025-10-18 04:46:30,Completed
19557,3023,2025-05-30 14:54:22,Completed
19558,2288,2025-06-03 15:51:40,Completed
19559,3882,2025-06-05 08:51:00,Completed
19560,2891,2026-07-08 20:13:33,Completed
19561,4178,2025-05-24 03:56:21,Completed
19562,1409,2025-04-24 22:46:37,Pending
19563,3139,2026-04-21 14:07:43,Completed
19564,1607,2026-02-23 01:22:04,Completed
19565,4899,2025-12-29 21:45:57,Completed
19566,1164,2025-11-12 06:54:05,Cancelled
19567,3569,2025-08-12 23:28:51,Completed
19568,1138,2024-09-17 14:04:20,Completed
19569,4415,2024-10-27 04:36:08,Completed
19570,1426,2025-08-10 21:10:02,Completed
19571,1890,2025-08-19 01:47:25,Cancelled
19572,1006,2025-09-19 06:19:49,Completed
19573,4976,2024-11-03 02:54:59,Completed
19574,2822,2026-01-07 18:31:25,Cancelled
19575,3853,2025-12-06 04:22:09,Completed
19576,269,2025-01-09 23:36:21,Completed
19577,1100,2025-08-18 22:47:26,Completed
19578,146,2025-10-05 07:04:57,Pending
19579,3723,2026-02-10 19:39:40,Completed
19580,220,2026-05-09 20:46:24,Completed
19581,4621,2026-04-09 04:42:24,Completed
19582,146,2025-01-01 18:39:42,Completed
19583,3167,2026-03-07 12:01:54,Completed
19584,4681,2025-12-30 14:12:46,Completed
19585,3726,2026-03-18 05:49:40,Completed
19586,2989,2025-02-05 10:22:00,Completed
19587,2274,2024-12-18 11:55:00,Pending
19588,2310,2024-08-14 07:30:02,Completed
19589,600,2025-10-01 16:36:22,Pending
19590,1778,2026-05-08 05:04:57,Completed
19591,1953,2025-04-24 04:03:14,Completed
19592,1014,2026-06-03 04:23:48,Completed
19593,3533,2026-01-06 10:14:53,Completed
19594,3498,2026-01-16 07:23:35,Cancelled
19595,4695,2024-10-18 16:07:22,Completed
19596,3478,2026-06-16 19:05:12,Completed
19597,3985,2025-09-18 06:24:38,Cancelled
19598,2106,2024-08-24 03:21:13,Completed
19599,1113,2025-07-26 12:26:12,Completed
19600,800,2025-10-31 09:27:52,Pending
19601,504,2025-07-12 21:36:38,Completed
19602,4517,2025-11-02 21:22:57,Completed
19603,2051,2024-11-03 03:07:24,Completed
19604,3837,2026-03-27 00:46:37,Completed
19605,1421,2026-03-28 23:59:44,Completed
19606,696,2026-05-28 23:53:18,Completed
19607,3662,2026-02-21 16:31:01,Completed
19608,3897,2025-05-01 20:25:51,Completed
19609,2833,2025-04-17 18:03:49,Completed
19610,1544,2025-06-26 03:21:51,Completed
19611,2315,2025-07-07 15:31:25,Completed
19612,2659,2026-02-19 00:07:33,Completed
19613,1852,2026-07-07 07:58:34,Cancelled
19614,1063,2025-10-08 13:43:23,Completed
19615,1050,2024-09-03 01:17:00,Completed
19616,4035,2024-12-09 18:35:24,Completed
19617,1487,2026-04-17 12:47:58,Completed
19618,2067,2026-04-27 16:00:13,Completed
19619,2778,2026-02-21 02:55:46,Pending
19620,874,2025-11-24 15:33:56,Completed
19621,4270,2025-09-30 20:59:39,Completed
19622,2821,2025-08-24 23:10:56,Completed
19623,818,2025-03-27 00:17:10,Cancelled
19624,2310,2025-01-02 11:32:42,Completed
19625,3539,2024-12-10 12:11:54,Cancelled
19626,1862,2025-01-03 23:56:11,Completed
19627,1554,2024-11-15 00:14:08,Completed
19628,4772,2024-12-08 08:06:29,Completed
19629,4377,2025-07-03 15:45:04,Completed
19630,4142,2025-12-07 00:40:49,Completed
19631,1445,2025-03-11 09:13:59,Completed
19632,130,2026-07-16 01:27:23,Completed
19633,2338,2024-09-07 20:44:13,Completed
19634,4816,2025-08-07 13:13:13,Completed
19635,2021,2025-12-18 06:01:58,Completed
19636,4121,2025-09-03 05:40:56,Completed
19637,2549,2026-06-13 11:22:45,Completed
19638,3890,2024-10-06 20:54:57,Pending
19639,3141,2025-08-20 01:13:48,Completed
19640,2003,2025-10-11 18:11:21,Completed
19641,1456,2026-03-27 23:59:18,Completed
19642,1978,2025-04-29 08:12:02,Completed
19643,448,2025-01-05 11:23:03,Completed
19644,2599,2026-05-06 03:55:16,Completed
19645,666,2026-03-31 12:03:18,Completed
19646,3885,2026-04-01 12:11:02,Completed
19647,2375,2025-07-03 04:19:13,Completed
19648,3647,2026-02-08 12:35:31,Completed
19649,4304,2026-01-14 12:21:23,Completed
19650,560,2025-04-21 19:23:32,Completed
19651,4666,2025-11-22 17:42:35,Completed
19652,3560,2026-04-11 12:15:58,Completed
19653,3394,2025-07-16 14:35:28,Completed
19654,643,2025-07-02 06:25:38,Completed
19655,4704,2025-02-12 13:34:47,Completed
19656,2381,2024-12-25 22:03:41,Completed
19657,2688,2025-12-30 02:24:16,Cancelled
19658,4799,2024-09-16 22:24:15,Completed
19659,530,2024-12-21 09:11:24,Completed
19660,4590,2026-06-15 20:11:04,Completed
19661,3590,2025-11-30 13:52:47,Completed
19662,2722,2025-07-09 23:47:29,Cancelled
19663,424,2024-11-24 01:02:12,Pending
19664,2301,2025-03-01 00:12:21,Completed
19665,4050,2024-11-02 01:32:40,Completed
19666,3462,2026-03-24 02:19:16,Completed
19667,1612,2025-07-02 06:31:59,Completed
19668,4780,2026-01-20 11:01:13,Completed
19669,2893,2025-07-13 04:52:40,Completed
19670,4610,2026-01-24 10:27:24,Cancelled
19671,4043,2025-11-19 06:25:56,Completed
19672,4672,2025-12-10 00:37:37,Pending
19673,3922,2026-03-31 13:40:07,Completed
19674,1260,2024-09-29 23:24:58,Completed
19675,1108,2025-04-30 03:11:05,Pending
19676,4507,2025-10-26 15:16:50,Completed
19677,1011,2025-10-04 23:20:20,Pending
19678,248,2026-04-19 17:44:02,Pending
19679,2094,2024-09-28 07:58:10,Completed
19680,3341,2025-07-27 02:19:42,Completed
19681,4884,2025-06-14 20:24:53,Pending
19682,1493,2026-01-18 01:39:26,Completed
19683,2637,2025-03-12 07:16:43,Completed
19684,4802,2025-07-04 09:35:41,Completed
19685,2076,2026-06-16 06:27:42,Completed
19686,351,2026-08-04 20:23:12,Completed
19687,3257,2025-09-11 15:33:56,Completed
19688,115,2024-09-01 06:18:57,Completed
19689,65,2026-03-25 12:43:50,Pending
19690,2173,2025-05-21 05:31:15,Completed
19691,2893,2024-09-21 18:30:43,Completed
19692,3963,2025-02-22 22:50:12,Cancelled
19693,2236,2024-10-07 02:12:24,Completed
19694,1430,2026-05-02 21:54:01,Completed
19695,2401,2024-11-09 06:59:56,Completed
19696,4827,2025-10-09 18:04:19,Cancelled
19697,3470,2026-02-21 03:11:40,Completed
19698,1053,2025-09-06 14:54:34,Completed
19699,4230,2024-10-17 20:53:48,Completed
19700,368,2025-07-01 19:10:54,Cancelled
19701,2829,2025-01-18 06:04:54,Completed
19702,1019,2026-02-23 09:13:51,Completed
19703,1273,2025-06-24 12:28:23,Completed
19704,524,2025-01-24 16:40:54,Completed
19705,1779,2026-03-16 22:30:19,Completed
19706,2098,2024-11-14 17:09:55,Completed
19707,1926,2025-06-24 04:04:05,Completed
19708,3540,2025-11-18 18:06:33,Completed
19709,3666,2025-02-12 14:24:41,Completed
19710,4078,2024-08-25 15:19:20,Completed
19711,2054,2025-03-19 17:56:17,Cancelled
19712,1066,2025-12-23 13:00:30,Completed
19713,2743,2024-10-20 13:13:06,Completed
19714,3950,2026-07-28 22:17:05,Completed
19715,1695,2025-08-14 16:23:19,Completed
19716,75,2025-08-08 08:15:56,Completed
19717,4836,2025-11-10 15:49:32,Completed
19718,755,2025-08-13 21:14:57,Completed
19719,3853,2026-04-12 02:15:27,Cancelled
19720,615,2026-04-11 05:41:03,Completed
19721,1494,2025-07-29 12:02:44,Completed
19722,245,2026-05-21 05:05:20,Cancelled
19723,3383,2026-04-05 09:05:46,Pending
19724,4723,2024-11-23 19:26:13,Completed
19725,3944,2026-05-17 15:44:58,Completed
19726,3231,2025-01-05 19:20:33,Completed
19727,3378,2026-04-12 17:14:58,Completed
19728,4076,2025-08-11 07:07:04,Completed
19729,2237,2025-03-17 16:37:01,Completed
19730,739,2024-11-30 19:22:29,Completed
19731,1395,2025-10-22 23:09:53,Completed
19732,1887,2024-09-18 18:03:45,Completed
19733,3467,2025-12-13 09:17:10,Completed
19734,2007,2025-06-25 12:35:30,Completed
19735,414,2025-08-04 20:47:11,Completed
19736,2853,2025-03-10 17:46:10,Completed
19737,3170,2025-09-24 02:04:28,Cancelled
19738,4693,2024-12-12 06:43:23,Completed
19739,1183,2026-04-02 23:43:26,Completed
19740,2670,2026-05-04 23:39:18,Completed
19741,3111,2025-07-08 00:34:55,Completed
19742,2623,2025-05-08 18:12:49,Completed
19743,3888,2026-07-24 04:07:24,Cancelled
19744,767,2026-07-23 00:27:03,Completed
19745,4090,2025-12-25 00:01:44,Completed
19746,1835,2025-02-14 01:14:44,Completed
19747,2438,2025-01-06 05:47:22,Completed
19748,3163,2026-04-27 09:31:55,Completed
19749,3402,2025-08-19 19:48:13,Completed
19750,590,2025-12-25 08:28:45,Completed
19751,3104,2026-04-24 12:34:55,Pending
19752,4993,2025-02-07 03:13:31,Completed
19753,4977,2025-03-03 16:02:03,Completed
19754,3317,2024-12-02 23:19:35,Completed
19755,1938,2024-11-18 00:38:51,Completed
19756,4695,2026-03-28 06:08:16,Completed
19757,3616,2026-06-27 18:22:06,Completed
19758,2443,2025-03-23 07:59:27,Completed
19759,4753,2026-04-03 01:33:22,Completed
19760,314,2026-06-08 22:46:17,Completed
19761,522,2026-01-13 21:55:15,Completed
19762,2760,2026-06-28 23:58:51,Completed
19763,3285,2024-08-09 05:06:47,Completed
19764,136,2024-08-09 04:44:42,Pending
19765,3227,2024-10-15 10:30:03,Completed
19766,1189,2025-06-06 21:37:42,Completed
19767,968,2025-05-29 01:18:49,Completed
19768,441,2024-11-10 12:32:17,Completed
19769,633,2024-10-28 08:05:01,Completed
19770,463,2025-04-16 15:00:22,Completed
19771,3788,2025-07-24 08:27:16,Completed
19772,455,2025-06-20 19:54:53,Completed
19773,4108,2025-09-08 05:08:45,Completed
19774,1676,2025-08-31 02:38:13,Completed
19775,2982,2025-02-27 18:17:46,Completed
19776,1601,2026-02-11 03:07:52,Completed
19777,3903,2025-04-29 21:30:12,Completed
19778,2019,2024-11-05 19:58:52,Completed
19779,2990,2026-01-22 15:01:04,Cancelled
19780,3955,2026-07-16 22:15:27,Cancelled
19781,1337,2024-10-24 19:17:15,Completed
19782,4880,2024-09-22 19:37:50,Completed
19783,4458,2024-11-13 20:51:50,Completed
19784,3775,2026-03-22 20:22:09,Completed
19785,502,2025-12-13 12:01:12,Completed
19786,2443,2025-03-12 17:25:27,Completed
19787,4791,2025-12-26 09:34:00,Completed
19788,303,2025-09-15 11:03:01,Completed
19789,1493,2025-10-18 20:13:05,Completed
19790,4958,2025-02-06 00:42:01,Completed
19791,4927,2026-02-12 11:29:14,Cancelled
19792,2668,2025-06-03 07:29:50,Completed
19793,4499,2026-06-23 08:52:50,Completed
19794,3918,2026-05-13 20:52:56,Pending
19795,1043,2024-09-03 10:14:27,Completed
19796,1777,2026-04-03 05:47:34,Completed
19797,860,2026-05-17 06:12:04,Completed
19798,1055,2026-02-23 14:38:14,Completed
19799,4686,2026-02-02 21:43:17,Completed
19800,2145,2025-12-16 17:23:08,Completed
19801,1283,2026-02-12 20:21:34,Pending
19802,3560,2024-09-12 03:09:52,Completed
19803,4389,2026-07-18 21:49:37,Completed
19804,2947,2026-04-18 17:00:50,Completed
19805,685,2026-04-11 04:16:27,Completed
19806,4977,2025-07-30 19:48:57,Cancelled
19807,4312,2024-08-25 18:16:37,Completed
19808,3068,2025-11-23 08:57:40,Pending
19809,4837,2025-04-09 16:26:04,Completed
19810,3389,2024-11-16 11:51:20,Completed
19811,3875,2025-03-18 19:31:09,Completed
19812,2987,2025-02-26 16:49:13,Completed
19813,4916,2026-04-29 23:59:22,Completed
19814,1804,2026-04-03 23:00:55,Completed
19815,2962,2026-02-08 07:00:44,Completed
19816,4480,2025-11-14 06:45:44,Completed
19817,4017,2026-06-29 10:08:36,Completed
19818,3582,2025-03-27 00:09:30,Completed
19819,1240,2025-09-20 13:19:41,Completed
19820,4481,2026-01-22 01:57:58,Completed
19821,1453,2025-11-07 07:32:10,Completed
19822,1826,2025-11-03 03:59:00,Completed
19823,2924,2025-01-27 02:32:57,Cancelled
19824,4450,2024-12-21 03:59:57,Completed
19825,4319,2026-05-31 18:59:27,Completed
19826,851,2026-06-26 22:30:25,Completed
19827,1589,2025-11-18 23:17:20,Completed
19828,4904,2025-06-07 09:03:53,Completed
19829,2461,2026-03-26 09:01:33,Completed
19830,1284,2024-09-17 05:33:42,Completed
19831,2538,2026-04-23 15:53:16,Completed
19832,4087,2025-12-06 13:07:27,Completed
19833,2270,2025-09-10 01:19:08,Completed
19834,2630,2025-03-06 11:36:39,Pending
19835,1237,2026-02-14 15:20:46,Completed
19836,2011,2025-07-31 19:26:11,Completed
19837,81,2025-03-31 05:59:02,Cancelled
19838,1007,2025-12-10 01:51:12,Cancelled
19839,2896,2025-05-24 12:38:42,Completed
19840,404,2025-09-08 09:35:09,Completed
19841,403,2026-07-31 00:36:43,Cancelled
19842,3934,2026-01-09 06:20:03,Completed
19843,2544,2026-07-10 02:31:49,Completed
19844,2873,2024-09-30 04:28:01,Completed
19845,2773,2026-08-02 00:10:28,Completed
19846,99,2026-01-25 04:28:51,Completed
19847,87,2025-06-06 22:20:19,Completed
19848,4605,2026-02-28 09:53:12,Cancelled
19849,4556,2026-03-06 07:35:39,Completed
19850,3445,2025-02-11 15:02:52,Completed
19851,4030,2024-09-15 15:02:09,Completed
19852,2130,2025-04-23 04:50:37,Completed
19853,3566,2024-08-15 10:58:23,Pending
19854,1738,2025-02-15 01:57:21,Completed
19855,4490,2025-12-22 09:38:23,Cancelled
19856,3088,2025-11-10 05:43:45,Completed
19857,3147,2026-06-20 20:55:15,Completed
19858,2423,2025-03-29 01:49:55,Completed
19859,2708,2026-04-06 18:56:48,Completed
19860,1797,2025-07-12 08:25:47,Completed
19861,3639,2024-12-19 14:21:44,Completed
19862,4703,2025-02-06 05:26:05,Completed
19863,1875,2025-04-25 12:15:56,Completed
19864,3929,2025-03-22 17:57:22,Completed
19865,1212,2024-11-15 15:13:09,Completed
19866,3526,2026-02-09 09:26:14,Cancelled
19867,1395,2025-01-21 15:53:16,Completed
19868,609,2026-05-23 06:40:22,Completed
19869,1486,2025-09-12 22:47:19,Completed
19870,2378,2025-06-04 18:47:46,Completed
19871,4086,2024-11-29 14:08:25,Completed
19872,2566,2026-01-23 17:37:13,Pending
19873,1349,2026-05-14 08:32:55,Completed
19874,2374,2024-12-26 01:51:23,Pending
19875,32,2025-01-26 02:31:50,Completed
19876,1070,2026-03-22 10:04:26,Completed
19877,217,2025-01-18 12:09:09,Completed
19878,4618,2025-09-04 10:44:14,Completed
19879,4876,2025-11-05 13:39:18,Pending
19880,2912,2025-02-26 07:58:40,Cancelled
19881,3988,2026-05-06 19:37:03,Completed
19882,3357,2024-09-14 20:00:44,Completed
19883,4687,2024-08-07 11:48:55,Completed
19884,2598,2026-03-27 05:37:58,Completed
19885,4969,2026-08-01 05:03:53,Completed
19886,3597,2024-12-30 15:54:29,Completed
19887,3971,2025-03-13 16:36:13,Cancelled
19888,1900,2024-08-14 06:40:21,Completed
19889,2989,2024-12-21 13:47:49,Completed
19890,3615,2026-03-08 00:26:24,Completed
19891,4319,2025-10-20 07:13:36,Completed
19892,3690,2026-07-28 00:48:42,Completed
19893,4145,2025-06-16 20:24:51,Completed
19894,2838,2024-09-20 19:45:01,Cancelled
19895,2968,2024-12-23 16:18:08,Completed
19896,2005,2025-04-02 09:09:07,Completed
19897,4385,2025-10-06 01:53:00,Completed
19898,2150,2026-04-23 12:59:35,Completed
19899,4923,2025-08-07 00:16:56,Cancelled
19900,529,2024-08-10 22:16:42,Cancelled
19901,1992,2026-08-01 23:13:07,Completed
19902,2623,2025-04-18 06:43:29,Completed
19903,3924,2025-05-05 06:03:55,Completed
19904,3906,2025-12-01 18:25:24,Completed
19905,1942,2025-11-18 17:08:22,Completed
19906,1293,2026-02-27 19:46:07,Pending
19907,1821,2026-02-13 08:19:09,Completed
19908,4221,2025-05-11 05:35:07,Completed
19909,3025,2025-04-04 10:47:36,Completed
19910,596,2024-11-19 06:48:49,Completed
19911,667,2025-11-26 23:37:17,Cancelled
19912,4611,2025-03-07 04:54:52,Completed
19913,3843,2025-12-29 05:07:45,Completed
19914,4037,2024-10-11 03:17:47,Completed
19915,4407,2025-11-22 04:18:48,Completed
19916,1810,2026-06-12 14:09:40,Completed
19917,1536,2025-11-21 13:05:07,Completed
19918,332,2026-07-20 19:02:27,Completed
19919,234,2026-05-22 23:44:16,Cancelled
19920,2652,2026-04-02 13:06:26,Completed
19921,2619,2026-01-26 00:03:43,Completed
19922,929,2026-01-08 03:28:33,Completed
19923,3112,2025-02-22 09:46:14,Completed
19924,2985,2026-07-24 20:30:17,Completed
19925,2643,2026-01-12 15:25:32,Completed
19926,551,2025-02-28 09:35:37,Completed
19927,2272,2024-08-16 04:50:59,Completed
19928,1515,2025-08-25 09:43:38,Completed
19929,1030,2025-11-02 19:57:00,Completed
19930,3845,2024-10-21 21:24:57,Completed
19931,1104,2025-01-23 08:09:22,Completed
19932,1920,2024-12-30 03:23:11,Completed
19933,454,2025-07-26 10:22:04,Completed
19934,3330,2025-08-20 23:29:23,Completed
19935,1657,2025-10-27 09:11:14,Completed
19936,1596,2025-01-22 00:04:25,Completed
19937,3019,2025-12-17 13:17:42,Completed
19938,3870,2026-01-04 06:25:12,Completed
19939,4795,2026-05-30 08:28:13,Completed
19940,165,2024-11-17 04:51:49,Completed
19941,1282,2025-06-12 20:59:07,Completed
19942,984,2026-04-14 02:08:20,Completed
19943,1,2025-11-04 22:04:52,Completed
19944,4589,2026-08-01 10:01:15,Completed
19945,2665,2024-12-04 01:26:20,Completed
19946,4131,2026-03-05 12:20:54,Completed
19947,4523,2025-08-04 05:20:23,Completed
19948,3901,2024-08-13 22:29:29,Cancelled
19949,3810,2026-03-15 13:37:06,Completed
19950,3481,2025-10-16 07:49:42,Completed
19951,4817,2026-01-03 20:55:56,Cancelled
19952,3733,2025-11-12 22:07:39,Completed
19953,4223,2026-01-13 02:05:47,Completed
19954,3583,2026-04-22 15:57:09,Completed
19955,3375,2025-02-06 02:11:58,Pending
19956,4093,2024-12-19 16:05:06,Completed
19957,4085,2026-03-18 00:35:27,Completed
19958,2670,2024-12-10 22:08:40,Cancelled
19959,92,2025-04-05 21:04:17,Completed
19960,453,2024-09-15 22:22:32,Completed
19961,2395,2026-02-07 05:47:39,Completed
19962,2981,2025-01-09 15:03:13,Completed
19963,3635,2025-09-17 13:15:38,Completed
19964,4921,2025-11-14 19:41:00,Completed
19965,4996,2026-03-05 17:08:20,Completed
19966,223,2026-05-22 21:52:23,Completed
19967,142,2025-01-25 08:14:49,Cancelled
19968,1895,2024-08-18 00:49:10,Completed
19969,1209,2025-05-14 06:38:24,Completed
19970,1211,2024-11-19 01:02:35,Completed
19971,1298,2024-10-11 10:11:24,Completed
19972,3161,2025-02-02 13:30:03,Completed
19973,2725,2025-05-09 14:20:05,Completed
19974,643,2024-10-08 14:06:21,Completed
19975,3485,2025-01-05 00:59:04,Completed
19976,555,2025-01-15 17:15:08,Completed
19977,2618,2025-06-03 18:27:43,Completed
19978,4515,2025-01-15 07:29:03,Completed
19979,3624,2025-08-21 13:51:38,Completed
19980,2587,2026-03-12 08:53:14,Completed
19981,4836,2025-08-13 16:29:32,Completed
19982,4531,2025-03-11 18:53:36,Completed
19983,281,2025-06-30 11:01:45,Cancelled
19984,4103,2026-02-14 16:59:57,Completed
19985,4054,2026-01-01 01:10:06,Completed
19986,2584,2026-06-05 12:38:11,Completed
19987,4511,2026-06-12 15:53:16,Completed
19988,2987,2024-11-16 15:27:13,Completed
19989,3211,2025-09-15 10:21:30,Completed
19990,3910,2025-08-31 20:47:56,Completed
19991,4273,2024-09-04 07:29:40,Completed
19992,3039,2025-01-19 01:08:16,Pending
19993,3715,2025-03-05 22:27:04,Completed
19994,197,2025-02-11 19:26:59,Completed
19995,1556,2025-11-01 13:41:50,Completed
19996,3349,2025-05-28 18:12:10,Completed
19997,3674,2025-06-28 01:03:58,Completed
19998,1053,2025-05-06 08:56:49,Completed
19999,2602,2025-12-26 22:06:05,Completed
20000,1986,2025-05-11 17:46:55,Completed
