payment_id,order_id,payment_method,payment_date,amount
1,1,PayPal,2025-07-25 19:59:02,1725.48
2,2,Bank Transfer,2024-12-21 19:00:13,2961.73
3,3,Cash,2026-02-26 02:13:51,620.0
4,4,Credit Card,2025-02-24 14:42:32,246.86
5,5,Bank Transfer,2025-11-06 18:02:23,3827.46
6,6,Cash,2025-08-12 03:39:47,3309.93
7,7,Credit Card,2025-04-11 02:48:34,2794.33
8,8,Bank Transfer,2024-08-26 12:49:43,3458.7
9,9,Cash,2024-10-05 17:51:12,288.65
10,10,Credit Card,2026-03-08 22:11:17,445.12
11,11,PayPal,2026-05-01 19:47:14,3401.94
12,12,Credit Card,2025-01-20 13:33:42,2906.28
13,13,PayPal,2025-06-25 11:05:01,3281.93
14,14,Bank Transfer,2025-04-03 05:59:07,1836.6
15,15,PayPal,2025-05-30 19:25:20,325.53
16,16,Bank Transfer,2025-05-11 02:48:57,3464.51
17,17,PayPal,2024-11-20 12:00:51,807.1
18,18,Credit Card,2026-04-20 12:49:35,1227.63
19,19,Cash,2025-01-30 12:15:46,2203.79
20,20,Cash,2025-12-30 22:33:07,1996.82
21,21,PayPal,2025-07-15 08:40:22,980.78
22,22,Credit Card,2025-12-05 22:41:38,3537.57
23,23,Cash,2025-03-27 06:50:28,2652.84
24,24,Credit Card,2024-11-22 18:33:55,803.69
25,25,Cash,2026-01-26 02:39:06,892.3
26,26,Cash,2025-03-13 19:01:20,3555.4
27,27,Credit Card,2025-09-29 06:08:01,602.6
28,28,Credit Card,2026-01-18 08:14:21,629.57
29,29,PayPal,2025-08-04 22:56:47,616.36
30,30,Bank Transfer,2025-01-12 18:54:38,664.03
31,31,Bank Transfer,2025-03-25 07:32:54,1014.09
32,32,Credit Card,2025-11-05 11:41:12,1570.24
33,33,PayPal,2026-01-15 21:04:35,717.08
34,34,Credit Card,2024-12-09 00:17:09,3278.1
35,35,Bank Transfer,2025-11-25 07:47:33,2336.7
36,36,Cash,2025-03-03 18:35:42,3732.39
37,37,PayPal,2026-03-15 20:50:54,1074.24
38,38,Credit Card,2025-06-07 10:13:40,389.95
39,39,PayPal,2024-10-31 18:45:49,3318.75
40,40,Bank Transfer,2025-01-19 04:31:01,1361.67
41,41,PayPal,2024-11-12 06:15:19,1359.42
42,42,Credit Card,2026-06-05 09:15:47,447.36
43,43,Credit Card,2026-03-17 17:51:43,3246.81
44,44,Credit Card,2025-01-20 20:52:48,168.74
45,45,Bank Transfer,2024-08-27 00:16:31,316.74
46,46,Cash,2024-08-20 03:37:56,1571.47
47,47,Cash,2025-12-13 21:53:01,1485.58
48,48,PayPal,2025-04-13 12:21:49,980.46
49,49,Bank Transfer,2025-10-23 11:00:25,1636.84
50,50,PayPal,2025-05-10 08:14:59,1173.26
51,51,Bank Transfer,2026-07-24 15:03:05,1508.04
52,52,PayPal,2026-01-07 20:37:13,1077.23
53,53,Credit Card,2025-04-21 18:23:51,1125.99
54,54,Bank Transfer,2024-08-23 00:11:44,641.55
55,55,Cash,2026-05-23 00:27:31,2311.52
56,56,Credit Card,2025-03-07 19:04:33,1779.63
57,57,Bank Transfer,2026-07-25 10:23:15,547.18
58,58,PayPal,2026-05-25 10:47:09,2355.17
59,59,Bank Transfer,2024-10-11 20:39:16,2997.23
60,60,PayPal,2024-12-12 02:35:52,827.96
61,61,Cash,2025-03-29 03:14:26,3118.76
62,62,Bank Transfer,2025-09-29 05:47:58,4435.99
63,63,Credit Card,2025-10-04 23:15:57,1946.07
64,64,Credit Card,2025-08-14 05:08:39,3279.18
65,65,Credit Card,2025-03-21 03:41:07,1142.39
66,66,Cash,2025-09-09 11:18:34,820.08
67,67,Bank Transfer,2025-03-02 17:45:40,1334.91
68,68,Cash,2025-06-15 18:19:57,930.58
69,69,PayPal,2024-10-02 01:40:19,3194.1
70,70,Bank Transfer,2025-02-27 05:49:15,1411.79
71,71,Bank Transfer,2026-06-06 23:53:13,2670.52
72,72,Credit Card,2026-04-01 06:29:42,1334.44
73,73,Bank Transfer,2025-02-10 08:40:28,1560.04
74,74,PayPal,2026-04-16 06:54:03,2150.58
75,75,Bank Transfer,2025-05-04 08:52:46,1392.25
76,76,Cash,2025-06-21 05:31:44,1709.91
77,77,Bank Transfer,2024-11-19 21:47:28,1524.08
78,78,Credit Card,2025-10-31 13:32:38,4264.1
79,79,Cash,2025-07-13 15:53:37,907.4
80,80,Cash,2025-01-22 09:28:07,694.42
81,81,Credit Card,2025-08-01 15:55:16,619.76
82,82,Bank Transfer,2025-01-23 23:51:43,2359.32
83,83,Credit Card,2026-07-26 09:32:02,1693.16
84,84,Bank Transfer,2025-09-25 09:44:07,375.52
85,85,PayPal,2025-12-19 20:13:35,2020.31
86,86,PayPal,2024-09-11 23:54:50,237.8
87,87,Credit Card,2026-04-10 03:04:37,816.25
88,88,Credit Card,2024-11-10 17:49:17,1175.58
89,89,Credit Card,2026-02-10 12:02:09,2506.06
90,90,PayPal,2026-02-22 22:04:41,1608.18
91,91,PayPal,2025-12-26 05:21:56,1987.49
92,92,Credit Card,2026-04-08 01:28:17,1917.2
93,93,Credit Card,2025-10-07 05:51:58,2298.24
94,94,PayPal,2024-10-06 10:09:19,2695.36
95,95,Bank Transfer,2025-01-07 02:07:21,1425.3
96,96,Cash,2026-04-18 09:51:17,3876.57
97,97,Cash,2026-05-12 18:35:56,1644.08
98,98,Cash,2025-05-21 23:51:12,2191.61
99,99,Cash,2025-07-25 02:06:55,3315.97
100,100,Bank Transfer,2026-01-29 12:53:28,4180.81
101,101,Bank Transfer,2026-06-24 12:25:30,2052.94
102,102,Cash,2024-10-31 07:56:03,3004.58
103,103,Bank Transfer,2026-06-09 19:45:16,3885.12
104,104,Cash,2025-03-18 00:36:17,1306.61
105,105,Bank Transfer,2025-07-29 14:42:36,2106.69
106,106,Cash,2025-08-17 15:20:12,1589.83
107,107,Cash,2025-05-14 15:10:32,2867.42
108,108,Credit Card,2025-10-27 11:48:00,1092.03
109,109,Cash,2025-01-11 00:39:04,1506.92
110,110,Credit Card,2024-10-07 05:33:30,1209.42
111,111,Bank Transfer,2026-03-04 03:13:03,865.68
112,112,Credit Card,2025-05-20 06:46:35,2781.42
113,113,Bank Transfer,2025-10-19 03:06:05,1446.15
114,114,Credit Card,2026-06-18 05:29:30,1177.42
115,115,Bank Transfer,2025-01-18 20:40:34,2074.91
116,116,PayPal,2026-04-21 18:23:02,1702.64
117,117,PayPal,2025-12-01 09:01:30,608.78
118,118,Cash,2026-03-16 08:57:30,2577.57
119,119,Bank Transfer,2025-07-01 00:37:32,1946.45
120,120,Credit Card,2024-12-02 05:20:07,168.74
121,121,Cash,2025-04-11 19:10:31,2652.53
122,122,Cash,2024-08-23 12:44:31,185.67
123,123,Credit Card,2024-08-20 19:01:01,1116.46
124,124,PayPal,2025-07-07 09:05:18,722.48
125,125,PayPal,2025-01-20 09:14:50,2763.7
126,126,Credit Card,2024-09-19 09:24:11,2449.51
127,127,Bank Transfer,2025-11-19 07:28:28,118.38
128,128,Bank Transfer,2026-04-16 23:20:11,965.08
129,129,Cash,2026-04-16 20:22:38,2164.68
130,130,Bank Transfer,2026-02-09 09:17:58,803.3
131,131,Bank Transfer,2025-04-24 09:03:28,2708.16
132,132,PayPal,2025-03-01 15:02:04,1239.63
133,133,Cash,2025-02-08 10:42:39,1337.91
134,134,Credit Card,2025-06-14 20:35:18,1299.35
135,135,PayPal,2024-10-14 13:57:30,3193.22
136,136,Credit Card,2025-12-08 05:40:10,1548.6
137,137,PayPal,2024-09-24 05:38:35,3192.9
138,138,Cash,2025-07-08 10:09:43,1705.64
139,139,Credit Card,2026-08-01 08:15:44,854.37
140,140,Bank Transfer,2025-11-23 21:47:58,611.22
141,141,Bank Transfer,2024-10-22 12:04:11,2686.95
142,142,Credit Card,2025-05-06 06:26:58,1368.38
143,143,Credit Card,2026-01-10 18:56:28,1794.69
144,144,Credit Card,2025-07-02 18:46:20,1886.0
145,145,Cash,2025-06-19 04:38:55,3318.15
146,146,Credit Card,2025-10-16 21:42:31,3776.03
147,147,Credit Card,2025-03-27 00:00:41,2767.13
148,148,PayPal,2025-03-11 05:46:58,2468.38
149,149,PayPal,2026-04-22 16:32:40,3853.03
150,150,Credit Card,2026-05-14 06:45:56,441.06
151,151,Cash,2024-09-28 03:40:50,1480.92
152,152,Cash,2024-09-19 17:56:13,1538.93
153,153,Credit Card,2026-03-10 00:16:33,1815.43
154,154,Cash,2024-10-28 13:40:44,944.62
155,155,Cash,2025-06-12 06:09:23,1234.46
156,156,Credit Card,2025-12-08 18:15:37,1376.44
157,157,Cash,2026-02-21 17:56:01,1395.32
158,158,PayPal,2026-06-16 19:42:56,1466.4
159,159,Credit Card,2025-11-05 10:15:08,929.77
160,160,PayPal,2026-02-07 18:19:43,1403.86
161,161,Credit Card,2024-12-31 19:54:31,2540.94
162,162,Bank Transfer,2024-10-07 17:02:55,1811.66
163,163,Bank Transfer,2025-12-10 08:27:40,211.71
164,164,Cash,2025-04-22 23:45:36,229.59
165,165,Credit Card,2026-06-04 05:51:45,253.66
166,166,PayPal,2025-12-22 00:19:53,2648.9
167,167,PayPal,2025-11-24 23:10:10,2805.74
168,168,Bank Transfer,2025-08-06 20:53:53,831.45
169,169,Bank Transfer,2025-03-12 13:09:00,3246.69
170,170,Credit Card,2024-11-24 19:05:09,3059.75
171,171,Credit Card,2025-05-17 22:54:06,399.13
172,172,Credit Card,2026-06-08 01:21:10,4103.77
173,173,Bank Transfer,2024-09-22 13:24:44,1764.38
174,174,Cash,2025-05-22 20:40:04,1047.07
175,175,Credit Card,2026-02-10 02:26:22,1031.88
176,176,Cash,2025-01-31 08:07:56,910.58
177,177,Credit Card,2024-10-21 08:38:51,980.07
178,178,Cash,2024-08-23 08:05:23,1412.65
179,179,PayPal,2026-01-22 20:02:55,738.98
180,180,PayPal,2025-07-24 00:46:53,3120.17
181,181,Bank Transfer,2025-02-09 09:25:09,2138.16
182,182,Cash,2025-10-01 00:53:55,2292.16
183,183,Cash,2026-01-26 16:54:02,1352.12
184,184,Bank Transfer,2026-07-27 23:10:49,621.63
185,185,Cash,2025-08-21 12:22:17,2613.46
186,186,Bank Transfer,2025-11-23 04:19:40,1016.1
187,187,Credit Card,2026-06-26 03:22:02,1598.8
188,188,Cash,2025-08-20 22:00:27,154.56
189,189,Credit Card,2025-10-08 11:33:09,1806.09
190,190,Credit Card,2026-02-05 05:37:12,2451.93
191,191,PayPal,2025-02-04 04:54:38,1209.99
192,192,Credit Card,2025-10-15 15:29:21,3691.75
193,193,Credit Card,2025-10-25 16:34:14,3670.05
194,194,PayPal,2026-05-17 06:58:16,1347.84
195,195,Bank Transfer,2026-04-08 20:03:25,2958.76
196,196,Credit Card,2025-06-05 13:27:51,2838.66
197,197,Bank Transfer,2026-07-15 04:12:06,1887.79
198,198,Bank Transfer,2026-07-24 10:51:56,671.04
199,199,Credit Card,2025-03-10 03:07:20,1704.51
200,200,Credit Card,2026-04-24 03:09:17,1479.26
201,201,Credit Card,2026-02-08 04:57:20,432.71
202,202,Credit Card,2026-07-06 17:15:01,2475.01
203,203,Cash,2025-09-21 03:41:42,1055.27
204,204,Cash,2025-05-09 01:59:26,108.71
205,205,Cash,2024-10-11 08:25:27,81.5
206,206,Credit Card,2024-08-16 08:36:50,1751.92
207,207,Cash,2025-01-25 02:11:03,1878.82
208,208,Bank Transfer,2026-06-26 23:11:04,3328.18
209,209,Cash,2026-02-22 10:31:30,435.48
210,210,Credit Card,2025-12-09 15:11:44,2176.28
211,211,Bank Transfer,2025-11-29 13:48:52,498.58
212,212,PayPal,2025-11-11 10:17:42,834.03
213,213,Credit Card,2025-06-08 08:26:53,382.5
214,214,Bank Transfer,2025-06-18 17:49:26,1011.26
215,215,Bank Transfer,2025-09-19 00:38:15,1981.01
216,216,PayPal,2024-09-21 08:19:38,1973.73
217,217,Bank Transfer,2024-11-04 00:52:41,1974.45
218,218,PayPal,2025-07-09 10:03:07,1327.93
219,219,Bank Transfer,2025-02-13 12:43:43,1809.55
220,220,Cash,2026-04-24 15:26:46,95.8
221,221,PayPal,2026-06-18 21:49:42,703.61
222,222,Cash,2024-11-12 11:23:44,3039.02
223,223,Bank Transfer,2024-11-27 18:27:55,1102.52
224,224,PayPal,2024-12-01 06:52:25,2160.21
225,225,Bank Transfer,2025-03-15 12:19:39,4665.86
226,226,PayPal,2026-07-18 19:28:54,629.06
227,227,Cash,2026-07-17 20:26:56,2014.26
228,228,Credit Card,2026-05-18 05:19:15,841.46
229,229,Bank Transfer,2026-05-06 07:05:07,2994.72
230,230,PayPal,2025-01-11 09:36:43,3572.67
231,231,Cash,2025-09-13 19:05:46,611.24
232,232,PayPal,2026-01-10 01:36:35,1926.49
233,233,Bank Transfer,2024-10-05 22:59:37,2729.83
234,234,Bank Transfer,2025-01-10 08:15:07,4120.93
235,235,Bank Transfer,2026-05-07 02:19:24,2184.88
236,236,PayPal,2025-07-09 08:27:42,3217.8
237,237,Credit Card,2025-03-20 02:54:18,2888.92
238,238,PayPal,2025-08-02 04:10:46,1246.35
239,239,Credit Card,2026-01-04 13:58:39,451.95
240,240,PayPal,2025-08-03 17:00:05,954.04
241,241,PayPal,2024-08-17 17:42:02,3244.34
242,242,Cash,2025-02-05 23:25:40,30.06
243,243,PayPal,2025-12-07 14:37:37,840.56
244,244,Bank Transfer,2025-11-04 13:09:20,2421.78
245,245,PayPal,2025-02-16 15:30:51,2485.74
246,246,Bank Transfer,2025-12-15 09:18:32,1623.79
247,247,Bank Transfer,2025-07-18 08:55:46,688.84
248,248,Cash,2025-12-15 02:28:31,2719.21
249,249,Credit Card,2025-07-11 21:42:01,2407.97
250,250,Credit Card,2025-02-06 05:21:29,1389.18
251,251,PayPal,2026-02-07 07:26:04,1341.3
252,252,Credit Card,2025-10-02 05:10:16,828.48
253,253,PayPal,2024-12-12 23:04:13,383.34
254,254,PayPal,2024-11-25 17:02:44,132.88
255,255,Credit Card,2025-02-06 11:17:43,153.69
256,256,Cash,2026-06-19 20:24:13,1247.02
257,257,Cash,2024-10-05 16:25:34,3698.46
258,258,Bank Transfer,2025-04-28 21:41:26,756.02
259,259,Cash,2026-01-12 09:56:15,2410.71
260,260,Bank Transfer,2025-07-19 15:52:10,962.34
261,261,Cash,2025-04-07 13:16:14,2348.38
262,262,PayPal,2026-06-11 12:54:36,1024.25
263,263,Credit Card,2026-04-25 07:35:26,571.52
264,264,Cash,2025-10-05 19:38:42,4104.64
265,265,Credit Card,2025-10-24 05:56:44,877.17
266,266,Cash,2025-11-09 12:50:24,1117.02
267,267,PayPal,2025-08-03 00:38:08,1629.84
268,268,PayPal,2025-07-22 14:01:04,2489.01
269,269,Bank Transfer,2025-06-27 09:26:47,3013.35
270,270,Cash,2025-08-25 03:34:06,1966.78
271,271,Credit Card,2025-07-09 19:53:56,1217.25
272,272,Cash,2026-03-01 21:36:12,1927.59
273,273,Cash,2025-12-22 03:03:11,4157.61
274,274,Bank Transfer,2025-07-27 07:43:48,2435.59
275,275,PayPal,2024-12-09 09:08:13,741.22
276,276,PayPal,2026-03-07 01:57:06,1965.8
277,277,Bank Transfer,2025-02-28 10:37:15,4209.4
278,278,PayPal,2026-01-08 22:02:25,260.1
279,279,Credit Card,2026-06-23 05:39:18,3849.16
280,280,Cash,2026-07-09 03:58:24,29.34
281,281,Cash,2025-08-10 21:38:56,1751.15
282,282,PayPal,2024-12-28 16:28:28,2404.59
283,283,Cash,2024-11-13 15:45:01,3010.19
284,284,Credit Card,2025-11-02 07:32:47,161.16
285,285,PayPal,2026-06-24 15:57:28,773.4
286,286,Credit Card,2025-03-26 06:45:14,538.71
287,287,PayPal,2025-03-03 22:28:28,2766.99
288,288,Bank Transfer,2026-04-27 18:25:10,4652.65
289,289,Bank Transfer,2024-09-04 19:32:00,2374.5
290,290,Credit Card,2024-12-23 17:04:45,2425.17
291,291,Credit Card,2024-10-29 12:42:26,2339.16
292,292,Cash,2024-08-20 10:23:28,2283.25
293,293,Bank Transfer,2025-03-27 17:21:08,15.84
294,294,Bank Transfer,2025-05-01 17:07:05,2438.86
295,295,Credit Card,2025-09-24 04:46:19,1832.38
296,296,Cash,2026-05-07 13:58:28,2217.54
297,297,Credit Card,2025-03-18 07:41:18,2976.92
298,298,Credit Card,2025-07-19 01:19:41,642.08
299,299,Cash,2025-04-18 09:17:26,1619.09
300,300,Credit Card,2025-01-28 15:01:05,2206.08
301,301,Cash,2024-10-19 17:42:26,1748.0
302,302,Credit Card,2026-07-28 07:21:07,2237.85
303,303,Credit Card,2024-09-11 04:45:57,341.18
304,304,Credit Card,2025-10-02 21:13:12,1558.24
305,305,Credit Card,2025-10-16 07:52:30,2468.96
306,306,PayPal,2026-01-13 21:03:39,2353.8
307,307,Bank Transfer,2025-08-16 00:43:27,1053.23
308,308,Cash,2026-04-01 19:24:22,856.66
309,309,Cash,2026-07-29 15:47:01,1060.94
310,310,Bank Transfer,2025-09-06 07:16:22,3393.88
311,311,Cash,2025-09-13 20:17:25,212.93
312,312,Bank Transfer,2025-12-29 12:32:56,1318.35
313,313,PayPal,2025-10-24 14:51:46,983.2
314,314,Cash,2025-08-03 05:31:24,1447.21
315,315,Bank Transfer,2025-02-25 09:42:29,696.92
316,316,Credit Card,2026-05-01 22:55:33,469.9
317,317,Credit Card,2026-01-05 15:27:30,753.46
318,318,Bank Transfer,2025-07-16 18:58:13,1872.77
319,319,Credit Card,2025-01-27 05:27:48,3716.54
320,320,Credit Card,2024-11-03 19:25:54,2536.64
321,321,Bank Transfer,2025-07-28 01:36:27,2740.74
322,322,Cash,2025-05-22 03:57:50,237.82
323,323,Cash,2025-08-13 20:43:37,1600.6
324,324,PayPal,2025-05-28 06:20:26,1094.36
325,325,PayPal,2025-09-11 18:59:52,1242.64
326,326,Cash,2025-01-21 19:38:16,630.44
327,327,Cash,2026-05-31 14:57:52,2389.03
328,328,Credit Card,2025-06-12 03:49:28,1108.65
329,329,Credit Card,2025-01-05 07:19:18,3917.94
330,330,PayPal,2025-01-20 18:43:09,2379.43
331,331,Credit Card,2026-01-11 02:37:36,1098.18
332,332,Cash,2026-02-14 04:33:48,3694.03
333,333,Bank Transfer,2025-12-05 14:56:19,1502.33
334,334,PayPal,2025-06-06 04:06:10,1007.25
335,335,PayPal,2026-04-25 22:21:52,1836.15
336,336,PayPal,2026-07-19 18:34:46,2736.86
337,337,PayPal,2026-05-01 21:43:24,29.34
338,338,Credit Card,2026-04-01 14:23:33,712.72
339,339,Credit Card,2025-08-26 14:10:57,3989.59
340,340,Bank Transfer,2024-12-25 06:10:57,2216.71
341,341,Bank Transfer,2025-04-01 01:25:58,1562.38
342,342,Cash,2025-06-01 00:26:13,1020.95
343,343,Credit Card,2026-03-28 08:58:57,2412.04
344,344,PayPal,2024-09-02 22:55:01,816.24
345,345,Bank Transfer,2025-02-17 23:38:46,3052.76
346,346,Cash,2026-03-27 18:50:05,3237.17
347,347,Cash,2026-07-11 22:50:46,2640.99
348,348,Cash,2026-07-23 05:00:46,1191.6
349,349,Cash,2024-10-06 02:04:42,2608.2
350,350,PayPal,2025-12-26 07:09:26,3528.39
351,351,PayPal,2026-01-17 16:27:04,3714.35
352,352,Credit Card,2025-03-12 00:41:38,2999.8
353,353,Credit Card,2025-12-06 19:19:05,573.18
354,354,PayPal,2026-02-13 00:30:03,750.68
355,355,PayPal,2025-08-01 07:06:45,517.05
356,356,Bank Transfer,2025-10-14 08:24:10,674.24
357,357,Credit Card,2026-04-07 05:39:52,304.39
358,358,Bank Transfer,2026-02-15 16:30:16,860.0
359,359,Credit Card,2026-08-06 16:58:38,3927.26
360,360,Cash,2026-06-05 09:16:21,975.22
361,361,Credit Card,2025-08-13 00:17:41,2457.29
362,362,Cash,2025-02-26 17:57:47,2685.59
363,363,Bank Transfer,2024-10-31 20:49:13,994.27
364,364,Bank Transfer,2026-04-15 16:35:44,4122.54
365,365,PayPal,2025-09-13 03:22:25,3550.81
366,366,Credit Card,2025-02-26 05:38:07,843.35
367,367,Cash,2026-04-02 17:04:14,1220.5
368,368,Credit Card,2025-04-17 12:55:46,2285.11
369,369,Bank Transfer,2024-11-06 05:48:34,1420.62
370,370,Bank Transfer,2026-07-15 04:41:38,2546.18
371,371,Credit Card,2025-04-09 23:18:45,650.96
372,372,Cash,2025-05-24 18:42:07,2971.63
373,373,Bank Transfer,2025-12-04 00:38:19,4372.38
374,374,Bank Transfer,2026-01-28 10:40:27,322.92
375,375,Cash,2025-09-17 22:55:51,2809.93
376,376,Bank Transfer,2025-06-13 12:18:20,5959.62
377,377,Credit Card,2024-09-29 10:04:38,1339.07
378,378,Credit Card,2025-06-30 10:33:55,2495.28
379,379,Credit Card,2025-03-23 00:02:39,1727.94
380,380,Credit Card,2025-01-21 15:49:21,838.83
381,381,Bank Transfer,2025-11-12 16:51:32,2302.72
382,382,Bank Transfer,2025-05-15 01:07:48,2508.98
383,383,Bank Transfer,2025-07-11 17:36:25,1847.91
384,384,Cash,2025-07-08 19:39:41,1637.53
385,385,Credit Card,2025-02-02 06:08:43,4693.46
386,386,Bank Transfer,2024-09-27 13:43:31,977.22
387,387,Credit Card,2026-01-21 06:48:22,1345.44
388,388,Credit Card,2024-08-14 03:39:53,3498.7
389,389,PayPal,2025-02-01 03:29:05,2341.9
390,390,PayPal,2024-08-17 21:19:08,1139.08
391,391,Cash,2025-03-30 21:05:04,1972.71
392,392,PayPal,2026-03-21 13:39:49,2498.17
393,393,Cash,2025-04-19 00:12:47,3191.07
394,394,PayPal,2025-12-28 02:51:05,2459.35
395,395,Cash,2026-01-17 08:33:39,1356.01
396,396,Credit Card,2025-07-04 11:39:37,3054.81
397,397,Bank Transfer,2024-11-16 18:24:44,2095.66
398,398,Credit Card,2026-07-04 13:21:00,2388.27
399,399,Credit Card,2026-04-25 21:46:17,2041.98
400,400,Cash,2025-08-31 03:34:27,1363.66
401,401,Bank Transfer,2026-02-01 01:39:38,2754.05
402,402,PayPal,2025-12-30 12:01:00,3889.81
403,403,Bank Transfer,2026-05-02 07:26:09,1512.96
404,404,PayPal,2024-10-21 00:59:45,3491.53
405,405,PayPal,2025-04-02 23:38:36,105.78
406,406,Bank Transfer,2025-07-25 21:35:12,1004.7
407,407,PayPal,2025-02-06 13:30:37,173.28
408,408,Cash,2025-10-20 15:48:00,1872.56
409,409,Cash,2025-01-21 02:10:41,2532.62
410,410,Credit Card,2026-05-14 06:31:44,4151.59
411,411,PayPal,2025-09-30 03:47:49,1959.92
412,412,PayPal,2026-06-12 18:20:53,917.7
413,413,Credit Card,2024-12-08 00:31:18,2587.09
414,414,Cash,2025-03-31 00:48:11,1118.86
415,415,Credit Card,2026-07-05 16:38:20,2714.08
416,416,Cash,2025-07-01 02:53:20,3712.04
417,417,PayPal,2025-10-21 10:12:46,2947.85
418,418,Bank Transfer,2026-07-27 13:44:41,1408.92
419,419,Credit Card,2026-04-28 18:12:17,284.37
420,420,PayPal,2026-03-23 06:45:18,4107.27
421,421,Cash,2025-09-27 00:01:04,2643.83
422,422,Cash,2026-04-07 06:25:10,1725.48
423,423,Cash,2025-03-24 10:49:34,1833.01
424,424,PayPal,2026-07-22 02:13:56,2617.66
425,425,Bank Transfer,2026-08-03 06:06:47,223.68
426,426,Credit Card,2025-07-06 09:12:30,3730.72
427,427,Cash,2025-01-23 03:13:47,2531.86
428,428,PayPal,2025-04-02 16:05:48,777.49
429,429,Bank Transfer,2024-09-21 11:22:56,985.55
430,430,Cash,2025-07-12 23:51:49,2330.47
431,431,Credit Card,2025-12-27 18:27:54,3072.26
432,432,Cash,2025-10-28 22:19:39,2191.23
433,433,Cash,2024-12-27 15:05:17,1486.56
434,434,Bank Transfer,2026-06-27 22:33:40,1125.99
435,435,Credit Card,2026-02-11 20:32:32,1874.48
436,436,Bank Transfer,2025-09-14 23:28:02,2669.62
437,437,PayPal,2024-08-29 06:38:17,965.08
438,438,PayPal,2026-04-13 12:33:39,2103.73
439,439,Bank Transfer,2024-11-27 00:02:07,2850.24
440,440,Credit Card,2024-08-31 04:00:42,1218.12
441,441,Cash,2026-03-15 20:23:11,318.28
442,442,Bank Transfer,2025-06-26 17:41:35,1643.82
443,443,Credit Card,2025-08-01 09:43:14,1124.31
444,444,Bank Transfer,2025-01-15 15:58:32,1679.0
445,445,Bank Transfer,2026-04-22 00:36:21,879.32
446,446,Bank Transfer,2025-08-14 00:14:12,5629.61
447,447,Bank Transfer,2025-06-24 23:46:03,3617.56
448,448,Credit Card,2024-10-17 23:46:18,828.6
449,449,PayPal,2024-09-17 06:46:44,2150.41
450,450,Credit Card,2025-01-16 23:50:34,178.82
451,451,PayPal,2026-01-11 11:53:30,3133.71
452,452,PayPal,2025-03-30 06:42:21,578.01
453,453,Bank Transfer,2025-04-25 09:26:43,5545.14
454,454,Credit Card,2026-03-18 09:09:43,1437.86
455,455,Credit Card,2024-08-11 08:37:54,643.04
456,456,Cash,2026-01-05 03:47:12,5003.37
457,457,PayPal,2025-08-16 21:18:01,3249.27
458,458,Bank Transfer,2025-04-04 18:27:53,195.67
459,459,Credit Card,2024-12-04 01:43:18,2802.77
460,460,PayPal,2025-04-12 05:57:24,2891.15
461,461,PayPal,2026-04-06 17:02:35,1676.27
462,462,PayPal,2026-06-06 19:04:40,456.92
463,463,Credit Card,2024-11-26 23:18:06,3803.07
464,464,PayPal,2025-03-19 09:04:46,434.84
465,465,PayPal,2025-12-12 01:28:26,1979.65
466,466,PayPal,2025-06-18 09:44:05,4393.64
467,467,Cash,2025-05-12 19:02:12,4684.46
468,468,Bank Transfer,2024-11-28 05:32:10,80.28
469,469,Bank Transfer,2025-11-22 14:16:42,4344.98
470,470,Credit Card,2025-02-18 02:02:17,1151.28
471,471,Credit Card,2024-08-24 18:05:34,2324.96
472,472,PayPal,2026-07-12 09:53:05,506.76
473,473,Credit Card,2026-01-18 18:17:37,2010.47
474,474,Bank Transfer,2026-03-29 07:58:30,1840.71
475,475,Cash,2026-04-13 03:55:54,1494.33
476,476,Bank Transfer,2025-07-18 19:25:57,1853.09
477,477,Bank Transfer,2025-12-14 03:32:32,1242.53
478,478,PayPal,2024-08-29 18:05:52,1592.34
479,479,PayPal,2025-07-21 22:23:22,490.76
480,480,Bank Transfer,2025-07-04 06:13:52,2272.56
481,481,PayPal,2025-03-24 10:14:55,1268.52
482,482,Credit Card,2025-05-18 09:36:20,2685.77
483,483,Credit Card,2025-12-24 07:20:53,1701.46
484,484,Cash,2024-09-15 04:38:11,770.68
485,485,Cash,2025-12-25 15:36:05,722.12
486,486,PayPal,2025-07-25 12:20:16,1931.64
487,487,Credit Card,2025-03-31 06:51:01,2901.3
488,488,PayPal,2024-10-26 07:07:02,556.52
489,489,Cash,2025-06-10 12:47:54,146.2
490,490,Bank Transfer,2026-06-29 10:58:47,1320.96
491,491,PayPal,2026-03-21 12:52:38,2085.83
492,492,Credit Card,2026-01-22 03:39:42,3957.9
493,493,Bank Transfer,2024-12-24 00:15:14,168.74
494,494,PayPal,2026-05-18 20:30:04,226.46
495,495,PayPal,2026-07-11 20:16:01,2730.68
496,496,Credit Card,2024-11-08 19:33:27,789.78
497,497,PayPal,2026-03-23 20:55:26,3722.93
498,498,Credit Card,2024-12-18 11:44:41,1659.17
499,499,Cash,2024-09-18 16:15:43,1478.19
500,500,Bank Transfer,2024-09-26 13:27:35,1054.74
501,501,Credit Card,2024-12-23 22:17:13,1617.85
502,502,Credit Card,2026-02-24 18:40:33,894.19
503,503,Bank Transfer,2024-08-26 23:57:41,1266.51
504,504,PayPal,2026-06-05 14:31:09,716.62
505,505,Credit Card,2025-12-26 03:18:03,455.61
506,506,PayPal,2025-09-05 18:33:04,1724.14
507,507,Bank Transfer,2025-05-07 07:11:04,552.68
508,508,Cash,2025-02-09 12:49:48,1106.43
509,509,Cash,2024-08-20 20:02:47,1068.37
510,510,Credit Card,2024-08-16 05:17:08,400.86
511,511,Cash,2025-09-15 13:19:55,3958.11
512,512,Bank Transfer,2025-01-05 07:22:51,2366.56
513,513,PayPal,2024-09-24 23:39:09,1071.64
514,514,Bank Transfer,2026-05-05 05:51:35,1990.03
515,515,PayPal,2025-05-13 06:37:26,1728.43
516,516,PayPal,2025-12-18 23:16:47,2867.64
517,517,PayPal,2025-08-31 20:42:35,212.93
518,518,Credit Card,2025-03-10 12:27:18,1414.38
519,519,Cash,2026-03-26 22:37:02,1444.71
520,520,Credit Card,2025-08-31 11:51:15,1259.82
521,521,PayPal,2025-10-18 15:55:03,2996.18
522,522,Cash,2025-11-30 23:03:39,787.32
523,523,Bank Transfer,2025-11-13 14:44:41,1133.58
524,524,Credit Card,2025-09-27 01:49:32,3529.67
525,525,Credit Card,2025-12-21 05:05:28,1244.68
526,526,Credit Card,2026-05-10 09:57:13,4323.87
527,527,PayPal,2024-09-04 16:36:43,1215.65
528,528,Credit Card,2026-01-19 15:19:59,1095.56
529,529,Cash,2025-02-27 14:01:26,1047.81
530,530,Credit Card,2025-11-02 10:13:49,2206.6
531,531,Cash,2025-09-14 16:31:17,1435.06
532,532,Bank Transfer,2026-01-19 10:04:30,564.56
533,533,Cash,2026-01-20 10:15:14,435.48
534,534,Credit Card,2026-06-20 08:12:30,1153.32
535,535,PayPal,2025-11-23 09:23:24,3134.58
536,536,PayPal,2025-08-11 10:01:40,1632.56
537,537,Credit Card,2025-08-01 19:11:45,1266.42
538,538,PayPal,2025-04-05 11:34:58,3726.25
539,539,Credit Card,2024-12-01 12:33:34,24.66
540,540,Credit Card,2025-05-13 04:41:40,878.36
541,541,Bank Transfer,2025-05-12 01:56:52,1134.56
542,542,Cash,2024-08-24 18:46:54,700.74
543,543,Bank Transfer,2025-07-06 21:30:41,1628.05
544,544,Credit Card,2026-06-08 13:21:51,1263.94
545,545,PayPal,2025-02-04 23:15:13,2100.81
546,546,Cash,2025-03-04 04:42:08,105.78
547,547,Bank Transfer,2025-01-25 10:24:12,2105.63
548,548,Bank Transfer,2025-12-09 23:19:08,417.3
549,549,Cash,2025-01-20 09:35:48,467.37
550,550,Cash,2025-11-16 02:05:48,2661.98
551,551,PayPal,2025-05-24 06:51:02,1914.83
552,552,Cash,2025-03-28 15:46:22,241.52
553,553,Cash,2025-04-29 03:44:42,4298.46
554,554,PayPal,2025-07-19 18:50:52,653.22
555,555,Cash,2024-09-05 19:25:34,175.16
556,556,PayPal,2025-01-17 03:15:35,1753.65
557,557,Credit Card,2026-06-06 04:58:18,2807.38
558,558,Bank Transfer,2026-04-17 10:41:33,2662.61
559,559,Bank Transfer,2025-03-29 09:32:44,1709.28
560,560,Credit Card,2026-04-11 05:02:28,2197.11
561,561,Credit Card,2026-05-09 23:31:38,1864.01
562,562,PayPal,2025-01-08 22:59:09,453.45
563,563,Bank Transfer,2024-10-22 16:24:23,1910.79
564,564,PayPal,2025-09-02 23:09:51,478.43
565,565,Cash,2026-01-01 10:54:07,1273.53
566,566,Credit Card,2024-08-12 23:36:47,202.5
567,567,PayPal,2025-03-27 07:39:26,1965.68
568,568,PayPal,2026-06-10 03:03:35,567.84
569,569,PayPal,2025-04-24 00:23:41,1442.83
570,570,PayPal,2026-04-01 20:48:55,2552.48
571,571,Cash,2025-01-21 15:59:29,1917.81
572,572,Credit Card,2025-05-29 06:56:04,1580.75
573,573,PayPal,2024-09-17 05:59:35,1555.07
574,574,Credit Card,2024-12-28 16:58:35,3190.99
575,575,PayPal,2026-06-25 03:54:54,2371.57
576,576,Credit Card,2025-01-05 20:52:17,2080.84
577,577,Credit Card,2024-11-14 17:23:17,1180.84
578,578,Cash,2026-02-10 20:23:04,666.72
579,579,Bank Transfer,2024-10-19 14:10:07,2681.56
580,580,Bank Transfer,2026-01-17 18:42:32,1999.55
581,581,PayPal,2025-05-03 21:12:20,2166.79
582,582,Bank Transfer,2025-06-21 17:42:46,2821.17
583,583,Cash,2026-07-02 12:35:15,1257.78
584,584,Cash,2025-07-13 10:36:18,325.53
585,585,Credit Card,2026-03-31 10:58:08,1203.28
586,586,PayPal,2024-11-11 00:11:42,2310.59
587,587,Bank Transfer,2025-08-05 07:02:15,614.28
588,588,PayPal,2024-12-28 19:05:15,2012.44
589,589,Credit Card,2025-02-17 00:29:19,871.45
590,590,PayPal,2025-01-07 05:17:27,1945.52
591,591,Cash,2026-06-06 08:18:59,3247.14
592,592,Bank Transfer,2024-08-13 14:13:59,762.89
593,593,Credit Card,2024-09-01 10:08:26,752.98
594,594,Credit Card,2025-04-03 19:18:11,3485.75
595,595,Bank Transfer,2026-04-02 11:48:52,2778.36
596,596,Credit Card,2025-04-22 07:50:09,1834.74
597,597,PayPal,2026-01-29 13:32:32,942.88
598,598,PayPal,2025-05-08 13:01:35,693.26
599,599,PayPal,2026-04-08 00:54:34,2362.68
600,600,Cash,2024-12-11 00:45:34,1708.31
601,601,PayPal,2025-10-17 18:01:33,1259.23
602,602,PayPal,2026-06-15 09:13:28,2195.79
603,603,Credit Card,2025-05-19 14:30:19,1444.96
604,604,PayPal,2025-11-07 19:16:10,1151.55
605,605,Bank Transfer,2026-03-26 19:32:26,103.68
606,606,Bank Transfer,2026-02-04 22:00:34,3513.1
607,607,Cash,2025-10-30 00:16:48,4132.5
608,608,Cash,2025-10-16 07:39:50,2443.52
609,609,Credit Card,2025-12-26 19:18:16,3954.16
610,610,Cash,2026-05-02 05:25:12,309.85
611,611,Credit Card,2026-05-08 18:38:49,1909.37
612,612,PayPal,2025-12-24 22:27:12,2368.98
613,613,Credit Card,2025-04-01 14:47:56,362.45
614,614,PayPal,2026-08-06 06:53:44,2477.85
615,615,Credit Card,2025-05-25 04:11:55,1240.72
616,616,PayPal,2024-08-13 05:32:21,640.27
617,617,Cash,2026-03-24 10:30:42,658.77
618,618,Cash,2025-12-09 22:50:33,1476.65
619,619,Bank Transfer,2025-02-01 08:31:56,2837.48
620,620,Cash,2025-11-28 17:19:31,429.86
621,621,Cash,2025-10-30 23:19:29,965.35
622,622,Cash,2026-07-21 02:16:01,2928.59
623,623,Bank Transfer,2024-11-03 09:13:15,548.32
624,624,PayPal,2024-10-10 06:59:34,3480.51
625,625,PayPal,2025-12-17 19:42:11,641.96
626,626,Credit Card,2024-09-01 19:48:55,2319.15
627,627,Bank Transfer,2025-05-06 05:23:30,871.29
628,628,PayPal,2026-01-30 12:14:13,277.66
629,629,Bank Transfer,2025-02-27 13:25:57,3603.66
630,630,Cash,2026-04-24 11:50:54,1335.25
631,631,PayPal,2024-12-01 12:03:23,399.13
632,632,PayPal,2025-04-26 00:14:26,779.5
633,633,Bank Transfer,2024-09-23 20:54:10,2027.0
634,634,Credit Card,2025-07-27 13:28:33,276.18
635,635,Credit Card,2026-05-08 06:44:37,2713.49
636,636,Bank Transfer,2024-12-31 22:15:10,1383.82
637,637,Bank Transfer,2026-06-09 12:15:03,1637.66
638,638,PayPal,2025-12-21 21:54:33,128.08
639,639,Credit Card,2026-01-05 21:27:19,1980.44
640,640,Bank Transfer,2025-06-19 19:47:21,141.14
641,641,Cash,2026-07-22 08:27:20,2416.2
642,642,PayPal,2026-07-25 23:45:37,3279.13
643,643,Cash,2025-09-01 23:06:41,3093.72
644,644,Credit Card,2024-08-27 02:28:09,2241.36
645,645,PayPal,2024-12-24 02:30:53,1878.8
646,646,Bank Transfer,2025-08-03 08:54:09,512.2
647,647,PayPal,2026-06-19 14:46:01,1218.93
648,648,Cash,2026-05-26 13:07:51,1677.8
649,649,PayPal,2025-06-12 17:56:07,427.09
650,650,Credit Card,2025-11-07 19:15:36,2213.62
651,651,Bank Transfer,2026-05-11 10:12:10,2351.07
652,652,Bank Transfer,2026-03-15 05:01:12,2729.4
653,653,Credit Card,2025-11-26 15:27:02,1897.62
654,654,Credit Card,2025-10-11 05:29:20,3194.73
655,655,Credit Card,2026-01-22 16:17:55,954.26
656,656,Bank Transfer,2025-05-29 13:26:49,2502.15
657,657,PayPal,2026-08-06 08:34:55,1534.85
658,658,Cash,2026-06-16 11:12:47,1792.85
659,659,Bank Transfer,2025-12-28 02:13:05,594.8
660,660,Cash,2025-07-24 12:54:41,1886.68
661,661,Credit Card,2024-09-29 11:18:47,2769.18
662,662,Bank Transfer,2024-08-31 22:46:17,2439.46
663,663,Bank Transfer,2026-06-05 18:26:14,2429.4
664,664,Bank Transfer,2026-02-27 18:26:02,3438.06
665,665,Cash,2025-08-05 04:40:21,2148.8
666,666,PayPal,2026-03-19 17:10:09,3128.14
667,667,Cash,2024-10-09 16:43:46,6767.95
668,668,Cash,2026-02-28 07:37:57,493.06
669,669,Credit Card,2026-05-13 19:31:31,23.36
670,670,PayPal,2026-05-07 11:40:56,587.01
671,671,Credit Card,2026-01-31 20:07:39,1875.58
672,672,Bank Transfer,2026-03-22 15:53:46,1987.61
673,673,Bank Transfer,2026-07-12 11:53:59,4091.21
674,674,PayPal,2026-06-07 13:47:46,1614.45
675,675,Cash,2025-03-07 04:05:31,1019.2
676,676,Bank Transfer,2024-10-15 13:45:22,3444.9
677,677,Cash,2024-10-31 05:08:22,4106.09
678,678,Bank Transfer,2025-05-16 16:02:56,921.82
679,679,Credit Card,2025-05-16 19:17:15,715.84
680,680,PayPal,2025-10-20 09:25:08,2816.37
681,681,Bank Transfer,2025-07-22 04:01:30,1958.94
682,682,Bank Transfer,2025-03-14 16:13:59,206.49
683,683,Credit Card,2024-09-21 13:22:12,1297.57
684,684,Credit Card,2025-05-23 19:22:27,4767.93
685,685,Credit Card,2026-01-11 11:44:29,676.06
686,686,PayPal,2025-10-31 21:18:43,1789.56
687,687,Credit Card,2024-12-18 16:39:28,185.5
688,688,Cash,2024-10-12 12:47:06,685.48
689,689,Credit Card,2025-11-04 15:56:56,2728.15
690,690,Bank Transfer,2026-04-22 19:50:48,3865.06
691,691,PayPal,2025-03-30 06:53:28,4216.3
692,692,Bank Transfer,2026-04-25 11:41:26,2343.03
693,693,PayPal,2024-10-20 19:05:10,1996.92
694,694,Cash,2025-06-04 07:48:07,4190.39
695,695,Bank Transfer,2025-02-01 06:45:07,2217.75
696,696,Cash,2024-10-29 20:03:47,1278.02
697,697,Credit Card,2025-03-25 05:55:58,2924.96
698,698,Cash,2025-04-19 16:54:13,1266.63
699,699,Credit Card,2025-12-31 04:46:45,1728.1
700,700,PayPal,2025-08-01 07:59:45,3146.83
701,701,Credit Card,2025-02-21 08:09:54,1656.94
702,702,Cash,2026-03-14 18:28:30,839.43
703,703,Bank Transfer,2026-03-21 12:36:28,3068.29
704,704,Bank Transfer,2024-12-01 11:29:09,3224.31
705,705,PayPal,2026-04-06 08:15:01,101.32
706,706,Bank Transfer,2026-05-21 07:32:00,713.52
707,707,PayPal,2025-10-21 23:23:48,469.9
708,708,PayPal,2024-08-20 04:13:16,1122.91
709,709,Cash,2025-08-02 20:01:40,985.82
710,710,Credit Card,2024-08-12 06:14:56,1883.57
711,711,Cash,2025-05-02 20:45:20,1955.27
712,712,Bank Transfer,2025-02-21 13:48:56,2101.58
713,713,PayPal,2026-02-02 18:27:23,1360.54
714,714,PayPal,2025-05-13 12:40:52,426.6
715,715,PayPal,2025-04-21 14:58:05,454.12
716,716,PayPal,2026-04-01 07:50:15,2179.5
717,717,PayPal,2025-03-02 14:19:18,414.3
718,718,Credit Card,2024-09-21 07:28:48,1521.5
719,719,Bank Transfer,2025-05-27 13:04:28,587.7
720,720,Credit Card,2024-09-08 01:07:34,613.33
721,721,PayPal,2026-06-04 15:47:46,1691.49
722,722,Bank Transfer,2025-05-17 20:27:50,3158.28
723,723,Credit Card,2024-11-27 04:07:04,2952.42
724,724,Bank Transfer,2025-11-30 18:28:05,3521.44
725,725,Bank Transfer,2026-07-07 14:37:19,1339.65
726,726,Bank Transfer,2024-12-05 20:39:16,653.38
727,727,PayPal,2024-11-21 06:58:46,929.64
728,728,Bank Transfer,2025-03-17 06:02:09,49.86
729,729,PayPal,2026-05-27 04:21:45,531.6
730,730,Credit Card,2025-04-06 15:53:42,2171.49
731,731,Credit Card,2026-01-04 22:52:06,874.68
732,732,Credit Card,2025-03-23 03:38:07,2125.52
733,733,Cash,2026-06-01 23:26:58,4054.06
734,734,Cash,2026-06-04 00:21:53,1617.6
735,735,PayPal,2024-11-06 03:14:43,3933.48
736,736,PayPal,2025-03-21 13:52:45,1966.18
737,737,PayPal,2025-08-25 00:37:33,3120.57
738,738,PayPal,2026-07-17 16:02:53,473.69
739,739,Cash,2026-07-15 18:41:21,2501.48
740,740,Credit Card,2024-10-22 18:17:01,1227.82
741,741,PayPal,2026-03-07 18:17:28,352.98
742,742,PayPal,2025-07-19 08:06:13,2724.15
743,743,PayPal,2026-01-13 22:47:07,844.42
744,744,PayPal,2026-06-30 17:06:55,1685.92
745,745,Cash,2025-09-21 10:16:01,2484.82
746,746,Credit Card,2024-12-04 05:46:13,1956.96
747,747,PayPal,2025-10-20 20:10:21,1768.36
748,748,Cash,2025-11-17 17:34:14,2958.76
749,749,Credit Card,2025-05-24 13:00:08,444.66
750,750,Credit Card,2025-03-28 18:27:30,1279.8
751,751,Bank Transfer,2025-04-06 00:56:09,2615.85
752,752,Cash,2025-07-19 09:57:20,2475.89
753,753,PayPal,2026-03-14 18:12:06,4835.58
754,754,Cash,2025-03-18 15:19:12,2523.68
755,755,Cash,2024-12-29 08:18:43,1760.67
756,756,Bank Transfer,2024-11-20 06:44:47,485.56
757,757,Bank Transfer,2026-03-06 14:29:41,1994.93
758,758,Credit Card,2024-10-30 19:02:16,985.72
759,759,PayPal,2025-02-01 16:39:35,385.34
760,760,Credit Card,2025-02-19 19:22:51,674.96
761,761,Cash,2025-06-27 16:34:34,47.9
762,762,Credit Card,2025-11-23 07:41:00,218.88
763,763,PayPal,2024-10-23 01:29:22,1854.52
764,764,Credit Card,2026-04-16 21:21:25,3917.59
765,765,Bank Transfer,2025-06-10 04:00:37,2749.64
766,766,Cash,2026-01-24 19:46:22,1966.92
767,767,Bank Transfer,2026-02-10 16:28:16,752.98
768,768,Bank Transfer,2025-02-01 10:31:24,433.0
769,769,Credit Card,2025-07-07 16:06:36,1495.08
770,770,PayPal,2025-06-14 12:33:50,425.86
771,771,Credit Card,2025-03-03 21:15:01,1341.66
772,772,Credit Card,2024-09-14 10:02:06,1009.14
773,773,PayPal,2025-06-27 11:22:23,414.28
774,774,Bank Transfer,2025-08-08 15:14:51,2662.83
775,775,Bank Transfer,2025-03-21 01:47:48,266.84
776,776,Bank Transfer,2025-10-05 23:25:04,2285.48
777,777,Credit Card,2026-03-13 07:13:47,1163.16
778,778,Bank Transfer,2024-10-10 14:59:08,249.72
779,779,Credit Card,2024-09-10 21:22:43,2243.4
780,780,Bank Transfer,2024-11-22 14:04:34,376.49
781,781,Cash,2025-02-07 00:12:27,1122.76
782,782,PayPal,2024-10-22 19:03:38,386.27
783,783,Credit Card,2024-09-22 05:43:00,1886.0
784,784,PayPal,2026-03-15 11:08:56,1347.84
785,785,PayPal,2026-02-12 06:46:55,1452.17
786,786,Cash,2024-09-05 13:50:54,2355.22
787,787,Credit Card,2026-07-16 18:12:51,3024.57
788,788,Cash,2025-03-30 07:51:08,1148.09
789,789,Bank Transfer,2026-07-29 07:14:11,660.7
790,790,Bank Transfer,2025-06-01 20:26:23,1227.05
791,791,PayPal,2025-11-20 12:55:20,674.24
792,792,Bank Transfer,2024-08-25 06:35:01,2172.84
793,793,Bank Transfer,2025-09-17 08:42:01,779.9
794,794,PayPal,2025-08-20 21:49:03,3103.27
795,795,Credit Card,2025-05-30 09:52:03,2034.63
796,796,Cash,2024-12-16 09:07:51,1571.27
797,797,Bank Transfer,2024-11-14 16:44:02,1702.55
798,798,Cash,2026-03-14 01:24:32,2854.16
799,799,PayPal,2025-12-21 13:28:10,961.55
800,800,Credit Card,2025-05-03 09:42:56,150.65
801,801,Credit Card,2024-08-18 22:25:42,3129.29
802,802,Bank Transfer,2025-11-21 22:19:17,2195.22
803,803,Cash,2026-02-18 06:19:11,4341.96
804,804,Bank Transfer,2025-07-01 11:33:04,5673.8
805,805,Bank Transfer,2025-09-09 21:44:03,2045.24
806,806,Credit Card,2025-09-05 23:22:20,3203.35
807,807,PayPal,2025-02-06 00:47:32,453.14
808,808,Credit Card,2025-05-25 09:19:17,1167.95
809,809,Cash,2025-04-29 11:23:44,234.04
810,810,Cash,2026-01-30 03:02:01,2012.57
811,811,Credit Card,2026-08-05 15:30:37,1678.1
812,812,Credit Card,2026-05-19 09:27:02,761.2
813,813,Credit Card,2024-12-25 14:23:26,1767.28
814,814,PayPal,2025-08-08 18:20:34,1478.54
815,815,Cash,2025-05-14 18:13:20,3356.92
816,816,Credit Card,2024-12-05 04:41:53,2180.36
817,817,Bank Transfer,2025-11-26 14:57:31,4712.9
818,818,Cash,2024-11-04 23:58:43,2217.85
819,819,PayPal,2025-07-20 22:10:37,6314.24
820,820,Cash,2026-07-04 03:05:04,309.87
821,821,Bank Transfer,2025-12-09 01:10:12,2667.86
822,822,Bank Transfer,2025-09-15 10:49:58,321.72
823,823,PayPal,2025-05-09 04:25:58,4435.78
824,824,PayPal,2025-06-16 04:30:43,1358.7
825,825,Cash,2025-02-11 22:27:58,1350.91
826,826,Credit Card,2026-03-25 16:50:49,2904.99
827,827,Credit Card,2025-12-16 19:05:29,86.7
828,828,Bank Transfer,2025-05-23 21:52:40,1416.36
829,829,Cash,2024-11-12 10:11:36,2143.28
830,830,PayPal,2025-09-11 19:53:15,1995.05
831,831,Credit Card,2025-09-22 06:18:12,3338.29
832,832,Cash,2025-01-10 18:02:57,571.52
833,833,Cash,2025-11-22 14:54:40,2499.45
834,834,Cash,2024-12-11 14:06:02,1938.42
835,835,Cash,2024-09-03 09:51:06,3862.55
836,836,Bank Transfer,2025-07-03 00:31:08,897.24
837,837,Cash,2026-02-28 19:23:09,180.66
838,838,Cash,2025-12-31 10:43:00,795.15
839,839,Credit Card,2026-02-15 17:15:53,1064.8
840,840,Cash,2025-01-25 10:12:54,3425.36
841,841,Credit Card,2025-04-17 08:11:14,1708.63
842,842,Credit Card,2025-02-11 20:46:37,834.48
843,843,Cash,2025-08-24 12:28:25,2492.62
844,844,PayPal,2026-04-17 07:01:33,285.7
845,845,Cash,2025-11-16 15:15:56,2420.71
846,846,Credit Card,2025-07-13 18:21:46,276.55
847,847,Credit Card,2026-06-21 17:25:12,1206.06
848,848,Bank Transfer,2025-12-26 13:45:34,219.59
849,849,Credit Card,2025-10-18 12:32:45,492.01
850,850,PayPal,2024-09-13 01:21:14,731.26
851,851,Bank Transfer,2024-10-28 07:04:12,3179.0
852,852,Cash,2025-12-08 10:10:38,206.17
853,853,Cash,2025-08-31 17:26:30,1496.92
854,854,PayPal,2025-09-01 03:52:39,2220.66
855,855,Credit Card,2026-04-25 23:57:38,2552.54
856,856,Cash,2024-08-10 06:40:56,3080.76
857,857,Credit Card,2026-03-28 06:56:32,1703.98
858,858,Bank Transfer,2025-12-12 05:00:56,1764.78
859,859,PayPal,2025-12-06 23:27:21,1010.11
860,860,Credit Card,2025-05-16 22:54:10,2165.34
861,861,Bank Transfer,2024-11-07 22:19:00,1822.29
862,862,Credit Card,2024-08-13 02:19:06,2441.54
863,863,Bank Transfer,2026-02-19 01:10:23,240.67
864,864,Credit Card,2025-03-25 12:32:18,3100.27
865,865,PayPal,2026-02-10 20:28:28,240.46
866,866,Credit Card,2025-10-02 12:04:45,1236.44
867,867,Cash,2026-02-04 22:06:08,3393.37
868,868,Credit Card,2025-06-26 01:25:48,2334.28
869,869,Bank Transfer,2025-02-19 09:11:03,3257.22
870,870,Credit Card,2026-07-09 15:23:52,932.4
871,871,Cash,2025-03-30 05:10:30,512.12
872,872,Cash,2025-02-02 12:50:04,2372.42
873,873,PayPal,2026-01-12 13:35:17,3436.32
874,874,Bank Transfer,2026-06-13 07:53:56,2075.56
875,875,Cash,2025-12-21 19:02:13,715.83
876,876,Bank Transfer,2025-06-20 09:50:05,907.78
877,877,PayPal,2025-06-25 00:07:14,2428.5
878,878,PayPal,2025-10-20 14:34:32,337.12
879,879,Credit Card,2026-05-23 03:32:08,1887.47
880,880,Bank Transfer,2025-09-22 22:01:14,1952.9
881,881,Bank Transfer,2024-08-19 06:26:08,3642.43
882,882,PayPal,2025-04-24 22:20:56,6431.27
883,883,PayPal,2026-01-04 02:08:50,3689.82
884,884,Cash,2024-11-02 22:05:14,1850.11
885,885,Credit Card,2024-09-24 19:15:26,408.51
886,886,Cash,2025-09-12 15:15:19,1200.06
887,887,Credit Card,2025-11-23 01:38:00,1365.99
888,888,PayPal,2026-07-17 15:01:11,1169.56
889,889,Bank Transfer,2025-04-28 23:55:49,1965.24
890,890,Bank Transfer,2025-01-05 10:00:55,2553.81
891,891,Credit Card,2026-04-19 08:57:45,1232.63
892,892,Bank Transfer,2026-02-11 20:52:31,1326.64
893,893,PayPal,2026-05-29 21:53:49,4851.04
894,894,PayPal,2025-10-19 10:51:58,2512.03
895,895,PayPal,2024-09-11 00:51:41,3625.37
896,896,Bank Transfer,2026-04-21 01:16:22,2545.8
897,897,Credit Card,2024-11-20 22:22:39,101.25
898,898,Bank Transfer,2026-06-18 09:21:30,3037.38
899,899,PayPal,2025-10-01 04:12:14,3205.55
900,900,Credit Card,2026-03-20 17:32:59,754.82
901,901,Bank Transfer,2025-07-27 21:33:08,2626.13
902,902,Credit Card,2026-01-14 10:57:56,1600.35
903,903,Credit Card,2026-05-24 09:32:30,1163.7
904,904,Credit Card,2025-05-20 07:12:07,2040.3
905,905,Cash,2026-01-23 18:25:18,1058.56
906,906,PayPal,2025-04-22 11:17:57,1080.31
907,907,Bank Transfer,2026-06-26 20:55:55,2759.26
908,908,Credit Card,2024-09-02 07:54:26,918.36
909,909,Cash,2026-06-21 11:25:16,535.74
910,910,Cash,2025-10-03 09:29:56,435.48
911,911,PayPal,2025-10-17 18:25:50,2694.49
912,912,PayPal,2026-03-11 05:37:14,67.25
913,913,Cash,2025-07-22 15:00:09,51.23
914,914,Bank Transfer,2025-08-30 10:42:04,2179.06
915,915,Credit Card,2025-01-02 08:55:51,1848.08
916,916,Cash,2024-10-16 10:56:38,1951.86
917,917,PayPal,2025-06-30 10:14:34,469.9
918,918,PayPal,2025-09-18 07:54:14,4012.78
919,919,Credit Card,2026-01-02 23:38:30,758.35
920,920,PayPal,2025-02-05 07:54:56,1374.78
921,921,Bank Transfer,2025-02-13 12:50:49,1797.51
922,922,PayPal,2025-01-21 13:14:48,1743.21
923,923,Bank Transfer,2026-05-10 20:52:01,1577.4
924,924,PayPal,2024-09-07 01:39:54,945.17
925,925,Credit Card,2025-09-12 13:56:57,266.19
926,926,Bank Transfer,2026-02-08 22:43:13,6963.78
927,927,PayPal,2025-02-11 11:27:50,1867.26
928,928,PayPal,2024-10-03 04:54:38,2027.52
929,929,Credit Card,2025-02-07 07:06:04,2675.21
930,930,Credit Card,2026-03-25 03:57:21,2428.63
931,931,Cash,2025-05-10 03:37:36,1594.53
932,932,Credit Card,2026-04-25 21:29:11,1462.52
933,933,Bank Transfer,2026-01-06 23:10:08,2887.76
934,934,Bank Transfer,2026-07-26 07:30:11,2254.52
935,935,Credit Card,2025-08-20 14:10:30,1688.84
936,936,PayPal,2024-10-11 18:03:04,1281.54
937,937,Credit Card,2025-09-22 18:02:38,3633.7
938,938,Bank Transfer,2025-07-27 11:56:25,674.24
939,939,Bank Transfer,2026-08-06 07:50:21,532.4
940,940,Credit Card,2025-07-18 07:58:11,2565.87
941,941,PayPal,2026-04-24 07:48:31,1421.07
942,942,Bank Transfer,2025-12-21 03:17:38,988.03
943,943,Credit Card,2025-09-01 09:22:29,624.54
944,944,Credit Card,2024-12-18 20:53:27,50.91
945,945,Bank Transfer,2024-11-18 12:55:22,708.18
946,946,PayPal,2025-04-17 16:33:45,3810.54
947,947,Cash,2026-06-15 15:39:02,427.07
948,948,Credit Card,2025-11-23 22:11:14,2164.79
949,949,Bank Transfer,2025-03-16 02:51:56,1467.44
950,950,PayPal,2025-10-24 03:21:27,1710.49
951,951,PayPal,2025-11-19 04:10:28,18.35
952,952,PayPal,2025-09-18 07:33:57,4439.4
953,953,PayPal,2026-04-23 12:21:04,3950.36
954,954,PayPal,2025-03-26 22:44:31,1233.45
955,955,Bank Transfer,2025-03-07 22:02:07,4055.7
956,956,Cash,2025-04-12 21:12:20,887.32
957,957,Cash,2026-06-28 10:16:24,2703.3
958,958,Cash,2025-07-08 03:17:30,608.65
959,959,Bank Transfer,2025-12-02 16:07:01,2347.52
960,960,PayPal,2025-05-13 22:05:40,161.16
961,961,Credit Card,2025-07-07 21:07:26,1573.83
962,962,Bank Transfer,2024-09-19 17:47:35,1299.51
963,963,Bank Transfer,2024-12-26 18:56:40,1779.56
964,964,Bank Transfer,2026-02-23 04:25:05,307.32
965,965,Cash,2025-05-13 18:12:42,1550.63
966,966,Bank Transfer,2026-03-26 09:35:33,2939.63
967,967,Cash,2024-11-18 21:36:01,206.34
968,968,PayPal,2025-10-28 23:46:40,859.67
969,969,Credit Card,2026-06-27 08:02:04,237.8
970,970,Cash,2024-09-22 06:29:03,3764.67
971,971,PayPal,2025-10-20 11:51:46,751.89
972,972,Cash,2024-10-17 02:14:57,1580.52
973,973,Credit Card,2026-07-18 19:04:45,518.85
974,974,Cash,2025-08-30 11:35:24,1145.49
975,975,Credit Card,2025-03-30 14:45:15,915.9
976,976,Bank Transfer,2024-12-25 05:22:23,3388.96
977,977,Credit Card,2024-09-13 08:46:49,3714.88
978,978,Cash,2026-02-08 00:43:05,1331.01
979,979,PayPal,2025-05-18 13:13:05,3506.23
980,980,Bank Transfer,2026-01-11 23:16:33,965.52
981,981,PayPal,2025-08-20 05:38:17,733.56
982,982,Bank Transfer,2025-01-20 04:29:34,673.92
983,983,Cash,2025-10-10 09:07:31,1546.68
984,984,PayPal,2026-06-20 10:03:51,2972.58
985,985,Cash,2025-02-26 00:19:03,4276.78
986,986,Credit Card,2026-05-18 13:51:20,3551.55
987,987,PayPal,2025-05-02 07:36:44,629.04
988,988,PayPal,2024-10-05 06:31:36,1397.47
989,989,PayPal,2025-08-23 03:36:59,760.36
990,990,Cash,2024-08-13 23:08:36,1264.01
991,991,PayPal,2024-09-12 05:24:38,1688.84
992,992,PayPal,2025-05-07 22:47:36,596.0
993,993,Bank Transfer,2025-09-04 14:21:16,371.0
994,994,Bank Transfer,2024-08-07 07:03:25,1339.65
995,995,Credit Card,2025-07-19 03:15:00,453.14
996,996,Credit Card,2025-07-10 23:06:49,95.09
997,997,Cash,2025-10-25 23:35:38,1866.4
998,998,Bank Transfer,2026-05-30 07:39:47,2202.78
999,999,Cash,2025-03-29 07:27:57,3169.69
1000,1000,Credit Card,2025-06-23 00:29:57,906.28
1001,1001,Bank Transfer,2025-03-03 07:30:47,1367.63
1002,1002,Bank Transfer,2026-06-01 20:42:15,101.38
1003,1003,PayPal,2026-01-20 12:27:52,2731.89
1004,1004,Bank Transfer,2024-12-11 02:21:45,1083.72
1005,1005,Credit Card,2025-04-27 13:16:42,14.64
1006,1006,Bank Transfer,2025-02-24 01:04:52,2477.11
1007,1007,PayPal,2024-10-17 10:51:33,1244.68
1008,1008,Bank Transfer,2025-12-30 21:07:46,683.34
1009,1009,Credit Card,2026-06-08 11:52:15,248.56
1010,1010,Bank Transfer,2025-11-14 18:32:39,340.44
1011,1011,Bank Transfer,2026-01-17 05:50:11,375.2
1012,1012,PayPal,2025-08-23 16:50:13,1645.89
1013,1013,Bank Transfer,2025-10-05 04:11:44,5288.25
1014,1014,Cash,2026-06-27 07:51:33,2287.71
1015,1015,Bank Transfer,2025-09-15 01:25:20,741.22
1016,1016,PayPal,2025-07-01 21:28:26,411.24
1017,1017,Cash,2025-06-11 14:51:09,50.91
1018,1018,PayPal,2026-02-08 23:43:00,1236.14
1019,1019,Credit Card,2026-02-22 23:40:53,3408.78
1020,1020,Bank Transfer,2026-06-07 05:48:20,589.51
1021,1021,Credit Card,2025-09-10 21:15:52,1480.38
1022,1022,PayPal,2025-02-18 21:11:53,1739.46
1023,1023,Bank Transfer,2026-04-26 21:39:15,2162.62
1024,1024,Bank Transfer,2024-08-13 23:55:12,2057.63
1025,1025,Bank Transfer,2025-10-21 00:22:27,1409.28
1026,1026,PayPal,2024-12-06 01:34:21,828.6
1027,1027,PayPal,2024-08-08 18:39:14,2668.98
1028,1028,Bank Transfer,2024-11-01 04:32:56,997.16
1029,1029,PayPal,2026-01-07 14:53:51,806.12
1030,1030,Bank Transfer,2024-10-28 19:23:19,2176.54
1031,1031,Cash,2026-07-13 20:40:14,70.57
1032,1032,Bank Transfer,2025-12-31 07:37:31,4162.72
1033,1033,Cash,2025-12-05 16:21:37,1592.75
1034,1034,Credit Card,2026-03-08 20:14:21,2616.2
1035,1035,Bank Transfer,2025-09-28 20:22:05,131.09
1036,1036,Cash,2024-09-01 17:03:37,2590.79
1037,1037,Bank Transfer,2024-11-03 16:02:48,1811.07
1038,1038,Cash,2025-08-06 00:20:26,1534.5
1039,1039,PayPal,2026-05-23 21:44:56,1423.81
1040,1040,Credit Card,2025-01-24 21:06:39,3714.16
1041,1041,Credit Card,2026-05-07 11:20:02,1679.45
1042,1042,Credit Card,2026-08-02 03:55:56,1853.11
1043,1043,PayPal,2025-11-24 18:53:29,2023.02
1044,1044,Bank Transfer,2025-05-27 04:13:46,912.54
1045,1045,Cash,2025-12-18 23:28:22,2847.21
1046,1046,Cash,2024-11-26 19:54:14,3778.86
1047,1047,Credit Card,2026-04-26 09:53:46,1588.56
1048,1048,Credit Card,2025-03-01 12:55:44,2425.87
1049,1049,Cash,2026-03-29 10:51:23,1840.5
1050,1050,Bank Transfer,2026-06-17 09:41:12,738.0
1051,1051,Credit Card,2025-12-15 07:07:17,5036.87
1052,1052,Credit Card,2025-05-08 14:11:09,5250.7
1053,1053,Credit Card,2025-04-26 01:00:49,2031.34
1054,1054,PayPal,2024-10-01 04:39:21,1298.37
1055,1055,PayPal,2025-11-27 11:02:36,1648.8
1056,1056,PayPal,2026-01-05 01:18:40,1907.86
1057,1057,Credit Card,2025-03-05 10:39:25,3073.13
1058,1058,Credit Card,2025-05-09 22:54:29,572.5
1059,1059,Cash,2025-02-15 02:21:08,3049.63
1060,1060,PayPal,2024-12-09 05:37:58,1600.24
1061,1061,Bank Transfer,2024-11-27 19:34:46,2965.53
1062,1062,Bank Transfer,2025-09-22 08:46:12,1237.2
1063,1063,Cash,2026-07-03 17:09:27,1139.59
1064,1064,Bank Transfer,2025-07-30 07:24:51,1802.82
1065,1065,Bank Transfer,2025-12-29 15:52:55,1302.12
1066,1066,Cash,2026-03-27 22:05:03,300.22
1067,1067,Cash,2024-10-23 13:54:51,1984.99
1068,1068,Cash,2024-09-08 02:59:05,1078.54
1069,1069,Credit Card,2026-02-18 16:32:03,2934.16
1070,1070,Bank Transfer,2025-05-11 14:13:53,2318.26
1071,1071,Credit Card,2026-05-10 10:18:52,1573.35
1072,1072,Bank Transfer,2025-08-07 10:07:13,3150.57
1073,1073,Cash,2024-10-10 10:04:00,4166.16
1074,1074,Cash,2026-07-01 10:30:24,1121.31
1075,1075,Bank Transfer,2026-04-24 16:37:25,687.42
1076,1076,Cash,2025-04-08 17:32:58,685.38
1077,1077,Cash,2025-06-20 23:49:55,4013.49
1078,1078,PayPal,2024-11-19 00:16:41,2663.19
1079,1079,PayPal,2026-07-10 21:48:43,724.38
1080,1080,Bank Transfer,2025-05-18 02:41:52,3897.76
1081,1081,PayPal,2025-08-05 07:18:23,834.78
1082,1082,Credit Card,2026-02-26 09:01:38,1834.97
1083,1083,Bank Transfer,2025-03-24 12:34:27,725.46
1084,1084,Bank Transfer,2026-05-08 04:50:59,3708.75
1085,1085,Cash,2026-07-22 02:40:30,697.02
1086,1086,Credit Card,2026-06-23 10:35:03,917.19
1087,1087,PayPal,2025-10-10 10:37:22,2474.29
1088,1088,PayPal,2025-05-05 02:41:38,3014.78
1089,1089,Credit Card,2025-03-03 04:16:38,1667.11
1090,1090,PayPal,2025-09-29 02:16:36,4484.94
1091,1091,PayPal,2025-09-01 07:57:41,1131.32
1092,1092,Credit Card,2025-10-13 04:03:04,3229.26
1093,1093,Bank Transfer,2025-12-06 14:11:17,2524.53
1094,1094,Bank Transfer,2025-11-02 08:04:03,777.86
1095,1095,Bank Transfer,2024-11-06 22:29:53,3536.68
1096,1096,Bank Transfer,2024-10-02 02:13:37,2041.38
1097,1097,Credit Card,2025-12-12 03:16:01,1385.95
1098,1098,Cash,2025-07-08 05:05:59,2563.72
1099,1099,Credit Card,2024-12-18 03:47:42,3038.33
1100,1100,Bank Transfer,2024-10-28 05:46:47,1691.56
1101,1101,Credit Card,2026-01-01 21:21:17,3321.34
1102,1102,Credit Card,2025-01-01 22:03:08,2440.08
1103,1103,Bank Transfer,2025-03-08 03:59:43,1966.65
1104,1104,Cash,2026-07-04 23:10:24,616.31
1105,1105,Credit Card,2026-05-11 08:29:40,4914.68
1106,1106,Bank Transfer,2025-10-14 11:18:26,2600.28
1107,1107,Cash,2026-02-09 08:55:03,570.27
1108,1108,Bank Transfer,2024-11-10 11:05:30,2023.41
1109,1109,PayPal,2024-08-29 06:08:31,469.9
1110,1110,Bank Transfer,2026-01-24 21:53:54,207.36
1111,1111,Credit Card,2025-04-13 20:35:30,2773.76
1112,1112,Credit Card,2025-06-18 03:22:23,1880.69
1113,1113,Credit Card,2026-05-05 04:51:54,4427.95
1114,1114,Credit Card,2025-08-10 21:56:35,2133.6
1115,1115,Bank Transfer,2026-06-25 19:38:19,3354.25
1116,1116,Credit Card,2026-05-16 16:03:44,2390.14
1117,1117,PayPal,2024-12-19 16:45:54,1491.57
1118,1118,Bank Transfer,2025-09-15 14:26:05,1949.18
1119,1119,PayPal,2025-08-27 18:22:24,444.62
1120,1120,PayPal,2025-08-06 07:53:35,821.81
1121,1121,Bank Transfer,2025-10-05 21:46:58,2324.46
1122,1122,PayPal,2025-04-11 12:20:40,1003.1
1123,1123,Credit Card,2025-08-31 03:31:39,2672.11
1124,1124,Credit Card,2025-07-18 08:42:27,592.36
1125,1125,PayPal,2025-06-18 13:02:03,375.84
1126,1126,Bank Transfer,2026-06-20 00:03:58,2692.87
1127,1127,Bank Transfer,2026-04-10 11:28:12,4474.7
1128,1128,Bank Transfer,2026-01-19 20:58:25,606.39
1129,1129,PayPal,2024-12-28 06:01:23,1771.89
1130,1130,Bank Transfer,2024-11-11 07:58:54,2151.26
1131,1131,Bank Transfer,2026-05-07 01:06:10,4268.3
1132,1132,PayPal,2026-02-21 18:54:28,469.9
1133,1133,PayPal,2025-10-26 15:37:40,1762.28
1134,1134,Bank Transfer,2024-09-13 09:59:10,333.61
1135,1135,Cash,2025-03-01 13:13:47,1090.49
1136,1136,Credit Card,2024-12-20 09:56:55,1709.3
1137,1137,Credit Card,2024-09-07 08:17:10,278.2
1138,1138,Credit Card,2026-06-27 23:24:42,1204.42
1139,1139,Cash,2024-12-19 19:11:50,2428.45
1140,1140,Cash,2026-07-06 21:33:49,4079.97
1141,1141,Cash,2024-10-16 01:02:08,859.4
1142,1142,Bank Transfer,2024-09-26 21:33:17,1120.76
1143,1143,Bank Transfer,2025-10-22 09:27:53,1609.05
1144,1144,Cash,2026-03-27 03:41:02,1258.75
1145,1145,Credit Card,2025-04-13 08:27:42,2270.91
1146,1146,Bank Transfer,2026-05-23 23:46:25,3323.43
1147,1147,PayPal,2024-08-23 16:40:23,747.87
1148,1148,Bank Transfer,2024-12-18 03:40:31,832.49
1149,1149,Bank Transfer,2024-12-01 22:43:51,1672.23
1150,1150,Credit Card,2026-04-16 10:27:02,2398.93
1151,1151,Cash,2024-12-02 19:39:58,1215.49
1152,1152,PayPal,2025-04-20 14:15:43,1495.33
1153,1153,Cash,2026-06-22 23:02:52,1827.36
1154,1154,Credit Card,2026-07-28 11:38:15,1680.26
1155,1155,Credit Card,2025-09-17 03:42:46,808.88
1156,1156,PayPal,2025-08-23 21:26:25,2858.44
1157,1157,Bank Transfer,2025-01-10 15:40:19,864.84
1158,1158,Bank Transfer,2025-10-23 23:42:27,3501.93
1159,1159,Credit Card,2025-03-15 14:42:28,3753.55
1160,1160,Credit Card,2026-07-06 14:09:56,2903.1
1161,1161,Credit Card,2025-07-27 13:22:00,2583.91
1162,1162,Bank Transfer,2026-06-05 11:34:42,447.3
1163,1163,Cash,2025-08-29 02:05:30,1473.0
1164,1164,Credit Card,2025-03-07 11:30:23,361.39
1165,1165,Cash,2026-01-06 05:29:44,872.37
1166,1166,Bank Transfer,2025-05-12 01:48:11,3688.25
1167,1167,Credit Card,2026-06-09 22:37:15,2572.5
1168,1168,Cash,2026-03-31 13:52:38,1195.32
1169,1169,Bank Transfer,2025-12-21 15:18:26,1135.57
1170,1170,Bank Transfer,2025-11-16 05:03:47,412.34
1171,1171,Bank Transfer,2026-06-10 01:30:07,731.26
1172,1172,Cash,2025-06-26 19:11:36,1941.35
1173,1173,Cash,2025-09-18 12:40:06,1656.98
1174,1174,Cash,2025-11-27 13:48:03,635.75
1175,1175,PayPal,2026-03-10 12:12:01,1726.8
1176,1176,Bank Transfer,2025-05-25 09:55:01,493.88
1177,1177,Cash,2025-01-12 14:37:28,3579.11
1178,1178,Credit Card,2025-04-30 04:01:07,1776.22
1179,1179,Cash,2026-07-09 06:20:14,163.0
1180,1180,Cash,2026-02-10 12:13:13,1094.0
1181,1181,Cash,2025-12-10 07:43:50,2150.36
1182,1182,PayPal,2026-05-28 02:53:03,773.4
1183,1183,Cash,2025-02-18 16:04:33,3343.42
1184,1184,Cash,2024-11-16 02:06:44,203.64
1185,1185,Cash,2026-07-25 10:55:55,976.64
1186,1186,Bank Transfer,2026-06-19 05:03:12,2238.43
1187,1187,PayPal,2025-07-11 05:55:38,1747.2
1188,1188,Cash,2026-01-07 10:07:59,2645.88
1189,1189,PayPal,2025-06-25 04:21:44,427.88
1190,1190,PayPal,2025-05-13 11:08:51,968.16
1191,1191,Cash,2025-07-17 00:09:04,859.65
1192,1192,Credit Card,2026-07-30 06:54:43,1994.26
1193,1193,Credit Card,2024-08-23 09:03:29,1315.69
1194,1194,Credit Card,2026-06-21 16:47:59,1464.35
1195,1195,Bank Transfer,2025-05-22 13:21:47,291.56
1196,1196,Credit Card,2026-02-12 11:57:53,5.28
1197,1197,Bank Transfer,2025-04-12 14:08:15,1653.3
1198,1198,Cash,2025-10-15 01:07:11,538.92
1199,1199,Bank Transfer,2024-11-22 07:52:55,4610.29
1200,1200,Cash,2026-01-15 05:17:44,548.28
1201,1201,Bank Transfer,2026-06-03 11:57:49,1937.63
1202,1202,PayPal,2025-07-23 20:38:07,248.79
1203,1203,Credit Card,2025-12-05 08:07:31,611.24
1204,1204,Cash,2025-09-18 02:38:26,1508.82
1205,1205,Bank Transfer,2026-07-29 07:01:13,1081.9
1206,1206,Credit Card,2025-11-30 21:43:12,452.9
1207,1207,PayPal,2025-09-30 08:37:04,870.96
1208,1208,PayPal,2025-10-01 23:53:49,759.45
1209,1209,PayPal,2025-05-14 12:59:20,259.6
1210,1210,Credit Card,2025-02-25 06:16:25,435.48
1211,1211,PayPal,2024-08-31 08:33:02,1445.82
1212,1212,Cash,2024-10-15 14:58:59,998.3
1213,1213,PayPal,2024-08-19 01:55:30,2255.44
1214,1214,Cash,2024-10-14 10:48:32,2527.82
1215,1215,Bank Transfer,2026-06-11 06:44:17,570.27
1216,1216,PayPal,2025-02-05 17:12:39,256.29
1217,1217,Cash,2024-10-23 15:51:42,2694.33
1218,1218,Cash,2026-02-09 17:58:55,771.65
1219,1219,PayPal,2026-01-27 22:21:15,4141.72
1220,1220,Credit Card,2026-08-06 16:25:58,1165.06
1221,1221,Bank Transfer,2025-01-02 02:16:34,411.77
1222,1222,Bank Transfer,2025-12-29 21:22:13,2117.93
1223,1223,Bank Transfer,2026-01-25 09:01:41,714.95
1224,1224,Bank Transfer,2025-07-10 00:59:34,2678.82
1225,1225,PayPal,2026-07-21 04:52:43,74.25
1226,1226,PayPal,2024-11-06 11:53:27,2389.24
1227,1227,Credit Card,2024-11-19 16:50:00,2576.62
1228,1228,Bank Transfer,2024-11-13 06:26:12,4413.55
1229,1229,Bank Transfer,2025-07-23 15:55:41,3679.04
1230,1230,Bank Transfer,2025-03-09 19:49:06,2219.71
1231,1231,Bank Transfer,2024-08-24 23:51:30,1450.73
1232,1232,Credit Card,2025-09-19 23:37:47,1557.04
1233,1233,Credit Card,2025-08-01 11:21:51,1478.58
1234,1234,PayPal,2026-03-27 03:49:49,5452.76
1235,1235,Credit Card,2025-05-03 05:40:46,2367.33
1236,1236,Credit Card,2025-11-29 19:37:25,1874.9
1237,1237,Credit Card,2025-08-14 20:07:59,700.13
1238,1238,PayPal,2025-07-27 08:57:31,3330.33
1239,1239,Bank Transfer,2026-01-30 04:08:12,1794.76
1240,1240,Cash,2026-02-06 21:15:18,1952.65
1241,1241,Credit Card,2026-02-12 12:33:29,2312.5
1242,1242,Credit Card,2025-08-19 16:30:55,337.48
1243,1243,Cash,2025-05-17 23:23:56,464.22
1244,1244,Credit Card,2025-08-18 17:55:08,2128.15
1245,1245,Credit Card,2025-07-03 14:38:51,2525.7
1246,1246,PayPal,2025-01-20 15:03:22,4156.95
1247,1247,Credit Card,2026-05-16 11:13:16,229.59
1248,1248,Bank Transfer,2026-07-10 04:33:48,53.72
1249,1249,Bank Transfer,2025-01-11 03:06:28,2808.3
1250,1250,Bank Transfer,2025-02-21 03:26:39,2156.02
1251,1251,Cash,2024-12-13 00:31:34,1787.56
1252,1252,Cash,2025-03-09 16:14:49,782.68
1253,1253,PayPal,2024-08-14 04:10:04,1100.07
1254,1254,Bank Transfer,2024-11-12 19:04:58,235.19
1255,1255,Bank Transfer,2025-10-21 19:18:21,814.01
1256,1256,Credit Card,2025-11-10 19:52:49,1668.91
1257,1257,PayPal,2026-02-11 03:52:38,2621.75
1258,1258,Credit Card,2025-07-03 12:37:29,1168.97
1259,1259,PayPal,2026-04-23 22:48:38,369.19
1260,1260,PayPal,2024-10-14 11:16:17,1501.74
1261,1261,Bank Transfer,2025-05-25 14:12:49,1973.18
1262,1262,Bank Transfer,2024-09-09 21:16:23,1160.1
1263,1263,Credit Card,2026-05-22 06:21:29,5159.12
1264,1264,Cash,2025-05-19 05:18:36,78.78
1265,1265,Cash,2025-03-16 02:18:52,1073.03
1266,1266,Bank Transfer,2025-12-09 05:47:54,3241.68
1267,1267,Credit Card,2026-01-08 05:09:03,473.69
1268,1268,Cash,2025-05-24 13:03:51,2101.07
1269,1269,Cash,2025-07-04 04:24:11,644.9
1270,1270,Credit Card,2024-11-04 09:09:29,1817.21
1271,1271,Cash,2025-12-16 02:07:21,1005.36
1272,1272,PayPal,2026-03-19 10:14:52,2484.35
1273,1273,Cash,2024-11-01 04:23:19,2913.61
1274,1274,Cash,2026-07-19 07:10:42,1527.35
1275,1275,Cash,2026-03-28 06:11:31,1735.21
1276,1276,Cash,2024-09-07 19:10:55,914.22
1277,1277,PayPal,2026-06-24 07:31:15,2015.73
1278,1278,Credit Card,2024-10-21 10:42:57,2484.89
1279,1279,Cash,2025-08-31 15:53:51,1975.79
1280,1280,Cash,2026-03-28 00:57:00,964.1
1281,1281,PayPal,2025-03-02 10:47:20,905.16
1282,1282,Cash,2025-12-16 13:13:09,568.33
1283,1283,PayPal,2024-09-11 01:32:07,2272.16
1284,1284,PayPal,2024-10-06 21:21:30,2148.3
1285,1285,Cash,2025-10-02 03:47:43,686.06
1286,1286,Bank Transfer,2025-04-30 05:38:54,1016.74
1287,1287,PayPal,2025-05-25 03:27:58,1806.83
1288,1288,Credit Card,2026-03-25 13:11:11,1967.45
1289,1289,PayPal,2025-01-17 23:04:03,1092.46
1290,1290,Bank Transfer,2025-12-19 11:48:30,738.48
1291,1291,Credit Card,2025-06-11 20:51:36,2979.48
1292,1292,Bank Transfer,2025-01-11 20:00:06,2653.2
1293,1293,Bank Transfer,2024-10-25 03:22:30,1970.04
1294,1294,Bank Transfer,2025-07-30 15:59:12,2644.9
1295,1295,Cash,2025-05-30 19:26:33,1010.66
1296,1296,Cash,2025-09-27 10:44:50,701.12
1297,1297,Credit Card,2024-09-12 12:19:32,1676.83
1298,1298,Credit Card,2025-11-21 16:23:25,962.66
1299,1299,Cash,2024-11-18 17:03:56,1648.61
1300,1300,Cash,2024-10-28 21:19:46,2413.67
1301,1301,PayPal,2024-09-17 14:10:07,1970.39
1302,1302,Credit Card,2026-03-24 16:29:58,1363.48
1303,1303,Cash,2026-02-26 10:53:57,350.11
1304,1304,Credit Card,2025-11-28 18:10:13,1068.06
1305,1305,Bank Transfer,2025-05-24 09:11:31,539.35
1306,1306,Bank Transfer,2025-03-31 02:19:08,4505.3
1307,1307,Bank Transfer,2026-07-03 16:04:27,1334.44
1308,1308,Cash,2024-12-15 19:21:32,2864.94
1309,1309,Bank Transfer,2025-12-07 05:58:46,2989.1
1310,1310,PayPal,2025-08-04 01:25:34,360.14
1311,1311,Bank Transfer,2026-06-06 09:12:29,4373.05
1312,1312,Credit Card,2026-03-13 11:58:40,2313.4
1313,1313,Cash,2025-03-24 19:46:15,2337.64
1314,1314,PayPal,2025-05-04 22:58:09,1251.14
1315,1315,Credit Card,2025-04-21 06:42:49,3379.3
1316,1316,PayPal,2024-12-26 15:40:28,1057.51
1317,1317,Cash,2025-02-15 23:13:01,958.6
1318,1318,Bank Transfer,2025-01-14 08:08:08,187.46
1319,1319,Bank Transfer,2024-09-08 04:22:03,1268.11
1320,1320,Bank Transfer,2025-01-18 20:52:44,1967.89
1321,1321,Cash,2025-05-25 20:00:54,1814.01
1322,1322,Credit Card,2025-01-24 03:10:43,639.36
1323,1323,Bank Transfer,2025-01-26 23:02:06,1316.22
1324,1324,Bank Transfer,2026-01-17 14:36:46,1307.28
1325,1325,PayPal,2026-05-18 06:12:10,1791.54
1326,1326,Cash,2025-05-23 08:51:24,1208.89
1327,1327,Credit Card,2025-02-12 07:25:30,497.88
1328,1328,Bank Transfer,2024-08-27 12:11:36,2839.0
1329,1329,PayPal,2026-05-17 02:32:51,371.78
1330,1330,PayPal,2025-11-21 09:11:03,2109.1
1331,1331,PayPal,2024-11-10 01:04:07,710.69
1332,1332,Bank Transfer,2025-01-22 05:50:14,2321.8
1333,1333,Cash,2026-06-17 09:24:48,1939.82
1334,1334,PayPal,2026-07-11 22:03:07,4405.54
1335,1335,Bank Transfer,2026-07-12 12:35:59,1202.79
1336,1336,Cash,2026-04-18 14:30:28,1702.48
1337,1337,Credit Card,2024-08-15 19:52:25,683.56
1338,1338,Bank Transfer,2026-02-20 09:39:08,1425.65
1339,1339,Cash,2026-04-08 20:11:40,2227.21
1340,1340,Cash,2024-10-07 12:49:46,4719.31
1341,1341,PayPal,2025-09-05 07:08:17,1828.78
1342,1342,Cash,2025-06-02 13:29:26,3389.77
1343,1343,Credit Card,2026-03-19 17:48:21,3310.79
1344,1344,Credit Card,2024-09-06 08:40:34,614.61
1345,1345,PayPal,2024-12-19 00:47:24,938.75
1346,1346,PayPal,2024-10-26 01:15:55,2757.48
1347,1347,Credit Card,2025-10-12 02:53:32,2630.89
1348,1348,PayPal,2024-12-16 20:37:51,1695.2
1349,1349,Cash,2024-09-02 00:35:55,295.74
1350,1350,Bank Transfer,2026-02-28 04:10:34,1582.73
1351,1351,Cash,2024-12-01 03:04:18,2204.26
1352,1352,Cash,2025-07-13 00:38:47,2043.83
1353,1353,PayPal,2025-12-31 05:34:17,634.52
1354,1354,Bank Transfer,2024-09-27 23:35:05,409.21
1355,1355,Credit Card,2025-07-28 16:47:48,1325.83
1356,1356,Bank Transfer,2025-04-25 06:58:44,3051.55
1357,1357,Credit Card,2025-05-16 17:43:40,430.0
1358,1358,Bank Transfer,2026-02-01 20:47:09,3278.66
1359,1359,Bank Transfer,2025-09-22 19:38:08,884.1
1360,1360,Bank Transfer,2026-07-26 20:52:18,2190.23
1361,1361,Credit Card,2026-01-12 22:51:48,217.74
1362,1362,Bank Transfer,2026-05-13 19:16:56,1948.18
1363,1363,PayPal,2025-02-15 22:35:44,473.52
1364,1364,Credit Card,2026-02-06 11:24:07,700.22
1365,1365,Bank Transfer,2026-05-14 15:24:58,2254.65
1366,1366,PayPal,2025-03-23 14:11:32,3343.03
1367,1367,Cash,2025-06-19 23:57:53,1881.22
1368,1368,Credit Card,2025-02-27 15:05:26,4373.86
1369,1369,Credit Card,2026-06-13 22:42:44,2874.12
1370,1370,Credit Card,2024-10-01 13:51:51,3592.3
1371,1371,Credit Card,2025-04-04 18:16:14,559.62
1372,1372,Bank Transfer,2024-10-16 12:42:27,1169.42
1373,1373,Bank Transfer,2025-05-18 05:15:08,1916.18
1374,1374,Bank Transfer,2024-09-15 02:36:01,575.73
1375,1375,Bank Transfer,2025-10-20 16:15:20,1105.58
1376,1376,Credit Card,2025-12-27 08:42:27,526.52
1377,1377,Credit Card,2025-08-28 06:18:37,103.57
1378,1378,Cash,2025-10-09 22:37:32,2919.6
1379,1379,PayPal,2026-02-17 22:57:03,50.91
1380,1380,PayPal,2025-11-15 10:28:10,1229.5
1381,1381,Bank Transfer,2025-01-08 03:20:55,477.9
1382,1382,Cash,2025-12-29 11:08:00,2462.06
1383,1383,Cash,2025-07-25 13:49:59,4692.9
1384,1384,Credit Card,2026-07-04 20:05:50,543.84
1385,1385,PayPal,2025-01-23 12:26:07,2319.78
1386,1386,Bank Transfer,2025-05-21 04:28:54,120.23
1387,1387,PayPal,2026-06-03 01:21:03,3136.04
1388,1388,Credit Card,2025-09-02 11:21:36,3590.38
1389,1389,Credit Card,2026-02-11 02:21:55,1402.03
1390,1390,Bank Transfer,2025-08-29 14:25:59,3869.55
1391,1391,Cash,2025-03-09 07:43:55,75.72
1392,1392,Credit Card,2024-12-08 01:19:45,1253.07
1393,1393,Cash,2026-04-27 14:00:34,1814.59
1394,1394,Cash,2025-08-04 02:22:00,2676.83
1395,1395,Cash,2024-09-20 01:01:47,1139.4
1396,1396,Bank Transfer,2025-05-15 06:01:39,1785.38
1397,1397,Cash,2026-06-29 12:05:47,2406.67
1398,1398,PayPal,2026-04-03 12:59:11,835.01
1399,1399,PayPal,2026-07-29 09:53:33,3439.05
1400,1400,Cash,2025-02-20 08:26:45,2224.14
1401,1401,PayPal,2025-03-11 17:59:31,1305.93
1402,1402,Cash,2024-09-14 03:49:51,1321.68
1403,1403,Cash,2026-01-21 08:22:06,320.46
1404,1404,Cash,2024-10-13 06:37:20,2955.61
1405,1405,Cash,2025-04-04 03:35:52,1159.14
1406,1406,Credit Card,2025-05-18 23:17:11,2802.89
1407,1407,Credit Card,2025-10-13 03:40:35,3513.74
1408,1408,PayPal,2025-10-24 19:22:31,3477.51
1409,1409,Bank Transfer,2024-10-15 23:40:13,2595.25
1410,1410,Cash,2024-09-14 06:26:50,2851.5
1411,1411,PayPal,2025-10-26 18:05:55,2644.5
1412,1412,Bank Transfer,2024-10-13 07:42:49,1821.54
1413,1413,Credit Card,2025-11-16 21:05:11,3876.56
1414,1414,Bank Transfer,2024-11-15 20:18:02,2098.83
1415,1415,PayPal,2025-12-06 19:32:09,543.84
1416,1416,Cash,2025-07-28 18:49:41,428.83
1417,1417,Bank Transfer,2025-12-22 23:08:10,2852.45
1418,1418,Cash,2026-07-21 02:37:57,1783.73
1419,1419,Bank Transfer,2024-09-15 21:29:30,326.0
1420,1420,Bank Transfer,2025-01-15 09:31:35,1772.27
1421,1421,Credit Card,2026-07-06 00:29:54,2024.19
1422,1422,PayPal,2025-04-06 09:38:10,1565.69
1423,1423,Cash,2024-12-22 03:18:36,635.15
1424,1424,Bank Transfer,2025-02-25 19:28:36,2336.26
1425,1425,PayPal,2025-06-13 04:22:41,2844.17
1426,1426,Bank Transfer,2025-02-03 20:11:45,150.65
1427,1427,Cash,2025-09-24 21:51:33,117.66
1428,1428,Cash,2025-08-13 12:13:39,1775.6
1429,1429,Bank Transfer,2025-06-27 22:13:56,1146.84
1430,1430,PayPal,2024-09-12 16:18:15,1711.27
1431,1431,Credit Card,2026-05-28 16:42:43,487.78
1432,1432,PayPal,2026-06-15 06:31:31,309.51
1433,1433,PayPal,2026-06-08 06:21:33,687.42
1434,1434,Cash,2025-12-02 06:06:49,1349.73
1435,1435,PayPal,2025-03-17 21:01:24,1085.46
1436,1436,Bank Transfer,2025-10-14 00:07:06,4342.79
1437,1437,Bank Transfer,2025-10-06 00:34:26,1262.19
1438,1438,Bank Transfer,2024-09-04 06:12:41,248.79
1439,1439,PayPal,2026-05-16 14:18:28,161.16
1440,1440,Credit Card,2026-06-24 20:51:01,4907.19
1441,1441,PayPal,2025-11-16 23:25:06,5693.0
1442,1442,PayPal,2025-05-11 22:29:06,425.86
1443,1443,Cash,2025-01-17 22:12:26,1066.39
1444,1444,Cash,2026-06-13 23:11:00,588.89
1445,1445,Credit Card,2025-08-11 07:22:01,3151.76
1446,1446,Credit Card,2024-09-20 00:02:41,954.33
1447,1447,Credit Card,2025-08-02 07:56:43,4736.03
1448,1448,Credit Card,2025-03-05 21:33:41,985.46
1449,1449,Credit Card,2025-12-14 10:26:36,1461.54
1450,1450,Bank Transfer,2026-02-08 09:57:28,2412.96
1451,1451,PayPal,2025-05-22 02:51:44,2341.44
1452,1452,Cash,2024-08-31 03:30:51,2265.06
1453,1453,Credit Card,2026-02-28 13:45:46,563.32
1454,1454,Bank Transfer,2025-11-08 07:17:43,1572.78
1455,1455,Credit Card,2026-07-05 22:05:25,181.03
1456,1456,PayPal,2025-05-08 19:29:27,1757.51
1457,1457,Bank Transfer,2026-01-06 14:14:33,1649.81
1458,1458,Bank Transfer,2025-09-07 18:09:45,853.2
1459,1459,Cash,2026-04-13 14:41:23,282.28
1460,1460,PayPal,2025-06-15 19:04:21,707.76
1461,1461,Cash,2026-04-04 17:24:24,3084.7
1462,1462,PayPal,2025-07-14 07:17:29,742.31
1463,1463,Cash,2024-12-16 11:35:16,610.14
1464,1464,PayPal,2024-10-11 12:41:46,3016.38
1465,1465,Bank Transfer,2026-05-06 11:30:11,1548.95
1466,1466,Cash,2025-08-03 12:31:31,2343.86
1467,1467,Credit Card,2024-12-05 08:59:17,698.5
1468,1468,Cash,2024-11-09 09:07:00,821.67
1469,1469,Cash,2026-05-05 19:07:09,60.22
1470,1470,PayPal,2026-04-02 21:17:35,2160.93
1471,1471,Cash,2025-10-20 19:00:15,473.69
1472,1472,Cash,2025-07-23 16:25:25,2648.29
1473,1473,Bank Transfer,2024-09-03 11:52:07,2695.27
1474,1474,Bank Transfer,2025-12-26 18:02:15,3470.58
1475,1475,PayPal,2025-02-13 03:36:28,556.5
1476,1476,PayPal,2025-03-08 20:08:30,2125.12
1477,1477,Bank Transfer,2025-10-28 01:57:20,1636.56
1478,1478,Credit Card,2025-07-04 07:38:44,1935.83
1479,1479,Credit Card,2025-05-27 11:29:10,1926.55
1480,1480,Credit Card,2025-09-23 20:28:03,6565.39
1481,1481,Credit Card,2026-08-01 14:55:29,860.13
1482,1482,Cash,2026-04-29 19:55:38,630.03
1483,1483,Cash,2025-08-20 03:24:34,1436.53
1484,1484,PayPal,2025-12-15 14:56:03,2103.12
1485,1485,Cash,2025-08-11 13:55:45,708.14
1486,1486,Bank Transfer,2025-10-22 13:21:52,2308.07
1487,1487,PayPal,2025-04-12 18:04:21,716.4
1488,1488,Bank Transfer,2026-04-29 00:02:18,2224.14
1489,1489,Cash,2024-09-15 18:05:41,577.76
1490,1490,Cash,2025-07-12 13:42:03,2672.8
1491,1491,Cash,2025-07-18 18:00:03,1922.54
1492,1492,Cash,2026-05-10 09:54:00,773.4
1493,1493,Bank Transfer,2026-05-15 20:48:53,3268.88
1494,1494,PayPal,2025-06-26 15:41:21,2432.58
1495,1495,Bank Transfer,2026-06-05 08:09:24,2041.43
1496,1496,Cash,2024-12-22 05:31:29,29.34
1497,1497,Bank Transfer,2025-01-14 18:46:08,386.7
1498,1498,Cash,2025-11-30 22:25:19,3339.15
1499,1499,Credit Card,2025-02-11 08:44:31,1626.36
1500,1500,Bank Transfer,2026-02-04 06:16:48,727.56
1501,1501,Cash,2025-01-13 16:59:36,838.55
1502,1502,Bank Transfer,2025-12-05 20:37:56,4368.46
1503,1503,Cash,2025-06-22 19:27:29,2142.04
1504,1504,Bank Transfer,2025-07-31 21:15:52,3173.29
1505,1505,Cash,2026-08-01 17:23:25,1199.84
1506,1506,Credit Card,2025-10-10 00:13:40,3554.99
1507,1507,PayPal,2026-07-04 15:38:38,2399.08
1508,1508,Bank Transfer,2024-10-05 19:59:24,10.56
1509,1509,Bank Transfer,2024-10-14 12:49:14,1345.76
1510,1510,PayPal,2025-08-02 15:38:51,2100.26
1511,1511,PayPal,2025-03-17 09:43:39,3939.37
1512,1512,Credit Card,2025-10-25 23:57:27,1893.67
1513,1513,Cash,2025-05-24 13:26:25,4240.59
1514,1514,Bank Transfer,2026-08-02 20:36:25,701.64
1515,1515,PayPal,2025-10-19 23:49:17,674.24
1516,1516,Bank Transfer,2025-04-22 22:32:38,1600.1
1517,1517,Credit Card,2024-10-21 11:03:12,414.28
1518,1518,Bank Transfer,2026-07-04 00:27:05,1435.6
1519,1519,Credit Card,2025-07-16 13:50:38,2398.73
1520,1520,Bank Transfer,2024-09-27 11:24:06,1887.43
1521,1521,Bank Transfer,2025-07-05 09:45:42,1946.09
1522,1522,Bank Transfer,2025-02-01 07:58:20,2368.3
1523,1523,Bank Transfer,2026-03-19 16:45:55,3552.14
1524,1524,PayPal,2026-06-24 04:43:37,1009.14
1525,1525,Credit Card,2026-01-26 06:28:25,1088.47
1526,1526,Cash,2025-10-10 02:30:59,1501.32
1527,1527,Bank Transfer,2025-08-06 13:59:40,1990.47
1528,1528,Credit Card,2026-07-05 13:33:30,1918.52
1529,1529,Cash,2025-08-09 13:13:22,1896.49
1530,1530,Cash,2025-02-09 09:19:42,481.99
1531,1531,PayPal,2025-10-19 11:45:13,301.8
1532,1532,Bank Transfer,2024-12-10 00:25:04,450.49
1533,1533,Cash,2025-06-21 10:14:41,211.56
1534,1534,Bank Transfer,2024-10-27 18:45:02,2493.25
1535,1535,Credit Card,2025-11-13 04:49:34,1023.77
1536,1536,PayPal,2025-05-11 17:04:14,1857.02
1537,1537,Bank Transfer,2026-06-09 16:25:06,2445.11
1538,1538,Cash,2025-06-16 22:38:38,5246.36
1539,1539,PayPal,2026-03-04 22:22:29,2893.69
1540,1540,Bank Transfer,2025-04-12 18:31:05,4350.89
1541,1541,Bank Transfer,2024-11-20 06:02:00,1003.48
1542,1542,Bank Transfer,2024-10-07 21:34:08,2360.84
1543,1543,Bank Transfer,2026-06-25 12:14:43,1119.24
1544,1544,Cash,2024-08-09 10:49:39,951.52
1545,1545,PayPal,2026-04-02 08:09:55,3489.84
1546,1546,Credit Card,2025-10-08 16:55:05,475.6
1547,1547,Bank Transfer,2025-11-13 10:29:29,2512.37
1548,1548,PayPal,2026-05-12 06:58:55,666.47
1549,1549,Cash,2025-05-22 11:19:18,113.61
1550,1550,Credit Card,2024-09-11 22:22:16,883.34
1551,1551,Bank Transfer,2025-07-08 00:50:16,3433.31
1552,1552,Credit Card,2025-06-22 22:09:15,1532.09
1553,1553,Bank Transfer,2024-10-31 13:23:36,1111.8
1554,1554,Bank Transfer,2024-08-23 22:58:22,4601.8
1555,1555,Credit Card,2026-04-22 23:55:25,1232.75
1556,1556,Credit Card,2025-02-03 13:23:31,2597.63
1557,1557,Bank Transfer,2025-04-13 13:08:31,1036.4
1558,1558,Credit Card,2026-01-09 12:25:28,1104.25
1559,1559,Cash,2024-09-01 17:04:32,311.17
1560,1560,Credit Card,2025-11-30 07:31:23,335.75
1561,1561,PayPal,2025-07-27 00:59:22,2194.18
1562,1562,Bank Transfer,2024-12-18 05:30:58,3163.13
1563,1563,Bank Transfer,2025-12-19 02:51:40,640.75
1564,1564,PayPal,2025-06-16 20:43:00,501.76
1565,1565,Cash,2026-03-21 06:21:16,3858.4
1566,1566,Credit Card,2024-12-12 13:03:32,2771.02
1567,1567,Bank Transfer,2026-04-22 01:58:33,1885.34
1568,1568,Credit Card,2025-09-27 20:41:37,1005.34
1569,1569,Bank Transfer,2025-05-14 12:12:34,1404.25
1570,1570,PayPal,2025-06-06 12:09:16,989.23
1571,1571,PayPal,2025-01-06 14:37:38,365.06
1572,1572,Credit Card,2025-03-07 06:54:30,806.82
1573,1573,PayPal,2025-04-09 20:08:05,142.85
1574,1574,Bank Transfer,2025-02-07 18:35:47,2018.12
1575,1575,Credit Card,2024-08-25 02:33:28,2745.26
1576,1576,Cash,2025-10-22 01:14:48,2234.92
1577,1577,Bank Transfer,2026-03-20 13:40:26,1521.2
1578,1578,Credit Card,2025-10-03 10:26:15,3293.34
1579,1579,Bank Transfer,2025-06-22 02:40:19,3615.14
1580,1580,PayPal,2026-03-29 17:48:11,1273.84
1581,1581,Bank Transfer,2026-06-28 00:27:09,1398.42
1582,1582,Bank Transfer,2025-12-17 17:06:05,3574.45
1583,1583,Credit Card,2024-10-15 03:15:11,1992.55
1584,1584,Bank Transfer,2026-05-31 09:09:43,187.56
1585,1585,PayPal,2025-11-29 08:56:25,3046.64
1586,1586,Cash,2025-05-04 22:24:44,1375.93
1587,1587,PayPal,2025-09-23 01:20:10,2317.09
1588,1588,PayPal,2025-03-09 08:53:33,3729.08
1589,1589,Bank Transfer,2025-07-20 13:33:49,629.86
1590,1590,Bank Transfer,2026-01-25 19:52:54,149.12
1591,1591,Credit Card,2025-12-10 04:03:50,1077.5
1592,1592,Cash,2026-06-20 02:42:11,881.55
1593,1593,Cash,2025-06-06 06:33:34,3239.8
1594,1594,Credit Card,2025-07-10 19:37:22,852.48
1595,1595,Bank Transfer,2025-08-14 09:55:13,1381.08
1596,1596,Cash,2025-07-23 20:58:25,1221.2
1597,1597,Credit Card,2025-03-27 11:25:14,1495.54
1598,1598,Credit Card,2026-06-18 01:46:54,2032.64
1599,1599,Cash,2026-01-22 11:03:49,1359.71
1600,1600,Cash,2025-06-15 13:21:31,1889.59
1601,1601,Credit Card,2024-11-26 08:09:15,2951.08
1602,1602,Cash,2025-08-31 09:27:57,2443.03
1603,1603,PayPal,2026-04-28 16:48:53,2984.35
1604,1604,PayPal,2026-06-27 16:09:35,2771.08
1605,1605,Bank Transfer,2024-12-03 16:40:23,2698.18
1606,1606,Bank Transfer,2025-07-05 23:34:19,2358.03
1607,1607,Cash,2025-04-23 15:56:08,449.95
1608,1608,Cash,2024-09-12 05:59:12,2038.74
1609,1609,Bank Transfer,2026-07-27 18:05:20,375.52
1610,1610,Credit Card,2024-11-12 18:37:11,403.88
1611,1611,Bank Transfer,2026-04-25 08:00:41,375.12
1612,1612,Credit Card,2025-07-07 05:10:24,1025.16
1613,1613,Cash,2025-01-06 10:47:47,1540.84
1614,1614,Credit Card,2025-08-24 22:46:46,2346.22
1615,1615,Credit Card,2025-11-07 03:40:36,1681.15
1616,1616,Cash,2025-10-18 12:47:38,2800.52
1617,1617,Cash,2026-01-16 00:40:13,1890.59
1618,1618,PayPal,2025-05-14 19:13:55,1720.53
1619,1619,PayPal,2026-07-12 03:35:26,1864.76
1620,1620,Cash,2025-01-06 20:23:15,195.67
1621,1621,Credit Card,2026-06-10 21:52:02,3093.42
1622,1622,PayPal,2026-04-15 06:01:59,1346.18
1623,1623,PayPal,2024-11-08 05:32:10,1274.31
1624,1624,PayPal,2026-08-04 02:32:49,2055.05
1625,1625,Cash,2024-11-08 12:47:30,171.24
1626,1626,Cash,2026-07-09 12:22:45,1628.4
1627,1627,Credit Card,2025-04-02 17:31:56,2759.1
1628,1628,Cash,2026-04-24 02:55:21,2264.27
1629,1629,PayPal,2025-02-02 10:10:50,1996.5
1630,1630,Bank Transfer,2026-03-22 00:15:02,2906.31
1631,1631,PayPal,2025-08-18 13:47:16,1638.18
1632,1632,Credit Card,2025-07-16 23:55:05,386.8
1633,1633,Bank Transfer,2025-02-20 14:55:06,599.44
1634,1634,Bank Transfer,2024-12-25 17:02:11,1678.91
1635,1635,Bank Transfer,2026-01-08 07:17:23,770.25
1636,1636,Credit Card,2026-07-07 02:19:22,4158.26
1637,1637,Credit Card,2025-07-18 15:07:40,1478.2
1638,1638,Credit Card,2026-05-30 20:28:36,1377.47
1639,1639,Bank Transfer,2024-09-17 16:22:11,1050.58
1640,1640,Bank Transfer,2026-07-22 19:05:03,1213.54
1641,1641,Credit Card,2024-09-19 11:26:13,230.04
1642,1642,PayPal,2025-01-07 21:06:50,1888.2
1643,1643,Bank Transfer,2024-10-19 07:34:38,650.11
1644,1644,PayPal,2025-06-23 18:57:16,2194.68
1645,1645,PayPal,2025-07-09 10:30:53,742.36
1646,1646,PayPal,2024-12-05 14:48:29,3447.71
1647,1647,PayPal,2025-01-03 07:43:19,533.3
1648,1648,PayPal,2025-08-09 21:24:21,1678.45
1649,1649,Cash,2026-02-16 20:05:40,2648.91
1650,1650,Credit Card,2024-11-12 23:46:23,2976.61
1651,1651,Cash,2025-04-05 01:59:50,1570.43
1652,1652,Credit Card,2024-11-29 14:34:54,2109.31
1653,1653,Cash,2026-05-07 03:59:59,2890.23
1654,1654,Credit Card,2025-07-12 13:26:59,2398.05
1655,1655,Credit Card,2025-11-12 02:02:00,2314.2
1656,1656,Cash,2025-12-24 18:20:42,211.71
1657,1657,Credit Card,2026-06-01 08:08:19,1708.83
1658,1658,Bank Transfer,2025-05-27 01:37:20,3348.61
1659,1659,Bank Transfer,2025-04-01 08:03:22,3042.43
1660,1660,Cash,2024-09-29 00:46:10,1200.33
1661,1661,Cash,2025-06-05 02:34:08,2366.3
1662,1662,Cash,2024-11-23 17:13:26,814.56
1663,1663,PayPal,2026-05-05 19:33:34,3859.13
1664,1664,Bank Transfer,2025-06-21 07:01:51,3610.18
1665,1665,Bank Transfer,2024-12-19 06:40:42,1467.3
1666,1666,Credit Card,2025-10-13 20:06:02,2448.18
1667,1667,Bank Transfer,2024-12-24 23:52:36,204.87
1668,1668,Bank Transfer,2025-01-20 01:40:03,2522.42
1669,1669,PayPal,2026-02-02 21:37:50,3847.76
1670,1670,Credit Card,2025-11-16 20:08:17,481.56
1671,1671,Credit Card,2024-11-11 23:04:26,993.6
1672,1672,Cash,2025-06-16 14:06:13,186.33
1673,1673,Credit Card,2025-11-29 00:50:22,1169.85
1674,1674,Cash,2025-07-31 10:40:15,3548.64
1675,1675,Bank Transfer,2025-06-30 20:28:57,3615.67
1676,1676,Cash,2025-07-24 03:51:51,3589.92
1677,1677,PayPal,2025-06-14 14:11:35,380.18
1678,1678,Credit Card,2026-03-05 10:21:25,36.28
1679,1679,Credit Card,2024-12-10 17:32:41,1425.15
1680,1680,Bank Transfer,2025-09-20 01:33:20,1346.45
1681,1681,Cash,2025-12-11 13:41:31,3083.48
1682,1682,Cash,2025-05-01 12:28:20,4975.36
1683,1683,PayPal,2025-02-19 12:41:51,772.2
1684,1684,Bank Transfer,2025-11-11 15:30:04,1775.02
1685,1685,Credit Card,2025-08-06 06:41:23,1750.52
1686,1686,Bank Transfer,2026-01-30 06:50:04,1613.49
1687,1687,Credit Card,2026-03-11 21:55:34,804.03
1688,1688,Bank Transfer,2024-10-31 10:22:31,185.1
1689,1689,Bank Transfer,2025-02-17 19:58:20,323.72
1690,1690,Credit Card,2025-10-07 20:17:09,569.58
1691,1691,Bank Transfer,2024-09-12 23:21:06,2385.91
1692,1692,PayPal,2025-05-15 15:25:35,1002.8
1693,1693,PayPal,2026-06-13 05:55:04,4031.68
1694,1694,Credit Card,2024-11-29 15:57:00,2533.0
1695,1695,Credit Card,2026-01-17 12:52:09,1390.89
1696,1696,PayPal,2025-12-10 21:10:54,1204.12
1697,1697,Credit Card,2026-04-13 01:05:08,1864.42
1698,1698,PayPal,2025-10-25 12:31:53,1106.06
1699,1699,Bank Transfer,2026-07-24 20:27:39,3000.4
1700,1700,Bank Transfer,2025-09-18 17:46:37,2426.54
1701,1701,PayPal,2025-03-15 23:22:18,582.94
1702,1702,Credit Card,2025-06-30 04:21:38,4018.64
1703,1703,Bank Transfer,2024-08-19 16:02:59,278.26
1704,1704,Credit Card,2025-11-03 01:04:14,3863.62
1705,1705,Cash,2025-02-12 04:13:39,2616.51
1706,1706,PayPal,2024-09-01 09:55:30,1036.77
1707,1707,Credit Card,2025-04-23 10:14:50,1419.59
1708,1708,Credit Card,2025-01-17 12:24:39,3976.04
1709,1709,PayPal,2025-09-14 16:40:39,3885.65
1710,1710,PayPal,2025-10-15 02:16:38,142.88
1711,1711,Cash,2025-04-18 21:51:04,2291.31
1712,1712,Credit Card,2024-11-01 03:17:12,473.76
1713,1713,Cash,2024-11-12 09:39:45,572.48
1714,1714,PayPal,2025-06-14 22:00:28,2511.35
1715,1715,Bank Transfer,2025-12-07 18:16:22,707.7
1716,1716,Bank Transfer,2025-10-06 04:38:23,3293.38
1717,1717,PayPal,2025-09-20 04:50:51,3833.0
1718,1718,Bank Transfer,2025-05-24 02:52:39,2561.53
1719,1719,Credit Card,2025-04-07 03:39:41,1065.81
1720,1720,Cash,2024-12-14 13:08:17,1542.39
1721,1721,Cash,2024-10-19 07:05:05,304.39
1722,1722,PayPal,2026-02-15 19:03:28,1575.12
1723,1723,Credit Card,2026-06-24 01:45:30,1005.6
1724,1724,Bank Transfer,2025-08-30 12:41:19,1175.55
1725,1725,PayPal,2024-08-11 23:08:57,2038.43
1726,1726,Cash,2025-05-24 04:23:12,78.55
1727,1727,Bank Transfer,2024-08-20 11:29:19,1642.57
1728,1728,Credit Card,2026-06-19 05:22:53,1427.98
1729,1729,Credit Card,2024-10-22 07:46:13,1040.06
1730,1730,Credit Card,2026-01-10 23:15:57,1594.76
1731,1731,Credit Card,2024-10-07 21:40:36,1622.84
1732,1732,PayPal,2025-02-21 23:25:57,1243.07
1733,1733,PayPal,2026-08-06 13:17:34,1959.07
1734,1734,Cash,2026-05-13 10:11:01,2719.74
1735,1735,Bank Transfer,2024-11-16 01:00:22,2123.99
1736,1736,PayPal,2026-03-25 06:53:44,3479.66
1737,1737,Cash,2025-07-04 09:12:08,3000.3
1738,1738,PayPal,2025-02-22 19:50:01,2689.23
1739,1739,Credit Card,2025-05-02 00:45:21,983.32
1740,1740,Cash,2025-01-25 07:31:02,998.46
1741,1741,Credit Card,2025-03-18 03:31:31,1715.14
1742,1742,Bank Transfer,2026-02-02 16:16:06,3038.64
1743,1743,PayPal,2024-08-07 17:38:21,2185.04
1744,1744,Credit Card,2026-05-26 05:18:26,2964.87
1745,1745,Bank Transfer,2025-04-20 08:20:34,2672.69
1746,1746,Credit Card,2026-02-02 10:27:34,452.92
1747,1747,Cash,2026-05-21 12:20:38,1381.86
1748,1748,Bank Transfer,2026-02-10 12:50:45,1935.83
1749,1749,Cash,2025-09-27 21:13:49,50.69
1750,1750,PayPal,2024-08-08 14:14:19,1163.2
1751,1751,PayPal,2024-11-27 15:18:35,1773.97
1752,1752,PayPal,2025-05-02 18:43:33,1664.72
1753,1753,Credit Card,2025-02-16 15:51:56,1325.16
1754,1754,Bank Transfer,2025-07-24 06:11:13,2125.75
1755,1755,PayPal,2026-03-15 00:34:27,1929.44
1756,1756,Bank Transfer,2025-06-25 15:04:34,1531.46
1757,1757,Credit Card,2024-12-04 06:00:10,3555.8
1758,1758,PayPal,2024-08-26 02:15:41,1551.41
1759,1759,Bank Transfer,2025-05-10 05:27:40,234.95
1760,1760,Credit Card,2024-09-15 18:12:53,1296.16
1761,1761,Bank Transfer,2025-01-13 23:49:51,2211.72
1762,1762,PayPal,2025-10-10 00:24:43,2215.27
1763,1763,Bank Transfer,2025-05-02 05:03:32,2749.06
1764,1764,PayPal,2025-06-01 04:31:18,1086.9
1765,1765,Bank Transfer,2025-02-09 17:17:12,1646.97
1766,1766,PayPal,2024-12-02 16:51:46,398.82
1767,1767,PayPal,2026-03-15 02:08:17,2470.66
1768,1768,Cash,2024-10-10 09:17:20,3314.29
1769,1769,PayPal,2026-08-04 07:23:53,36.93
1770,1770,Cash,2024-12-20 13:34:03,750.66
1771,1771,PayPal,2024-10-23 06:31:16,175.53
1772,1772,Cash,2024-09-14 02:15:31,715.28
1773,1773,Cash,2024-08-19 17:57:41,559.62
1774,1774,Bank Transfer,2025-09-03 14:06:01,175.16
1775,1775,Cash,2025-11-11 01:20:53,674.92
1776,1776,Bank Transfer,2025-09-26 19:27:11,1975.42
1777,1777,Bank Transfer,2024-09-05 01:00:45,2413.52
1778,1778,Credit Card,2024-08-21 20:41:05,3146.31
1779,1779,Credit Card,2025-06-01 16:36:03,894.56
1780,1780,Bank Transfer,2025-10-10 09:51:11,2026.72
1781,1781,Credit Card,2025-11-06 10:44:37,1815.56
1782,1782,PayPal,2024-10-06 07:17:30,3695.81
1783,1783,PayPal,2024-09-27 20:29:04,4305.58
1784,1784,PayPal,2025-11-06 07:08:29,1533.05
1785,1785,Cash,2024-11-04 01:34:25,1402.83
1786,1786,PayPal,2025-05-04 11:13:30,1465.28
1787,1787,Credit Card,2024-11-07 13:57:27,1454.25
1788,1788,Cash,2024-10-31 02:43:18,60.22
1789,1789,Cash,2024-11-07 11:38:52,2637.26
1790,1790,Cash,2024-08-20 14:45:36,1000.55
1791,1791,Bank Transfer,2024-10-21 16:11:51,407.01
1792,1792,Credit Card,2026-01-29 21:33:48,1377.2
1793,1793,Bank Transfer,2026-07-24 11:10:36,2129.74
1794,1794,Cash,2026-05-06 01:55:59,2281.12
1795,1795,PayPal,2026-03-29 23:26:52,2525.54
1796,1796,Cash,2025-03-16 12:57:57,1696.52
1797,1797,Bank Transfer,2025-08-12 06:49:17,2133.01
1798,1798,PayPal,2026-05-26 09:49:25,911.47
1799,1799,PayPal,2026-07-26 01:55:10,2011.92
1800,1800,Bank Transfer,2025-03-17 01:30:09,376.69
1801,1801,PayPal,2025-05-04 06:55:12,1243.13
1802,1802,Bank Transfer,2024-11-12 02:11:08,213.0
1803,1803,Cash,2025-04-10 21:34:18,2437.56
1804,1804,Credit Card,2026-01-24 22:00:04,3913.56
1805,1805,Credit Card,2025-12-06 07:16:39,2056.01
1806,1806,Cash,2024-12-06 20:54:46,957.07
1807,1807,Bank Transfer,2026-01-16 17:48:50,1778.0
1808,1808,PayPal,2024-09-17 15:08:57,2664.84
1809,1809,Cash,2025-07-11 07:00:48,1824.83
1810,1810,Bank Transfer,2025-09-16 23:44:02,2595.96
1811,1811,PayPal,2026-05-18 06:52:59,1258.08
1812,1812,PayPal,2026-01-25 16:36:55,825.96
1813,1813,Credit Card,2025-08-20 15:09:45,2604.37
1814,1814,Bank Transfer,2024-11-27 21:28:42,283.64
1815,1815,PayPal,2026-07-05 04:22:33,142.0
1816,1816,PayPal,2026-04-19 17:27:09,1095.51
1817,1817,PayPal,2026-02-18 18:47:48,1609.74
1818,1818,Bank Transfer,2025-11-17 03:26:52,1895.11
1819,1819,Bank Transfer,2025-05-12 03:22:13,2847.2
1820,1820,PayPal,2025-08-26 19:02:30,1395.72
1821,1821,Bank Transfer,2024-12-18 15:45:51,1439.11
1822,1822,Credit Card,2024-08-14 14:46:53,929.84
1823,1823,Bank Transfer,2025-07-16 17:57:59,1831.43
1824,1824,Credit Card,2024-09-06 23:41:37,437.76
1825,1825,Cash,2025-07-12 04:39:21,271.42
1826,1826,Credit Card,2025-08-27 05:12:02,3011.06
1827,1827,Credit Card,2024-10-19 15:01:51,666.01
1828,1828,PayPal,2025-01-11 18:49:38,1626.51
1829,1829,PayPal,2026-02-14 11:17:02,1510.82
1830,1830,Bank Transfer,2024-10-16 17:10:07,131.12
1831,1831,PayPal,2026-05-20 00:53:34,1478.2
1832,1832,Bank Transfer,2026-02-08 09:05:21,506.22
1833,1833,Cash,2026-07-30 08:26:24,2664.6
1834,1834,Bank Transfer,2026-04-09 21:02:12,1935.54
1835,1835,Bank Transfer,2025-03-26 23:07:53,1964.52
1836,1836,Bank Transfer,2026-04-07 20:28:39,1346.54
1837,1837,Credit Card,2025-08-16 03:56:28,2624.69
1838,1838,Credit Card,2026-07-09 21:29:23,1294.29
1839,1839,PayPal,2025-06-07 07:52:03,2222.57
1840,1840,Credit Card,2026-04-12 09:04:31,931.95
1841,1841,Cash,2026-01-24 10:12:16,3643.92
1842,1842,Cash,2025-09-26 15:27:13,1212.36
1843,1843,Cash,2025-01-01 15:59:59,1050.09
1844,1844,Credit Card,2025-01-19 21:39:19,3198.89
1845,1845,Cash,2026-04-10 12:47:21,2581.52
1846,1846,PayPal,2025-08-20 19:47:16,534.61
1847,1847,Bank Transfer,2024-12-22 20:00:12,2857.69
1848,1848,Credit Card,2025-05-11 20:50:28,203.64
1849,1849,PayPal,2025-09-01 16:33:26,1192.8
1850,1850,Bank Transfer,2025-09-22 12:09:27,608.78
1851,1851,Bank Transfer,2026-01-17 21:31:51,1276.86
1852,1852,Bank Transfer,2025-08-14 05:17:19,360.37
1853,1853,Credit Card,2025-08-15 14:13:00,1296.87
1854,1854,Credit Card,2025-11-13 21:49:27,815.76
1855,1855,Cash,2025-08-18 02:42:44,1167.62
1856,1856,PayPal,2026-07-26 16:59:11,2321.56
1857,1857,Cash,2026-04-04 03:52:30,3126.34
1858,1858,Credit Card,2024-08-22 04:36:27,1568.46
1859,1859,Credit Card,2026-02-15 16:56:28,810.71
1860,1860,Bank Transfer,2024-12-22 09:25:00,3737.89
1861,1861,Cash,2026-03-14 09:00:36,587.7
1862,1862,Credit Card,2026-05-04 07:03:43,1643.4
1863,1863,Bank Transfer,2025-03-01 04:22:35,2263.16
1864,1864,Credit Card,2026-05-12 08:52:31,4743.48
1865,1865,Bank Transfer,2025-09-23 14:46:40,2505.81
1866,1866,PayPal,2024-11-04 05:44:19,533.97
1867,1867,Credit Card,2025-03-21 03:26:07,2346.96
1868,1868,Credit Card,2026-03-26 08:40:39,1890.92
1869,1869,Cash,2025-07-23 18:51:31,114.12
1870,1870,Credit Card,2025-10-10 13:35:32,581.58
1871,1871,Cash,2024-12-08 14:31:57,412.98
1872,1872,PayPal,2024-08-18 22:50:29,318.6
1873,1873,PayPal,2026-05-10 00:31:50,2491.87
1874,1874,Credit Card,2025-03-18 08:57:01,334.45
1875,1875,Bank Transfer,2026-03-07 03:46:33,2335.2
1876,1876,PayPal,2025-02-05 14:06:08,2790.36
1877,1877,Cash,2025-02-04 03:37:37,362.46
1878,1878,Credit Card,2026-02-17 18:59:25,2683.66
1879,1879,Bank Transfer,2026-04-14 19:14:06,1014.31
1880,1880,Credit Card,2025-02-16 16:24:46,1888.44
1881,1881,Bank Transfer,2025-10-19 03:01:18,2355.2
1882,1882,Credit Card,2025-11-25 21:51:31,2713.24
1883,1883,PayPal,2025-05-31 04:41:13,871.13
1884,1884,Bank Transfer,2024-12-20 12:32:58,1939.48
1885,1885,Bank Transfer,2025-06-16 12:17:57,2430.62
1886,1886,Credit Card,2026-07-19 01:29:05,1239.52
1887,1887,Cash,2024-12-27 11:36:36,3232.89
1888,1888,Credit Card,2026-05-30 14:13:07,2022.72
1889,1889,PayPal,2025-02-08 11:04:03,871.63
1890,1890,Cash,2025-01-06 08:54:59,1801.12
1891,1891,PayPal,2025-02-12 07:56:41,2847.48
1892,1892,Bank Transfer,2025-03-21 20:35:19,1709.32
1893,1893,Cash,2026-06-29 07:21:20,2909.39
1894,1894,Cash,2026-07-19 22:50:45,1377.45
1895,1895,Bank Transfer,2025-01-08 07:49:37,411.21
1896,1896,PayPal,2025-11-25 20:23:57,4444.57
1897,1897,PayPal,2024-09-27 20:28:10,1407.38
1898,1898,Cash,2024-08-13 19:10:56,935.06
1899,1899,Bank Transfer,2025-03-12 17:07:32,373.41
1900,1900,Credit Card,2026-06-27 15:02:51,3251.83
1901,1901,PayPal,2026-02-27 01:13:42,407.01
1902,1902,Cash,2026-03-29 09:20:31,1302.65
1903,1903,Bank Transfer,2026-07-24 05:04:13,779.9
1904,1904,PayPal,2026-05-14 05:10:22,350.11
1905,1905,Cash,2025-08-03 06:43:57,1550.61
1906,1906,Credit Card,2024-10-25 07:16:21,1285.91
1907,1907,Credit Card,2025-07-12 04:36:31,2197.97
1908,1908,Bank Transfer,2025-03-26 20:05:28,1029.02
1909,1909,Cash,2025-08-18 09:37:19,453.83
1910,1910,Cash,2025-12-07 06:20:16,736.87
1911,1911,Cash,2025-01-06 09:02:35,1374.46
1912,1912,PayPal,2026-01-15 21:49:40,2472.75
1913,1913,Credit Card,2026-02-21 08:40:50,1434.77
1914,1914,Credit Card,2026-06-21 02:56:02,1226.65
1915,1915,PayPal,2024-10-16 13:19:14,1344.72
1916,1916,Bank Transfer,2026-06-28 03:22:35,2197.07
1917,1917,Bank Transfer,2025-09-28 02:57:27,107.38
1918,1918,Bank Transfer,2025-10-21 02:07:04,1131.82
1919,1919,Credit Card,2026-02-13 21:23:32,5289.55
1920,1920,Credit Card,2024-08-27 05:51:44,2561.26
1921,1921,Cash,2024-09-19 09:09:01,1193.34
1922,1922,Bank Transfer,2024-12-27 00:13:01,1339.08
1923,1923,Bank Transfer,2026-04-10 09:23:27,762.12
1924,1924,PayPal,2024-12-08 20:46:52,151.35
1925,1925,Bank Transfer,2025-06-07 02:36:10,3019.63
1926,1926,Cash,2024-08-13 05:59:27,2444.74
1927,1927,Bank Transfer,2025-08-26 21:12:43,4313.2
1928,1928,Bank Transfer,2024-08-10 00:07:13,640.92
1929,1929,Cash,2024-10-11 04:42:18,1857.2
1930,1930,Cash,2025-12-20 05:27:11,225.94
1931,1931,Bank Transfer,2026-05-20 23:09:38,1413.55
1932,1932,PayPal,2025-06-25 01:59:23,2161.55
1933,1933,Bank Transfer,2025-03-22 08:33:12,2050.2
1934,1934,Credit Card,2024-08-24 15:02:22,1276.86
1935,1935,Cash,2026-06-18 08:32:18,220.5
1936,1936,Cash,2026-07-26 19:51:16,129.8
1937,1937,PayPal,2026-06-06 07:42:46,1024.08
1938,1938,Bank Transfer,2025-02-22 20:55:31,428.55
1939,1939,Bank Transfer,2026-03-28 01:48:19,1842.83
1940,1940,Cash,2024-08-16 02:32:35,115.52
1941,1941,Cash,2024-12-20 12:44:21,806.11
1942,1942,PayPal,2025-08-23 10:35:40,3935.65
1943,1943,PayPal,2026-01-14 06:34:50,1051.8
1944,1944,Bank Transfer,2026-01-19 16:28:03,2010.37
1945,1945,Cash,2026-02-16 11:30:05,3856.89
1946,1946,Bank Transfer,2024-09-12 11:44:45,451.37
1947,1947,Bank Transfer,2025-05-26 12:48:00,2376.1
1948,1948,Bank Transfer,2026-04-21 07:06:27,271.42
1949,1949,Bank Transfer,2026-05-29 13:39:20,3786.48
1950,1950,Credit Card,2025-05-01 14:25:44,256.32
1951,1951,Bank Transfer,2026-05-09 04:01:12,4783.51
1952,1952,Bank Transfer,2025-10-09 21:58:38,2241.3
1953,1953,Bank Transfer,2026-04-17 03:12:11,544.29
1954,1954,Cash,2025-03-09 14:28:10,2011.99
1955,1955,Credit Card,2025-11-13 17:40:12,2128.24
1956,1956,Cash,2025-08-25 08:21:59,1150.8
1957,1957,Cash,2025-02-06 14:00:44,1489.76
1958,1958,Credit Card,2026-06-01 16:01:49,1830.37
1959,1959,PayPal,2025-07-03 06:43:40,628.95
1960,1960,Cash,2024-08-08 10:38:09,318.6
1961,1961,Credit Card,2024-08-31 10:55:18,136.36
1962,1962,Credit Card,2025-08-01 20:11:48,767.37
1963,1963,Credit Card,2025-01-07 14:55:25,885.52
1964,1964,Cash,2025-03-31 19:27:28,93.43
1965,1965,Credit Card,2025-10-25 00:59:02,2128.76
1966,1966,Credit Card,2026-03-29 15:39:58,3689.02
1967,1967,Bank Transfer,2026-04-10 06:47:36,398.64
1968,1968,Credit Card,2025-09-21 14:20:29,482.0
1969,1969,Bank Transfer,2025-04-17 20:56:25,1298.13
1970,1970,Cash,2025-03-18 08:29:31,1710.44
1971,1971,Bank Transfer,2025-05-18 01:25:38,469.9
1972,1972,Cash,2025-12-06 07:31:10,338.03
1973,1973,PayPal,2024-11-27 09:08:20,1161.74
1974,1974,Bank Transfer,2025-01-26 08:27:18,561.13
1975,1975,Cash,2025-12-30 07:44:39,160.23
1976,1976,PayPal,2026-01-04 22:39:44,75.99
1977,1977,Credit Card,2024-08-28 22:49:01,384.94
1978,1978,Cash,2025-10-23 14:42:51,2453.8
1979,1979,PayPal,2026-03-23 21:37:00,2133.2
1980,1980,PayPal,2026-07-04 17:50:45,208.5
1981,1981,Bank Transfer,2024-08-18 17:18:02,1450.49
1982,1982,Credit Card,2026-02-24 22:05:15,3049.53
1983,1983,Credit Card,2025-04-19 05:20:45,716.4
1984,1984,PayPal,2025-06-07 18:50:17,1893.57
1985,1985,PayPal,2026-04-13 04:05:47,1731.4
1986,1986,Credit Card,2025-11-08 05:42:57,1283.17
1987,1987,Credit Card,2025-02-07 05:26:59,1481.61
1988,1988,Cash,2025-02-02 21:07:43,2745.83
1989,1989,PayPal,2025-10-28 01:08:39,342.48
1990,1990,Credit Card,2025-08-07 10:10:22,1048.16
1991,1991,PayPal,2026-07-03 16:32:09,1392.88
1992,1992,Bank Transfer,2025-05-21 01:26:58,142.88
1993,1993,Credit Card,2026-02-26 11:46:14,1888.72
1994,1994,Cash,2026-05-17 20:04:08,1807.91
1995,1995,Bank Transfer,2025-07-15 04:17:39,989.02
1996,1996,Cash,2024-09-15 14:30:28,2181.53
1997,1997,Cash,2024-10-20 22:00:38,2935.48
1998,1998,Cash,2025-07-06 07:35:36,1446.84
1999,1999,Credit Card,2024-09-22 01:10:13,2227.1
2000,2000,Credit Card,2024-12-19 00:49:18,1017.49
2001,2001,PayPal,2025-07-17 23:22:18,3212.58
2002,2002,PayPal,2024-09-24 14:43:23,1492.19
2003,2003,Credit Card,2026-05-29 23:18:45,2498.63
2004,2004,Credit Card,2025-06-02 08:10:26,2470.66
2005,2005,Cash,2025-10-26 17:27:58,627.77
2006,2006,Credit Card,2025-04-12 15:39:36,1530.14
2007,2007,Bank Transfer,2026-06-18 10:12:23,1044.24
2008,2008,Credit Card,2025-01-14 18:40:54,192.67
2009,2009,PayPal,2026-03-04 02:57:09,2055.83
2010,2010,Cash,2025-12-05 00:24:21,1302.12
2011,2011,Cash,2025-04-14 11:20:15,567.72
2012,2012,PayPal,2025-06-14 14:46:23,2209.41
2013,2013,Credit Card,2024-10-30 13:37:05,3392.44
2014,2014,Bank Transfer,2024-11-12 00:39:58,1199.22
2015,2015,PayPal,2024-09-12 06:48:13,520.81
2016,2016,Bank Transfer,2024-12-31 10:37:38,3799.44
2017,2017,Bank Transfer,2024-11-29 19:45:01,424.51
2018,2018,PayPal,2024-12-20 14:27:10,3997.08
2019,2019,PayPal,2026-06-21 08:16:13,2772.22
2020,2020,Credit Card,2026-04-28 23:36:44,1767.12
2021,2021,Credit Card,2026-05-17 05:57:20,1828.45
2022,2022,Cash,2025-12-29 16:15:49,3068.62
2023,2023,Cash,2026-02-07 15:09:03,1788.2
2024,2024,Cash,2025-02-24 06:46:24,3574.07
2025,2025,Cash,2025-12-30 14:21:13,1837.8
2026,2026,Cash,2025-03-24 04:33:49,3033.38
2027,2027,PayPal,2026-08-06 11:57:33,2980.52
2028,2028,Credit Card,2025-12-26 15:37:04,1780.92
2029,2029,Credit Card,2024-12-26 19:57:12,208.39
2030,2030,Cash,2025-04-02 03:30:54,796.97
2031,2031,Credit Card,2025-08-08 10:32:24,3098.01
2032,2032,Credit Card,2025-05-30 19:39:03,2018.58
2033,2033,Cash,2024-08-16 09:34:18,2245.15
2034,2034,Cash,2026-07-19 23:08:28,1633.5
2035,2035,Cash,2025-06-06 22:58:51,468.85
2036,2036,Credit Card,2026-07-29 23:49:35,4182.88
2037,2037,Bank Transfer,2026-02-13 17:08:29,1007.39
2038,2038,Bank Transfer,2025-06-01 02:00:17,2551.83
2039,2039,PayPal,2026-05-09 20:54:17,2729.86
2040,2040,Credit Card,2024-12-14 20:01:15,1346.21
2041,2041,Cash,2025-03-06 18:32:02,2251.9
2042,2042,Credit Card,2025-12-29 04:10:22,3078.36
2043,2043,Cash,2024-08-31 09:49:31,2555.76
2044,2044,PayPal,2024-12-19 16:33:51,1602.19
2045,2045,PayPal,2025-07-02 04:10:24,2399.5
2046,2046,Cash,2026-05-18 07:59:04,1785.86
2047,2047,PayPal,2026-01-06 22:58:03,302.74
2048,2048,Cash,2026-02-19 02:38:06,1920.17
2049,2049,Credit Card,2024-09-07 19:52:03,444.75
2050,2050,PayPal,2025-05-22 11:45:30,3303.2
2051,2051,Credit Card,2024-10-31 08:28:25,233.54
2052,2052,Cash,2025-05-26 03:30:34,3147.66
2053,2053,Bank Transfer,2025-07-23 20:25:01,129.45
2054,2054,Bank Transfer,2026-02-20 23:10:15,2318.55
2055,2055,Credit Card,2026-03-03 17:00:14,1889.94
2056,2056,PayPal,2026-06-19 18:42:44,2161.73
2057,2057,Credit Card,2025-05-08 04:13:23,998.8
2058,2058,Cash,2025-06-01 07:51:09,750.37
2059,2059,PayPal,2026-02-07 00:03:24,3572.58
2060,2060,Bank Transfer,2025-06-23 03:11:39,1561.39
2061,2061,PayPal,2026-07-10 14:16:47,1836.95
2062,2062,Credit Card,2024-10-28 14:11:53,1962.92
2063,2063,Cash,2025-05-17 02:02:45,1355.48
2064,2064,PayPal,2025-05-06 23:23:08,3449.12
2065,2065,Bank Transfer,2025-07-29 00:24:52,1065.5
2066,2066,Credit Card,2026-01-10 09:27:23,2165.25
2067,2067,Bank Transfer,2025-10-12 04:51:34,2290.48
2068,2068,Credit Card,2026-05-01 15:09:16,3528.72
2069,2069,Credit Card,2025-07-06 18:15:07,4952.59
2070,2070,Bank Transfer,2024-11-12 17:57:01,336.76
2071,2071,PayPal,2025-01-17 14:33:08,1510.39
2072,2072,Bank Transfer,2025-08-05 13:21:29,2610.11
2073,2073,Bank Transfer,2026-05-31 21:35:28,1009.28
2074,2074,Bank Transfer,2025-10-05 23:24:31,4741.53
2075,2075,Bank Transfer,2025-04-30 19:49:45,1855.14
2076,2076,Credit Card,2024-09-22 11:00:12,2382.74
2077,2077,Credit Card,2025-10-02 03:01:07,831.4
2078,2078,Cash,2025-05-30 16:24:57,596.1
2079,2079,Bank Transfer,2025-09-23 12:14:04,2224.94
2080,2080,Bank Transfer,2025-07-21 03:53:50,3419.69
2081,2081,PayPal,2026-04-26 06:41:56,235.19
2082,2082,PayPal,2025-04-09 09:34:57,2348.25
2083,2083,Cash,2026-05-18 21:29:52,626.03
2084,2084,Cash,2024-11-13 01:04:15,1983.04
2085,2085,Cash,2025-10-05 02:40:09,2464.0
2086,2086,PayPal,2025-01-05 00:17:00,203.06
2087,2087,Cash,2026-03-06 15:02:21,2506.22
2088,2088,Bank Transfer,2024-08-11 18:43:20,498.58
2089,2089,Bank Transfer,2025-11-20 15:28:10,390.01
2090,2090,Credit Card,2026-05-05 19:48:34,64.9
2091,2091,Credit Card,2024-10-24 06:45:52,2195.32
2092,2092,Credit Card,2026-02-18 09:23:38,2515.1
2093,2093,Credit Card,2026-02-28 00:05:31,629.4
2094,2094,Bank Transfer,2025-05-30 22:12:51,981.78
2095,2095,Cash,2025-10-07 10:41:04,2280.62
2096,2096,PayPal,2026-04-15 08:36:51,2946.76
2097,2097,Cash,2026-06-04 09:53:53,1264.2
2098,2098,Credit Card,2026-06-01 08:03:59,194.7
2099,2099,Credit Card,2024-12-01 21:48:05,2161.04
2100,2100,PayPal,2025-03-30 06:52:00,3543.99
2101,2101,Credit Card,2024-12-17 11:00:08,2292.67
2102,2102,Credit Card,2026-06-14 04:34:16,1090.71
2103,2103,Credit Card,2025-03-04 16:47:54,354.61
2104,2104,Credit Card,2024-08-07 15:42:02,2058.41
2105,2105,Bank Transfer,2024-08-06 16:22:59,2149.0
2106,2106,Cash,2026-01-20 10:21:07,2577.73
2107,2107,PayPal,2025-01-25 21:53:47,492.97
2108,2108,PayPal,2025-10-21 09:25:54,2700.14
2109,2109,PayPal,2026-02-25 05:57:28,666.47
2110,2110,Credit Card,2024-10-08 05:41:29,3196.64
2111,2111,Bank Transfer,2025-03-09 06:56:16,320.46
2112,2112,Cash,2024-08-06 17:53:04,1251.69
2113,2113,PayPal,2026-04-03 22:14:55,3081.04
2114,2114,PayPal,2026-01-11 03:56:17,1262.19
2115,2115,Credit Card,2026-04-09 13:38:32,1635.71
2116,2116,Cash,2024-11-29 21:42:20,1041.75
2117,2117,Credit Card,2024-11-17 12:33:56,2886.34
2118,2118,PayPal,2025-06-13 10:07:05,2785.08
2119,2119,Credit Card,2025-01-03 17:01:53,3051.73
2120,2120,Bank Transfer,2025-09-18 22:46:57,3187.86
2121,2121,Credit Card,2026-01-06 02:00:05,1600.89
2122,2122,Bank Transfer,2025-09-24 14:50:24,2265.31
2123,2123,Cash,2024-11-23 18:54:37,3348.12
2124,2124,Credit Card,2025-02-25 09:10:39,1608.7
2125,2125,Bank Transfer,2025-03-10 21:30:46,602.19
2126,2126,PayPal,2025-02-25 20:49:00,2781.75
2127,2127,Bank Transfer,2025-03-13 00:12:30,1000.83
2128,2128,Credit Card,2025-07-10 05:51:13,1809.77
2129,2129,Credit Card,2026-02-18 02:30:43,1141.71
2130,2130,Credit Card,2025-06-07 17:32:18,374.77
2131,2131,Credit Card,2024-12-24 20:27:01,1792.65
2132,2132,Credit Card,2025-12-02 17:16:20,1243.88
2133,2133,Cash,2026-04-01 23:15:20,3009.97
2134,2134,Bank Transfer,2026-04-04 11:35:23,388.35
2135,2135,PayPal,2025-09-13 09:16:41,1679.12
2136,2136,PayPal,2026-02-21 08:11:25,530.44
2137,2137,PayPal,2025-08-15 15:55:10,2149.25
2138,2138,PayPal,2026-05-13 11:34:48,1725.48
2139,2139,Cash,2025-03-09 23:34:29,1301.88
2140,2140,PayPal,2025-02-22 07:54:19,2331.01
2141,2141,Credit Card,2024-10-10 09:08:22,2735.79
2142,2142,PayPal,2025-03-27 18:05:27,724.6
2143,2143,PayPal,2024-12-31 21:05:35,3200.28
2144,2144,Bank Transfer,2024-10-30 21:06:28,2934.2
2145,2145,PayPal,2026-04-26 07:17:54,18.14
2146,2146,PayPal,2026-01-25 17:16:36,868.69
2147,2147,Cash,2024-10-21 00:19:00,3313.02
2148,2148,Cash,2026-01-03 21:40:48,1477.0
2149,2149,Credit Card,2025-05-11 08:32:41,1690.53
2150,2150,Cash,2024-12-03 00:58:40,2371.99
2151,2151,Bank Transfer,2024-08-25 08:26:31,1963.65
2152,2152,Cash,2025-03-27 04:19:52,1026.58
2153,2153,Credit Card,2024-10-02 14:59:31,1376.63
2154,2154,Credit Card,2024-12-06 19:46:37,1453.08
2155,2155,Cash,2025-07-07 08:03:05,1961.19
2156,2156,PayPal,2026-07-01 12:19:19,2743.85
2157,2157,Cash,2026-07-25 08:57:36,206.34
2158,2158,Cash,2025-01-31 14:23:43,4485.52
2159,2159,Bank Transfer,2026-03-21 15:23:54,722.48
2160,2160,Cash,2025-05-08 16:25:03,2892.06
2161,2161,Bank Transfer,2025-01-28 15:34:23,2070.29
2162,2162,Bank Transfer,2025-09-03 20:03:29,644.6
2163,2163,Cash,2024-08-25 01:51:40,1930.22
2164,2164,Bank Transfer,2024-08-31 22:09:51,210.98
2165,2165,Credit Card,2026-03-29 04:39:13,1188.14
2166,2166,Cash,2026-03-13 01:28:57,2610.2
2167,2167,PayPal,2026-05-27 19:42:52,1948.06
2168,2168,Cash,2024-09-03 02:57:55,657.13
2169,2169,Cash,2025-12-25 01:22:48,2934.04
2170,2170,Credit Card,2026-03-02 12:29:50,1807.07
2171,2171,Bank Transfer,2024-12-05 13:40:57,6427.82
2172,2172,Bank Transfer,2025-04-29 16:54:48,2951.3
2173,2173,PayPal,2025-06-14 03:03:27,1843.33
2174,2174,Cash,2026-01-15 17:36:08,956.29
2175,2175,Credit Card,2026-04-27 20:14:50,1166.42
2176,2176,Cash,2025-01-26 07:23:05,1524.92
2177,2177,PayPal,2025-06-03 09:47:06,1989.94
2178,2178,Bank Transfer,2026-06-02 00:45:18,3080.02
2179,2179,Credit Card,2025-07-18 04:35:14,2632.78
2180,2180,PayPal,2026-05-27 02:40:28,1446.15
2181,2181,Credit Card,2025-09-05 20:29:31,2059.96
2182,2182,PayPal,2026-05-26 02:53:43,2000.87
2183,2183,Cash,2024-12-18 09:39:23,60.38
2184,2184,Bank Transfer,2025-08-06 12:44:41,823.07
2185,2185,PayPal,2025-08-23 20:53:08,207.15
2186,2186,Bank Transfer,2026-02-23 19:13:29,2224.15
2187,2187,Cash,2025-05-09 14:35:33,533.03
2188,2188,PayPal,2025-09-05 02:42:39,3317.82
2189,2189,PayPal,2025-05-30 04:30:25,2483.49
2190,2190,PayPal,2024-11-08 23:19:23,30.04
2191,2191,Credit Card,2026-06-26 19:40:08,3136.52
2192,2192,Credit Card,2025-05-01 02:01:00,4690.81
2193,2193,Cash,2025-05-15 02:56:21,1866.22
2194,2194,Bank Transfer,2026-03-04 04:38:34,5484.01
2195,2195,Credit Card,2025-08-27 09:35:38,2779.12
2196,2196,Cash,2025-07-20 05:23:19,1832.62
2197,2197,Credit Card,2024-10-03 11:56:31,2356.72
2198,2198,Bank Transfer,2025-09-01 17:28:51,1668.86
2199,2199,PayPal,2026-04-30 06:06:55,2980.33
2200,2200,Cash,2024-08-13 15:29:16,1016.02
2201,2201,Cash,2026-06-10 16:21:58,1462.52
2202,2202,Cash,2024-08-28 21:26:26,3553.91
2203,2203,Bank Transfer,2025-11-07 01:54:48,2113.65
2204,2204,Bank Transfer,2025-12-17 18:57:22,496.93
2205,2205,Bank Transfer,2026-07-25 08:02:35,1586.61
2206,2206,Cash,2025-12-23 23:18:02,1599.78
2207,2207,PayPal,2026-07-24 14:46:04,1932.5
2208,2208,Credit Card,2025-12-18 09:21:52,1819.89
2209,2209,Credit Card,2025-03-17 08:41:01,279.53
2210,2210,Cash,2026-01-13 01:09:15,1674.95
2211,2211,PayPal,2024-10-30 03:34:27,1312.07
2212,2212,Bank Transfer,2024-11-15 12:26:08,1097.02
2213,2213,PayPal,2025-12-11 03:27:35,1994.27
2214,2214,Cash,2025-03-02 07:41:38,1339.89
2215,2215,PayPal,2025-02-12 21:08:52,1201.73
2216,2216,Bank Transfer,2026-06-28 03:52:40,319.02
2217,2217,Bank Transfer,2026-03-23 08:33:12,4801.61
2218,2218,PayPal,2025-06-18 08:13:51,2607.2
2219,2219,Bank Transfer,2025-11-12 07:12:33,2554.94
2220,2220,Bank Transfer,2026-07-14 18:22:52,1512.6
2221,2221,Cash,2025-11-12 05:04:57,1093.4
2222,2222,Bank Transfer,2026-05-15 03:02:17,839.7
2223,2223,Credit Card,2025-10-11 21:09:32,2004.39
2224,2224,Cash,2025-06-03 17:35:26,709.78
2225,2225,Credit Card,2025-06-21 05:11:43,125.44
2226,2226,Bank Transfer,2025-09-09 02:34:18,2433.85
2227,2227,Cash,2024-08-07 03:00:06,2474.66
2228,2228,Bank Transfer,2026-04-22 03:08:05,831.15
2229,2229,Credit Card,2026-02-09 04:12:55,1809.87
2230,2230,Credit Card,2024-09-21 03:09:25,2212.29
2231,2231,Cash,2025-12-04 00:32:02,222.32
2232,2232,PayPal,2025-01-30 00:54:44,1437.93
2233,2233,PayPal,2026-02-11 17:20:14,2669.62
2234,2234,Cash,2025-12-12 14:09:10,2468.32
2235,2235,Cash,2025-07-28 01:15:02,3204.12
2236,2236,Cash,2024-11-14 10:18:16,1919.87
2237,2237,Bank Transfer,2026-01-25 00:35:12,2734.68
2238,2238,PayPal,2025-01-08 03:59:55,674.96
2239,2239,Bank Transfer,2026-05-05 20:36:23,80.43
2240,2240,PayPal,2026-01-25 07:06:57,467.08
2241,2241,PayPal,2026-06-09 01:14:12,1819.57
2242,2242,Bank Transfer,2026-06-15 19:24:36,960.24
2243,2243,Cash,2025-05-10 18:16:40,2751.92
2244,2244,PayPal,2026-01-03 04:56:13,2877.51
2245,2245,Credit Card,2024-08-10 14:10:39,2180.06
2246,2246,PayPal,2026-03-03 14:15:49,845.16
2247,2247,PayPal,2026-04-10 18:12:37,687.19
2248,2248,Bank Transfer,2026-07-23 13:38:30,2044.12
2249,2249,Cash,2024-12-24 00:48:47,789.42
2250,2250,Bank Transfer,2025-07-31 21:01:05,1086.54
2251,2251,PayPal,2026-01-28 08:07:57,1874.63
2252,2252,PayPal,2026-04-20 17:54:36,2163.48
2253,2253,Credit Card,2025-12-18 01:22:06,1530.87
2254,2254,Credit Card,2024-11-21 03:19:33,2795.97
2255,2255,Bank Transfer,2025-01-28 09:38:26,2304.59
2256,2256,Credit Card,2025-01-20 06:29:30,1159.6
2257,2257,PayPal,2024-10-29 14:27:48,1107.13
2258,2258,Bank Transfer,2024-12-23 22:50:45,3851.77
2259,2259,PayPal,2025-10-02 15:34:40,1432.8
2260,2260,PayPal,2025-01-27 13:42:41,1484.6
2261,2261,Cash,2026-06-30 07:38:52,199.87
2262,2262,Cash,2026-01-14 08:32:20,2920.16
2263,2263,Cash,2026-01-24 06:13:12,2413.47
2264,2264,Cash,2025-12-26 04:54:31,2783.18
2265,2265,Cash,2024-08-20 19:20:56,2265.76
2266,2266,Bank Transfer,2025-10-26 21:53:08,3550.65
2267,2267,Credit Card,2025-09-29 02:53:31,553.99
2268,2268,Credit Card,2024-11-06 11:15:58,291.08
2269,2269,Cash,2024-08-26 15:03:23,608.58
2270,2270,Cash,2025-01-25 21:43:42,1399.11
2271,2271,Credit Card,2026-02-19 22:26:18,1068.94
2272,2272,Credit Card,2025-01-18 00:57:44,547.17
2273,2273,Bank Transfer,2025-05-12 07:39:13,935.27
2274,2274,Credit Card,2025-08-11 20:59:07,674.59
2275,2275,Cash,2026-03-27 20:20:39,24.62
2276,2276,Bank Transfer,2025-08-18 09:19:31,3429.62
2277,2277,Credit Card,2025-05-17 20:15:07,3478.16
2278,2278,Credit Card,2025-04-05 09:18:02,804.04
2279,2279,PayPal,2025-05-09 08:59:47,517.05
2280,2280,Bank Transfer,2026-07-22 08:22:44,4872.56
2281,2281,Credit Card,2025-02-04 08:19:22,4175.21
2282,2282,Credit Card,2025-05-30 04:59:40,1039.89
2283,2283,Bank Transfer,2025-08-27 21:53:00,1339.92
2284,2284,Cash,2025-04-03 05:07:30,1277.04
2285,2285,PayPal,2024-10-01 09:25:43,646.32
2286,2286,Bank Transfer,2025-03-24 02:20:40,181.78
2287,2287,PayPal,2026-03-28 14:25:24,1939.71
2288,2288,Bank Transfer,2026-01-17 02:56:11,1655.28
2289,2289,Cash,2026-02-07 01:56:05,355.14
2290,2290,PayPal,2025-04-29 01:58:37,1021.47
2291,2291,Credit Card,2025-07-23 02:36:07,2778.22
2292,2292,Credit Card,2025-02-13 23:28:32,2234.15
2293,2293,Bank Transfer,2026-06-15 19:29:19,321.52
2294,2294,Cash,2025-09-11 12:56:40,4189.31
2295,2295,Credit Card,2026-05-18 23:59:20,2668.59
2296,2296,Credit Card,2024-11-15 10:37:55,343.71
2297,2297,PayPal,2025-05-25 10:41:31,1091.27
2298,2298,Credit Card,2025-07-16 17:09:05,3624.11
2299,2299,Cash,2025-11-21 06:44:38,2812.16
2300,2300,Bank Transfer,2026-01-15 01:49:14,4042.6
2301,2301,PayPal,2026-02-22 14:46:10,1388.84
2302,2302,Bank Transfer,2026-06-25 18:23:51,1144.45
2303,2303,PayPal,2025-05-11 08:42:02,1324.52
2304,2304,Bank Transfer,2025-12-11 05:35:14,192.83
2305,2305,Cash,2026-02-18 02:59:41,1671.95
2306,2306,Cash,2025-07-23 03:51:24,1316.22
2307,2307,Credit Card,2025-05-10 13:49:33,5013.24
2308,2308,Cash,2024-11-20 12:27:23,961.47
2309,2309,Credit Card,2024-10-06 15:50:24,1292.64
2310,2310,Bank Transfer,2025-05-02 11:58:59,2221.78
2311,2311,PayPal,2024-09-17 05:22:56,204.87
2312,2312,Cash,2025-01-07 17:30:45,1982.7
2313,2313,Credit Card,2025-02-25 01:33:34,1836.78
2314,2314,Credit Card,2025-09-12 15:42:45,2045.32
2315,2315,Bank Transfer,2026-07-09 14:45:02,2290.98
2316,2316,Bank Transfer,2026-04-14 03:18:51,124.28
2317,2317,Cash,2026-05-16 09:56:45,788.22
2318,2318,Cash,2026-03-14 07:17:08,2433.0
2319,2319,Cash,2026-03-15 23:07:31,101.25
2320,2320,Cash,2026-01-24 01:08:57,921.57
2321,2321,Cash,2025-02-13 17:12:06,3096.13
2322,2322,Credit Card,2026-02-07 23:28:09,1362.06
2323,2323,Cash,2025-08-17 01:46:51,2496.37
2324,2324,Credit Card,2026-05-01 12:06:45,1267.92
2325,2325,Bank Transfer,2025-03-08 13:49:10,2034.92
2326,2326,Bank Transfer,2025-01-26 20:05:54,1377.45
2327,2327,Bank Transfer,2026-02-19 12:01:22,3150.84
2328,2328,Bank Transfer,2025-12-08 18:42:01,2322.68
2329,2329,Cash,2026-04-12 21:04:04,676.3
2330,2330,PayPal,2025-03-24 11:31:44,1164.62
2331,2331,Cash,2025-08-01 12:37:50,2395.09
2332,2332,Credit Card,2025-02-28 06:23:30,5294.09
2333,2333,PayPal,2026-06-03 22:14:22,498.58
2334,2334,Bank Transfer,2024-09-03 14:11:31,914.05
2335,2335,Credit Card,2025-09-13 18:14:08,698.53
2336,2336,PayPal,2026-04-05 11:50:29,3154.72
2337,2337,Cash,2024-09-26 00:24:40,1124.31
2338,2338,Credit Card,2025-02-01 08:28:24,2706.74
2339,2339,Bank Transfer,2026-07-25 01:41:23,309.51
2340,2340,Bank Transfer,2024-10-22 12:32:04,2926.22
2341,2341,Credit Card,2025-07-18 02:43:45,2351.42
2342,2342,Credit Card,2024-09-12 00:11:56,1053.61
2343,2343,Credit Card,2025-08-17 07:00:27,700.22
2344,2344,Credit Card,2024-11-02 19:26:58,915.21
2345,2345,Cash,2025-09-06 06:58:57,1777.19
2346,2346,Credit Card,2025-09-09 20:37:34,1679.15
2347,2347,PayPal,2025-01-16 03:51:47,2349.07
2348,2348,PayPal,2025-01-25 03:42:33,1322.16
2349,2349,PayPal,2025-03-05 09:29:09,918.36
2350,2350,Bank Transfer,2026-02-15 06:44:14,482.36
2351,2351,Cash,2025-10-11 06:03:33,1052.22
2352,2352,Bank Transfer,2025-11-29 13:47:28,44.01
2353,2353,Credit Card,2026-04-28 01:25:25,1295.45
2354,2354,Cash,2025-11-10 08:15:48,580.86
2355,2355,Bank Transfer,2024-12-22 14:17:49,3723.64
2356,2356,Bank Transfer,2025-05-20 07:00:55,1242.26
2357,2357,Bank Transfer,2024-11-30 07:17:38,928.82
2358,2358,PayPal,2024-11-18 01:22:22,911.12
2359,2359,Bank Transfer,2024-12-22 13:01:29,1534.98
2360,2360,Cash,2025-03-30 19:05:25,374.77
2361,2361,Bank Transfer,2024-09-16 07:19:22,1875.95
2362,2362,Credit Card,2024-09-21 22:40:11,3435.36
2363,2363,Bank Transfer,2026-05-30 17:05:55,2396.52
2364,2364,Credit Card,2025-01-10 00:10:17,2106.96
2365,2365,Bank Transfer,2025-03-28 05:11:14,2800.66
2366,2366,Credit Card,2025-03-18 11:20:05,856.68
2367,2367,PayPal,2024-11-17 23:40:21,1249.22
2368,2368,Cash,2026-05-16 18:26:44,1323.34
2369,2369,Credit Card,2025-08-21 00:47:08,459.15
2370,2370,Bank Transfer,2026-06-01 10:26:57,4061.92
2371,2371,Bank Transfer,2026-07-03 13:27:02,2218.59
2372,2372,Credit Card,2026-01-13 21:51:25,2726.25
2373,2373,Bank Transfer,2024-11-11 20:02:12,981.9
2374,2374,PayPal,2025-08-19 21:47:18,1134.01
2375,2375,Credit Card,2026-08-06 06:28:59,2758.94
2376,2376,Bank Transfer,2025-01-22 11:53:41,1164.07
2377,2377,Cash,2026-03-25 00:47:33,1590.4
2378,2378,Bank Transfer,2025-11-17 17:04:34,1363.43
2379,2379,PayPal,2026-06-17 08:40:23,1510.27
2380,2380,PayPal,2026-02-05 07:42:04,2564.54
2381,2381,PayPal,2024-11-05 22:39:06,2470.57
2382,2382,PayPal,2026-07-24 10:41:02,2360.03
2383,2383,PayPal,2026-04-15 11:28:02,1687.54
2384,2384,Cash,2024-12-31 16:14:03,3348.86
2385,2385,PayPal,2026-01-31 13:40:13,3285.84
2386,2386,Credit Card,2026-06-18 17:00:52,1627.83
2387,2387,Credit Card,2025-12-19 12:41:11,1714.0
2388,2388,PayPal,2026-02-05 01:09:12,256.32
2389,2389,Cash,2025-10-17 13:19:01,2388.29
2390,2390,Bank Transfer,2025-04-02 10:22:37,600.44
2391,2391,PayPal,2024-11-27 12:50:15,1156.65
2392,2392,PayPal,2025-10-31 11:57:46,2501.79
2393,2393,Cash,2025-11-10 18:09:49,301.3
2394,2394,Cash,2025-03-31 20:57:49,1111.93
2395,2395,PayPal,2025-11-15 10:20:07,1928.2
2396,2396,Bank Transfer,2025-07-20 22:22:03,1508.61
2397,2397,PayPal,2024-11-02 06:10:08,2608.58
2398,2398,PayPal,2025-04-24 13:04:59,2703.91
2399,2399,PayPal,2026-02-25 12:46:36,732.79
2400,2400,Credit Card,2026-03-24 13:43:25,1852.99
2401,2401,Credit Card,2026-07-25 18:35:57,844.48
2402,2402,PayPal,2024-08-09 10:12:31,1160.04
2403,2403,Credit Card,2024-10-23 16:40:49,2398.03
2404,2404,Credit Card,2025-04-20 08:30:51,705.0
2405,2405,Credit Card,2026-02-15 05:42:55,810.07
2406,2406,Bank Transfer,2024-08-12 23:33:48,1653.13
2407,2407,Bank Transfer,2025-05-12 05:58:49,2779.52
2408,2408,Cash,2025-12-13 20:54:21,1732.38
2409,2409,Bank Transfer,2024-10-08 15:08:49,2011.91
2410,2410,PayPal,2025-11-01 13:33:00,1855.84
2411,2411,Bank Transfer,2024-11-29 04:40:19,1885.87
2412,2412,Cash,2024-11-11 16:51:56,4361.09
2413,2413,Bank Transfer,2024-10-18 02:46:01,722.1
2414,2414,Bank Transfer,2025-04-16 09:30:28,168.45
2415,2415,PayPal,2025-02-18 22:07:47,987.3
2416,2416,Cash,2024-08-10 11:12:46,3215.4
2417,2417,Credit Card,2026-05-02 02:06:01,2684.5
2418,2418,Credit Card,2025-09-14 19:36:22,2264.52
2419,2419,Bank Transfer,2026-04-03 03:43:38,1768.79
2420,2420,Credit Card,2025-05-26 18:53:32,587.13
2421,2421,Bank Transfer,2026-01-13 21:06:12,3727.69
2422,2422,Bank Transfer,2024-08-20 10:56:23,2168.9
2423,2423,Cash,2024-08-16 12:33:02,1459.2
2424,2424,PayPal,2025-08-18 05:29:32,1353.71
2425,2425,Credit Card,2026-06-02 18:35:30,1975.04
2426,2426,Cash,2025-02-20 18:09:24,2402.04
2427,2427,Bank Transfer,2025-04-04 09:44:40,3708.42
2428,2428,Credit Card,2026-01-24 06:49:56,1534.47
2429,2429,Bank Transfer,2026-06-18 12:02:07,498.68
2430,2430,PayPal,2024-10-03 09:15:39,292.86
2431,2431,Bank Transfer,2024-12-30 03:55:25,3196.31
2432,2432,Credit Card,2026-06-16 00:23:02,1757.2
2433,2433,Bank Transfer,2026-03-12 06:05:24,1654.58
2434,2434,Cash,2025-04-01 15:35:33,1490.25
2435,2435,PayPal,2026-05-15 07:31:32,2690.99
2436,2436,Bank Transfer,2025-10-26 03:32:50,3048.09
2437,2437,Bank Transfer,2025-06-17 14:15:04,691.8
2438,2438,Cash,2025-12-04 04:37:01,5067.33
2439,2439,Bank Transfer,2025-10-01 01:29:40,1932.6
2440,2440,Cash,2026-02-06 11:16:25,1481.79
2441,2441,PayPal,2024-11-25 19:11:52,3054.03
2442,2442,Bank Transfer,2024-08-14 01:27:29,1060.28
2443,2443,Cash,2024-09-23 17:24:26,1907.84
2444,2444,Bank Transfer,2026-06-11 02:19:51,3833.79
2445,2445,Cash,2026-03-22 22:01:10,3911.33
2446,2446,Credit Card,2025-07-21 13:46:11,691.8
2447,2447,PayPal,2026-06-01 10:37:39,2727.66
2448,2448,Bank Transfer,2026-03-11 17:49:19,2548.79
2449,2449,Cash,2025-08-14 10:22:13,1121.86
2450,2450,Credit Card,2025-06-17 18:04:19,963.8
2451,2451,Bank Transfer,2025-10-04 09:50:06,851.99
2452,2452,Bank Transfer,2026-01-24 22:26:23,2237.03
2453,2453,Cash,2025-01-28 19:51:04,1735.33
2454,2454,Cash,2024-09-25 16:12:50,1482.44
2455,2455,Credit Card,2024-08-10 00:11:58,142.6
2456,2456,Cash,2026-06-17 19:46:26,1098.32
2457,2457,Bank Transfer,2025-08-04 09:18:39,2794.71
2458,2458,Credit Card,2025-02-08 18:17:04,1598.59
2459,2459,PayPal,2026-01-11 20:48:34,2601.36
2460,2460,PayPal,2024-08-27 01:06:31,3258.52
2461,2461,Credit Card,2026-07-07 05:24:50,1874.56
2462,2462,PayPal,2025-04-27 23:50:20,492.68
2463,2463,Cash,2025-03-18 08:08:48,1603.72
2464,2464,Bank Transfer,2024-08-22 19:15:10,1486.38
2465,2465,Credit Card,2025-08-17 03:49:32,1845.81
2466,2466,Credit Card,2025-01-28 23:43:01,3597.46
2467,2467,Credit Card,2026-06-14 02:55:41,559.96
2468,2468,Cash,2025-06-07 09:57:10,1672.74
2469,2469,Cash,2025-04-03 04:54:24,2842.44
2470,2470,Cash,2024-10-04 13:39:23,693.1
2471,2471,Cash,2025-06-24 21:15:18,2932.76
2472,2472,PayPal,2024-10-16 19:36:21,2237.1
2473,2473,Bank Transfer,2025-11-02 13:45:50,1715.38
2474,2474,Cash,2026-02-05 01:04:11,1796.36
2475,2475,PayPal,2025-07-25 08:06:42,881.14
2476,2476,PayPal,2025-07-28 10:44:32,1705.27
2477,2477,Bank Transfer,2024-11-26 12:04:53,1298.55
2478,2478,Bank Transfer,2025-08-16 22:27:26,927.26
2479,2479,Cash,2026-04-19 10:28:19,69.78
2480,2480,PayPal,2025-12-02 07:56:00,1040.23
2481,2481,Bank Transfer,2025-01-30 00:20:52,843.8
2482,2482,PayPal,2024-08-13 18:11:14,2793.78
2483,2483,Credit Card,2024-12-02 13:58:49,979.02
2484,2484,Cash,2025-05-09 17:26:55,2233.25
2485,2485,Cash,2026-03-20 12:19:03,2859.11
2486,2486,PayPal,2025-01-15 19:50:26,473.52
2487,2487,Bank Transfer,2025-05-23 04:20:20,4188.93
2488,2488,Credit Card,2024-09-27 03:54:52,2175.94
2489,2489,Cash,2025-07-21 00:32:54,1903.89
2490,2490,PayPal,2025-03-29 04:03:14,2042.91
2491,2491,Cash,2024-09-28 07:12:21,1422.24
2492,2492,Credit Card,2025-01-04 23:15:08,725.43
2493,2493,Credit Card,2026-04-02 15:57:46,781.64
2494,2494,Cash,2025-10-31 09:03:28,4874.36
2495,2495,Credit Card,2026-01-26 18:54:13,525.48
2496,2496,Cash,2026-04-09 03:29:23,2358.06
2497,2497,PayPal,2025-11-19 08:18:39,676.06
2498,2498,Bank Transfer,2024-10-02 21:29:43,3763.2
2499,2499,Bank Transfer,2025-09-30 04:45:33,1301.81
2500,2500,PayPal,2026-04-29 16:54:35,547.99
2501,2501,Credit Card,2025-03-04 12:05:18,2550.21
2502,2502,Bank Transfer,2024-12-22 04:16:37,50.66
2503,2503,Cash,2024-12-30 15:50:34,2964.59
2504,2504,PayPal,2024-10-16 04:32:44,402.85
2505,2505,PayPal,2026-02-06 06:05:11,3546.41
2506,2506,Credit Card,2026-01-07 07:40:05,1473.4
2507,2507,PayPal,2025-12-18 03:11:21,3852.49
2508,2508,Cash,2025-10-03 22:09:03,2535.38
2509,2509,Credit Card,2026-04-25 10:07:43,1460.68
2510,2510,Cash,2024-12-25 09:09:14,1948.18
2511,2511,Credit Card,2025-09-15 09:17:37,1759.15
2512,2512,Cash,2025-02-18 09:48:50,2186.11
2513,2513,Bank Transfer,2025-09-24 00:22:09,2459.61
2514,2514,PayPal,2025-06-22 15:58:56,620.34
2515,2515,PayPal,2024-09-30 18:42:17,604.15
2516,2516,Credit Card,2025-05-03 11:01:41,2311.89
2517,2517,Bank Transfer,2024-11-18 14:14:16,274.16
2518,2518,PayPal,2025-03-14 15:50:34,1382.16
2519,2519,Cash,2026-04-19 20:15:37,226.85
2520,2520,Cash,2024-12-22 05:52:34,2100.62
2521,2521,PayPal,2025-06-01 20:27:59,433.0
2522,2522,PayPal,2026-04-14 16:30:56,1810.58
2523,2523,Cash,2024-10-29 20:14:25,2058.01
2524,2524,PayPal,2025-08-31 22:23:15,1468.15
2525,2525,Bank Transfer,2026-07-22 03:54:13,1950.21
2526,2526,Cash,2025-03-06 06:58:08,1920.48
2527,2527,PayPal,2024-09-09 10:54:25,2100.42
2528,2528,Bank Transfer,2025-11-03 13:50:18,1384.04
2529,2529,Bank Transfer,2025-04-18 08:15:05,703.18
2530,2530,PayPal,2025-06-18 01:05:14,651.07
2531,2531,PayPal,2026-02-10 21:14:56,215.59
2532,2532,Cash,2026-04-15 23:09:32,683.92
2533,2533,Cash,2024-10-06 04:54:50,2474.44
2534,2534,Cash,2026-03-19 05:35:05,2285.29
2535,2535,PayPal,2026-01-05 06:56:03,1319.58
2536,2536,PayPal,2026-05-27 09:50:21,1930.38
2537,2537,Cash,2025-12-20 03:21:49,2743.25
2538,2538,Bank Transfer,2024-08-09 10:21:57,2163.85
2539,2539,Cash,2025-04-08 19:29:28,3137.32
2540,2540,Cash,2024-08-07 16:24:17,2468.18
2541,2541,Cash,2026-06-14 15:08:38,4297.24
2542,2542,Cash,2024-12-22 03:57:12,1857.69
2543,2543,Credit Card,2024-12-31 21:02:14,1319.7
2544,2544,Bank Transfer,2025-12-20 17:35:02,1394.49
2545,2545,Cash,2024-12-05 10:15:45,2614.54
2546,2546,PayPal,2026-03-13 13:52:24,547.18
2547,2547,Cash,2024-10-14 17:59:56,2559.1
2548,2548,Cash,2026-07-09 01:13:28,2178.98
2549,2549,PayPal,2026-03-26 20:29:27,1785.32
2550,2550,PayPal,2025-12-15 15:15:22,1878.24
2551,2551,Cash,2024-11-24 10:09:34,2392.4
2552,2552,PayPal,2026-06-18 11:36:26,3113.18
2553,2553,PayPal,2025-04-30 05:10:52,1584.79
2554,2554,Cash,2025-07-05 21:12:15,376.73
2555,2555,Credit Card,2025-10-17 10:50:40,4330.67
2556,2556,Credit Card,2024-12-06 02:22:34,2378.2
2557,2557,Credit Card,2025-09-23 07:18:56,2409.66
2558,2558,PayPal,2025-08-19 17:34:14,2764.15
2559,2559,Credit Card,2025-10-08 13:48:54,1233.48
2560,2560,Credit Card,2025-04-24 18:56:35,231.04
2561,2561,Bank Transfer,2024-08-12 07:29:35,1684.72
2562,2562,Cash,2025-10-13 13:41:14,1689.3
2563,2563,PayPal,2025-04-02 17:50:49,271.34
2564,2564,PayPal,2024-10-15 17:35:47,1887.75
2565,2565,Cash,2026-05-02 07:45:25,4525.8
2566,2566,Bank Transfer,2026-07-19 10:10:22,1804.68
2567,2567,PayPal,2024-10-28 15:55:53,738.38
2568,2568,Cash,2025-12-09 18:20:32,2084.23
2569,2569,PayPal,2026-01-27 15:52:02,1201.77
2570,2570,PayPal,2024-09-22 14:26:23,1491.74
2571,2571,PayPal,2025-12-25 09:30:09,839.62
2572,2572,Bank Transfer,2025-07-16 11:29:47,2558.5
2573,2573,PayPal,2026-06-26 09:09:21,2282.28
2574,2574,Credit Card,2024-10-24 19:48:09,2680.27
2575,2575,Cash,2026-06-30 13:40:41,1677.45
2576,2576,Credit Card,2026-07-20 21:17:46,227.22
2577,2577,Credit Card,2026-06-02 07:45:26,947.38
2578,2578,PayPal,2026-04-10 20:36:01,418.08
2579,2579,Cash,2024-11-07 23:06:18,2846.63
2580,2580,PayPal,2026-03-09 17:02:04,2208.48
2581,2581,Credit Card,2024-10-08 19:14:10,2642.02
2582,2582,Credit Card,2026-01-24 11:58:41,1325.34
2583,2583,Bank Transfer,2025-12-11 06:09:25,2105.51
2584,2584,PayPal,2025-03-18 08:24:39,1281.55
2585,2585,Bank Transfer,2025-03-20 10:55:45,1121.59
2586,2586,PayPal,2026-07-21 15:40:26,1458.62
2587,2587,PayPal,2024-09-10 06:06:20,561.69
2588,2588,Credit Card,2025-07-29 16:43:46,366.32
2589,2589,PayPal,2024-08-16 04:46:14,1923.76
2590,2590,Credit Card,2025-07-27 21:54:07,1968.04
2591,2591,Cash,2025-05-08 07:01:41,685.24
2592,2592,Cash,2025-05-19 09:30:17,189.84
2593,2593,Credit Card,2025-12-15 19:54:38,834.78
2594,2594,Cash,2026-02-11 09:39:20,984.8
2595,2595,Credit Card,2025-04-12 07:29:12,3425.61
2596,2596,Cash,2026-07-03 00:12:03,1960.5
2597,2597,PayPal,2025-08-06 01:57:35,1743.69
2598,2598,Credit Card,2025-08-14 08:48:49,685.41
2599,2599,PayPal,2026-05-01 03:23:04,2829.95
2600,2600,Cash,2025-03-06 07:04:50,260.1
2601,2601,Credit Card,2026-06-26 10:39:09,1192.28
2602,2602,Bank Transfer,2026-05-10 11:26:25,83.04
2603,2603,Bank Transfer,2026-04-26 16:12:51,2899.58
2604,2604,Bank Transfer,2025-12-20 13:50:50,1695.04
2605,2605,Credit Card,2025-03-21 04:50:52,820.34
2606,2606,Cash,2025-01-26 22:18:57,2238.62
2607,2607,Bank Transfer,2025-12-28 01:47:57,1092.64
2608,2608,Cash,2026-02-25 19:24:33,987.69
2609,2609,Cash,2024-11-26 07:49:42,2097.53
2610,2610,Bank Transfer,2026-01-22 00:50:44,3635.3
2611,2611,Cash,2026-01-12 17:56:22,1211.64
2612,2612,PayPal,2024-12-31 19:32:16,1131.02
2613,2613,Bank Transfer,2025-07-17 23:24:48,3604.2
2614,2614,Credit Card,2026-06-05 23:42:42,3029.1
2615,2615,Cash,2026-03-22 01:27:38,2510.36
2616,2616,Cash,2024-09-15 13:11:01,1634.02
2617,2617,Bank Transfer,2025-06-22 05:17:35,1406.1
2618,2618,Cash,2024-09-27 09:41:44,1922.12
2619,2619,PayPal,2024-08-07 10:42:52,2355.06
2620,2620,Cash,2025-12-26 20:29:40,685.24
2621,2621,PayPal,2026-07-04 00:08:33,136.74
2622,2622,Bank Transfer,2025-08-03 20:11:02,3227.07
2623,2623,Cash,2025-07-14 02:25:03,3870.05
2624,2624,Credit Card,2025-03-31 19:13:50,2312.67
2625,2625,PayPal,2025-02-14 17:43:21,3120.87
2626,2626,PayPal,2024-10-08 07:15:27,2677.16
2627,2627,Bank Transfer,2025-08-25 23:52:28,1090.31
2628,2628,Credit Card,2025-01-31 13:31:31,3306.69
2629,2629,Credit Card,2025-01-01 11:15:04,971.24
2630,2630,Credit Card,2026-04-14 18:57:50,1406.59
2631,2631,Cash,2025-12-30 06:16:45,2403.94
2632,2632,Cash,2025-04-20 01:47:12,234.04
2633,2633,Cash,2024-09-20 04:54:55,701.31
2634,2634,PayPal,2024-10-08 08:37:55,2104.3
2635,2635,Bank Transfer,2025-07-16 17:40:06,210.15
2636,2636,Credit Card,2025-12-24 04:04:36,1754.06
2637,2637,PayPal,2024-10-19 16:58:14,1750.94
2638,2638,Credit Card,2024-11-14 11:28:44,370.56
2639,2639,PayPal,2025-11-23 06:40:21,346.63
2640,2640,Bank Transfer,2025-11-18 14:55:36,1171.62
2641,2641,Credit Card,2026-01-26 05:00:36,385.32
2642,2642,Bank Transfer,2025-08-29 04:22:59,241.44
2643,2643,Bank Transfer,2025-09-19 07:12:02,924.04
2644,2644,Credit Card,2025-08-16 22:04:12,1081.83
2645,2645,PayPal,2025-11-20 17:15:16,3822.63
2646,2646,Cash,2025-06-03 02:08:11,751.04
2647,2647,PayPal,2026-08-03 00:40:37,961.16
2648,2648,PayPal,2025-05-16 02:15:23,1761.25
2649,2649,Bank Transfer,2024-10-30 03:45:55,2285.19
2650,2650,PayPal,2024-10-24 12:24:13,1582.36
2651,2651,Credit Card,2026-04-05 21:25:37,2535.86
2652,2652,PayPal,2025-11-09 05:37:32,2112.78
2653,2653,Cash,2024-09-11 22:49:13,40.08
2654,2654,Credit Card,2025-07-16 19:40:41,1041.31
2655,2655,Bank Transfer,2025-05-01 03:09:35,1631.92
2656,2656,Credit Card,2026-04-01 13:28:35,2388.86
2657,2657,Bank Transfer,2025-11-25 15:43:11,2293.41
2658,2658,Bank Transfer,2025-12-28 13:43:46,2606.84
2659,2659,Bank Transfer,2024-08-19 13:50:30,3495.53
2660,2660,Credit Card,2024-10-06 01:24:38,2271.17
2661,2661,Bank Transfer,2025-12-08 13:55:11,410.09
2662,2662,Bank Transfer,2025-05-22 20:50:17,893.1
2663,2663,Bank Transfer,2026-03-24 15:35:54,1491.57
2664,2664,PayPal,2026-03-13 13:33:53,353.56
2665,2665,Bank Transfer,2026-05-09 22:52:09,490.83
2666,2666,Bank Transfer,2026-06-03 02:19:26,2319.43
2667,2667,Cash,2025-12-16 03:57:45,1816.97
2668,2668,PayPal,2024-11-05 18:03:44,1851.61
2669,2669,Cash,2025-10-19 09:37:24,1470.9
2670,2670,Credit Card,2024-12-04 02:10:54,911.56
2671,2671,Bank Transfer,2026-06-25 05:47:27,834.78
2672,2672,PayPal,2025-07-14 21:30:48,80.28
2673,2673,Cash,2024-12-10 23:11:08,2365.22
2674,2674,PayPal,2026-01-15 05:58:55,1416.36
2675,2675,Bank Transfer,2026-04-27 11:04:41,1262.0
2676,2676,Cash,2025-06-02 21:31:50,1692.78
2677,2677,Cash,2025-02-14 18:19:08,2921.06
2678,2678,Credit Card,2024-10-17 15:23:43,2999.52
2679,2679,Credit Card,2025-11-10 04:28:16,1251.52
2680,2680,Cash,2026-03-30 17:31:37,1281.18
2681,2681,Cash,2026-02-15 23:14:47,1296.68
2682,2682,Bank Transfer,2024-11-20 18:52:26,1506.92
2683,2683,PayPal,2025-12-12 09:14:07,1175.91
2684,2684,Cash,2024-12-24 03:24:09,748.61
2685,2685,Cash,2024-09-15 09:36:48,3251.12
2686,2686,Credit Card,2025-05-23 09:15:12,3619.99
2687,2687,PayPal,2026-01-11 09:01:26,1019.97
2688,2688,Cash,2026-05-24 20:19:03,1017.56
2689,2689,PayPal,2026-04-01 20:51:32,1533.48
2690,2690,Cash,2025-04-14 01:13:07,2218.14
2691,2691,PayPal,2026-04-22 08:10:45,3754.02
2692,2692,Credit Card,2025-03-09 00:34:27,625.5
2693,2693,PayPal,2026-04-07 01:07:44,3957.21
2694,2694,Cash,2024-08-19 04:55:26,3418.85
2695,2695,Cash,2025-10-23 11:38:33,802.43
2696,2696,PayPal,2024-11-13 22:36:49,3227.67
2697,2697,Bank Transfer,2024-10-15 01:11:30,1895.84
2698,2698,Credit Card,2026-03-19 08:10:27,4552.14
2699,2699,Bank Transfer,2025-12-04 07:26:25,2058.35
2700,2700,Cash,2025-06-02 11:25:29,64.72
2701,2701,PayPal,2025-10-30 02:28:03,2784.36
2702,2702,Cash,2026-03-30 18:22:32,818.42
2703,2703,Cash,2026-02-04 14:53:01,1317.54
2704,2704,Bank Transfer,2025-06-22 07:45:36,2402.88
2705,2705,PayPal,2026-07-28 06:11:53,2090.55
2706,2706,PayPal,2026-05-04 10:37:27,10.02
2707,2707,Bank Transfer,2026-06-18 05:06:41,1213.59
2708,2708,Credit Card,2025-04-18 01:37:45,2867.42
2709,2709,Cash,2025-08-30 08:35:53,296.18
2710,2710,Bank Transfer,2025-09-01 06:13:02,350.11
2711,2711,PayPal,2025-02-13 11:30:12,1200.4
2712,2712,Credit Card,2024-11-14 03:52:22,1082.17
2713,2713,PayPal,2024-12-08 05:31:53,1106.86
2714,2714,Cash,2026-07-01 09:40:04,780.03
2715,2715,PayPal,2025-12-05 14:45:22,3478.97
2716,2716,Cash,2025-08-14 05:19:34,80.28
2717,2717,PayPal,2025-02-13 20:45:46,2192.94
2718,2718,PayPal,2026-01-15 07:20:48,202.5
2719,2719,Cash,2024-11-04 06:32:12,2007.73
2720,2720,Credit Card,2026-04-09 05:43:05,512.58
2721,2721,PayPal,2024-08-28 16:50:56,3726.07
2722,2722,Cash,2024-08-07 16:36:02,2545.31
2723,2723,Credit Card,2024-09-05 20:44:18,871.04
2724,2724,Credit Card,2024-10-19 17:49:38,4237.53
2725,2725,Credit Card,2024-12-31 04:38:40,1410.18
2726,2726,Bank Transfer,2026-06-22 12:47:40,3446.63
2727,2727,Bank Transfer,2024-10-24 07:23:19,3590.15
2728,2728,Bank Transfer,2025-05-26 07:44:21,2510.69
2729,2729,PayPal,2026-04-02 19:42:31,942.64
2730,2730,Credit Card,2026-03-27 23:11:30,755.25
2731,2731,Bank Transfer,2024-10-31 05:53:03,2579.22
2732,2732,Cash,2025-02-27 03:05:36,1795.69
2733,2733,PayPal,2026-01-15 05:10:30,1009.86
2734,2734,Cash,2025-06-07 15:27:00,925.32
2735,2735,Credit Card,2025-02-25 19:39:17,3967.1
2736,2736,Credit Card,2026-02-25 07:02:13,256.16
2737,2737,Credit Card,2024-12-31 14:45:26,1595.62
2738,2738,Credit Card,2025-10-21 15:14:39,1567.51
2739,2739,Cash,2025-03-22 09:26:35,218.88
2740,2740,Cash,2024-08-06 08:25:42,88.92
2741,2741,PayPal,2025-06-23 11:43:26,969.61
2742,2742,PayPal,2026-01-03 23:07:52,268.16
2743,2743,PayPal,2025-10-23 04:18:24,2817.56
2744,2744,Credit Card,2025-05-07 01:23:10,70.57
2745,2745,PayPal,2024-10-13 01:46:00,409.74
2746,2746,Credit Card,2025-05-29 10:43:26,2981.37
2747,2747,Cash,2024-08-10 14:59:21,3291.97
2748,2748,PayPal,2025-08-23 02:34:31,2185.21
2749,2749,PayPal,2026-01-17 18:41:46,241.29
2750,2750,PayPal,2025-12-04 06:47:25,2996.88
2751,2751,Credit Card,2025-05-28 09:25:49,898.92
2752,2752,Bank Transfer,2024-08-09 08:14:19,1783.02
2753,2753,Credit Card,2025-02-28 17:40:16,893.26
2754,2754,Credit Card,2025-10-23 12:43:01,1848.19
2755,2755,Bank Transfer,2026-06-16 05:30:24,1898.31
2756,2756,Cash,2025-08-12 02:39:19,3010.25
2757,2757,Bank Transfer,2024-10-17 17:56:58,365.92
2758,2758,PayPal,2025-06-14 06:37:48,1279.0
2759,2759,Credit Card,2025-05-10 12:38:24,1241.39
2760,2760,Cash,2025-01-30 06:58:49,715.28
2761,2761,PayPal,2025-01-10 05:31:56,755.69
2762,2762,Credit Card,2025-06-03 17:32:07,3193.37
2763,2763,PayPal,2026-07-02 23:03:59,3395.24
2764,2764,Cash,2024-11-03 09:54:13,516.75
2765,2765,PayPal,2024-10-02 06:24:59,1641.32
2766,2766,PayPal,2024-09-25 19:52:42,1079.32
2767,2767,PayPal,2026-07-02 18:49:23,854.68
2768,2768,Credit Card,2025-01-18 16:21:08,1436.73
2769,2769,Bank Transfer,2025-01-08 23:36:26,2124.21
2770,2770,Bank Transfer,2026-06-14 18:09:59,2836.42
2771,2771,Bank Transfer,2024-10-26 10:42:52,1812.92
2772,2772,Credit Card,2026-02-24 07:23:27,3032.34
2773,2773,Bank Transfer,2024-08-25 04:48:05,652.04
2774,2774,Credit Card,2025-10-02 11:57:54,230.28
2775,2775,Credit Card,2026-01-22 06:49:13,2081.4
2776,2776,Credit Card,2025-05-27 22:43:20,132.24
2777,2777,Credit Card,2024-11-30 01:55:10,2771.76
2778,2778,PayPal,2025-02-27 21:36:09,453.14
2779,2779,Credit Card,2026-07-21 20:11:50,1391.13
2780,2780,Cash,2026-02-06 05:17:04,1253.53
2781,2781,PayPal,2025-02-23 05:04:12,316.31
2782,2782,PayPal,2025-06-07 21:38:52,610.37
2783,2783,Cash,2025-11-08 22:54:22,3891.08
2784,2784,PayPal,2025-04-13 05:51:45,867.72
2785,2785,PayPal,2026-01-28 05:53:35,1448.06
2786,2786,Bank Transfer,2026-03-29 09:36:39,454.12
2787,2787,Credit Card,2025-12-07 15:43:18,3123.11
2788,2788,PayPal,2026-05-10 22:41:13,3967.28
2789,2789,Credit Card,2026-03-04 01:24:37,919.96
2790,2790,PayPal,2025-12-07 02:20:09,3533.22
2791,2791,Credit Card,2026-03-28 23:49:41,801.86
2792,2792,Credit Card,2026-01-03 08:47:02,3686.19
2793,2793,Cash,2025-01-31 08:05:53,60.22
2794,2794,PayPal,2025-03-02 19:29:24,4362.04
2795,2795,PayPal,2025-02-10 21:28:53,656.31
2796,2796,Cash,2026-06-09 23:38:00,3667.04
2797,2797,PayPal,2025-11-07 01:06:27,185.59
2798,2798,Credit Card,2026-02-13 05:42:19,1321.28
2799,2799,Bank Transfer,2026-07-01 21:38:14,1868.86
2800,2800,Bank Transfer,2025-05-30 19:31:17,1561.11
2801,2801,Bank Transfer,2026-03-09 15:27:15,1507.55
2802,2802,Cash,2026-01-03 02:07:01,1686.36
2803,2803,Bank Transfer,2026-02-12 19:56:45,558.06
2804,2804,Cash,2025-04-30 04:47:36,2690.31
2805,2805,PayPal,2026-03-26 14:21:48,2114.42
2806,2806,Cash,2024-09-26 23:21:16,1499.0
2807,2807,Credit Card,2025-11-28 03:33:13,1527.43
2808,2808,PayPal,2026-06-10 11:37:56,1142.93
2809,2809,Cash,2025-12-31 13:18:19,45.58
2810,2810,Credit Card,2026-01-06 00:39:49,15.84
2811,2811,PayPal,2025-01-17 06:52:43,241.29
2812,2812,Cash,2025-09-23 23:30:28,2199.89
2813,2813,Credit Card,2025-07-11 03:57:42,3081.13
2814,2814,Cash,2024-11-06 15:56:28,2038.26
2815,2815,Credit Card,2024-11-18 07:17:25,1393.65
2816,2816,PayPal,2024-10-10 21:49:23,2400.33
2817,2817,Cash,2026-06-06 14:51:11,1683.39
2818,2818,Credit Card,2025-01-02 04:23:44,2486.68
2819,2819,PayPal,2025-07-17 03:02:44,1733.02
2820,2820,Bank Transfer,2025-03-08 09:21:13,842.86
2821,2821,PayPal,2025-06-29 14:54:00,2735.79
2822,2822,Bank Transfer,2025-08-26 22:48:57,3514.84
2823,2823,Bank Transfer,2025-09-09 19:37:23,2523.95
2824,2824,Cash,2025-03-11 14:37:11,479.3
2825,2825,Cash,2026-02-10 07:39:54,2772.5
2826,2826,PayPal,2026-05-28 16:26:52,1844.27
2827,2827,PayPal,2026-02-25 07:09:10,309.88
2828,2828,Bank Transfer,2025-04-25 22:00:21,1357.86
2829,2829,Bank Transfer,2025-12-14 09:43:00,1024.27
2830,2830,Bank Transfer,2026-01-30 17:30:24,539.04
2831,2831,PayPal,2025-07-10 02:19:16,2529.42
2832,2832,PayPal,2026-05-11 02:36:07,919.03
2833,2833,Bank Transfer,2025-09-16 08:35:49,1959.95
2834,2834,Cash,2026-01-06 02:40:59,2872.32
2835,2835,PayPal,2026-05-27 14:26:24,1917.3
2836,2836,Credit Card,2025-03-29 08:56:11,2515.41
2837,2837,PayPal,2025-10-31 00:22:03,2969.04
2838,2838,Cash,2025-10-25 18:58:54,1716.74
2839,2839,Bank Transfer,2025-10-29 04:17:36,1368.07
2840,2840,Credit Card,2026-02-20 16:26:05,557.7
2841,2841,Credit Card,2025-03-06 04:54:03,1991.53
2842,2842,PayPal,2026-07-18 16:22:47,5220.18
2843,2843,PayPal,2025-04-28 13:50:17,886.16
2844,2844,Bank Transfer,2025-01-06 23:34:44,664.9
2845,2845,Credit Card,2025-10-29 21:00:16,2390.16
2846,2846,Cash,2026-03-03 02:19:29,3385.23
2847,2847,Cash,2025-07-31 02:35:27,1938.61
2848,2848,Cash,2026-04-27 10:02:47,3132.13
2849,2849,PayPal,2026-07-20 14:34:55,370.61
2850,2850,Bank Transfer,2025-02-08 12:41:16,2552.92
2851,2851,Credit Card,2024-12-22 18:27:47,438.02
2852,2852,Bank Transfer,2025-03-04 20:39:42,1448.14
2853,2853,Credit Card,2024-10-01 14:23:03,1925.21
2854,2854,Cash,2024-12-01 14:21:19,2307.16
2855,2855,PayPal,2025-11-13 01:38:01,184.12
2856,2856,Cash,2024-08-26 09:31:37,1163.16
2857,2857,PayPal,2025-06-20 14:41:31,1718.19
2858,2858,Credit Card,2025-09-16 00:16:26,999.07
2859,2859,Credit Card,2024-09-20 07:30:00,2273.89
2860,2860,Bank Transfer,2024-10-26 10:09:12,614.64
2861,2861,PayPal,2025-04-26 04:31:33,767.52
2862,2862,Credit Card,2026-06-08 14:11:43,933.51
2863,2863,PayPal,2026-08-05 21:11:14,2596.34
2864,2864,PayPal,2026-06-30 01:52:25,448.2
2865,2865,PayPal,2026-04-10 23:00:24,3910.3
2866,2866,PayPal,2024-12-07 15:47:09,849.64
2867,2867,Bank Transfer,2025-10-08 03:01:32,1511.64
2868,2868,Cash,2024-10-27 15:22:20,2538.27
2869,2869,Bank Transfer,2025-08-02 15:07:56,2231.18
2870,2870,PayPal,2025-08-23 05:39:24,4129.32
2871,2871,Cash,2025-04-22 20:35:52,977.89
2872,2872,PayPal,2025-01-14 22:11:27,3099.73
2873,2873,PayPal,2025-03-27 16:46:51,672.21
2874,2874,PayPal,2026-04-27 21:52:55,577.98
2875,2875,Credit Card,2025-02-06 13:56:45,1907.55
2876,2876,PayPal,2025-01-03 21:59:45,2055.38
2877,2877,PayPal,2025-12-07 05:01:28,4075.95
2878,2878,Bank Transfer,2025-10-08 15:21:27,2715.76
2879,2879,PayPal,2025-01-11 18:02:55,1160.42
2880,2880,Credit Card,2025-08-15 18:16:21,3148.95
2881,2881,Cash,2026-08-03 20:55:43,1376.76
2882,2882,Bank Transfer,2025-07-01 23:51:24,3084.17
2883,2883,PayPal,2024-11-05 17:01:39,1394.01
2884,2884,PayPal,2026-07-12 10:26:41,1931.48
2885,2885,Credit Card,2026-02-25 15:07:37,1464.75
2886,2886,Credit Card,2026-04-08 00:59:57,501.46
2887,2887,PayPal,2025-02-06 05:01:08,118.91
2888,2888,Cash,2024-10-26 05:21:12,1278.72
2889,2889,Credit Card,2026-05-03 08:32:37,587.7
2890,2890,Cash,2026-04-23 05:18:33,2562.28
2891,2891,PayPal,2026-05-23 15:39:39,1917.8
2892,2892,PayPal,2025-04-27 02:59:36,2880.16
2893,2893,Bank Transfer,2026-02-17 06:32:31,1110.34
2894,2894,Cash,2026-05-22 03:44:00,2587.38
2895,2895,PayPal,2025-09-24 08:45:29,1879.15
2896,2896,Cash,2025-10-11 23:47:31,842.07
2897,2897,Bank Transfer,2025-08-05 08:48:36,1021.85
2898,2898,Cash,2025-08-08 11:04:34,3841.61
2899,2899,Cash,2025-07-01 20:18:54,3284.03
2900,2900,Bank Transfer,2026-04-06 06:56:53,3218.18
2901,2901,PayPal,2026-03-02 17:43:04,279.12
2902,2902,PayPal,2026-01-09 15:15:48,3178.4
2903,2903,Cash,2026-03-23 09:39:02,2552.43
2904,2904,PayPal,2026-04-06 01:32:42,641.55
2905,2905,Bank Transfer,2025-03-13 12:34:38,1065.07
2906,2906,Cash,2026-01-20 02:18:36,4693.07
2907,2907,Bank Transfer,2024-09-05 11:15:31,2146.57
2908,2908,PayPal,2024-09-21 12:06:44,1433.89
2909,2909,Bank Transfer,2026-07-09 08:09:18,479.38
2910,2910,Cash,2025-04-30 23:38:36,626.76
2911,2911,PayPal,2026-04-07 19:06:23,3032.87
2912,2912,PayPal,2025-12-29 16:35:05,1169.05
2913,2913,PayPal,2026-05-06 01:48:30,2025.47
2914,2914,PayPal,2025-12-31 17:06:35,791.7
2915,2915,PayPal,2025-05-16 23:46:03,663.85
2916,2916,Credit Card,2025-06-22 09:21:04,688.77
2917,2917,Bank Transfer,2025-08-05 12:29:05,265.76
2918,2918,Cash,2025-05-25 05:32:12,559.3
2919,2919,Bank Transfer,2025-12-22 22:02:06,2224.3
2920,2920,Bank Transfer,2026-02-03 12:13:07,1409.31
2921,2921,Credit Card,2025-04-07 15:46:09,154.56
2922,2922,PayPal,2026-06-21 05:51:22,375.2
2923,2923,Credit Card,2025-03-14 22:30:27,3374.62
2924,2924,Bank Transfer,2025-05-15 22:27:47,527.34
2925,2925,Cash,2025-04-11 19:17:33,2195.51
2926,2926,Credit Card,2025-05-23 14:37:11,2062.12
2927,2927,PayPal,2025-08-23 09:00:40,593.1
2928,2928,Bank Transfer,2025-09-19 02:21:14,2028.66
2929,2929,PayPal,2025-01-02 03:03:26,361.24
2930,2930,Bank Transfer,2025-03-07 04:06:00,4114.33
2931,2931,Credit Card,2025-08-16 12:51:13,718.01
2932,2932,Cash,2025-10-18 08:22:12,773.4
2933,2933,Credit Card,2025-08-20 17:27:26,1784.7
2934,2934,Credit Card,2025-10-30 18:41:42,2189.82
2935,2935,Credit Card,2024-09-24 19:13:31,1086.67
2936,2936,Cash,2025-05-25 11:25:48,2316.8
2937,2937,PayPal,2025-10-26 19:56:44,2293.28
2938,2938,Cash,2024-10-06 23:23:05,1520.54
2939,2939,Credit Card,2026-05-22 09:36:16,1114.03
2940,2940,Cash,2025-03-11 00:58:52,412.98
2941,2941,Credit Card,2026-04-16 05:41:12,1515.84
2942,2942,Credit Card,2025-04-24 16:41:38,673.92
2943,2943,PayPal,2024-08-06 14:32:04,2533.13
2944,2944,Bank Transfer,2024-09-18 23:33:22,777.82
2945,2945,Bank Transfer,2025-12-29 00:37:10,981.72
2946,2946,Cash,2025-02-12 17:47:08,841.46
2947,2947,Cash,2025-12-13 08:37:16,2464.7
2948,2948,Bank Transfer,2024-08-12 17:21:00,1939.45
2949,2949,PayPal,2024-09-12 05:23:18,686.82
2950,2950,Credit Card,2025-02-11 00:20:33,235.19
2951,2951,Bank Transfer,2025-10-12 17:43:13,2337.72
2952,2952,PayPal,2024-11-21 15:47:37,2394.57
2953,2953,Cash,2026-01-05 10:36:41,1509.06
2954,2954,Credit Card,2024-12-27 16:37:22,1070.19
2955,2955,Bank Transfer,2026-06-21 05:29:05,889.67
2956,2956,Bank Transfer,2024-10-06 16:53:31,4766.61
2957,2957,Bank Transfer,2026-06-23 15:06:01,862.5
2958,2958,PayPal,2025-09-10 20:06:47,4590.17
2959,2959,PayPal,2025-12-08 17:59:30,3129.92
2960,2960,Cash,2024-11-02 01:23:37,681.34
2961,2961,Bank Transfer,2025-05-28 12:47:37,4752.4
2962,2962,Credit Card,2024-09-17 16:29:41,328.32
2963,2963,Cash,2025-04-11 02:39:27,1681.35
2964,2964,Credit Card,2025-06-26 11:24:37,3166.68
2965,2965,Bank Transfer,2025-07-12 06:23:06,206.34
2966,2966,Credit Card,2025-08-13 07:22:10,1154.32
2967,2967,Bank Transfer,2026-03-07 23:38:32,3567.64
2968,2968,PayPal,2025-04-08 02:54:45,1680.23
2969,2969,Cash,2025-05-08 07:30:19,3258.1
2970,2970,PayPal,2026-02-15 03:27:46,976.89
2971,2971,PayPal,2024-09-05 20:43:44,2337.93
2972,2972,Bank Transfer,2026-04-26 15:27:23,4160.25
2973,2973,Credit Card,2025-10-16 06:16:45,281.34
2974,2974,PayPal,2026-02-18 22:07:00,185.28
2975,2975,Cash,2026-03-26 07:47:46,2103.6
2976,2976,Credit Card,2025-03-26 23:40:32,750.48
2977,2977,Bank Transfer,2025-09-11 17:51:45,1400.5
2978,2978,PayPal,2025-10-24 21:10:04,1547.16
2979,2979,Credit Card,2025-07-29 14:36:12,302.7
2980,2980,Cash,2024-09-27 22:08:51,819.48
2981,2981,Bank Transfer,2026-06-26 23:54:05,5103.88
2982,2982,PayPal,2026-06-11 23:13:37,831.84
2983,2983,Credit Card,2026-04-20 06:24:14,3444.14
2984,2984,Credit Card,2026-03-19 06:09:17,442.27
2985,2985,Bank Transfer,2025-10-22 22:26:07,1209.47
2986,2986,Cash,2025-03-12 09:18:04,2590.0
2987,2987,PayPal,2026-06-13 06:44:33,339.69
2988,2988,Cash,2026-01-09 21:11:43,1119.24
2989,2989,Cash,2024-12-28 20:53:35,2629.44
2990,2990,Cash,2025-02-01 11:51:37,667.22
2991,2991,Bank Transfer,2025-06-14 01:34:32,1820.54
2992,2992,PayPal,2024-10-27 08:37:16,1674.78
2993,2993,Cash,2025-09-20 17:36:51,4077.5
2994,2994,Credit Card,2025-01-17 22:25:45,1214.53
2995,2995,Cash,2026-02-22 00:16:43,2716.59
2996,2996,Cash,2025-08-12 09:48:47,2671.15
2997,2997,Cash,2025-06-23 17:25:12,4608.46
2998,2998,Bank Transfer,2025-07-12 06:33:40,348.21
2999,2999,Bank Transfer,2026-02-07 17:40:22,1609.1
3000,3000,Bank Transfer,2025-09-04 13:44:19,3623.49
3001,3001,Bank Transfer,2026-07-30 04:36:40,31.81
3002,3002,Credit Card,2026-03-21 19:14:51,648.24
3003,3003,Bank Transfer,2025-02-04 21:16:55,2302.51
3004,3004,PayPal,2026-07-20 07:17:40,913.43
3005,3005,PayPal,2026-04-20 19:45:18,2262.81
3006,3006,Cash,2025-06-26 05:16:04,1926.93
3007,3007,Bank Transfer,2024-08-15 14:41:33,847.96
3008,3008,PayPal,2025-07-12 04:01:31,2840.96
3009,3009,PayPal,2025-05-16 01:25:17,3182.31
3010,3010,PayPal,2026-01-16 20:51:53,3039.98
3011,3011,PayPal,2026-01-30 18:40:33,1361.54
3012,3012,PayPal,2025-02-12 12:10:23,1519.24
3013,3013,PayPal,2024-11-30 03:26:17,388.43
3014,3014,Credit Card,2025-05-10 13:00:51,2507.47
3015,3015,Credit Card,2026-03-07 13:35:54,4606.31
3016,3016,Credit Card,2026-06-06 19:24:20,3594.66
3017,3017,Cash,2025-11-11 23:14:35,2481.92
3018,3018,Cash,2025-02-02 17:38:08,2578.99
3019,3019,Bank Transfer,2024-08-16 00:44:40,734.58
3020,3020,Cash,2025-10-18 16:19:56,989.84
3021,3021,Bank Transfer,2025-02-04 08:18:51,3528.35
3022,3022,PayPal,2026-05-01 05:35:51,2790.62
3023,3023,Cash,2026-05-26 02:09:16,1386.52
3024,3024,PayPal,2024-12-15 06:34:25,556.4
3025,3025,Bank Transfer,2026-05-31 01:51:42,1625.0
3026,3026,Credit Card,2025-08-05 04:45:37,580.39
3027,3027,Bank Transfer,2026-02-17 01:31:49,240.88
3028,3028,PayPal,2025-06-26 23:47:07,629.12
3029,3029,PayPal,2026-07-17 22:12:16,1654.68
3030,3030,Credit Card,2025-03-11 14:03:03,263.32
3031,3031,Credit Card,2025-07-06 21:35:09,602.6
3032,3032,Bank Transfer,2025-11-16 15:29:57,2349.44
3033,3033,Bank Transfer,2024-09-05 03:17:45,2041.85
3034,3034,Cash,2025-10-06 01:14:58,1627.78
3035,3035,Credit Card,2026-06-05 06:15:11,1620.56
3036,3036,Cash,2024-10-19 13:36:59,424.77
3037,3037,Cash,2025-10-02 08:28:04,684.96
3038,3038,Cash,2026-05-12 00:21:05,2302.62
3039,3039,Credit Card,2025-01-28 19:01:53,3262.8
3040,3040,Bank Transfer,2025-11-29 14:24:57,2717.32
3041,3041,Credit Card,2025-12-10 23:38:51,551.72
3042,3042,Cash,2026-06-20 03:39:15,2776.17
3043,3043,Cash,2025-08-02 20:22:30,3682.52
3044,3044,Bank Transfer,2025-09-08 11:26:10,3160.16
3045,3045,Cash,2025-04-04 04:29:24,713.49
3046,3046,Cash,2025-03-20 20:29:36,2876.21
3047,3047,PayPal,2025-11-26 05:57:23,2095.9
3048,3048,PayPal,2026-05-09 07:55:04,1281.54
3049,3049,PayPal,2025-05-16 11:31:18,1332.08
3050,3050,Bank Transfer,2025-04-10 04:00:24,700.64
3051,3051,PayPal,2025-11-24 07:29:10,1159.86
3052,3052,Bank Transfer,2025-01-06 00:26:50,1176.75
3053,3053,Cash,2025-07-29 20:50:45,1727.09
3054,3054,Bank Transfer,2026-03-16 13:44:47,1413.13
3055,3055,PayPal,2026-02-03 05:35:59,3867.19
3056,3056,Cash,2024-08-26 03:50:30,848.66
3057,3057,Bank Transfer,2025-05-19 04:20:52,2813.17
3058,3058,Bank Transfer,2025-02-09 17:44:29,498.52
3059,3059,Bank Transfer,2025-10-01 05:12:22,1365.56
3060,3060,Cash,2026-07-29 15:02:53,1337.15
3061,3061,PayPal,2024-09-23 00:31:59,2208.76
3062,3062,Bank Transfer,2025-06-06 13:52:55,3103.04
3063,3063,Cash,2026-04-15 21:55:27,2525.91
3064,3064,Bank Transfer,2024-09-11 21:31:29,3256.42
3065,3065,Cash,2026-01-13 17:24:18,3300.15
3066,3066,Bank Transfer,2026-05-21 12:05:36,3600.18
3067,3067,Bank Transfer,2025-01-07 06:21:11,1624.11
3068,3068,PayPal,2025-05-04 02:09:38,1625.65
3069,3069,PayPal,2025-11-22 17:11:28,2913.61
3070,3070,PayPal,2026-02-19 22:57:34,271.42
3071,3071,Cash,2026-04-03 21:05:12,3608.97
3072,3072,Bank Transfer,2025-06-26 16:51:24,910.25
3073,3073,Credit Card,2026-07-06 18:10:41,1076.73
3074,3074,Cash,2026-08-04 14:05:23,2294.26
3075,3075,Cash,2025-11-06 01:32:14,2287.56
3076,3076,Cash,2025-08-16 09:55:35,1848.08
3077,3077,PayPal,2024-10-06 09:03:40,414.28
3078,3078,Cash,2025-07-14 06:48:21,504.8
3079,3079,Credit Card,2025-10-16 00:36:38,424.26
3080,3080,Cash,2024-12-11 02:44:19,1743.93
3081,3081,Credit Card,2025-03-28 09:20:56,619.76
3082,3082,PayPal,2025-11-14 15:31:16,492.68
3083,3083,PayPal,2025-08-19 00:48:04,1271.09
3084,3084,Cash,2025-03-31 16:21:54,129.44
3085,3085,Bank Transfer,2025-01-22 17:01:24,1814.92
3086,3086,PayPal,2024-12-31 10:07:18,1341.57
3087,3087,Cash,2026-01-04 20:40:47,2531.36
3088,3088,Bank Transfer,2026-03-28 10:54:57,1099.46
3089,3089,PayPal,2025-06-26 21:17:13,2477.76
3090,3090,Cash,2024-08-30 22:59:28,2590.44
3091,3091,PayPal,2026-03-27 23:04:27,811.46
3092,3092,Bank Transfer,2025-04-20 18:12:45,4041.22
3093,3093,Bank Transfer,2024-08-27 23:23:14,1129.25
3094,3094,PayPal,2026-05-09 06:12:51,439.18
3095,3095,Cash,2026-01-13 22:50:08,14.67
3096,3096,PayPal,2026-03-10 11:35:24,1302.12
3097,3097,PayPal,2024-10-18 20:08:05,1403.42
3098,3098,Credit Card,2026-01-20 18:11:28,2294.57
3099,3099,Cash,2025-10-05 02:23:53,2461.65
3100,3100,Cash,2025-12-29 21:25:22,1742.91
3101,3101,PayPal,2026-06-29 07:01:28,113.23
3102,3102,Bank Transfer,2024-08-24 15:40:53,2090.11
3103,3103,Cash,2026-06-04 10:27:22,83.78
3104,3104,Bank Transfer,2024-12-17 03:13:32,2268.18
3105,3105,PayPal,2024-09-05 16:30:32,1160.1
3106,3106,PayPal,2024-10-05 02:45:09,776.93
3107,3107,PayPal,2026-02-20 19:16:38,1433.64
3108,3108,Cash,2025-12-05 17:32:49,1433.54
3109,3109,Credit Card,2024-08-29 11:46:10,3162.26
3110,3110,Bank Transfer,2025-08-26 01:51:59,3416.3
3111,3111,PayPal,2025-12-16 03:54:30,2595.52
3112,3112,PayPal,2026-02-23 05:56:28,789.3
3113,3113,Credit Card,2025-11-02 21:27:52,2377.31
3114,3114,Bank Transfer,2025-09-20 05:10:09,2774.53
3115,3115,Bank Transfer,2026-08-03 15:10:24,1342.87
3116,3116,Cash,2024-09-20 13:16:05,2392.86
3117,3117,Bank Transfer,2025-03-28 17:06:21,1608.33
3118,3118,PayPal,2026-03-30 12:55:21,2155.66
3119,3119,Credit Card,2026-03-20 15:07:13,1004.02
3120,3120,PayPal,2026-04-08 12:13:10,300.1
3121,3121,Bank Transfer,2024-12-02 04:08:26,548.32
3122,3122,Bank Transfer,2025-05-20 03:37:08,1204.84
3123,3123,Cash,2026-01-30 14:39:13,331.2
3124,3124,Cash,2026-05-26 20:56:58,828.6
3125,3125,Cash,2026-07-01 23:41:51,2891.42
3126,3126,Cash,2025-11-04 19:42:08,1499.08
3127,3127,Credit Card,2024-12-15 09:28:06,346.63
3128,3128,Cash,2024-12-14 23:40:12,1636.48
3129,3129,PayPal,2024-11-10 17:35:33,3564.61
3130,3130,Cash,2024-11-01 06:55:03,706.38
3131,3131,Bank Transfer,2025-04-28 18:36:07,4399.23
3132,3132,PayPal,2024-08-31 02:54:02,1160.22
3133,3133,PayPal,2024-08-30 08:17:48,1127.94
3134,3134,Bank Transfer,2026-07-19 11:44:46,1438.73
3135,3135,Credit Card,2026-05-17 20:23:16,571.4
3136,3136,PayPal,2024-08-28 04:10:51,1217.01
3137,3137,Cash,2025-09-11 04:12:15,3982.57
3138,3138,Credit Card,2025-12-04 00:31:54,248.56
3139,3139,Credit Card,2026-07-22 13:32:09,4404.0
3140,3140,Bank Transfer,2026-06-08 20:20:41,3734.89
3141,3141,Cash,2026-01-01 09:44:43,284.79
3142,3142,PayPal,2025-11-03 23:16:27,1702.39
3143,3143,Bank Transfer,2025-07-29 00:38:26,2158.65
3144,3144,Credit Card,2025-05-12 05:37:45,2946.6
3145,3145,Credit Card,2026-04-25 09:18:39,3204.65
3146,3146,Credit Card,2025-04-16 14:44:59,3381.0
3147,3147,Bank Transfer,2026-07-13 00:20:14,211.56
3148,3148,PayPal,2026-04-15 00:23:07,2160.18
3149,3149,PayPal,2025-06-29 07:59:12,2725.29
3150,3150,Cash,2025-08-26 02:06:15,2662.4
3151,3151,Cash,2025-07-26 22:01:35,1368.71
3152,3152,Bank Transfer,2025-01-09 08:49:31,856.23
3153,3153,Cash,2024-09-12 02:04:12,2562.03
3154,3154,Cash,2025-08-27 14:28:05,2927.06
3155,3155,Bank Transfer,2025-04-05 09:12:18,580.58
3156,3156,Cash,2025-07-16 01:18:04,1163.95
3157,3157,PayPal,2024-10-12 11:36:24,1319.52
3158,3158,Bank Transfer,2025-11-23 16:17:34,274.16
3159,3159,PayPal,2025-11-10 21:11:34,682.36
3160,3160,Cash,2026-02-24 15:06:00,581.49
3161,3161,Credit Card,2024-11-16 16:11:22,62.97
3162,3162,PayPal,2025-03-10 05:28:45,2966.91
3163,3163,Cash,2025-11-02 02:59:14,624.9
3164,3164,PayPal,2025-06-08 16:24:20,387.45
3165,3165,PayPal,2026-06-06 11:00:52,2109.58
3166,3166,PayPal,2025-05-27 16:12:45,2379.85
3167,3167,Credit Card,2025-02-18 07:55:58,4630.63
3168,3168,Bank Transfer,2026-03-23 14:31:39,3168.37
3169,3169,Cash,2025-11-21 02:50:25,3043.52
3170,3170,Credit Card,2025-08-23 07:06:30,788.47
3171,3171,Bank Transfer,2025-09-26 09:14:29,2087.63
3172,3172,Credit Card,2025-11-29 18:53:26,3652.61
3173,3173,PayPal,2026-06-15 11:21:44,3861.89
3174,3174,Credit Card,2025-11-29 08:01:12,2157.25
3175,3175,Bank Transfer,2026-03-18 09:12:47,1301.76
3176,3176,Bank Transfer,2024-09-06 11:32:59,2644.12
3177,3177,Cash,2025-06-03 21:34:58,1619.13
3178,3178,Cash,2026-01-11 09:19:34,78.1
3179,3179,PayPal,2025-05-16 19:14:50,617.29
3180,3180,Bank Transfer,2026-02-02 18:31:28,1273.53
3181,3181,Cash,2026-06-15 11:21:43,1666.76
3182,3182,Cash,2024-11-13 10:50:53,2877.91
3183,3183,Credit Card,2025-02-07 22:38:40,3209.34
3184,3184,Bank Transfer,2024-12-26 23:26:58,1869.03
3185,3185,Bank Transfer,2025-01-29 10:23:12,1169.82
3186,3186,PayPal,2025-07-30 06:32:40,82.93
3187,3187,Bank Transfer,2025-11-02 04:24:45,383.79
3188,3188,PayPal,2025-03-22 20:03:32,55.36
3189,3189,Bank Transfer,2026-05-09 09:08:32,2916.62
3190,3190,PayPal,2026-07-24 21:30:17,4797.04
3191,3191,PayPal,2026-07-20 17:25:32,2523.02
3192,3192,Credit Card,2024-11-21 06:30:39,1025.06
3193,3193,Credit Card,2024-10-04 23:05:22,1125.99
3194,3194,Bank Transfer,2026-03-01 07:21:08,1202.73
3195,3195,Credit Card,2025-06-21 04:54:32,3756.44
3196,3196,Bank Transfer,2025-01-11 09:11:02,2194.58
3197,3197,Bank Transfer,2025-04-03 07:45:45,303.74
3198,3198,Credit Card,2025-05-16 19:37:18,735.57
3199,3199,Cash,2024-09-14 05:13:03,4786.21
3200,3200,Credit Card,2026-04-29 00:07:04,1797.18
3201,3201,Bank Transfer,2026-03-01 11:54:06,3384.19
3202,3202,Cash,2025-10-11 23:41:31,2006.26
3203,3203,Bank Transfer,2025-11-15 20:06:38,84.19
3204,3204,Bank Transfer,2024-11-30 01:39:50,2319.42
3205,3205,Credit Card,2025-01-14 02:51:10,2137.62
3206,3206,Bank Transfer,2025-03-01 05:25:41,2753.13
3207,3207,PayPal,2025-09-27 08:49:44,2850.32
3208,3208,Cash,2024-08-29 04:35:28,1020.97
3209,3209,Bank Transfer,2025-10-22 15:41:44,732.48
3210,3210,Credit Card,2024-08-14 02:02:58,2116.57
3211,3211,Cash,2025-05-27 15:44:39,3384.3
3212,3212,Bank Transfer,2026-02-17 19:52:16,123.4
3213,3213,Bank Transfer,2026-01-24 10:16:01,2437.87
3214,3214,Credit Card,2026-01-24 20:32:36,3429.91
3215,3215,Bank Transfer,2025-01-31 08:02:34,2813.02
3216,3216,Bank Transfer,2025-10-28 11:14:30,975.72
3217,3217,PayPal,2026-03-14 09:39:43,411.21
3218,3218,Credit Card,2025-07-05 21:23:05,1169.33
3219,3219,PayPal,2025-07-02 08:53:13,4018.29
3220,3220,Cash,2025-10-09 03:49:38,1939.52
3221,3221,Bank Transfer,2024-11-17 23:43:41,784.62
3222,3222,PayPal,2024-12-31 22:50:58,749.12
3223,3223,Bank Transfer,2025-12-14 12:07:02,1148.6
3224,3224,Bank Transfer,2026-04-19 05:15:31,326.69
3225,3225,Bank Transfer,2025-05-15 05:22:24,2328.23
3226,3226,PayPal,2026-02-04 19:04:12,2545.95
3227,3227,PayPal,2026-01-18 13:34:29,495.85
3228,3228,PayPal,2024-08-14 12:04:49,1476.03
3229,3229,PayPal,2025-01-21 17:35:25,1878.27
3230,3230,PayPal,2025-12-11 15:07:07,1980.01
3231,3231,Bank Transfer,2024-08-30 19:56:46,2522.07
3232,3232,Cash,2026-08-01 11:46:12,416.13
3233,3233,Bank Transfer,2026-04-14 04:56:55,2626.36
3234,3234,Cash,2025-10-26 10:50:57,2200.85
3235,3235,Bank Transfer,2024-09-04 00:15:56,437.76
3236,3236,Credit Card,2025-06-24 15:22:41,999.24
3237,3237,Bank Transfer,2025-12-06 03:55:26,1598.95
3238,3238,PayPal,2025-09-30 05:45:35,547.18
3239,3239,PayPal,2024-09-18 19:39:29,2120.17
3240,3240,Bank Transfer,2025-03-23 04:21:33,963.96
3241,3241,Credit Card,2026-03-18 16:17:53,648.92
3242,3242,Credit Card,2025-01-27 05:11:36,2000.42
3243,3243,Credit Card,2026-06-09 19:51:41,2532.54
3244,3244,Cash,2024-11-27 16:01:49,3226.19
3245,3245,Bank Transfer,2025-03-03 04:32:24,1302.12
3246,3246,PayPal,2024-10-20 22:38:38,4000.27
3247,3247,Bank Transfer,2025-01-07 13:20:36,1413.8
3248,3248,Bank Transfer,2025-08-29 10:46:49,2201.13
3249,3249,Bank Transfer,2025-09-11 06:01:36,2050.5
3250,3250,PayPal,2025-01-04 05:51:16,483.45
3251,3251,Cash,2024-11-29 04:54:45,3401.68
3252,3252,PayPal,2025-10-29 22:08:54,93.43
3253,3253,Cash,2025-07-15 15:35:36,204.92
3254,3254,Credit Card,2025-03-28 22:24:25,2087.41
3255,3255,Cash,2025-09-16 05:22:15,2866.91
3256,3256,Cash,2025-01-04 07:17:06,1926.19
3257,3257,Bank Transfer,2026-03-05 07:34:58,1266.49
3258,3258,Bank Transfer,2024-12-20 04:15:59,2104.78
3259,3259,Cash,2024-11-08 19:56:55,2758.41
3260,3260,Cash,2026-02-12 20:58:13,1535.94
3261,3261,Credit Card,2026-03-30 09:51:44,2685.97
3262,3262,PayPal,2025-11-17 10:15:51,1843.41
3263,3263,Bank Transfer,2025-12-02 05:11:26,451.95
3264,3264,Credit Card,2024-10-21 05:24:44,2117.08
3265,3265,Bank Transfer,2024-12-05 12:26:53,1617.64
3266,3266,Bank Transfer,2025-06-01 00:55:09,2451.48
3267,3267,Cash,2024-11-15 15:53:46,497.03
3268,3268,Credit Card,2026-07-25 12:56:35,2916.92
3269,3269,Credit Card,2026-07-03 11:14:42,1694.91
3270,3270,Credit Card,2024-08-15 18:56:33,1663.24
3271,3271,Cash,2024-12-03 04:30:22,567.84
3272,3272,PayPal,2025-12-04 22:33:18,804.5
3273,3273,Cash,2024-10-10 16:50:10,1164.12
3274,3274,Bank Transfer,2024-09-15 04:00:08,962.68
3275,3275,Cash,2025-01-09 05:18:06,865.74
3276,3276,Cash,2026-05-12 23:51:29,818.77
3277,3277,Credit Card,2026-06-05 23:37:08,2177.14
3278,3278,Credit Card,2025-12-22 16:08:25,1568.64
3279,3279,PayPal,2025-10-27 04:11:05,687.42
3280,3280,Cash,2025-10-04 15:39:26,343.71
3281,3281,PayPal,2026-06-21 12:25:36,3799.62
3282,3282,Cash,2024-12-06 15:37:54,175.98
3283,3283,Bank Transfer,2025-11-06 02:19:26,3472.74
3284,3284,Cash,2026-07-27 15:36:58,5176.68
3285,3285,Bank Transfer,2025-07-01 17:56:48,1879.78
3286,3286,Credit Card,2025-07-10 20:04:38,1848.15
3287,3287,Credit Card,2025-08-27 06:06:56,3800.09
3288,3288,Bank Transfer,2025-11-14 00:06:45,284.0
3289,3289,Bank Transfer,2026-08-06 17:32:26,120.42
3290,3290,PayPal,2025-05-21 00:35:06,1783.18
3291,3291,PayPal,2026-02-16 09:46:55,686.8
3292,3292,Bank Transfer,2026-04-24 13:04:59,267.91
3293,3293,Credit Card,2026-07-24 21:47:01,2827.04
3294,3294,Credit Card,2025-06-28 08:57:13,1239.81
3295,3295,PayPal,2025-01-28 14:15:21,1917.51
3296,3296,Credit Card,2025-12-26 03:56:31,556.52
3297,3297,Cash,2025-10-14 07:12:02,1944.45
3298,3298,Bank Transfer,2026-07-07 16:12:56,871.62
3299,3299,Bank Transfer,2025-05-02 17:08:11,160.86
3300,3300,PayPal,2025-02-02 05:35:48,637.36
3301,3301,Credit Card,2026-05-23 01:49:25,348.51
3302,3302,Credit Card,2025-07-06 01:26:36,1356.64
3303,3303,Cash,2025-02-02 11:16:12,1259.37
3304,3304,Credit Card,2025-05-19 15:26:45,1220.33
3305,3305,Cash,2025-08-19 11:11:49,78.78
3306,3306,PayPal,2025-09-13 10:52:48,1677.17
3307,3307,Cash,2025-03-17 07:13:50,1808.67
3308,3308,Credit Card,2024-08-20 23:51:00,874.68
3309,3309,Bank Transfer,2025-08-06 22:30:35,1141.88
3310,3310,Bank Transfer,2026-04-07 21:43:55,1824.18
3311,3311,Bank Transfer,2026-08-06 08:51:45,683.34
3312,3312,Bank Transfer,2024-12-15 13:33:45,1273.53
3313,3313,Cash,2024-08-10 22:35:49,2996.37
3314,3314,PayPal,2026-02-22 16:46:16,2184.97
3315,3315,PayPal,2026-06-30 21:14:11,159.3
3316,3316,Cash,2024-10-30 15:11:29,2094.38
3317,3317,Cash,2025-08-20 19:58:04,3193.04
3318,3318,PayPal,2026-07-26 09:59:08,3384.5
3319,3319,Bank Transfer,2025-01-10 23:38:59,2850.37
3320,3320,Credit Card,2025-12-30 08:38:17,1262.19
3321,3321,Cash,2026-05-05 23:15:30,1818.16
3322,3322,PayPal,2025-05-09 04:53:18,446.9
3323,3323,Cash,2025-04-11 04:09:09,934.66
3324,3324,Credit Card,2025-03-08 09:00:34,2548.95
3325,3325,PayPal,2025-12-08 18:46:18,2920.0
3326,3326,Credit Card,2026-05-12 03:12:32,1472.78
3327,3327,PayPal,2026-06-16 15:25:24,58.66
3328,3328,Bank Transfer,2025-06-01 01:36:01,1282.11
3329,3329,Cash,2025-01-31 18:24:16,1095.3
3330,3330,Bank Transfer,2025-10-03 12:40:04,2120.26
3331,3331,Bank Transfer,2025-12-15 18:09:39,172.35
3332,3332,Cash,2026-01-19 11:37:27,1354.63
3333,3333,Cash,2026-01-27 20:45:26,2770.39
3334,3334,Credit Card,2024-11-21 16:16:10,632.91
3335,3335,Credit Card,2025-10-20 19:51:20,323.16
3336,3336,Credit Card,2026-01-29 21:14:41,600.91
3337,3337,Cash,2026-03-04 08:57:35,1446.44
3338,3338,Bank Transfer,2026-04-02 19:23:12,2171.26
3339,3339,Bank Transfer,2026-04-14 21:06:06,411.24
3340,3340,Credit Card,2026-03-26 21:29:38,2449.96
3341,3341,Credit Card,2025-05-25 10:10:11,1929.43
3342,3342,Cash,2025-11-29 02:00:06,2047.53
3343,3343,Cash,2024-09-29 03:26:23,909.93
3344,3344,Cash,2025-05-30 12:32:07,1108.56
3345,3345,Credit Card,2025-01-07 15:13:51,2912.59
3346,3346,Bank Transfer,2025-10-11 12:30:09,1487.9
3347,3347,Cash,2026-07-22 10:58:17,1124.31
3348,3348,Bank Transfer,2026-07-31 10:09:12,2295.44
3349,3349,PayPal,2025-01-08 12:01:53,1787.33
3350,3350,Credit Card,2024-09-25 07:27:34,641.01
3351,3351,PayPal,2025-04-05 02:59:58,4211.4
3352,3352,Cash,2025-11-21 13:22:27,1757.94
3353,3353,Credit Card,2025-02-28 15:48:15,5134.25
3354,3354,Bank Transfer,2025-11-08 07:03:21,379.68
3355,3355,Cash,2026-04-30 12:12:51,3231.42
3356,3356,Credit Card,2025-05-17 10:37:11,623.85
3357,3357,Cash,2025-08-24 11:13:09,3925.86
3358,3358,Credit Card,2026-05-24 08:07:09,1019.62
3359,3359,Cash,2026-02-22 05:54:15,1522.69
3360,3360,Bank Transfer,2026-06-21 15:45:05,2899.88
3361,3361,Cash,2025-08-08 06:24:04,1847.17
3362,3362,Credit Card,2026-07-03 19:53:43,1781.2
3363,3363,Bank Transfer,2026-03-16 00:43:13,693.3
3364,3364,Bank Transfer,2026-03-27 02:04:30,1165.17
3365,3365,Cash,2024-08-09 21:14:58,1763.65
3366,3366,Bank Transfer,2026-03-19 00:17:32,1546.37
3367,3367,Cash,2025-04-03 16:25:13,1194.17
3368,3368,Credit Card,2026-04-08 06:18:08,2785.4
3369,3369,Cash,2025-04-26 10:44:42,1390.71
3370,3370,Credit Card,2025-12-08 04:09:10,1131.8
3371,3371,Cash,2025-07-14 21:15:29,1640.72
3372,3372,PayPal,2025-02-19 10:18:34,1208.67
3373,3373,Cash,2026-05-26 20:58:26,1590.49
3374,3374,Bank Transfer,2026-01-14 04:36:25,1893.28
3375,3375,PayPal,2025-03-30 08:17:57,2049.31
3376,3376,PayPal,2026-03-01 00:50:23,1589.93
3377,3377,Credit Card,2025-06-06 14:16:52,2168.95
3378,3378,Cash,2025-07-07 09:31:50,1927.22
3379,3379,Cash,2024-08-17 12:38:10,125.28
3380,3380,PayPal,2025-05-12 21:05:09,1600.43
3381,3381,Cash,2026-02-19 19:04:45,117.02
3382,3382,Cash,2026-01-21 03:55:36,2269.74
3383,3383,PayPal,2024-10-08 16:39:56,948.97
3384,3384,PayPal,2025-06-29 13:53:21,366.32
3385,3385,Bank Transfer,2026-04-18 22:23:39,461.5
3386,3386,Bank Transfer,2024-08-30 10:44:38,2496.79
3387,3387,PayPal,2025-01-14 00:30:24,2549.81
3388,3388,Credit Card,2026-04-22 01:49:06,3191.07
3389,3389,PayPal,2024-09-03 22:24:27,1980.21
3390,3390,PayPal,2025-09-24 10:11:08,808.38
3391,3391,Cash,2025-05-19 14:30:51,1762.91
3392,3392,Credit Card,2025-09-04 00:29:23,830.01
3393,3393,Cash,2025-08-04 04:56:19,510.33
3394,3394,Cash,2026-05-26 08:56:16,3662.7
3395,3395,PayPal,2025-09-10 17:11:27,998.88
3396,3396,PayPal,2025-02-17 10:46:35,2439.28
3397,3397,Cash,2026-05-04 22:59:38,2845.6
3398,3398,Bank Transfer,2025-01-22 20:57:47,271.13
3399,3399,Bank Transfer,2025-10-22 12:31:12,1480.56
3400,3400,Bank Transfer,2026-01-07 15:12:35,1956.4
3401,3401,Bank Transfer,2025-05-26 15:37:41,2263.01
3402,3402,Credit Card,2026-01-04 01:55:43,3697.59
3403,3403,Bank Transfer,2025-02-06 08:36:31,2442.1
3404,3404,Bank Transfer,2025-02-16 22:38:06,964.56
3405,3405,Credit Card,2026-04-16 02:47:51,3333.98
3406,3406,Cash,2025-04-20 23:56:24,2370.66
3407,3407,Bank Transfer,2024-09-26 19:29:31,1296.72
3408,3408,Credit Card,2024-10-23 08:20:05,1146.05
3409,3409,Credit Card,2025-03-28 10:49:31,1571.06
3410,3410,PayPal,2024-12-01 13:11:48,2351.06
3411,3411,Bank Transfer,2025-10-31 04:35:56,3987.08
3412,3412,Cash,2024-12-06 22:36:51,1870.69
3413,3413,PayPal,2026-03-12 19:47:42,213.67
3414,3414,Credit Card,2025-05-28 17:18:39,514.0
3415,3415,Credit Card,2026-04-28 06:09:35,240.67
3416,3416,PayPal,2025-02-20 17:03:15,2675.31
3417,3417,PayPal,2025-11-30 02:32:51,1753.34
3418,3418,Credit Card,2025-04-08 04:36:56,185.1
3419,3419,Credit Card,2025-03-07 04:14:53,2043.58
3420,3420,PayPal,2024-11-21 22:07:05,1452.99
3421,3421,Cash,2026-03-23 11:35:29,2297.03
3422,3422,Bank Transfer,2025-10-06 01:52:07,187.28
3423,3423,Credit Card,2025-02-22 00:15:53,1203.81
3424,3424,Cash,2025-06-10 07:26:49,2402.87
3425,3425,Credit Card,2024-12-31 23:54:09,2115.56
3426,3426,PayPal,2025-09-14 06:25:19,4814.25
3427,3427,Bank Transfer,2026-04-30 17:19:54,3847.87
3428,3428,Cash,2025-07-20 21:35:09,1740.01
3429,3429,Credit Card,2026-07-10 20:00:32,1720.0
3430,3430,Cash,2025-10-12 20:55:23,599.08
3431,3431,PayPal,2024-10-28 05:26:51,958.6
3432,3432,Cash,2025-08-05 02:45:13,2040.33
3433,3433,Bank Transfer,2024-08-13 11:34:57,1968.77
3434,3434,Bank Transfer,2025-12-20 02:05:03,2870.52
3435,3435,PayPal,2025-03-09 17:23:00,980.77
3436,3436,PayPal,2025-10-30 20:14:43,84.19
3437,3437,PayPal,2025-05-22 23:03:12,3590.0
3438,3438,Credit Card,2024-12-13 11:18:03,375.12
3439,3439,Bank Transfer,2025-05-22 15:13:02,1899.75
3440,3440,Credit Card,2025-08-18 09:11:10,949.54
3441,3441,Cash,2026-07-10 17:42:37,2113.58
3442,3442,Credit Card,2026-04-15 18:30:26,1710.43
3443,3443,Credit Card,2026-07-18 06:39:33,713.49
3444,3444,Cash,2024-12-14 23:58:25,1937.36
3445,3445,Bank Transfer,2025-01-23 19:05:32,3078.39
3446,3446,Bank Transfer,2024-10-01 07:35:10,1185.28
3447,3447,Credit Card,2024-09-22 20:33:03,2075.41
3448,3448,Credit Card,2025-02-01 12:02:22,742.36
3449,3449,Bank Transfer,2025-10-12 06:28:53,1835.65
3450,3450,PayPal,2025-03-18 16:09:49,1704.96
3451,3451,Bank Transfer,2025-04-11 04:53:02,2663.02
3452,3452,Bank Transfer,2025-01-12 08:07:47,326.82
3453,3453,Cash,2026-01-08 08:05:06,2704.36
3454,3454,Credit Card,2025-05-16 15:28:16,1742.33
3455,3455,Cash,2026-01-13 02:35:01,142.85
3456,3456,PayPal,2026-05-16 18:49:46,1524.26
3457,3457,Cash,2026-03-04 07:19:34,2068.28
3458,3458,Cash,2025-07-23 15:11:14,2722.74
3459,3459,PayPal,2025-09-12 19:24:01,1529.39
3460,3460,PayPal,2024-10-07 05:25:35,578.01
3461,3461,PayPal,2024-10-11 14:48:15,1643.01
3462,3462,PayPal,2025-06-22 22:54:24,2712.34
3463,3463,PayPal,2025-03-01 04:40:55,1290.0
3464,3464,Bank Transfer,2026-07-22 03:18:19,918.3
3465,3465,Bank Transfer,2026-04-20 21:18:47,1559.8
3466,3466,PayPal,2024-09-28 16:59:11,3096.34
3467,3467,Credit Card,2026-02-11 08:33:35,1222.78
3468,3468,PayPal,2024-08-12 05:04:10,2400.78
3469,3469,Bank Transfer,2026-07-29 19:41:23,480.12
3470,3470,Cash,2026-07-06 11:56:15,2426.36
3471,3471,Bank Transfer,2026-01-23 20:05:14,1686.9
3472,3472,Bank Transfer,2026-04-21 20:26:03,1415.54
3473,3473,Credit Card,2025-10-31 06:22:47,1452.52
3474,3474,Bank Transfer,2024-09-01 22:36:34,2315.79
3475,3475,PayPal,2026-03-30 03:23:10,1860.86
3476,3476,Credit Card,2025-11-07 08:17:45,2522.48
3477,3477,Cash,2025-07-01 11:26:54,2157.24
3478,3478,PayPal,2025-08-25 14:29:13,984.02
3479,3479,Bank Transfer,2025-02-09 10:34:45,1356.32
3480,3480,Cash,2025-11-07 07:52:15,630.29
3481,3481,PayPal,2026-06-05 03:04:45,865.42
3482,3482,Cash,2025-07-28 02:23:39,1097.78
3483,3483,Bank Transfer,2025-11-16 10:29:37,1579.92
3484,3484,Credit Card,2026-07-03 20:34:47,1985.67
3485,3485,Cash,2025-04-22 09:49:29,1113.04
3486,3486,Credit Card,2026-05-02 00:55:35,506.22
3487,3487,Bank Transfer,2024-09-07 08:17:21,2968.88
3488,3488,Credit Card,2025-04-01 00:15:14,281.34
3489,3489,Bank Transfer,2025-11-12 23:33:49,374.77
3490,3490,Cash,2026-04-09 00:31:37,3421.19
3491,3491,PayPal,2026-03-19 15:56:10,1379.15
3492,3492,Cash,2025-05-13 10:46:16,1287.47
3493,3493,Credit Card,2025-02-10 14:56:55,142.85
3494,3494,Bank Transfer,2026-07-06 03:27:37,3005.31
3495,3495,PayPal,2025-09-22 02:08:50,1490.16
3496,3496,Bank Transfer,2026-04-01 03:31:49,2358.68
3497,3497,Credit Card,2024-11-01 18:38:08,1415.97
3498,3498,Cash,2025-01-16 02:03:16,427.34
3499,3499,Cash,2025-01-21 21:01:30,2195.58
3500,3500,PayPal,2025-01-18 22:19:00,3064.29
3501,3501,Bank Transfer,2024-09-05 17:20:13,1243.79
3502,3502,PayPal,2025-01-04 00:25:14,304.39
3503,3503,PayPal,2025-11-17 12:23:41,559.23
3504,3504,Bank Transfer,2025-04-01 17:17:41,2580.22
3505,3505,Bank Transfer,2026-06-25 00:26:37,463.12
3506,3506,PayPal,2025-01-21 20:26:39,886.2
3507,3507,Credit Card,2024-09-02 15:11:40,2414.44
3508,3508,PayPal,2026-03-26 16:16:59,1190.13
3509,3509,Credit Card,2025-06-26 22:03:53,2246.94
3510,3510,Cash,2026-02-24 01:07:30,1361.81
3511,3511,Bank Transfer,2025-10-27 04:33:51,125.28
3512,3512,Credit Card,2025-06-02 22:13:59,2046.28
3513,3513,PayPal,2026-07-26 20:29:04,3229.16
3514,3514,Bank Transfer,2026-01-29 11:27:39,2886.99
3515,3515,Cash,2025-10-11 17:26:38,2219.55
3516,3516,Cash,2025-10-08 21:03:12,2113.69
3517,3517,Cash,2025-03-25 01:03:11,1045.18
3518,3518,PayPal,2024-12-31 05:11:08,1380.25
3519,3519,Bank Transfer,2024-12-15 20:54:41,2282.67
3520,3520,Bank Transfer,2025-08-23 18:08:32,4199.04
3521,3521,Credit Card,2025-08-25 00:20:13,1139.2
3522,3522,Bank Transfer,2026-02-21 14:33:38,1522.39
3523,3523,Credit Card,2026-04-01 00:54:14,1502.45
3524,3524,Cash,2025-09-05 05:03:52,2135.29
3525,3525,Cash,2025-11-26 06:03:21,2699.16
3526,3526,Bank Transfer,2026-01-11 03:51:17,30.78
3527,3527,Cash,2024-09-30 13:32:20,2017.48
3528,3528,Cash,2025-09-09 11:12:08,3188.03
3529,3529,Cash,2024-09-20 09:45:02,1397.25
3530,3530,PayPal,2026-02-09 00:47:32,1508.61
3531,3531,PayPal,2025-05-25 23:50:03,3134.66
3532,3532,Bank Transfer,2024-09-28 01:32:16,2391.25
3533,3533,Credit Card,2025-01-04 18:28:29,1541.03
3534,3534,Credit Card,2025-07-23 14:59:24,4785.9
3535,3535,Credit Card,2025-11-13 17:33:37,501.76
3536,3536,Credit Card,2026-05-23 06:08:33,536.46
3537,3537,PayPal,2026-03-19 09:33:47,1977.76
3538,3538,Credit Card,2026-02-22 04:54:29,2265.68
3539,3539,Credit Card,2025-02-09 07:02:23,2524.25
3540,3540,Cash,2026-02-24 16:50:24,689.4
3541,3541,Credit Card,2024-12-20 03:14:09,185.59
3542,3542,Credit Card,2026-07-31 20:07:25,1791.13
3543,3543,PayPal,2025-09-03 01:48:29,293.3
3544,3544,Credit Card,2024-12-17 10:19:41,1916.97
3545,3545,Credit Card,2025-11-13 01:43:06,84.19
3546,3546,Bank Transfer,2026-05-16 23:58:12,2361.93
3547,3547,Credit Card,2025-08-17 07:11:51,103.17
3548,3548,Credit Card,2025-03-11 13:50:57,1239.26
3549,3549,Cash,2026-07-30 09:46:25,4017.94
3550,3550,Credit Card,2025-09-23 11:10:47,3441.81
3551,3551,Cash,2024-10-27 01:08:42,1980.05
3552,3552,Cash,2026-07-18 13:39:33,1750.61
3553,3553,Cash,2025-11-13 10:32:34,1841.1
3554,3554,Bank Transfer,2026-01-09 06:13:55,426.6
3555,3555,Credit Card,2025-02-11 02:17:26,3045.37
3556,3556,PayPal,2025-11-09 17:55:17,1565.01
3557,3557,Cash,2026-02-10 17:05:57,2261.8
3558,3558,Cash,2025-10-24 15:27:29,3181.67
3559,3559,Credit Card,2025-06-30 13:43:59,1430.88
3560,3560,Cash,2025-06-27 16:10:37,1451.94
3561,3561,PayPal,2025-06-25 01:33:53,1043.61
3562,3562,Bank Transfer,2026-02-24 14:54:28,564.56
3563,3563,Credit Card,2025-08-11 09:16:05,5247.82
3564,3564,PayPal,2026-02-10 11:17:25,2129.12
3565,3565,PayPal,2024-10-06 12:02:53,1924.63
3566,3566,PayPal,2025-12-12 11:03:19,2710.26
3567,3567,Bank Transfer,2026-01-30 15:18:48,958.6
3568,3568,PayPal,2025-06-19 14:29:38,610.14
3569,3569,PayPal,2026-07-02 13:53:18,2869.95
3570,3570,PayPal,2026-06-11 07:28:04,1037.31
3571,3571,Cash,2025-03-14 20:30:12,2718.72
3572,3572,Cash,2026-04-05 00:45:58,786.34
3573,3573,Bank Transfer,2025-01-24 00:58:17,849.02
3574,3574,Credit Card,2025-07-30 02:49:24,3210.77
3575,3575,PayPal,2026-05-20 10:55:53,305.57
3576,3576,PayPal,2024-09-01 23:22:52,2577.46
3577,3577,PayPal,2025-06-27 19:27:07,1589.79
3578,3578,Credit Card,2024-12-10 11:59:26,653.64
3579,3579,PayPal,2025-03-17 15:23:33,100.6
3580,3580,Cash,2025-10-05 03:32:50,678.11
3581,3581,Cash,2025-07-02 01:44:48,1264.59
3582,3582,Cash,2025-12-10 00:03:42,1276.86
3583,3583,Bank Transfer,2026-02-10 07:43:25,803.73
3584,3584,Cash,2026-01-27 06:53:52,1176.91
3585,3585,Bank Transfer,2025-06-20 19:33:46,784.3
3586,3586,Cash,2025-08-25 01:36:58,161.46
3587,3587,Cash,2025-02-02 14:49:40,528.4
3588,3588,Credit Card,2025-01-11 21:16:58,103.57
3589,3589,Bank Transfer,2026-03-24 06:23:39,1050.33
3590,3590,Cash,2024-12-10 21:25:02,642.94
3591,3591,Credit Card,2026-02-04 02:08:13,1801.99
3592,3592,PayPal,2026-03-20 11:40:19,2921.87
3593,3593,Cash,2025-10-18 23:54:19,978.2
3594,3594,Bank Transfer,2026-06-27 10:02:17,1370.64
3595,3595,Credit Card,2026-02-11 19:49:16,2794.4
3596,3596,Bank Transfer,2024-10-11 00:43:59,1130.62
3597,3597,Bank Transfer,2024-10-30 13:28:15,2957.34
3598,3598,PayPal,2026-03-11 06:35:41,1720.96
3599,3599,Cash,2026-01-30 21:39:55,2507.26
3600,3600,Bank Transfer,2024-12-03 01:49:12,505.35
3601,3601,PayPal,2026-06-19 04:19:46,2101.21
3602,3602,Cash,2025-10-01 06:44:06,437.98
3603,3603,Cash,2025-01-01 02:28:29,931.5
3604,3604,PayPal,2024-09-08 07:09:55,213.0
3605,3605,Cash,2025-11-11 02:08:28,1006.35
3606,3606,Bank Transfer,2026-05-05 08:12:48,690.88
3607,3607,PayPal,2025-10-25 22:37:35,680.92
3608,3608,Credit Card,2026-03-30 18:41:05,2537.01
3609,3609,Bank Transfer,2024-10-02 22:55:01,3887.66
3610,3610,Cash,2025-04-14 18:52:47,123.4
3611,3611,Credit Card,2025-12-13 23:35:32,673.8
3612,3612,Cash,2024-09-21 09:20:35,891.3
3613,3613,Credit Card,2026-03-04 14:49:24,2109.56
3614,3614,PayPal,2025-09-12 07:07:41,1580.88
3615,3615,Bank Transfer,2025-04-20 10:06:59,964.72
3616,3616,PayPal,2026-02-27 20:44:44,3759.81
3617,3617,Credit Card,2025-07-25 06:10:34,3509.5
3618,3618,Bank Transfer,2026-07-17 02:31:10,2114.76
3619,3619,Bank Transfer,2025-07-26 15:19:49,2079.02
3620,3620,PayPal,2024-11-23 19:03:14,61.56
3621,3621,PayPal,2026-01-22 01:23:13,2222.19
3622,3622,Credit Card,2025-11-11 05:59:52,1289.7
3623,3623,Credit Card,2026-06-12 09:52:54,2901.1
3624,3624,Bank Transfer,2025-04-03 11:28:57,533.97
3625,3625,PayPal,2024-11-21 09:36:35,1409.1
3626,3626,PayPal,2025-09-09 17:58:29,1628.64
3627,3627,Credit Card,2026-05-22 16:33:49,2683.63
3628,3628,Credit Card,2025-02-09 08:50:11,774.09
3629,3629,PayPal,2025-11-27 08:09:50,934.68
3630,3630,PayPal,2025-03-24 22:07:00,548.32
3631,3631,Cash,2026-01-22 01:45:07,3519.54
3632,3632,Credit Card,2025-12-01 12:22:05,1318.94
3633,3633,Cash,2024-12-19 16:59:56,3750.84
3634,3634,Cash,2025-06-18 09:21:41,1756.07
3635,3635,Cash,2025-05-25 05:24:03,839.5
3636,3636,Cash,2025-11-05 13:51:27,3309.88
3637,3637,Cash,2024-12-14 22:37:34,2607.51
3638,3638,Bank Transfer,2024-08-12 22:08:04,2217.43
3639,3639,Credit Card,2025-04-05 20:36:27,58.11
3640,3640,Bank Transfer,2026-02-15 14:06:07,2445.33
3641,3641,Bank Transfer,2025-10-29 11:01:21,330.52
3642,3642,Cash,2024-12-11 14:22:57,2221.45
3643,3643,Credit Card,2025-02-21 05:04:58,2562.38
3644,3644,Credit Card,2025-01-27 07:06:16,753.46
3645,3645,Cash,2025-01-12 22:55:08,334.07
3646,3646,Cash,2025-01-24 12:42:30,152.81
3647,3647,Bank Transfer,2026-01-26 10:42:46,1463.68
3648,3648,Bank Transfer,2026-03-01 20:03:08,3077.18
3649,3649,Credit Card,2025-12-08 00:45:31,1387.99
3650,3650,Bank Transfer,2024-10-23 10:45:41,1347.84
3651,3651,Credit Card,2025-07-02 03:47:24,1001.98
3652,3652,Credit Card,2025-04-01 09:54:52,3945.23
3653,3653,Credit Card,2025-01-01 08:43:08,5.28
3654,3654,PayPal,2026-03-29 17:51:45,3945.15
3655,3655,PayPal,2024-12-23 23:21:52,1989.33
3656,3656,Cash,2025-06-19 15:07:31,1924.71
3657,3657,Bank Transfer,2024-09-22 05:57:08,4256.4
3658,3658,PayPal,2026-04-26 00:23:05,1686.9
3659,3659,PayPal,2026-07-21 03:23:02,1446.9
3660,3660,Cash,2026-03-28 14:03:53,189.84
3661,3661,Bank Transfer,2025-05-22 19:53:24,3848.8
3662,3662,PayPal,2025-08-19 03:19:30,4952.46
3663,3663,Bank Transfer,2024-09-23 12:00:54,3259.19
3664,3664,PayPal,2025-05-10 00:09:56,1279.18
3665,3665,Cash,2025-04-03 12:15:26,3539.66
3666,3666,PayPal,2025-04-29 05:32:42,488.83
3667,3667,Bank Transfer,2024-11-16 06:51:39,1812.61
3668,3668,PayPal,2025-09-25 23:12:19,1063.75
3669,3669,Credit Card,2024-09-11 21:17:05,1769.65
3670,3670,Credit Card,2025-08-15 03:33:19,1099.07
3671,3671,Cash,2025-04-13 00:32:10,488.66
3672,3672,Credit Card,2026-04-15 14:13:40,4130.16
3673,3673,Credit Card,2026-02-06 17:40:45,296.5
3674,3674,Cash,2025-08-19 04:29:33,191.6
3675,3675,Bank Transfer,2025-02-28 17:31:52,2516.12
3676,3676,Cash,2025-11-05 19:02:48,1671.11
3677,3677,Credit Card,2025-01-24 03:06:01,360.61
3678,3678,PayPal,2025-01-26 10:11:13,3120.27
3679,3679,Credit Card,2026-03-11 09:19:47,1055.02
3680,3680,Credit Card,2025-01-02 13:57:31,3221.47
3681,3681,Cash,2025-01-08 11:46:45,1536.88
3682,3682,PayPal,2024-08-11 12:08:12,1246.83
3683,3683,Bank Transfer,2025-03-25 19:47:28,1652.11
3684,3684,PayPal,2025-08-09 08:59:08,2042.93
3685,3685,Bank Transfer,2025-09-18 00:13:12,2546.27
3686,3686,Cash,2025-02-25 21:32:15,4791.22
3687,3687,PayPal,2026-01-25 08:54:37,1098.1
3688,3688,Cash,2025-05-19 21:56:22,1251.37
3689,3689,Bank Transfer,2026-08-03 10:54:19,2744.32
3690,3690,Credit Card,2025-05-18 12:03:53,1169.4
3691,3691,PayPal,2025-04-13 16:50:00,843.02
3692,3692,Bank Transfer,2024-10-29 00:57:32,1495.16
3693,3693,PayPal,2025-01-31 09:34:22,1365.44
3694,3694,Credit Card,2026-05-27 13:46:30,2219.9
3695,3695,PayPal,2024-08-23 21:11:15,3356.05
3696,3696,Cash,2026-01-27 10:19:53,852.48
3697,3697,PayPal,2024-12-24 13:02:43,829.18
3698,3698,PayPal,2026-07-21 09:26:50,2554.56
3699,3699,Credit Card,2026-04-13 00:44:27,71.0
3700,3700,Cash,2025-02-02 05:35:37,3498.14
3701,3701,Cash,2026-04-03 21:45:53,114.12
3702,3702,PayPal,2026-02-26 01:02:02,1133.72
3703,3703,PayPal,2025-01-08 19:16:45,577.88
3704,3704,Bank Transfer,2026-04-04 19:11:39,585.05
3705,3705,PayPal,2026-07-21 13:02:00,47.9
3706,3706,Credit Card,2024-08-26 11:14:02,1611.28
3707,3707,PayPal,2025-04-09 16:23:34,2759.2
3708,3708,PayPal,2025-11-20 04:53:11,1499.08
3709,3709,Cash,2026-01-27 01:12:37,3071.22
3710,3710,Credit Card,2026-03-03 23:45:57,4820.18
3711,3711,Cash,2024-10-24 20:36:52,1850.4
3712,3712,PayPal,2025-04-16 03:52:30,2670.34
3713,3713,Bank Transfer,2026-05-05 20:44:39,1686.59
3714,3714,Credit Card,2025-02-24 05:29:44,1758.46
3715,3715,PayPal,2024-11-18 03:13:06,556.77
3716,3716,Cash,2025-05-29 02:25:58,881.84
3717,3717,Bank Transfer,2026-07-29 19:35:12,2791.42
3718,3718,Credit Card,2025-06-30 02:20:09,2671.24
3719,3719,PayPal,2025-05-26 07:43:01,2054.48
3720,3720,Bank Transfer,2024-09-19 08:42:52,3289.17
3721,3721,Cash,2025-09-29 23:19:26,2469.65
3722,3722,PayPal,2025-03-22 10:27:47,1864.14
3723,3723,Cash,2026-01-16 13:16:05,1041.06
3724,3724,PayPal,2025-05-26 11:11:39,869.26
3725,3725,PayPal,2025-06-24 00:27:36,1138.74
3726,3726,Bank Transfer,2024-08-27 02:53:43,3285.8
3727,3727,Bank Transfer,2025-02-21 12:55:15,739.02
3728,3728,Cash,2025-06-05 11:52:15,310.71
3729,3729,PayPal,2025-04-16 15:52:21,2740.83
3730,3730,Bank Transfer,2026-06-25 17:21:47,1756.52
3731,3731,Cash,2024-10-19 23:50:21,1155.69
3732,3732,PayPal,2025-12-30 21:03:10,214.96
3733,3733,Bank Transfer,2024-09-10 20:34:47,1409.05
3734,3734,Credit Card,2025-01-08 16:31:40,3239.59
3735,3735,Cash,2025-06-14 07:31:45,2880.39
3736,3736,Bank Transfer,2025-08-14 16:55:23,3121.59
3737,3737,PayPal,2026-05-03 12:11:08,1141.04
3738,3738,Cash,2026-04-28 17:09:30,2476.33
3739,3739,Bank Transfer,2024-12-29 04:33:30,344.69
3740,3740,Credit Card,2025-07-26 08:49:13,1336.06
3741,3741,PayPal,2025-03-17 02:55:53,1860.7
3742,3742,PayPal,2026-01-03 10:02:32,1541.13
3743,3743,Cash,2025-08-31 08:32:13,2386.31
3744,3744,Credit Card,2025-10-31 10:39:00,235.32
3745,3745,Cash,2026-07-10 00:44:03,3140.34
3746,3746,Cash,2026-04-11 10:35:25,2896.75
3747,3747,PayPal,2026-05-06 04:38:22,1915.92
3748,3748,Cash,2026-01-05 00:19:33,309.51
3749,3749,Bank Transfer,2025-10-06 02:46:14,4458.83
3750,3750,Bank Transfer,2024-10-10 20:26:45,1859.12
3751,3751,Cash,2025-11-13 16:55:32,1731.81
3752,3752,PayPal,2024-11-21 05:18:36,1746.18
3753,3753,Bank Transfer,2026-05-24 05:01:04,1457.89
3754,3754,Credit Card,2026-06-06 04:15:03,2112.99
3755,3755,PayPal,2025-12-14 17:21:57,501.67
3756,3756,PayPal,2026-07-18 10:28:54,470.64
3757,3757,Credit Card,2024-12-29 17:04:33,2744.88
3758,3758,Cash,2025-07-20 22:26:25,2089.03
3759,3759,Bank Transfer,2025-07-07 11:13:23,139.1
3760,3760,Cash,2024-10-30 10:06:31,2038.96
3761,3761,Bank Transfer,2025-12-02 04:58:08,3493.85
3762,3762,Cash,2026-05-13 16:50:46,2068.96
3763,3763,Cash,2025-08-17 05:17:00,1817.13
3764,3764,Cash,2024-08-21 09:39:19,451.95
3765,3765,PayPal,2025-09-12 18:37:41,1554.12
3766,3766,Credit Card,2025-08-21 02:43:13,2053.32
3767,3767,Credit Card,2025-06-11 12:43:09,233.54
3768,3768,Bank Transfer,2026-03-07 14:22:26,3890.88
3769,3769,PayPal,2026-03-08 09:29:33,2845.06
3770,3770,Cash,2025-08-11 06:09:29,386.26
3771,3771,Cash,2024-09-28 18:55:48,1031.33
3772,3772,Cash,2025-01-28 08:11:53,1281.65
3773,3773,PayPal,2024-11-21 20:06:03,191.6
3774,3774,Bank Transfer,2026-01-14 06:23:18,1863.0
3775,3775,Credit Card,2025-12-26 22:48:56,1008.65
3776,3776,Cash,2026-06-19 13:44:56,1586.14
3777,3777,PayPal,2024-09-14 19:18:32,1688.37
3778,3778,Cash,2025-12-02 18:13:54,258.9
3779,3779,Credit Card,2024-10-21 10:01:41,4166.65
3780,3780,Credit Card,2026-05-30 02:15:20,1319.88
3781,3781,PayPal,2026-05-22 08:10:52,1048.91
3782,3782,Credit Card,2025-02-20 03:29:54,3445.99
3783,3783,Bank Transfer,2025-11-22 19:14:20,2968.27
3784,3784,Bank Transfer,2025-10-21 05:41:54,1716.69
3785,3785,Cash,2026-01-25 06:32:16,2691.3
3786,3786,Cash,2025-07-17 06:57:20,1816.82
3787,3787,Bank Transfer,2024-08-30 04:50:42,402.66
3788,3788,PayPal,2026-03-10 18:11:21,2206.5
3789,3789,Bank Transfer,2025-03-05 17:48:30,597.54
3790,3790,PayPal,2024-08-11 22:26:38,1981.61
3791,3791,Cash,2026-07-16 03:04:04,839.8
3792,3792,PayPal,2025-09-07 14:11:35,323.16
3793,3793,Cash,2024-11-24 17:44:15,3219.41
3794,3794,Cash,2024-10-15 02:18:10,964.56
3795,3795,Cash,2026-03-21 01:58:54,3381.48
3796,3796,Credit Card,2024-08-27 21:08:40,2305.22
3797,3797,Cash,2026-05-02 19:10:58,3992.58
3798,3798,Bank Transfer,2024-09-11 16:04:04,1963.96
3799,3799,Bank Transfer,2025-04-28 07:27:03,3427.96
3800,3800,PayPal,2025-08-08 02:15:22,1064.8
3801,3801,Cash,2026-07-19 21:02:23,309.51
3802,3802,Cash,2025-07-24 01:17:40,2610.88
3803,3803,Bank Transfer,2026-01-28 17:15:50,2322.86
3804,3804,Cash,2025-11-06 09:35:44,2388.93
3805,3805,Bank Transfer,2025-02-20 21:43:45,912.28
3806,3806,PayPal,2025-06-21 03:45:36,2203.95
3807,3807,Credit Card,2024-10-30 06:02:09,2105.66
3808,3808,Credit Card,2026-06-04 14:15:26,1217.01
3809,3809,Cash,2025-03-28 13:25:47,192.83
3810,3810,Bank Transfer,2025-08-26 20:08:48,2566.22
3811,3811,Cash,2025-09-23 10:32:05,2945.91
3812,3812,Credit Card,2025-09-28 13:12:23,43.92
3813,3813,Cash,2025-11-05 07:36:59,1877.52
3814,3814,PayPal,2024-12-19 06:00:40,2724.71
3815,3815,Bank Transfer,2025-05-16 23:41:39,531.52
3816,3816,Cash,2025-07-14 23:29:42,4225.9
3817,3817,Cash,2025-04-16 20:40:58,3029.92
3818,3818,Credit Card,2026-02-05 21:02:38,1467.37
3819,3819,Bank Transfer,2025-05-30 02:41:51,1725.74
3820,3820,Credit Card,2025-02-07 01:56:01,1420.84
3821,3821,Bank Transfer,2024-12-13 07:26:39,924.04
3822,3822,Credit Card,2024-09-04 22:06:07,2892.5
3823,3823,Credit Card,2025-09-15 05:14:12,1308.17
3824,3824,Cash,2024-11-18 08:06:19,733.31
3825,3825,Credit Card,2025-09-11 11:44:53,2375.96
3826,3826,Bank Transfer,2026-05-12 16:16:15,1564.93
3827,3827,Cash,2025-11-29 21:31:56,1585.7
3828,3828,Credit Card,2024-11-22 23:31:28,27.68
3829,3829,Credit Card,2025-06-06 09:21:42,426.6
3830,3830,PayPal,2026-05-23 08:03:01,701.23
3831,3831,Cash,2026-08-04 06:58:03,3209.51
3832,3832,Cash,2026-01-03 09:58:36,1851.51
3833,3833,PayPal,2024-10-07 02:59:39,1756.67
3834,3834,Cash,2024-12-03 17:45:05,1926.13
3835,3835,PayPal,2025-01-10 09:44:35,249.29
3836,3836,Bank Transfer,2025-08-21 22:17:13,1082.96
3837,3837,PayPal,2026-04-09 05:27:45,373.77
3838,3838,Credit Card,2024-12-11 00:20:39,292.7
3839,3839,PayPal,2024-08-28 18:26:23,2980.55
3840,3840,Credit Card,2026-07-22 20:40:33,2696.51
3841,3841,Bank Transfer,2024-08-25 03:34:13,1477.49
3842,3842,Bank Transfer,2025-11-25 03:53:38,992.77
3843,3843,Bank Transfer,2026-06-24 23:48:13,2751.41
3844,3844,Credit Card,2024-12-25 05:57:58,924.86
3845,3845,Cash,2025-03-11 20:27:01,2662.11
3846,3846,Bank Transfer,2025-08-15 05:12:10,64.72
3847,3847,Bank Transfer,2025-04-22 20:39:10,3216.78
3848,3848,Bank Transfer,2024-10-16 18:43:08,1998.95
3849,3849,PayPal,2026-04-15 04:08:31,4204.12
3850,3850,PayPal,2026-07-06 11:07:59,4141.92
3851,3851,Bank Transfer,2025-03-11 01:40:39,2756.97
3852,3852,Bank Transfer,2024-09-29 21:58:01,1299.58
3853,3853,PayPal,2024-11-16 02:12:48,2842.59
3854,3854,Credit Card,2026-01-19 12:29:29,358.2
3855,3855,Credit Card,2025-07-06 00:21:14,997.35
3856,3856,Bank Transfer,2024-10-18 10:34:54,1740.51
3857,3857,Cash,2025-06-13 19:43:22,820.77
3858,3858,PayPal,2025-08-10 05:12:12,2384.25
3859,3859,Credit Card,2024-09-29 10:39:20,1010.98
3860,3860,Credit Card,2024-10-02 03:49:40,1444.83
3861,3861,PayPal,2024-10-04 19:23:22,2205.0
3862,3862,Cash,2026-05-19 20:09:40,618.51
3863,3863,Cash,2025-06-15 18:57:12,618.57
3864,3864,Credit Card,2024-10-22 00:43:06,2521.52
3865,3865,Credit Card,2024-08-30 08:27:53,139.1
3866,3866,Bank Transfer,2024-09-27 18:10:32,3429.42
3867,3867,Credit Card,2025-05-27 15:18:22,949.21
3868,3868,PayPal,2024-10-30 23:34:08,2522.91
3869,3869,Cash,2025-12-01 23:21:55,2340.75
3870,3870,Cash,2024-10-29 15:22:39,1227.18
3871,3871,Credit Card,2025-11-27 02:29:18,135.67
3872,3872,Bank Transfer,2026-04-26 07:38:17,2311.32
3873,3873,Bank Transfer,2024-09-12 13:21:44,1530.68
3874,3874,Cash,2025-05-29 12:31:54,741.76
3875,3875,Bank Transfer,2025-01-08 09:09:00,878.36
3876,3876,Credit Card,2025-05-20 06:13:47,1166.58
3877,3877,Bank Transfer,2024-09-18 08:50:23,1219.19
3878,3878,Bank Transfer,2026-03-22 01:51:26,4025.82
3879,3879,PayPal,2026-05-08 02:12:11,819.48
3880,3880,Bank Transfer,2024-08-12 22:34:09,341.36
3881,3881,Bank Transfer,2026-04-04 11:27:39,92.34
3882,3882,Bank Transfer,2025-10-02 20:07:55,2024.08
3883,3883,PayPal,2025-10-21 21:46:32,1203.16
3884,3884,Credit Card,2025-05-02 15:43:06,2302.16
3885,3885,Credit Card,2026-03-30 11:02:56,4350.92
3886,3886,Credit Card,2025-05-22 16:17:46,147.16
3887,3887,Bank Transfer,2025-07-22 05:24:07,2637.03
3888,3888,PayPal,2025-06-28 23:03:49,872.97
3889,3889,Cash,2026-01-22 07:56:42,2709.6
3890,3890,Cash,2025-01-17 20:05:21,3182.1
3891,3891,Credit Card,2026-03-24 14:07:01,2428.82
3892,3892,Bank Transfer,2025-05-20 07:39:32,2812.04
3893,3893,Credit Card,2025-07-18 10:23:52,2306.88
3894,3894,PayPal,2024-12-14 09:22:56,2522.5
3895,3895,PayPal,2025-03-10 05:06:21,2367.19
3896,3896,Bank Transfer,2024-08-28 07:48:22,1587.77
3897,3897,PayPal,2024-10-13 11:58:26,3245.23
3898,3898,Bank Transfer,2025-05-18 16:33:39,108.1
3899,3899,Credit Card,2025-09-02 13:12:23,1351.16
3900,3900,Credit Card,2025-07-30 15:54:07,1499.24
3901,3901,Cash,2025-03-09 06:15:13,3210.79
3902,3902,PayPal,2026-08-03 04:26:06,1469.11
3903,3903,Credit Card,2025-11-10 23:49:07,463.54
3904,3904,Cash,2024-08-11 20:51:48,624.28
3905,3905,Bank Transfer,2025-08-30 13:07:12,671.5
3906,3906,Cash,2025-11-10 08:52:17,3168.35
3907,3907,Bank Transfer,2026-07-30 03:36:14,3426.73
3908,3908,PayPal,2025-04-19 19:35:38,908.6
3909,3909,PayPal,2025-08-19 03:54:19,3040.66
3910,3910,Bank Transfer,2026-05-26 21:22:55,441.78
3911,3911,Bank Transfer,2025-08-11 16:31:49,595.62
3912,3912,PayPal,2025-02-25 09:54:54,536.46
3913,3913,Cash,2025-10-31 19:24:43,2955.39
3914,3914,PayPal,2026-06-19 05:00:45,1109.67
3915,3915,Bank Transfer,2026-06-06 05:20:41,235.19
3916,3916,Cash,2026-02-13 11:25:42,115.92
3917,3917,PayPal,2025-12-23 17:06:45,321.04
3918,3918,Bank Transfer,2026-04-19 18:59:32,2321.55
3919,3919,Cash,2026-01-09 03:40:08,727.27
3920,3920,Cash,2025-01-13 14:08:42,506.22
3921,3921,Credit Card,2025-03-30 07:48:24,3160.18
3922,3922,Credit Card,2024-11-20 00:43:31,1096.6
3923,3923,Bank Transfer,2025-05-23 04:35:46,326.82
3924,3924,Bank Transfer,2024-09-05 10:44:16,2688.01
3925,3925,Bank Transfer,2025-09-03 17:03:33,855.23
3926,3926,Bank Transfer,2025-05-28 18:25:33,860.0
3927,3927,PayPal,2025-11-19 08:57:50,2654.92
3928,3928,Bank Transfer,2025-03-30 10:43:55,103.57
3929,3929,Cash,2025-05-29 18:58:46,3925.58
3930,3930,PayPal,2024-08-24 19:15:10,2440.14
3931,3931,Bank Transfer,2024-09-06 21:45:38,1044.71
3932,3932,Cash,2026-03-23 14:31:43,3801.38
3933,3933,Cash,2025-05-30 21:51:44,3547.05
3934,3934,PayPal,2025-09-07 20:17:57,4262.45
3935,3935,Bank Transfer,2025-12-12 02:58:40,1378.7
3936,3936,PayPal,2025-08-22 23:30:02,365.24
3937,3937,Credit Card,2025-05-09 16:20:56,1373.01
3938,3938,Bank Transfer,2025-05-14 15:44:41,2496.1
3939,3939,Credit Card,2026-05-17 11:03:25,1838.35
3940,3940,PayPal,2025-07-11 22:18:00,3853.48
3941,3941,Cash,2026-07-18 07:54:19,2294.52
3942,3942,Bank Transfer,2026-05-13 17:01:04,2500.94
3943,3943,PayPal,2026-02-06 05:20:39,705.57
3944,3944,Bank Transfer,2025-04-06 04:48:10,1253.2
3945,3945,Credit Card,2026-07-23 05:57:48,516.72
3946,3946,Cash,2025-06-13 16:48:14,1279.23
3947,3947,Credit Card,2025-11-26 16:12:24,1614.31
3948,3948,Cash,2025-05-17 18:11:25,1186.68
3949,3949,Credit Card,2024-11-01 13:25:16,1327.8
3950,3950,Cash,2025-04-01 01:56:25,1741.81
3951,3951,Credit Card,2025-09-01 05:47:29,395.2
3952,3952,Cash,2024-10-04 01:37:18,1446.15
3953,3953,Cash,2026-05-15 01:47:47,2413.96
3954,3954,PayPal,2025-10-16 18:16:34,1955.78
3955,3955,Bank Transfer,2026-07-27 08:26:40,990.92
3956,3956,Credit Card,2026-05-06 10:19:54,4140.65
3957,3957,PayPal,2025-05-28 08:03:46,3003.98
3958,3958,PayPal,2024-08-24 13:04:48,343.72
3959,3959,Bank Transfer,2026-02-20 16:04:06,1876.45
3960,3960,Credit Card,2026-06-24 02:03:31,2012.58
3961,3961,Cash,2025-11-05 19:49:37,1268.04
3962,3962,Credit Card,2025-08-13 04:55:16,3059.43
3963,3963,PayPal,2025-12-15 17:15:33,1849.03
3964,3964,Cash,2024-11-25 01:27:17,693.05
3965,3965,PayPal,2025-12-09 20:58:14,2095.07
3966,3966,Credit Card,2025-01-13 02:15:48,1107.57
3967,3967,Cash,2026-04-26 20:19:54,1938.99
3968,3968,PayPal,2024-10-18 00:06:05,1431.33
3969,3969,Bank Transfer,2025-11-21 03:51:08,227.22
3970,3970,PayPal,2025-08-27 12:15:08,2429.96
3971,3971,Cash,2024-11-19 11:18:05,237.8
3972,3972,Credit Card,2024-12-11 19:49:43,3685.2
3973,3973,PayPal,2025-10-19 16:45:11,2508.92
3974,3974,Cash,2025-07-18 20:56:14,4528.29
3975,3975,Bank Transfer,2026-02-14 02:23:55,2633.86
3976,3976,PayPal,2025-04-11 17:17:31,1805.74
3977,3977,Cash,2025-07-19 04:55:26,1291.07
3978,3978,PayPal,2026-03-08 14:48:27,2494.18
3979,3979,PayPal,2025-09-09 17:46:14,1546.25
3980,3980,Credit Card,2025-06-19 16:59:40,478.51
3981,3981,Bank Transfer,2024-08-11 03:31:15,1338.99
3982,3982,PayPal,2025-09-13 16:22:11,1308.68
3983,3983,Credit Card,2024-11-28 05:34:18,2134.16
3984,3984,PayPal,2024-12-12 17:33:26,3156.41
3985,3985,Credit Card,2025-08-18 05:40:01,431.25
3986,3986,Credit Card,2026-02-09 23:57:41,2439.24
3987,3987,Bank Transfer,2026-01-28 12:40:56,286.71
3988,3988,Credit Card,2025-05-14 19:26:29,446.55
3989,3989,Bank Transfer,2025-01-24 12:38:51,2900.54
3990,3990,Credit Card,2026-02-11 06:14:54,3436.08
3991,3991,PayPal,2025-05-14 19:29:54,1442.91
3992,3992,Credit Card,2025-05-12 16:55:35,451.85
3993,3993,Bank Transfer,2026-07-11 19:01:46,2064.01
3994,3994,PayPal,2024-08-31 21:12:50,379.15
3995,3995,Credit Card,2025-08-24 15:49:46,1039.89
3996,3996,Bank Transfer,2025-07-10 16:06:29,1655.44
3997,3997,PayPal,2026-07-17 07:30:42,944.88
3998,3998,Credit Card,2025-07-17 02:58:26,653.64
3999,3999,Credit Card,2024-10-19 04:39:13,1819.17
4000,4000,PayPal,2026-05-09 23:45:06,984.19
4001,4001,Credit Card,2025-12-27 06:22:29,194.7
4002,4002,Bank Transfer,2025-12-10 10:16:34,1382.85
4003,4003,PayPal,2025-09-25 19:51:01,1658.91
4004,4004,Cash,2025-03-11 02:00:13,1135.56
4005,4005,Credit Card,2026-04-12 02:34:55,1452.98
4006,4006,Credit Card,2025-06-13 12:36:58,2460.77
4007,4007,Bank Transfer,2024-11-30 04:26:58,1557.09
4008,4008,Cash,2025-07-01 23:34:18,1131.81
4009,4009,Credit Card,2025-04-16 15:31:49,1217.34
4010,4010,PayPal,2025-09-19 00:24:38,3093.39
4011,4011,PayPal,2026-02-25 14:38:11,1400.29
4012,4012,Cash,2026-06-09 13:17:56,2492.68
4013,4013,Bank Transfer,2024-11-20 03:53:05,1744.43
4014,4014,PayPal,2024-09-02 08:40:44,2616.55
4015,4015,Cash,2025-08-15 23:51:06,5305.96
4016,4016,PayPal,2026-05-29 18:00:07,1901.69
4017,4017,Cash,2026-04-01 17:04:27,2797.13
4018,4018,Cash,2024-08-30 14:57:52,2988.6
4019,4019,Bank Transfer,2025-11-14 19:02:51,749.9
4020,4020,Credit Card,2025-08-11 13:44:38,782.68
4021,4021,PayPal,2025-02-25 21:23:45,2136.3
4022,4022,Bank Transfer,2024-10-30 13:54:12,371.18
4023,4023,PayPal,2025-10-03 14:24:31,433.0
4024,4024,Cash,2025-12-17 06:12:05,1222.88
4025,4025,Bank Transfer,2024-08-23 02:10:28,258.9
4026,4026,Credit Card,2026-01-21 22:46:55,750.66
4027,4027,Bank Transfer,2026-01-06 16:46:04,2742.66
4028,4028,Cash,2024-09-22 22:31:03,1174.31
4029,4029,Credit Card,2024-12-09 01:09:25,2182.33
4030,4030,PayPal,2025-03-05 09:49:43,3083.41
4031,4031,Cash,2025-02-19 00:46:17,2536.73
4032,4032,Credit Card,2024-11-04 15:56:07,3845.01
4033,4033,Credit Card,2025-08-16 08:06:57,1961.64
4034,4034,PayPal,2025-07-14 05:42:18,3091.28
4035,4035,Bank Transfer,2025-03-11 18:55:25,50.91
4036,4036,PayPal,2026-03-02 05:50:31,4640.7
4037,4037,Cash,2025-05-19 12:05:59,393.81
4038,4038,Bank Transfer,2026-05-07 23:02:23,2461.32
4039,4039,Credit Card,2026-02-04 02:00:00,2084.62
4040,4040,Credit Card,2024-08-07 05:29:14,67.25
4041,4041,PayPal,2026-02-23 19:41:34,4218.06
4042,4042,Credit Card,2024-08-24 19:15:47,3011.44
4043,4043,Credit Card,2026-04-22 00:58:17,152.81
4044,4044,Bank Transfer,2026-01-22 06:49:55,1174.71
4045,4045,Bank Transfer,2025-10-02 23:10:15,3221.13
4046,4046,Credit Card,2025-04-30 22:43:10,417.69
4047,4047,PayPal,2024-10-15 15:17:48,1600.58
4048,4048,Cash,2025-02-11 22:52:18,2747.89
4049,4049,Credit Card,2025-09-03 05:46:46,3682.35
4050,4050,PayPal,2024-11-17 19:34:31,977.15
4051,4051,Credit Card,2025-09-20 19:20:48,547.78
4052,4052,Credit Card,2026-07-10 01:50:31,1981.16
4053,4053,Bank Transfer,2025-04-30 03:40:09,593.8
4054,4054,PayPal,2026-06-28 21:34:07,1408.07
4055,4055,Bank Transfer,2024-10-31 14:23:01,2748.12
4056,4056,Bank Transfer,2025-06-17 18:33:44,1844.79
4057,4057,Cash,2026-01-29 13:33:40,1436.82
4058,4058,PayPal,2025-05-05 06:05:20,4283.44
4059,4059,Credit Card,2024-10-21 17:06:34,2312.61
4060,4060,Bank Transfer,2024-11-06 18:11:33,1636.84
4061,4061,Bank Transfer,2026-06-17 04:18:46,1071.64
4062,4062,Bank Transfer,2025-05-14 07:41:41,1385.52
4063,4063,Credit Card,2025-08-16 00:38:36,750.68
4064,4064,Credit Card,2026-01-04 09:57:56,4766.28
4065,4065,Cash,2025-10-11 07:22:37,2788.22
4066,4066,Cash,2024-08-14 04:44:55,1167.0
4067,4067,Bank Transfer,2025-10-09 22:42:41,2224.0
4068,4068,Cash,2024-11-20 15:00:49,2593.5
4069,4069,Bank Transfer,2025-08-29 23:16:40,1793.9
4070,4070,Credit Card,2026-03-05 17:53:51,797.16
4071,4071,Cash,2025-06-01 08:44:38,462.02
4072,4072,PayPal,2026-05-22 08:02:34,1397.97
4073,4073,PayPal,2026-03-25 04:30:40,1658.25
4074,4074,Credit Card,2025-06-06 04:12:29,2202.75
4075,4075,Cash,2026-02-18 00:47:44,1970.78
4076,4076,PayPal,2026-07-15 13:03:37,881.55
4077,4077,Bank Transfer,2026-07-24 04:23:36,1114.99
4078,4078,Bank Transfer,2025-11-04 13:29:28,128.08
4079,4079,Bank Transfer,2025-07-23 11:00:09,2628.35
4080,4080,Cash,2025-06-15 23:41:00,2180.56
4081,4081,Credit Card,2026-02-26 03:34:20,3154.22
4082,4082,Credit Card,2024-10-20 16:12:22,2244.57
4083,4083,Bank Transfer,2026-05-20 00:04:15,240.88
4084,4084,Bank Transfer,2025-08-28 11:51:40,167.56
4085,4085,PayPal,2026-04-10 10:01:38,435.3
4086,4086,Bank Transfer,2024-10-10 09:54:24,1907.92
4087,4087,Bank Transfer,2025-04-03 09:20:51,752.89
4088,4088,Credit Card,2025-06-22 18:17:02,1881.91
4089,4089,Credit Card,2025-01-13 02:14:42,1346.31
4090,4090,Cash,2025-08-01 08:57:25,1804.97
4091,4091,Bank Transfer,2026-03-20 20:11:41,160.56
4092,4092,PayPal,2024-09-09 13:29:28,4412.09
4093,4093,Cash,2024-12-18 13:42:54,1060.73
4094,4094,Credit Card,2025-08-09 02:21:41,358.2
4095,4095,Cash,2024-10-30 11:57:55,1706.4
4096,4096,PayPal,2025-05-18 17:37:17,952.85
4097,4097,PayPal,2024-08-15 00:35:03,1436.46
4098,4098,PayPal,2026-02-18 11:25:02,2280.87
4099,4099,PayPal,2025-08-03 00:23:35,1164.44
4100,4100,Cash,2025-09-18 09:52:33,129.45
4101,4101,Bank Transfer,2025-11-20 17:54:03,3545.76
4102,4102,PayPal,2025-10-10 23:11:48,587.01
4103,4103,Credit Card,2024-10-26 01:22:00,3013.45
4104,4104,Cash,2024-09-16 17:53:05,1701.88
4105,4105,Cash,2024-11-29 23:02:00,990.6
4106,4106,Credit Card,2025-01-20 18:18:29,1557.32
4107,4107,PayPal,2025-05-28 19:11:42,404.53
4108,4108,PayPal,2024-12-04 03:40:33,779.1
4109,4109,Credit Card,2025-03-22 02:19:23,204.87
4110,4110,Credit Card,2025-02-20 12:23:45,643.04
4111,4111,Credit Card,2024-10-03 03:01:26,2367.42
4112,4112,Cash,2025-04-11 07:30:03,4014.91
4113,4113,Credit Card,2026-06-02 14:37:55,1334.23
4114,4114,Bank Transfer,2025-12-01 01:09:29,2392.83
4115,4115,Cash,2024-10-01 04:00:58,860.7
4116,4116,Cash,2025-06-25 03:17:34,3677.17
4117,4117,PayPal,2025-02-20 05:29:59,1426.02
4118,4118,Bank Transfer,2025-11-05 13:26:47,408.92
4119,4119,PayPal,2025-04-12 16:34:37,4761.02
4120,4120,Bank Transfer,2025-09-20 19:25:08,2397.23
4121,4121,Bank Transfer,2025-11-08 07:34:16,2571.89
4122,4122,Cash,2026-01-06 21:52:54,1856.25
4123,4123,Credit Card,2026-06-02 12:43:07,2448.86
4124,4124,Bank Transfer,2026-05-20 15:43:18,1462.52
4125,4125,PayPal,2026-06-28 11:27:00,1943.54
4126,4126,PayPal,2025-04-27 21:53:48,1033.06
4127,4127,PayPal,2025-08-20 19:47:29,1235.15
4128,4128,Cash,2026-02-11 11:26:26,872.64
4129,4129,Bank Transfer,2025-11-12 06:37:14,1909.25
4130,4130,Cash,2025-11-28 23:48:54,899.98
4131,4131,PayPal,2026-02-04 04:15:30,1801.99
4132,4132,Credit Card,2024-12-14 09:29:40,893.1
4133,4133,PayPal,2025-10-24 09:37:01,609.8
4134,4134,PayPal,2026-03-20 19:35:17,1174.23
4135,4135,Bank Transfer,2024-08-29 08:28:44,653.64
4136,4136,Cash,2026-07-11 14:40:01,593.7
4137,4137,Cash,2026-06-17 05:03:45,3459.36
4138,4138,Cash,2025-01-22 01:07:39,3208.85
4139,4139,Cash,2025-01-17 23:49:37,869.16
4140,4140,Bank Transfer,2025-02-24 10:09:21,862.5
4141,4141,PayPal,2026-03-29 06:43:12,2279.0
4142,4142,Credit Card,2024-10-12 16:26:57,2016.88
4143,4143,PayPal,2025-12-06 14:38:27,2164.81
4144,4144,PayPal,2024-12-16 12:57:18,1442.44
4145,4145,PayPal,2025-02-27 20:11:25,3226.49
4146,4146,Credit Card,2025-08-11 12:26:56,3716.67
4147,4147,Bank Transfer,2024-11-21 01:35:35,1374.84
4148,4148,Bank Transfer,2025-08-08 13:03:02,2325.68
4149,4149,PayPal,2026-02-03 16:29:38,1503.36
4150,4150,Cash,2024-10-07 14:03:14,1551.08
4151,4151,PayPal,2025-04-30 01:10:15,1971.64
4152,4152,Credit Card,2026-07-07 05:38:55,1802.48
4153,4153,Bank Transfer,2024-10-28 14:36:07,1836.6
4154,4154,Cash,2026-06-16 14:37:26,256.72
4155,4155,Cash,2025-03-26 06:55:37,1472.27
4156,4156,Bank Transfer,2025-07-22 16:59:47,1358.02
4157,4157,PayPal,2024-11-01 00:32:44,2423.74
4158,4158,Bank Transfer,2026-04-23 13:20:40,2437.11
4159,4159,Bank Transfer,2024-11-23 01:11:04,469.9
4160,4160,Credit Card,2026-05-16 12:54:57,2430.85
4161,4161,Cash,2025-06-03 21:55:26,4311.37
4162,4162,Cash,2025-07-10 11:40:30,1024.08
4163,4163,PayPal,2026-06-24 08:32:18,3598.15
4164,4164,Cash,2024-08-23 17:50:37,603.45
4165,4165,Cash,2025-05-08 20:35:50,482.9
4166,4166,Credit Card,2026-07-14 15:23:24,1524.31
4167,4167,Credit Card,2025-01-23 18:00:53,750.72
4168,4168,PayPal,2026-01-12 23:53:29,547.88
4169,4169,Credit Card,2024-12-06 15:55:44,1747.34
4170,4170,Credit Card,2024-08-27 08:45:05,1734.89
4171,4171,Credit Card,2026-06-03 02:22:58,3291.7
4172,4172,Credit Card,2026-02-25 11:00:37,879.58
4173,4173,Credit Card,2025-11-27 08:25:16,1439.33
4174,4174,Cash,2025-01-16 08:50:41,4226.91
4175,4175,Credit Card,2026-06-19 17:42:25,470.64
4176,4176,Cash,2025-07-18 10:37:37,691.37
4177,4177,Bank Transfer,2025-09-28 09:18:11,2038.25
4178,4178,Cash,2025-03-31 17:04:05,736.48
4179,4179,Credit Card,2024-09-19 22:28:16,2107.73
4180,4180,Cash,2025-05-19 22:12:29,1735.66
4181,4181,Credit Card,2025-06-03 07:17:23,583.9
4182,4182,Credit Card,2025-09-08 01:42:35,1133.7
4183,4183,Cash,2026-06-27 18:17:01,3076.2
4184,4184,Bank Transfer,2026-02-03 01:50:05,3037.88
4185,4185,Bank Transfer,2025-12-22 16:59:31,1169.56
4186,4186,Cash,2025-10-20 02:52:00,1181.6
4187,4187,PayPal,2025-08-24 02:42:51,2978.36
4188,4188,PayPal,2025-11-15 08:55:41,977.32
4189,4189,PayPal,2025-11-14 15:01:01,1837.71
4190,4190,Credit Card,2025-02-13 02:41:24,3057.05
4191,4191,PayPal,2026-05-18 10:05:53,3561.38
4192,4192,Cash,2025-06-13 02:14:22,1945.15
4193,4193,Cash,2026-02-19 04:54:11,1102.93
4194,4194,Bank Transfer,2024-09-29 08:57:14,2591.82
4195,4195,PayPal,2025-09-07 01:41:08,68.18
4196,4196,PayPal,2024-09-10 14:43:17,3294.29
4197,4197,Credit Card,2025-08-06 10:27:25,370.56
4198,4198,Bank Transfer,2026-03-05 09:57:05,3721.14
4199,4199,Bank Transfer,2026-07-22 17:16:14,2124.6
4200,4200,Credit Card,2024-11-03 04:03:13,838.59
4201,4201,Credit Card,2026-03-14 22:02:06,2112.05
4202,4202,PayPal,2026-07-07 16:27:50,160.52
4203,4203,Bank Transfer,2025-04-04 21:10:21,2546.97
4204,4204,Bank Transfer,2024-10-17 06:10:19,2057.34
4205,4205,Credit Card,2025-08-15 19:22:21,204.87
4206,4206,Bank Transfer,2026-04-26 03:59:38,2712.71
4207,4207,PayPal,2024-11-26 16:26:59,3015.16
4208,4208,Bank Transfer,2025-01-06 05:13:48,1169.85
4209,4209,Cash,2025-05-17 16:28:31,1970.19
4210,4210,Bank Transfer,2025-09-10 22:25:34,374.77
4211,4211,Credit Card,2026-02-20 07:52:25,637.63
4212,4212,PayPal,2025-02-08 01:01:34,1246.34
4213,4213,Cash,2026-02-06 13:30:12,751.59
4214,4214,PayPal,2025-10-10 04:36:51,1227.63
4215,4215,PayPal,2025-01-23 15:25:34,1542.8
4216,4216,Cash,2025-02-15 16:22:26,2324.63
4217,4217,Cash,2025-10-18 05:04:25,1329.94
4218,4218,Credit Card,2026-02-25 12:19:12,933.45
4219,4219,PayPal,2025-02-17 01:53:58,978.2
4220,4220,Bank Transfer,2025-01-09 12:55:41,1666.99
4221,4221,PayPal,2024-10-03 08:21:03,1945.62
4222,4222,Credit Card,2025-05-03 09:55:06,727.68
4223,4223,Bank Transfer,2024-11-28 11:41:50,1473.5
4224,4224,Cash,2025-08-02 06:45:15,2675.36
4225,4225,Bank Transfer,2025-08-05 07:33:05,1824.54
4226,4226,Credit Card,2025-09-16 13:38:19,506.95
4227,4227,Bank Transfer,2024-11-28 17:07:12,893.26
4228,4228,Bank Transfer,2025-03-23 17:13:16,3436.3
4229,4229,Bank Transfer,2026-01-02 18:45:52,434.84
4230,4230,Cash,2024-08-09 13:24:17,3257.4
4231,4231,Bank Transfer,2024-10-15 16:13:56,1167.7
4232,4232,Cash,2025-12-02 23:30:54,1261.96
4233,4233,PayPal,2025-11-13 11:25:38,3652.51
4234,4234,Credit Card,2024-08-08 11:20:40,1639.2
4235,4235,PayPal,2024-10-03 08:39:41,731.84
4236,4236,PayPal,2025-07-24 04:52:26,835.38
4237,4237,Credit Card,2026-06-15 20:40:50,412.68
4238,4238,Credit Card,2025-08-30 17:58:23,141.14
4239,4239,PayPal,2025-04-24 10:42:21,619.47
4240,4240,PayPal,2025-05-13 06:36:50,3136.84
4241,4241,Credit Card,2025-06-20 18:59:34,564.54
4242,4242,Credit Card,2024-11-17 11:41:24,2381.73
4243,4243,PayPal,2025-11-16 04:29:42,1250.48
4244,4244,Bank Transfer,2025-03-16 07:55:52,491.33
4245,4245,Cash,2024-08-08 00:19:35,613.04
4246,4246,Bank Transfer,2025-06-03 20:07:44,1821.2
4247,4247,Cash,2025-12-24 14:42:16,2455.28
4248,4248,Bank Transfer,2026-01-27 01:10:12,4110.94
4249,4249,PayPal,2025-06-10 09:42:25,1734.63
4250,4250,Credit Card,2026-02-09 15:28:08,961.75
4251,4251,PayPal,2026-01-10 12:46:14,1171.4
4252,4252,Credit Card,2025-12-20 17:17:43,939.8
4253,4253,Bank Transfer,2025-04-03 18:03:27,1265.32
4254,4254,Bank Transfer,2025-03-14 17:11:54,2047.95
4255,4255,Bank Transfer,2025-12-23 16:08:07,1278.62
4256,4256,PayPal,2024-10-24 11:45:29,1823.09
4257,4257,Bank Transfer,2025-10-18 00:27:27,1670.45
4258,4258,Bank Transfer,2025-06-07 01:18:19,3600.27
4259,4259,PayPal,2025-09-12 05:28:02,406.09
4260,4260,Cash,2025-08-24 04:24:08,3228.09
4261,4261,PayPal,2026-06-23 19:01:58,3799.01
4262,4262,Cash,2024-08-21 11:05:48,4079.44
4263,4263,PayPal,2025-12-02 20:44:41,2551.29
4264,4264,Cash,2026-02-05 04:33:22,2222.91
4265,4265,Credit Card,2026-05-21 05:39:12,1935.92
4266,4266,PayPal,2025-01-14 18:22:18,1236.17
4267,4267,Cash,2026-05-16 19:31:31,2331.76
4268,4268,PayPal,2025-05-12 05:22:15,969.48
4269,4269,Bank Transfer,2026-02-24 01:34:54,1445.81
4270,4270,PayPal,2025-05-28 04:59:56,2580.65
4271,4271,Bank Transfer,2025-04-02 04:08:34,3022.41
4272,4272,PayPal,2026-04-06 05:22:19,644.6
4273,4273,Cash,2026-05-17 15:22:12,1373.88
4274,4274,Cash,2025-07-13 07:17:27,2583.08
4275,4275,PayPal,2025-10-10 17:05:01,250.56
4276,4276,Cash,2024-09-12 20:09:37,2102.89
4277,4277,Credit Card,2026-07-11 00:17:24,1565.0
4278,4278,Credit Card,2026-02-09 16:30:03,2035.12
4279,4279,Cash,2025-07-26 10:40:42,3771.93
4280,4280,Credit Card,2025-09-30 10:32:23,1865.15
4281,4281,PayPal,2026-06-23 06:11:07,1663.94
4282,4282,Cash,2025-11-14 03:39:06,1486.96
4283,4283,PayPal,2025-03-02 20:41:47,3234.76
4284,4284,Credit Card,2025-05-12 09:42:02,1175.92
4285,4285,PayPal,2025-07-01 11:30:17,720.74
4286,4286,Credit Card,2026-04-27 10:45:57,526.52
4287,4287,Cash,2025-10-09 22:29:38,2442.32
4288,4288,Credit Card,2025-01-18 14:20:28,1085.68
4289,4289,PayPal,2026-04-02 20:03:00,707.75
4290,4290,Cash,2026-04-17 15:52:22,298.04
4291,4291,PayPal,2026-06-02 10:28:24,1053.37
4292,4292,Bank Transfer,2024-09-20 20:07:36,711.53
4293,4293,Credit Card,2025-02-03 16:08:20,2546.41
4294,4294,Credit Card,2025-01-19 15:49:34,708.62
4295,4295,PayPal,2026-06-03 21:42:50,1863.74
4296,4296,Cash,2025-10-16 06:13:29,2636.68
4297,4297,PayPal,2026-02-15 15:44:50,2829.16
4298,4298,Cash,2025-06-15 07:39:05,3017.01
4299,4299,Cash,2026-04-22 01:10:51,1375.32
4300,4300,PayPal,2024-08-23 15:22:59,2883.97
4301,4301,Bank Transfer,2025-09-25 22:41:58,4550.87
4302,4302,Credit Card,2025-03-06 11:32:59,1029.81
4303,4303,Bank Transfer,2025-12-18 11:39:35,500.37
4304,4304,Credit Card,2025-08-11 08:55:00,2774.48
4305,4305,Credit Card,2025-05-24 23:32:10,1815.35
4306,4306,Credit Card,2024-11-10 13:27:56,2112.68
4307,4307,Credit Card,2024-09-05 01:12:36,1512.04
4308,4308,Bank Transfer,2024-11-04 17:25:45,2145.18
4309,4309,Cash,2025-02-15 22:34:19,2472.87
4310,4310,Bank Transfer,2025-09-28 11:00:49,1360.56
4311,4311,Credit Card,2026-03-07 05:31:16,1477.59
4312,4312,Bank Transfer,2026-06-12 00:04:47,3585.2
4313,4313,Cash,2025-08-19 02:44:53,2391.52
4314,4314,Credit Card,2025-03-06 00:35:10,691.56
4315,4315,Cash,2025-05-17 21:42:08,3896.58
4316,4316,Bank Transfer,2025-04-27 06:06:00,2187.09
4317,4317,PayPal,2025-05-13 00:47:18,1956.47
4318,4318,Cash,2026-04-11 03:09:54,3428.87
4319,4319,Credit Card,2025-05-05 21:12:07,292.4
4320,4320,Credit Card,2026-06-18 03:20:06,2210.96
4321,4321,PayPal,2026-05-22 04:15:01,3187.6
4322,4322,PayPal,2024-08-08 11:47:45,1909.13
4323,4323,PayPal,2025-02-06 22:07:41,1070.45
4324,4324,PayPal,2025-07-27 05:39:58,73.5
4325,4325,Cash,2025-05-15 19:34:49,2053.09
4326,4326,Credit Card,2026-05-26 10:37:40,2438.34
4327,4327,Cash,2026-07-08 13:29:21,1354.24
4328,4328,Credit Card,2025-07-24 08:56:46,1688.84
4329,4329,PayPal,2024-11-09 03:22:22,3079.61
4330,4330,PayPal,2025-12-28 02:52:57,1205.42
4331,4331,Bank Transfer,2026-01-04 02:22:02,1493.96
4332,4332,Credit Card,2025-08-03 23:34:43,1551.68
4333,4333,Bank Transfer,2025-03-31 06:52:12,1476.28
4334,4334,Cash,2026-05-18 21:12:12,890.55
4335,4335,Bank Transfer,2026-04-02 23:22:21,213.12
4336,4336,Credit Card,2025-12-08 12:41:52,2152.48
4337,4337,PayPal,2025-05-13 18:35:40,1396.15
4338,4338,Cash,2025-03-10 05:05:54,436.16
4339,4339,Bank Transfer,2026-03-26 02:34:03,600.2
4340,4340,Cash,2025-05-23 02:45:38,3667.68
4341,4341,Cash,2025-01-29 12:46:21,1218.12
4342,4342,Credit Card,2026-01-09 15:50:38,972.25
4343,4343,PayPal,2025-06-21 09:41:48,2857.47
4344,4344,Bank Transfer,2025-08-28 03:10:37,437.98
4345,4345,Cash,2026-07-07 05:20:14,1655.51
4346,4346,PayPal,2025-11-18 21:09:01,4188.79
4347,4347,Bank Transfer,2025-09-14 14:49:18,1248.0
4348,4348,PayPal,2025-09-09 19:32:54,738.84
4349,4349,PayPal,2025-11-13 18:48:07,1139.87
4350,4350,Bank Transfer,2025-05-29 17:20:49,3774.84
4351,4351,Cash,2025-05-25 09:29:38,1162.6
4352,4352,Bank Transfer,2026-04-19 08:40:18,3317.37
4353,4353,PayPal,2025-07-28 14:27:13,371.0
4354,4354,PayPal,2025-10-31 11:50:35,693.68
4355,4355,Bank Transfer,2025-03-19 04:10:26,370.59
4356,4356,Bank Transfer,2025-02-16 14:28:12,570.4
4357,4357,Bank Transfer,2026-03-05 20:35:27,1100.11
4358,4358,Cash,2026-01-05 01:49:08,4267.21
4359,4359,PayPal,2025-11-11 15:55:17,2700.62
4360,4360,Cash,2025-01-19 12:17:12,1289.32
4361,4361,Cash,2025-11-14 13:06:33,2136.27
4362,4362,Bank Transfer,2025-10-17 00:18:11,372.52
4363,4363,Cash,2026-06-01 19:15:02,2798.58
4364,4364,Credit Card,2026-03-11 17:33:53,637.68
4365,4365,Bank Transfer,2025-08-31 08:57:55,151.87
4366,4366,Bank Transfer,2026-08-01 06:41:47,234.95
4367,4367,PayPal,2025-06-07 04:55:48,1926.51
4368,4368,Cash,2025-02-09 07:41:13,1478.2
4369,4369,Bank Transfer,2024-09-25 08:57:37,371.18
4370,4370,PayPal,2024-09-17 17:14:29,3329.9
4371,4371,Cash,2026-02-08 21:42:13,1462.19
4372,4372,Credit Card,2025-05-09 06:27:23,899.98
4373,4373,Cash,2026-01-06 01:52:22,3857.3
4374,4374,Credit Card,2026-05-16 00:00:28,1758.45
4375,4375,PayPal,2024-09-03 16:56:30,769.11
4376,4376,Bank Transfer,2025-01-12 22:53:37,927.26
4377,4377,Bank Transfer,2025-08-12 01:11:45,1977.94
4378,4378,PayPal,2025-10-26 01:36:43,1550.02
4379,4379,Bank Transfer,2024-10-28 23:49:17,1601.71
4380,4380,Credit Card,2024-11-17 15:17:10,437.76
4381,4381,Cash,2026-02-02 15:12:21,1480.38
4382,4382,Credit Card,2026-02-06 15:52:55,689.98
4383,4383,PayPal,2025-06-08 14:42:45,1392.84
4384,4384,Bank Transfer,2026-04-06 15:19:40,1702.48
4385,4385,PayPal,2024-10-25 03:14:53,1612.25
4386,4386,Bank Transfer,2024-09-10 12:27:25,1666.72
4387,4387,Credit Card,2025-10-17 04:49:06,2493.13
4388,4388,Cash,2025-10-13 21:56:07,388.35
4389,4389,Bank Transfer,2026-07-17 11:38:55,1488.94
4390,4390,Bank Transfer,2026-01-09 06:41:02,1309.67
4391,4391,Bank Transfer,2025-03-08 04:20:36,1764.39
4392,4392,Cash,2025-05-11 03:16:27,3771.87
4393,4393,Bank Transfer,2024-10-21 06:00:13,447.36
4394,4394,Cash,2026-05-08 19:29:09,629.04
4395,4395,PayPal,2025-09-26 14:58:20,4224.12
4396,4396,PayPal,2025-07-26 03:28:10,1288.37
4397,4397,Credit Card,2026-04-26 08:43:33,1860.66
4398,4398,Credit Card,2026-01-06 11:19:14,1956.97
4399,4399,Bank Transfer,2026-03-26 22:23:17,627.59
4400,4400,Bank Transfer,2024-08-18 10:05:04,933.51
4401,4401,Bank Transfer,2025-07-04 22:02:50,2788.03
4402,4402,Bank Transfer,2024-12-02 12:04:24,1703.0
4403,4403,Credit Card,2025-06-05 05:30:15,500.37
4404,4404,Bank Transfer,2025-01-28 15:08:07,2346.47
4405,4405,Cash,2026-05-02 21:53:49,365.13
4406,4406,Cash,2026-02-10 12:18:00,1244.68
4407,4407,PayPal,2025-06-14 22:29:31,519.05
4408,4408,Credit Card,2025-04-08 05:46:28,2057.44
4409,4409,PayPal,2025-02-05 06:29:41,1571.27
4410,4410,Bank Transfer,2024-08-25 15:48:14,4863.58
4411,4411,PayPal,2024-09-25 02:29:14,1433.5
4412,4412,Cash,2025-08-03 20:39:29,376.32
4413,4413,Cash,2026-03-02 21:10:22,893.1
4414,4414,Credit Card,2025-03-20 12:03:54,1561.01
4415,4415,Cash,2024-12-10 22:45:14,1143.22
4416,4416,Credit Card,2025-01-18 03:05:04,1076.9
4417,4417,Credit Card,2024-09-22 00:10:00,1981.74
4418,4418,PayPal,2025-06-02 02:01:34,3008.61
4419,4419,Cash,2026-05-11 09:14:33,4220.42
4420,4420,Credit Card,2025-09-07 19:38:35,893.1
4421,4421,Credit Card,2026-02-08 13:40:55,2892.16
4422,4422,Bank Transfer,2024-09-04 21:19:39,467.43
4423,4423,Bank Transfer,2025-04-24 23:54:14,5019.66
4424,4424,Bank Transfer,2024-08-29 03:14:42,4355.2
4425,4425,PayPal,2025-03-09 22:07:30,386.7
4426,4426,PayPal,2024-08-09 13:26:40,2855.64
4427,4427,PayPal,2025-03-12 03:43:15,159.42
4428,4428,Cash,2026-07-23 00:41:16,667.01
4429,4429,PayPal,2026-07-16 05:21:28,2515.31
4430,4430,Credit Card,2025-12-18 02:24:33,2032.17
4431,4431,Bank Transfer,2024-10-05 17:31:30,2354.96
4432,4432,Credit Card,2025-08-05 01:40:36,3950.12
4433,4433,Cash,2026-06-18 17:28:34,3012.19
4434,4434,Bank Transfer,2026-06-13 11:14:34,1638.73
4435,4435,Credit Card,2025-08-30 19:02:01,1265.38
4436,4436,PayPal,2026-06-15 05:44:20,1021.07
4437,4437,Cash,2026-05-18 20:04:11,3670.02
4438,4438,Cash,2025-12-03 13:59:12,2752.71
4439,4439,Credit Card,2024-12-16 22:01:00,207.98
4440,4440,Cash,2025-04-28 19:32:58,439.0
4441,4441,Bank Transfer,2025-01-15 17:14:28,1018.44
4442,4442,Credit Card,2025-10-30 00:30:06,2233.46
4443,4443,PayPal,2025-10-24 05:45:17,284.37
4444,4444,PayPal,2024-09-03 22:09:26,1574.14
4445,4445,Credit Card,2025-12-27 00:30:29,426.24
4446,4446,Cash,2026-05-01 23:13:11,2114.71
4447,4447,Cash,2024-10-31 10:06:30,2563.73
4448,4448,Cash,2025-09-12 01:10:22,2547.26
4449,4449,Bank Transfer,2025-09-30 02:06:19,2239.68
4450,4450,PayPal,2025-07-03 13:25:15,583.11
4451,4451,Cash,2024-12-05 13:23:11,2380.67
4452,4452,Cash,2025-08-15 17:25:15,142.88
4453,4453,Credit Card,2025-02-02 06:19:29,1682.92
4454,4454,Credit Card,2024-12-21 20:25:16,1550.32
4455,4455,Credit Card,2025-04-02 07:58:09,685.24
4456,4456,Credit Card,2026-01-19 11:04:11,956.67
4457,4457,Cash,2026-01-06 10:32:12,2146.62
4458,4458,Bank Transfer,2024-08-17 15:20:03,747.54
4459,4459,Cash,2024-08-17 17:58:20,1315.48
4460,4460,PayPal,2026-05-17 03:04:23,1338.99
4461,4461,Credit Card,2024-11-07 20:25:51,3951.43
4462,4462,Credit Card,2024-08-07 10:00:33,1044.71
4463,4463,Cash,2026-04-30 11:32:19,4516.6
4464,4464,Bank Transfer,2025-04-13 12:24:44,113.76
4465,4465,Credit Card,2025-05-07 14:24:48,3044.87
4466,4466,Cash,2025-02-08 21:45:06,2062.98
4467,4467,Bank Transfer,2026-01-08 18:11:31,1000.96
4468,4468,PayPal,2024-08-29 23:48:24,1396.27
4469,4469,Bank Transfer,2024-10-15 13:22:38,902.93
4470,4470,PayPal,2024-08-30 02:48:07,837.1
4471,4471,Credit Card,2025-04-03 17:17:46,3392.18
4472,4472,Bank Transfer,2026-06-07 17:18:12,2038.73
4473,4473,PayPal,2025-05-25 13:18:30,10.02
4474,4474,Credit Card,2025-09-21 12:40:35,2255.56
4475,4475,PayPal,2025-12-17 08:16:33,1322.14
4476,4476,PayPal,2025-01-25 00:57:23,383.16
4477,4477,Credit Card,2025-07-30 17:04:37,1889.9
4478,4478,Bank Transfer,2026-07-03 19:18:15,1514.27
4479,4479,Cash,2024-10-09 15:09:31,1575.31
4480,4480,Bank Transfer,2026-08-04 21:54:05,1179.37
4481,4481,Credit Card,2026-07-06 18:40:24,2354.84
4482,4482,Bank Transfer,2026-07-24 13:07:38,1609.64
4483,4483,Credit Card,2024-12-18 16:09:32,24.62
4484,4484,Cash,2026-01-24 01:33:07,2568.6
4485,4485,Cash,2024-11-24 07:37:12,139.56
4486,4486,Bank Transfer,2024-08-08 17:58:43,1413.1
4487,4487,Bank Transfer,2025-11-03 23:19:11,2877.67
4488,4488,Bank Transfer,2024-12-28 22:22:44,4902.32
4489,4489,Bank Transfer,2024-09-07 07:02:53,2316.28
4490,4490,Cash,2025-05-11 08:03:33,2676.01
4491,4491,Cash,2025-09-27 10:44:24,1025.4
4492,4492,Cash,2026-06-14 12:39:08,1523.47
4493,4493,Bank Transfer,2025-01-30 10:08:32,4662.61
4494,4494,PayPal,2026-04-09 04:49:04,1436.46
4495,4495,Bank Transfer,2025-11-28 13:30:57,556.52
4496,4496,Cash,2026-02-02 20:58:04,2933.36
4497,4497,Credit Card,2025-11-08 20:49:02,818.07
4498,4498,Bank Transfer,2025-11-21 00:51:39,292.14
4499,4499,PayPal,2026-06-14 11:55:36,1139.16
4500,4500,Bank Transfer,2026-05-09 02:29:49,2687.43
4501,4501,Bank Transfer,2025-08-10 11:26:20,1682.92
4502,4502,PayPal,2025-09-15 13:24:41,450.11
4503,4503,Credit Card,2025-04-20 23:47:10,747.87
4504,4504,Cash,2025-08-12 01:54:49,2918.63
4505,4505,Bank Transfer,2026-07-19 09:47:19,1078.39
4506,4506,Cash,2025-05-22 21:46:40,2215.04
4507,4507,Bank Transfer,2025-01-09 01:47:01,1958.17
4508,4508,Cash,2026-04-14 17:11:07,2516.62
4509,4509,Bank Transfer,2026-07-19 15:55:23,810.4
4510,4510,Cash,2026-04-19 21:45:14,2131.71
4511,4511,PayPal,2024-10-27 11:38:20,2321.36
4512,4512,Bank Transfer,2025-04-28 03:35:47,788.22
4513,4513,Credit Card,2026-01-25 02:36:54,2007.65
4514,4514,Bank Transfer,2025-08-14 10:54:05,1217.01
4515,4515,Credit Card,2026-05-24 10:22:30,1432.23
4516,4516,Cash,2026-01-02 18:45:36,3334.29
4517,4517,Cash,2025-12-22 15:05:23,1456.15
4518,4518,Credit Card,2024-11-24 00:49:05,2187.0
4519,4519,Bank Transfer,2024-12-03 19:32:55,1990.29
4520,4520,Bank Transfer,2025-05-06 04:13:18,1510.01
4521,4521,Cash,2025-05-30 14:23:53,3269.98
4522,4522,Credit Card,2025-04-19 07:57:35,529.04
4523,4523,PayPal,2024-11-06 14:12:33,2485.7
4524,4524,Credit Card,2025-02-27 13:55:10,431.37
4525,4525,PayPal,2026-03-31 16:58:00,2078.44
4526,4526,PayPal,2025-10-28 09:25:38,1409.31
4527,4527,Credit Card,2025-10-01 14:46:52,659.5
4528,4528,Credit Card,2026-08-03 22:28:43,2604.3
4529,4529,Credit Card,2025-02-08 05:38:50,1392.41
4530,4530,Bank Transfer,2026-05-08 00:21:37,507.15
4531,4531,Credit Card,2025-04-10 21:10:48,2663.59
4532,4532,PayPal,2025-04-07 22:25:45,3020.67
4533,4533,Credit Card,2025-10-18 06:42:38,1832.6
4534,4534,PayPal,2025-01-27 08:18:26,932.98
4535,4535,Credit Card,2024-10-04 20:53:38,3010.27
4536,4536,Bank Transfer,2026-02-06 02:00:50,3217.36
4537,4537,Credit Card,2024-11-10 03:57:44,2436.19
4538,4538,Cash,2026-01-05 23:13:06,2430.86
4539,4539,Bank Transfer,2024-10-05 03:25:14,3453.37
4540,4540,Cash,2026-01-08 22:20:44,1746.7
4541,4541,Bank Transfer,2026-05-06 00:25:14,944.3
4542,4542,Credit Card,2025-07-07 23:26:39,660.16
4543,4543,Credit Card,2024-11-10 04:48:13,2607.52
4544,4544,Credit Card,2026-04-17 12:04:23,2636.35
4545,4545,Credit Card,2025-06-05 19:37:08,885.29
4546,4546,Credit Card,2026-01-13 22:07:40,4440.04
4547,4547,Bank Transfer,2024-08-14 02:40:00,695.96
4548,4548,Bank Transfer,2025-11-30 09:57:50,1592.64
4549,4549,Bank Transfer,2025-08-19 05:55:54,3048.53
4550,4550,Cash,2025-03-27 22:18:02,311.17
4551,4551,Credit Card,2025-08-25 15:00:50,161.46
4552,4552,Bank Transfer,2024-11-06 15:39:25,688.77
4553,4553,Cash,2025-04-01 05:27:19,842.79
4554,4554,PayPal,2025-12-02 11:42:06,1756.52
4555,4555,Cash,2024-12-15 21:51:00,412.68
4556,4556,Bank Transfer,2026-04-12 14:45:42,2098.41
4557,4557,Cash,2026-05-04 13:06:16,1409.76
4558,4558,Bank Transfer,2024-08-14 04:37:20,2532.24
4559,4559,PayPal,2025-06-21 15:33:46,2021.29
4560,4560,Credit Card,2024-10-03 05:35:44,2898.04
4561,4561,PayPal,2026-01-11 19:03:05,1637.97
4562,4562,Credit Card,2025-11-02 19:02:20,3343.3
4563,4563,PayPal,2025-03-09 11:33:16,1006.77
4564,4564,Cash,2026-07-04 02:58:44,676.06
4565,4565,PayPal,2026-04-01 08:59:21,1551.84
4566,4566,Bank Transfer,2025-05-28 08:18:17,1405.92
4567,4567,PayPal,2026-07-19 01:00:30,388.35
4568,4568,Credit Card,2024-10-19 16:07:01,1279.23
4569,4569,PayPal,2025-07-02 03:46:06,390.43
4570,4570,PayPal,2024-08-17 02:18:52,885.85
4571,4571,Cash,2024-12-29 09:41:03,2304.38
4572,4572,Cash,2026-01-31 00:22:42,2238.64
4573,4573,Credit Card,2024-12-28 20:08:09,1994.72
4574,4574,Bank Transfer,2026-03-18 06:21:46,3136.38
4575,4575,PayPal,2025-05-07 12:01:41,2194.54
4576,4576,Credit Card,2026-01-26 13:21:22,1519.4
4577,4577,Cash,2026-05-31 06:03:49,600.44
4578,4578,PayPal,2025-05-16 13:43:53,759.36
4579,4579,PayPal,2026-03-06 02:03:24,642.32
4580,4580,PayPal,2026-04-06 14:22:55,311.04
4581,4581,Cash,2026-02-09 02:16:04,569.58
4582,4582,Bank Transfer,2024-12-14 05:59:07,2412.87
4583,4583,Credit Card,2026-03-20 21:01:44,1021.52
4584,4584,Credit Card,2025-08-17 22:45:56,1944.22
4585,4585,Credit Card,2026-06-28 09:45:43,3479.44
4586,4586,Cash,2024-08-18 20:31:23,646.17
4587,4587,Cash,2025-11-21 02:13:40,1076.07
4588,4588,Bank Transfer,2024-11-17 20:57:28,1402.53
4589,4589,Cash,2026-07-19 11:24:46,442.43
4590,4590,Credit Card,2024-08-09 17:32:18,2520.85
4591,4591,Credit Card,2025-05-04 05:26:14,2908.68
4592,4592,PayPal,2025-09-18 07:48:12,1280.36
4593,4593,Credit Card,2026-07-17 19:10:02,2442.48
4594,4594,Credit Card,2024-11-03 05:20:52,1573.97
4595,4595,Credit Card,2025-12-14 21:12:27,753.78
4596,4596,Bank Transfer,2025-01-23 07:50:57,1440.13
4597,4597,Credit Card,2025-05-09 05:39:17,2521.1
4598,4598,Cash,2024-12-26 12:52:43,3015.54
4599,4599,Bank Transfer,2026-06-26 05:22:58,1889.43
4600,4600,PayPal,2026-02-01 16:51:12,3356.7
4601,4601,Credit Card,2025-05-26 05:30:20,3125.99
4602,4602,Bank Transfer,2025-07-30 13:47:26,3565.18
4603,4603,Cash,2025-09-14 03:31:12,417.15
4604,4604,Cash,2026-03-15 21:01:51,3912.08
4605,4605,Cash,2024-11-17 23:33:30,1921.77
4606,4606,Cash,2024-11-12 06:09:58,4378.87
4607,4607,PayPal,2026-01-23 07:20:56,1386.84
4608,4608,Credit Card,2026-03-02 17:10:35,770.36
4609,4609,Credit Card,2024-09-23 15:29:35,213.85
4610,4610,PayPal,2025-10-27 05:48:09,855.28
4611,4611,Bank Transfer,2026-03-05 12:34:24,680.55
4612,4612,PayPal,2026-02-25 01:39:57,570.4
4613,4613,Cash,2026-03-15 10:09:07,1156.81
4614,4614,PayPal,2025-07-16 01:43:49,2077.1
4615,4615,Credit Card,2025-09-28 11:59:24,1574.23
4616,4616,Bank Transfer,2026-08-01 13:24:36,1547.25
4617,4617,Credit Card,2026-03-29 02:28:31,4518.63
4618,4618,Cash,2025-08-13 01:07:13,1438.43
4619,4619,PayPal,2025-03-31 20:54:25,4364.73
4620,4620,Cash,2025-08-29 11:29:16,109.17
4621,4621,Bank Transfer,2025-07-25 20:43:45,1263.79
4622,4622,Bank Transfer,2026-05-17 19:03:09,367.29
4623,4623,Credit Card,2026-02-18 03:04:25,861.46
4624,4624,PayPal,2024-08-28 12:10:45,4431.02
4625,4625,Credit Card,2026-07-08 19:38:15,348.51
4626,4626,Credit Card,2026-05-23 17:49:38,1188.61
4627,4627,PayPal,2025-01-04 03:41:16,2499.68
4628,4628,Cash,2026-01-29 23:02:55,784.45
4629,4629,Cash,2026-07-03 00:22:00,3020.75
4630,4630,Bank Transfer,2025-08-01 16:36:29,1438.02
4631,4631,Cash,2026-01-25 11:32:43,3324.91
4632,4632,Credit Card,2025-05-20 22:37:03,836.55
4633,4633,Cash,2024-11-12 18:53:58,95.8
4634,4634,Cash,2025-07-21 14:16:31,139.56
4635,4635,Bank Transfer,2026-06-28 08:27:16,219.59
4636,4636,PayPal,2024-08-20 23:14:19,2474.25
4637,4637,Credit Card,2024-09-04 09:54:58,49.86
4638,4638,Credit Card,2026-05-31 04:39:47,3288.99
4639,4639,Bank Transfer,2025-01-09 04:55:23,2391.68
4640,4640,Bank Transfer,2025-12-04 11:29:46,532.4
4641,4641,Cash,2024-09-27 08:12:46,2165.34
4642,4642,Cash,2025-10-15 00:49:47,2532.15
4643,4643,PayPal,2026-02-26 04:00:46,3485.57
4644,4644,Credit Card,2024-08-11 09:48:01,483.72
4645,4645,Cash,2026-01-05 02:45:07,1130.19
4646,4646,PayPal,2025-07-21 00:09:36,2716.32
4647,4647,Bank Transfer,2025-03-23 00:59:12,4178.96
4648,4648,Bank Transfer,2024-09-22 18:32:51,3755.36
4649,4649,Bank Transfer,2025-10-11 22:37:12,1070.99
4650,4650,Credit Card,2026-01-20 05:42:33,1538.67
4651,4651,Bank Transfer,2025-10-25 05:12:20,1908.57
4652,4652,PayPal,2024-09-16 05:07:39,880.16
4653,4653,PayPal,2025-03-26 08:40:57,2932.58
4654,4654,PayPal,2025-07-02 05:30:09,911.37
4655,4655,PayPal,2025-10-26 01:46:29,1262.56
4656,4656,PayPal,2025-07-22 11:57:47,2956.1
4657,4657,Credit Card,2025-11-17 18:40:53,337.84
4658,4658,Credit Card,2025-01-14 10:52:00,1567.68
4659,4659,PayPal,2025-03-15 04:47:27,4504.83
4660,4660,PayPal,2025-06-12 21:12:53,786.8
4661,4661,Cash,2025-08-10 11:57:31,2899.39
4662,4662,Cash,2025-04-05 16:21:04,3471.25
4663,4663,Cash,2025-12-26 12:39:53,1646.5
4664,4664,Bank Transfer,2025-12-06 19:43:45,1972.28
4665,4665,Cash,2025-06-23 10:43:45,1046.11
4666,4666,Bank Transfer,2026-07-20 00:31:20,1898.4
4667,4667,Credit Card,2026-03-17 03:31:41,1615.52
4668,4668,Credit Card,2026-04-23 10:03:24,3613.98
4669,4669,PayPal,2026-01-24 18:19:10,1400.9
4670,4670,Cash,2025-05-04 10:16:02,551.67
4671,4671,Cash,2025-10-07 00:37:08,2576.81
4672,4672,PayPal,2024-08-13 11:21:53,3541.93
4673,4673,PayPal,2026-05-30 17:36:00,1449.68
4674,4674,Bank Transfer,2024-12-24 08:38:38,1732.19
4675,4675,Cash,2026-02-04 05:21:41,2422.54
4676,4676,Cash,2026-02-28 18:33:03,1004.99
4677,4677,Bank Transfer,2026-01-02 01:56:17,1100.4
4678,4678,Cash,2025-08-20 02:08:52,852.82
4679,4679,PayPal,2025-05-19 08:04:59,1792.81
4680,4680,Cash,2025-04-09 08:59:24,1724.0
4681,4681,Credit Card,2024-11-25 23:10:05,2546.24
4682,4682,Bank Transfer,2025-09-26 02:50:26,3047.56
4683,4683,Cash,2025-02-13 03:34:24,2833.46
4684,4684,Credit Card,2026-02-20 07:57:01,231.04
4685,4685,Cash,2025-10-11 13:56:19,3129.51
4686,4686,Credit Card,2025-09-13 06:27:58,1785.44
4687,4687,Credit Card,2025-03-04 10:21:02,318.6
4688,4688,PayPal,2026-02-18 07:36:14,3038.86
4689,4689,Bank Transfer,2026-07-24 18:34:16,1416.55
4690,4690,PayPal,2025-06-15 22:45:45,3056.8
4691,4691,PayPal,2025-03-19 20:44:10,1015.43
4692,4692,Credit Card,2025-02-22 08:18:26,863.25
4693,4693,Cash,2026-05-10 05:25:17,765.65
4694,4694,Bank Transfer,2025-09-06 01:54:21,335.75
4695,4695,Bank Transfer,2026-06-06 15:33:16,2445.83
4696,4696,Bank Transfer,2025-01-17 21:59:18,1735.83
4697,4697,Bank Transfer,2025-09-17 11:47:33,3477.92
4698,4698,Credit Card,2026-06-05 03:27:54,1995.13
4699,4699,PayPal,2025-08-13 11:18:08,173.28
4700,4700,Cash,2026-05-18 18:17:09,1929.23
4701,4701,PayPal,2025-12-01 18:10:23,1332.54
4702,4702,Cash,2026-07-27 17:56:38,1108.76
4703,4703,Cash,2025-01-10 02:01:17,2888.38
4704,4704,Bank Transfer,2025-06-21 05:04:31,58.68
4705,4705,Bank Transfer,2026-06-07 05:04:49,1633.38
4706,4706,PayPal,2026-03-23 11:03:46,4124.98
4707,4707,Credit Card,2024-11-25 07:56:49,517.05
4708,4708,PayPal,2025-09-09 17:42:46,739.02
4709,4709,PayPal,2025-09-07 07:07:57,1571.66
4710,4710,Credit Card,2024-12-15 15:16:44,1042.2
4711,4711,Cash,2025-08-29 11:15:59,586.12
4712,4712,PayPal,2026-02-28 17:47:20,4149.64
4713,4713,Cash,2025-10-03 00:54:08,3225.95
4714,4714,PayPal,2024-12-01 21:38:59,1379.51
4715,4715,Bank Transfer,2025-09-12 16:52:21,3165.23
4716,4716,Cash,2025-02-15 06:42:15,3006.19
4717,4717,Bank Transfer,2026-06-26 05:40:47,1022.06
4718,4718,PayPal,2025-08-23 03:05:57,2437.18
4719,4719,Cash,2024-10-08 05:42:48,1577.37
4720,4720,PayPal,2024-12-27 22:33:29,2203.82
4721,4721,Credit Card,2025-09-10 05:07:00,2100.5
4722,4722,Cash,2025-10-09 11:55:28,952.91
4723,4723,Cash,2025-07-09 10:27:17,1659.06
4724,4724,PayPal,2024-12-05 14:11:03,3648.72
4725,4725,PayPal,2025-05-24 04:03:47,78.05
4726,4726,Credit Card,2026-05-11 14:52:29,1157.55
4727,4727,Credit Card,2026-05-01 12:17:25,2785.92
4728,4728,PayPal,2025-01-17 00:00:15,985.1
4729,4729,PayPal,2025-02-21 15:58:11,688.77
4730,4730,PayPal,2026-06-03 10:55:16,1051.96
4731,4731,Bank Transfer,2024-09-16 15:10:02,969.0
4732,4732,Bank Transfer,2025-12-02 12:11:57,605.27
4733,4733,Bank Transfer,2026-05-03 17:51:11,4115.63
4734,4734,PayPal,2025-04-15 07:18:22,244.33
4735,4735,Credit Card,2026-08-03 20:19:36,2440.5
4736,4736,Credit Card,2024-09-24 05:18:32,839.94
4737,4737,Cash,2025-07-11 09:20:34,1675.61
4738,4738,Cash,2025-09-27 03:48:24,1493.19
4739,4739,PayPal,2024-12-12 11:16:24,68.18
4740,4740,PayPal,2025-12-21 00:37:43,2673.65
4741,4741,Credit Card,2026-07-25 15:21:36,1915.26
4742,4742,PayPal,2025-02-12 03:14:54,3107.12
4743,4743,PayPal,2025-11-10 02:38:29,1964.48
4744,4744,PayPal,2025-01-14 21:37:54,2461.92
4745,4745,Credit Card,2025-11-02 12:55:27,529.22
4746,4746,Cash,2024-11-24 05:49:06,2093.3
4747,4747,PayPal,2026-06-14 04:23:53,2005.48
4748,4748,Bank Transfer,2025-02-05 08:48:15,1324.53
4749,4749,Bank Transfer,2024-08-21 18:43:00,2474.73
4750,4750,PayPal,2025-10-19 23:27:03,4046.33
4751,4751,Bank Transfer,2024-11-11 13:24:56,3847.94
4752,4752,Bank Transfer,2026-02-02 02:31:48,325.1
4753,4753,Cash,2024-10-15 12:19:20,493.29
4754,4754,Credit Card,2026-07-13 14:22:18,1578.26
4755,4755,Credit Card,2025-12-21 16:01:03,83.78
4756,4756,Cash,2024-10-24 10:18:16,1546.8
4757,4757,Cash,2025-10-01 07:13:02,1127.37
4758,4758,PayPal,2025-04-08 15:15:18,3158.52
4759,4759,Cash,2025-11-29 07:40:06,12.31
4760,4760,Bank Transfer,2026-08-04 23:24:07,1274.31
4761,4761,Bank Transfer,2024-11-15 01:28:05,2278.98
4762,4762,Credit Card,2026-02-02 15:25:37,337.84
4763,4763,Bank Transfer,2025-10-02 07:15:54,3458.12
4764,4764,PayPal,2025-11-30 04:38:48,1470.09
4765,4765,Bank Transfer,2025-12-31 23:27:38,1785.56
4766,4766,Bank Transfer,2025-03-11 18:45:14,1094.95
4767,4767,PayPal,2025-09-03 17:13:39,350.11
4768,4768,Bank Transfer,2026-01-02 10:14:44,1618.12
4769,4769,PayPal,2024-11-13 14:02:15,1821.86
4770,4770,PayPal,2025-08-11 23:19:09,1461.75
4771,4771,PayPal,2025-02-02 09:42:15,473.98
4772,4772,PayPal,2025-07-21 03:48:41,2284.48
4773,4773,Credit Card,2025-09-27 14:06:12,227.78
4774,4774,PayPal,2024-08-31 22:51:33,1061.29
4775,4775,Credit Card,2025-11-16 11:26:40,3303.72
4776,4776,Credit Card,2025-04-02 16:18:32,2329.88
4777,4777,Bank Transfer,2026-04-10 07:31:47,127.24
4778,4778,PayPal,2024-08-12 14:46:41,208.74
4779,4779,Bank Transfer,2024-12-31 10:30:09,2448.07
4780,4780,Cash,2025-11-11 04:13:42,1920.48
4781,4781,Credit Card,2025-10-02 15:17:02,2384.99
4782,4782,Cash,2025-08-01 10:26:46,1790.91
4783,4783,Credit Card,2024-11-06 16:17:24,1662.23
4784,4784,Credit Card,2026-03-17 06:52:25,668.64
4785,4785,PayPal,2026-01-21 21:25:30,616.92
4786,4786,Bank Transfer,2025-08-23 10:56:00,877.68
4787,4787,Credit Card,2026-06-17 18:52:17,134.5
4788,4788,PayPal,2025-03-27 17:06:36,1039.89
4789,4789,PayPal,2026-02-19 00:26:39,2589.37
4790,4790,PayPal,2024-12-22 03:52:52,1006.2
4791,4791,Cash,2026-05-12 23:42:47,1664.52
4792,4792,PayPal,2024-12-16 21:19:42,697.02
4793,4793,Credit Card,2025-06-08 00:09:27,172.04
4794,4794,Credit Card,2026-06-07 21:54:43,2944.15
4795,4795,Cash,2025-03-30 20:37:45,2509.4
4796,4796,Cash,2025-08-02 20:55:00,2325.26
4797,4797,Cash,2024-12-07 02:16:43,468.26
4798,4798,PayPal,2026-01-18 15:03:21,1672.04
4799,4799,PayPal,2026-05-21 00:00:49,1936.31
4800,4800,Bank Transfer,2025-09-28 16:52:09,1996.92
4801,4801,Credit Card,2025-08-20 01:31:13,3638.74
4802,4802,Cash,2025-08-05 14:52:54,732.99
4803,4803,PayPal,2026-04-25 14:20:13,1498.16
4804,4804,Cash,2024-09-10 23:58:45,24.75
4805,4805,PayPal,2026-01-10 13:53:29,1578.18
4806,4806,Cash,2024-11-09 01:20:44,756.02
4807,4807,Bank Transfer,2026-05-12 14:55:52,101.32
4808,4808,Bank Transfer,2024-08-24 23:28:41,211.71
4809,4809,Credit Card,2025-01-23 19:15:02,749.04
4810,4810,Cash,2024-11-26 21:19:35,1147.13
4811,4811,Cash,2025-02-10 19:02:51,1580.58
4812,4812,PayPal,2024-11-09 17:59:05,1241.88
4813,4813,Credit Card,2025-04-24 12:20:47,1307.1
4814,4814,Bank Transfer,2025-01-09 03:59:51,3822.43
4815,4815,Bank Transfer,2024-12-02 07:00:22,2118.27
4816,4816,Bank Transfer,2025-04-04 23:09:16,999.12
4817,4817,Bank Transfer,2026-05-04 02:59:56,1001.65
4818,4818,Cash,2025-02-27 06:13:29,892.72
4819,4819,Bank Transfer,2025-05-27 02:35:09,3170.03
4820,4820,Credit Card,2026-04-21 01:59:06,2223.48
4821,4821,Credit Card,2026-03-08 10:03:45,1496.53
4822,4822,PayPal,2026-04-18 13:00:03,203.64
4823,4823,PayPal,2025-06-21 09:52:30,1053.27
4824,4824,Credit Card,2025-03-17 10:55:12,2815.4
4825,4825,Credit Card,2025-06-30 11:15:06,1717.94
4826,4826,Credit Card,2026-02-08 14:36:56,4381.93
4827,4827,Cash,2024-11-16 20:07:22,2184.04
4828,4828,Cash,2025-03-27 17:01:17,2779.8
4829,4829,PayPal,2026-04-25 05:17:50,3819.79
4830,4830,Bank Transfer,2024-09-01 23:33:49,1994.72
4831,4831,Credit Card,2024-09-26 16:21:18,540.66
4832,4832,PayPal,2025-08-13 01:44:29,147.0
4833,4833,Bank Transfer,2025-11-10 08:15:21,1193.8
4834,4834,Cash,2026-05-10 13:54:15,814.1
4835,4835,Bank Transfer,2026-02-25 21:26:24,854.74
4836,4836,Cash,2024-11-15 01:29:05,1230.06
4837,4837,Bank Transfer,2025-12-09 04:49:08,3558.03
4838,4838,Cash,2025-07-01 10:01:53,1192.32
4839,4839,Bank Transfer,2024-09-26 01:07:13,975.03
4840,4840,PayPal,2024-09-26 09:28:47,2160.94
4841,4841,Cash,2026-04-09 16:41:49,1105.02
4842,4842,Credit Card,2025-04-14 03:30:09,432.76
4843,4843,PayPal,2026-03-17 00:09:40,878.36
4844,4844,Credit Card,2025-07-27 00:41:06,2502.64
4845,4845,PayPal,2026-05-24 03:59:46,2382.74
4846,4846,Cash,2025-01-08 22:46:50,3097.21
4847,4847,Credit Card,2026-01-08 01:11:47,1299.04
4848,4848,Cash,2026-07-03 07:02:48,998.46
4849,4849,PayPal,2026-03-06 19:39:45,2268.94
4850,4850,Bank Transfer,2025-06-26 15:41:30,2679.36
4851,4851,PayPal,2025-09-07 08:48:56,1585.42
4852,4852,Bank Transfer,2026-03-13 00:06:35,2933.43
4853,4853,Bank Transfer,2026-06-25 08:37:32,2153.23
4854,4854,Credit Card,2025-07-14 17:06:52,3645.21
4855,4855,PayPal,2026-02-02 05:22:47,2022.84
4856,4856,Credit Card,2025-12-27 16:43:16,3138.85
4857,4857,PayPal,2024-09-26 22:56:29,893.1
4858,4858,Credit Card,2026-02-27 16:36:49,4279.47
4859,4859,Credit Card,2026-04-03 16:03:22,151.44
4860,4860,Credit Card,2024-11-14 13:15:04,983.32
4861,4861,Credit Card,2026-07-06 09:04:51,759.36
4862,4862,Cash,2025-07-01 20:56:04,110.37
4863,4863,Cash,2026-08-05 00:42:54,2787.82
4864,4864,Credit Card,2026-06-18 13:09:42,627.51
4865,4865,PayPal,2024-08-13 16:35:47,557.44
4866,4866,Bank Transfer,2024-08-10 19:09:59,1050.33
4867,4867,Cash,2025-04-07 20:04:33,501.12
4868,4868,Cash,2026-01-21 05:42:22,1806.94
4869,4869,Credit Card,2025-01-12 16:43:37,1521.22
4870,4870,Bank Transfer,2025-08-14 23:41:39,1426.64
4871,4871,PayPal,2026-04-04 16:25:50,1986.55
4872,4872,Cash,2025-06-03 13:30:45,1831.63
4873,4873,Bank Transfer,2025-06-29 20:05:17,2364.85
4874,4874,PayPal,2025-11-13 07:39:13,1728.36
4875,4875,Credit Card,2025-08-23 20:21:20,1265.55
4876,4876,Credit Card,2025-01-30 01:26:38,962.52
4877,4877,Cash,2025-04-13 14:57:23,62.14
4878,4878,Bank Transfer,2024-08-13 04:37:19,4052.4
4879,4879,PayPal,2025-05-27 11:40:28,1745.7
4880,4880,PayPal,2026-07-20 16:27:38,314.52
4881,4881,Cash,2025-03-06 05:38:33,490.36
4882,4882,PayPal,2026-03-02 23:29:20,506.22
4883,4883,Cash,2024-11-20 20:53:57,1573.63
4884,4884,Cash,2025-12-01 15:26:44,123.43
4885,4885,Bank Transfer,2024-12-06 08:07:15,319.64
4886,4886,Cash,2025-08-22 03:04:50,1882.83
4887,4887,Bank Transfer,2026-04-23 23:34:02,4223.91
4888,4888,Credit Card,2024-08-08 17:24:46,846.58
4889,4889,Credit Card,2026-07-04 15:36:12,2440.18
4890,4890,Credit Card,2025-01-12 05:53:01,1050.33
4891,4891,Bank Transfer,2026-05-13 08:03:20,2530.1
4892,4892,Bank Transfer,2025-03-11 12:18:07,2469.52
4893,4893,Cash,2025-04-03 18:53:28,171.24
4894,4894,PayPal,2024-11-03 15:29:37,1774.63
4895,4895,Credit Card,2024-09-15 15:25:32,1972.48
4896,4896,Cash,2025-05-16 11:37:31,1605.42
4897,4897,Bank Transfer,2026-03-29 18:05:33,1795.81
4898,4898,PayPal,2024-10-26 13:11:50,1510.19
4899,4899,Bank Transfer,2026-03-21 07:41:15,2324.74
4900,4900,Bank Transfer,2025-07-21 07:14:59,1247.8
4901,4901,Cash,2026-05-28 02:50:58,211.56
4902,4902,Bank Transfer,2026-01-05 17:05:36,1193.87
4903,4903,Credit Card,2026-03-24 08:27:44,3174.16
4904,4904,Bank Transfer,2026-02-18 21:52:40,1623.99
4905,4905,PayPal,2025-09-12 00:16:03,1683.23
4906,4906,Cash,2026-07-06 05:13:14,1373.72
4907,4907,PayPal,2025-05-24 05:30:19,434.84
4908,4908,Cash,2026-06-22 17:39:40,1866.08
4909,4909,Cash,2025-02-11 12:04:47,247.8
4910,4910,Cash,2025-06-12 05:47:37,945.21
4911,4911,Bank Transfer,2025-09-13 02:52:53,1134.9
4912,4912,Cash,2025-07-15 07:09:52,1620.51
4913,4913,PayPal,2025-04-13 18:53:08,1204.61
4914,4914,Credit Card,2026-05-01 19:41:36,2411.01
4915,4915,Bank Transfer,2025-08-15 00:15:54,1129.47
4916,4916,Cash,2026-05-28 03:16:13,1220.02
4917,4917,Bank Transfer,2024-12-03 17:54:45,3159.4
4918,4918,Credit Card,2026-05-30 18:09:10,3474.62
4919,4919,Cash,2026-01-04 21:47:58,2972.5
4920,4920,PayPal,2025-04-13 17:07:16,3996.49
4921,4921,Bank Transfer,2025-04-08 04:59:07,829.75
4922,4922,PayPal,2025-12-16 09:18:53,3711.9
4923,4923,Cash,2026-05-27 05:28:24,859.42
4924,4924,Credit Card,2025-05-12 18:15:40,1351.9
4925,4925,Cash,2025-02-03 09:00:42,2177.02
4926,4926,Cash,2026-06-26 22:34:54,246.8
4927,4927,Credit Card,2024-12-31 01:31:50,3253.24
4928,4928,Cash,2026-08-06 11:06:38,1459.37
4929,4929,Credit Card,2026-07-30 15:33:17,797.63
4930,4930,Bank Transfer,2025-03-24 13:59:16,835.66
4931,4931,Bank Transfer,2025-03-20 17:25:31,309.75
4932,4932,PayPal,2026-05-17 22:11:14,1741.09
4933,4933,Cash,2025-03-22 00:58:12,3575.06
4934,4934,Cash,2024-08-20 00:11:57,115.52
4935,4935,Bank Transfer,2024-11-24 23:19:47,1836.44
4936,4936,Credit Card,2025-01-23 03:30:53,1042.19
4937,4937,PayPal,2026-03-03 20:44:46,3233.52
4938,4938,PayPal,2025-04-20 10:50:53,852.48
4939,4939,Cash,2026-01-27 18:46:11,4425.93
4940,4940,Bank Transfer,2025-03-26 10:10:01,2012.01
4941,4941,PayPal,2025-10-09 10:11:08,1842.38
4942,4942,PayPal,2025-06-07 22:33:29,154.56
4943,4943,Credit Card,2024-08-27 05:20:19,438.21
4944,4944,PayPal,2025-01-12 11:20:52,143.7
4945,4945,PayPal,2026-03-04 01:03:49,2248.21
4946,4946,Bank Transfer,2025-09-25 13:30:20,950.71
4947,4947,Bank Transfer,2025-01-10 01:27:38,3575.4
4948,4948,Credit Card,2025-11-05 17:46:09,305.62
4949,4949,Bank Transfer,2026-01-25 10:01:08,1603.6
4950,4950,Bank Transfer,2026-08-01 09:39:04,907.78
4951,4951,Credit Card,2026-07-03 10:26:30,1333.65
4952,4952,Cash,2026-02-10 05:19:36,1907.81
4953,4953,Credit Card,2024-10-11 16:45:43,3603.37
4954,4954,Bank Transfer,2024-09-05 12:15:44,682.77
4955,4955,Bank Transfer,2025-08-29 22:57:20,3124.88
4956,4956,PayPal,2026-05-31 03:58:29,907.4
4957,4957,Bank Transfer,2025-12-08 09:43:26,398.28
4958,4958,PayPal,2024-10-31 17:38:17,5173.6
4959,4959,Credit Card,2025-09-25 14:23:58,454.05
4960,4960,Credit Card,2026-01-16 23:33:34,3512.3
4961,4961,Bank Transfer,2025-06-11 08:52:29,3361.12
4962,4962,Credit Card,2026-05-31 00:18:22,3047.63
4963,4963,Credit Card,2025-09-02 00:12:42,2461.08
4964,4964,Bank Transfer,2025-12-13 06:00:39,922.08
4965,4965,Bank Transfer,2026-02-28 06:14:11,1971.8
4966,4966,Bank Transfer,2025-01-26 21:55:36,566.41
4967,4967,PayPal,2025-01-21 18:41:05,2977.08
4968,4968,Bank Transfer,2025-07-04 02:26:08,2341.94
4969,4969,Bank Transfer,2025-01-11 02:13:02,1630.02
4970,4970,Credit Card,2025-10-17 05:58:36,2469.94
4971,4971,Cash,2025-12-01 13:06:12,337.3
4972,4972,Credit Card,2026-04-15 10:16:29,983.52
4973,4973,Credit Card,2025-12-10 07:45:24,2218.98
4974,4974,Bank Transfer,2025-03-12 05:39:29,1681.39
4975,4975,Credit Card,2026-03-31 05:51:53,1956.04
4976,4976,Cash,2025-11-23 22:49:47,141.96
4977,4977,PayPal,2025-08-06 11:18:21,533.14
4978,4978,Credit Card,2025-02-25 18:59:08,4324.36
4979,4979,Credit Card,2025-02-16 13:43:37,1501.32
4980,4980,Bank Transfer,2025-03-10 21:16:49,2877.2
4981,4981,PayPal,2025-12-03 09:26:27,246.8
4982,4982,Credit Card,2026-05-10 10:15:11,58.51
4983,4983,Cash,2024-11-19 10:32:30,1408.24
4984,4984,Cash,2026-05-27 04:58:05,3310.41
4985,4985,Bank Transfer,2025-02-15 20:50:39,955.12
4986,4986,Bank Transfer,2026-05-26 00:18:06,1767.27
4987,4987,PayPal,2024-10-25 05:43:28,997.36
4988,4988,Cash,2025-10-18 10:27:45,2321.6
4989,4989,Bank Transfer,2025-04-07 05:50:25,3712.66
4990,4990,PayPal,2026-05-17 12:18:39,3283.47
4991,4991,PayPal,2024-08-08 10:36:15,1606.06
4992,4992,PayPal,2025-02-18 12:09:06,707.4
4993,4993,Cash,2025-10-22 08:43:21,3542.28
4994,4994,Cash,2026-06-18 16:48:11,1162.96
4995,4995,Credit Card,2025-01-26 09:19:34,766.11
4996,4996,Cash,2025-11-01 12:10:01,3665.37
4997,4997,PayPal,2026-06-20 16:05:14,762.27
4998,4998,Bank Transfer,2025-08-27 15:23:54,2154.85
4999,4999,PayPal,2025-05-08 09:17:32,505.68
5000,5000,Bank Transfer,2025-03-23 17:23:18,2019.17
5001,5001,Bank Transfer,2026-05-13 23:13:31,2161.99
5002,5002,Cash,2025-11-01 12:34:17,1274.31
5003,5003,Bank Transfer,2026-06-06 15:25:02,376.4
5004,5004,Credit Card,2025-10-01 16:02:01,1834.04
5005,5005,PayPal,2026-04-22 00:38:55,2114.34
5006,5006,PayPal,2025-11-23 14:49:33,452.9
5007,5007,PayPal,2026-05-08 04:53:02,1941.27
5008,5008,Bank Transfer,2026-02-15 20:09:45,3370.84
5009,5009,Cash,2025-01-18 10:46:37,939.96
5010,5010,Bank Transfer,2026-02-21 22:32:40,674.24
5011,5011,Credit Card,2026-03-10 11:42:13,74.79
5012,5012,Credit Card,2025-12-05 17:35:54,4163.84
5013,5013,Credit Card,2026-06-02 12:19:53,296.5
5014,5014,Cash,2025-09-04 03:37:12,1509.85
5015,5015,Bank Transfer,2025-06-19 06:40:52,2581.62
5016,5016,Credit Card,2024-11-13 15:33:15,489.1
5017,5017,Credit Card,2024-12-07 01:05:25,2573.26
5018,5018,Cash,2025-12-24 11:56:56,536.25
5019,5019,Cash,2024-09-16 13:31:51,1085.68
5020,5020,Credit Card,2024-11-08 12:44:52,1386.52
5021,5021,Cash,2024-12-09 05:00:08,4487.25
5022,5022,Cash,2025-01-24 23:54:55,2715.69
5023,5023,PayPal,2026-01-12 17:15:06,652.74
5024,5024,Bank Transfer,2025-10-06 08:17:56,4370.55
5025,5025,Cash,2024-11-07 22:48:38,2269.91
5026,5026,Cash,2025-02-22 10:26:09,2736.07
5027,5027,Cash,2025-02-27 09:03:28,1802.37
5028,5028,Cash,2025-04-26 08:21:19,473.32
5029,5029,Bank Transfer,2026-07-15 22:32:47,6156.74
5030,5030,Cash,2026-01-27 08:27:41,2130.22
5031,5031,PayPal,2025-08-18 11:34:43,3792.27
5032,5032,Bank Transfer,2026-06-01 02:03:47,2692.84
5033,5033,Credit Card,2026-04-26 15:07:53,2090.1
5034,5034,Credit Card,2025-02-20 09:32:16,958.6
5035,5035,Cash,2025-09-12 14:27:38,483.45
5036,5036,Credit Card,2026-02-18 18:38:33,749.04
5037,5037,Cash,2025-11-23 03:58:48,4502.85
5038,5038,Cash,2026-02-02 17:24:04,662.26
5039,5039,Bank Transfer,2025-10-02 18:17:14,4731.8
5040,5040,Cash,2025-03-04 22:39:50,380.18
5041,5041,PayPal,2025-01-23 00:58:46,1720.82
5042,5042,Bank Transfer,2024-11-27 04:42:54,637.95
5043,5043,PayPal,2025-11-18 12:23:53,3103.89
5044,5044,Cash,2025-07-02 18:01:05,2259.58
5045,5045,Bank Transfer,2025-06-28 22:46:33,770.36
5046,5046,PayPal,2025-09-07 09:17:56,1636.84
5047,5047,PayPal,2024-10-22 06:26:11,649.34
5048,5048,Credit Card,2025-11-06 00:56:29,829.88
5049,5049,PayPal,2025-03-29 19:16:19,1014.34
5050,5050,Bank Transfer,2025-03-13 22:08:51,2882.79
5051,5051,Cash,2025-01-09 22:49:22,2234.76
5052,5052,Credit Card,2025-07-17 19:30:44,1569.53
5053,5053,PayPal,2026-01-10 03:31:04,2295.01
5054,5054,Credit Card,2025-01-18 17:11:32,1285.38
5055,5055,Bank Transfer,2025-07-09 16:18:36,1836.37
5056,5056,Bank Transfer,2025-02-19 05:20:54,3062.6
5057,5057,PayPal,2025-07-14 01:07:32,3730.25
5058,5058,Credit Card,2025-08-20 02:05:15,2889.64
5059,5059,Cash,2025-03-19 11:41:44,2276.73
5060,5060,Credit Card,2025-12-30 06:40:33,3591.87
5061,5061,Bank Transfer,2025-04-09 16:24:20,1317.88
5062,5062,Credit Card,2026-05-21 12:46:46,55.36
5063,5063,PayPal,2024-10-16 08:54:00,1302.27
5064,5064,Credit Card,2026-03-05 01:42:58,3084.82
5065,5065,Credit Card,2025-05-09 16:48:37,2921.06
5066,5066,Cash,2025-02-20 01:04:25,2247.22
5067,5067,Cash,2024-08-31 21:55:48,2093.2
5068,5068,Credit Card,2024-11-09 21:00:40,1919.25
5069,5069,PayPal,2026-08-04 22:30:19,2568.95
5070,5070,Credit Card,2026-02-23 21:32:52,4057.86
5071,5071,Credit Card,2026-01-25 07:09:13,1556.18
5072,5072,Bank Transfer,2026-03-19 13:44:14,430.9
5073,5073,PayPal,2025-09-08 17:26:35,1691.46
5074,5074,PayPal,2025-01-04 16:53:55,1455.33
5075,5075,Bank Transfer,2024-10-15 13:34:33,2212.46
5076,5076,Bank Transfer,2024-10-02 20:21:51,4639.55
5077,5077,Cash,2025-12-12 00:31:46,1225.36
5078,5078,Cash,2025-06-27 16:26:35,790.87
5079,5079,PayPal,2025-08-11 05:10:57,2906.78
5080,5080,Credit Card,2026-07-06 14:08:28,1565.28
5081,5081,Bank Transfer,2025-12-27 14:43:47,2803.0
5082,5082,Bank Transfer,2025-09-08 17:49:45,2735.64
5083,5083,Cash,2025-05-27 13:15:36,1406.67
5084,5084,Cash,2024-09-28 12:37:25,1946.19
5085,5085,Credit Card,2024-08-21 19:40:11,1463.89
5086,5086,Cash,2025-09-13 06:57:18,548.32
5087,5087,Credit Card,2024-12-21 03:53:32,1423.83
5088,5088,Cash,2025-01-13 03:56:52,719.71
5089,5089,Bank Transfer,2025-07-18 03:03:35,744.03
5090,5090,Credit Card,2024-12-01 01:32:46,2236.34
5091,5091,Credit Card,2026-01-24 16:00:51,531.92
5092,5092,Bank Transfer,2024-09-21 22:59:34,981.91
5093,5093,Bank Transfer,2026-05-20 17:20:20,1034.51
5094,5094,Bank Transfer,2025-01-19 14:48:16,2573.65
5095,5095,PayPal,2026-07-02 04:18:06,2623.29
5096,5096,Bank Transfer,2024-11-23 18:08:38,1172.38
5097,5097,Cash,2025-03-21 02:36:09,1085.16
5098,5098,Bank Transfer,2025-07-24 18:10:59,3038.44
5099,5099,Credit Card,2025-09-22 23:33:05,1648.63
5100,5100,Credit Card,2025-09-25 13:41:07,480.69
5101,5101,PayPal,2025-06-02 03:04:30,3931.6
5102,5102,Credit Card,2025-09-10 05:37:00,3296.76
5103,5103,Credit Card,2026-03-14 01:19:29,1746.34
5104,5104,Bank Transfer,2025-08-04 15:54:29,1899.72
5105,5105,Cash,2024-10-14 04:54:34,1217.56
5106,5106,Credit Card,2024-11-22 08:22:43,2136.59
5107,5107,PayPal,2024-12-14 03:00:59,2190.62
5108,5108,PayPal,2025-06-25 19:27:36,272.72
5109,5109,Bank Transfer,2024-10-11 21:03:34,391.3
5110,5110,PayPal,2026-03-23 03:14:56,932.81
5111,5111,Cash,2025-09-29 04:20:25,50.69
5112,5112,PayPal,2026-04-17 06:53:00,1204.73
5113,5113,PayPal,2024-09-16 14:17:31,446.33
5114,5114,Cash,2026-06-15 08:12:48,2851.18
5115,5115,Credit Card,2025-03-10 07:50:04,64.72
5116,5116,PayPal,2025-01-24 06:59:24,1642.81
5117,5117,Credit Card,2025-08-24 01:08:01,2574.58
5118,5118,Cash,2024-10-04 12:53:48,2804.13
5119,5119,Cash,2026-02-04 20:08:47,2434.88
5120,5120,PayPal,2024-11-04 16:44:22,1474.58
5121,5121,PayPal,2026-05-26 23:55:37,2679.13
5122,5122,Bank Transfer,2026-05-15 12:39:18,3278.44
5123,5123,Cash,2024-10-30 16:50:34,1912.04
5124,5124,Cash,2025-07-22 18:56:07,633.41
5125,5125,PayPal,2025-06-07 05:53:00,870.66
5126,5126,Cash,2024-08-27 10:12:39,513.72
5127,5127,PayPal,2025-09-02 12:33:32,1996.74
5128,5128,Cash,2026-04-23 00:12:29,1595.22
5129,5129,Credit Card,2025-02-03 22:02:53,2068.24
5130,5130,Cash,2025-12-27 00:23:06,404.53
5131,5131,PayPal,2024-12-09 01:13:29,1264.8
5132,5132,PayPal,2026-07-26 14:40:00,1103.82
5133,5133,PayPal,2024-12-17 05:59:23,2592.1
5134,5134,Credit Card,2025-08-13 16:41:21,1595.28
5135,5135,Cash,2025-09-14 06:01:39,2188.95
5136,5136,Cash,2026-06-05 20:06:11,2555.38
5137,5137,Cash,2026-06-24 06:30:41,841.35
5138,5138,Credit Card,2025-06-25 17:34:06,1118.75
5139,5139,Credit Card,2026-06-11 22:51:08,2140.42
5140,5140,Credit Card,2025-04-20 14:11:31,1654.3
5141,5141,Credit Card,2024-09-26 14:07:29,1625.82
5142,5142,Credit Card,2025-02-22 23:54:57,2093.45
5143,5143,PayPal,2024-08-13 18:04:24,4600.94
5144,5144,Bank Transfer,2025-03-27 20:52:02,3429.26
5145,5145,PayPal,2026-05-01 09:50:57,2762.91
5146,5146,Credit Card,2025-08-22 12:50:43,1501.32
5147,5147,Bank Transfer,2025-11-21 11:12:18,2685.01
5148,5148,PayPal,2026-04-17 09:59:44,1038.01
5149,5149,Bank Transfer,2025-03-28 04:58:08,1155.0
5150,5150,Credit Card,2024-09-01 22:55:15,118.91
5151,5151,PayPal,2026-02-08 16:19:44,2001.8
5152,5152,Cash,2024-10-29 14:24:38,1696.22
5153,5153,Credit Card,2024-08-17 08:33:51,3070.44
5154,5154,Bank Transfer,2025-05-14 17:17:32,1291.9
5155,5155,PayPal,2025-12-21 05:17:39,757.44
5156,5156,Bank Transfer,2024-08-25 01:28:46,3648.04
5157,5157,Credit Card,2025-01-14 10:27:45,1197.39
5158,5158,Cash,2024-11-27 08:07:58,3344.59
5159,5159,Bank Transfer,2025-04-21 13:59:49,2390.92
5160,5160,Bank Transfer,2024-10-03 02:24:23,567.84
5161,5161,Cash,2025-05-05 11:54:39,1152.96
5162,5162,PayPal,2025-10-08 03:06:34,651.06
5163,5163,PayPal,2024-10-30 08:33:13,1206.92
5164,5164,Cash,2025-10-20 13:52:28,110.37
5165,5165,Credit Card,2025-05-30 04:53:28,2257.88
5166,5166,Cash,2024-11-23 10:08:32,2592.51
5167,5167,PayPal,2025-08-16 15:10:54,280.09
5168,5168,Cash,2025-08-03 11:07:07,667.16
5169,5169,Credit Card,2025-05-08 12:08:04,1964.74
5170,5170,Credit Card,2025-08-18 08:54:14,2877.87
5171,5171,Credit Card,2024-10-09 14:50:16,3193.71
5172,5172,Cash,2025-10-08 01:36:20,951.63
5173,5173,Credit Card,2026-03-04 06:33:11,345.9
5174,5174,Cash,2026-06-08 04:18:00,2537.98
5175,5175,PayPal,2025-07-16 18:17:17,395.47
5176,5176,Bank Transfer,2024-12-18 18:17:56,1130.58
5177,5177,Cash,2025-10-23 02:50:30,1191.03
5178,5178,Cash,2025-02-21 17:14:54,3355.95
5179,5179,Credit Card,2025-01-14 22:44:03,3198.65
5180,5180,Bank Transfer,2026-07-22 02:09:58,1290.98
5181,5181,Bank Transfer,2025-07-20 21:16:25,1055.82
5182,5182,Bank Transfer,2025-07-11 21:14:08,51.23
5183,5183,Cash,2026-04-26 12:57:27,3611.0
5184,5184,Cash,2024-10-18 03:36:09,341.18
5185,5185,Cash,2025-07-17 01:18:47,80.73
5186,5186,Credit Card,2025-11-27 21:23:53,1815.48
5187,5187,Credit Card,2026-05-22 03:08:10,107.44
5188,5188,Bank Transfer,2025-01-31 06:38:25,1227.04
5189,5189,Credit Card,2025-03-21 16:01:36,865.7
5190,5190,Bank Transfer,2026-07-27 12:10:28,3710.47
5191,5191,PayPal,2025-09-08 03:42:37,3126.68
5192,5192,Cash,2026-03-30 21:08:08,1888.49
5193,5193,Bank Transfer,2025-11-13 01:04:51,120.16
5194,5194,PayPal,2025-09-23 13:24:44,2753.57
5195,5195,Cash,2025-01-16 04:53:30,730.05
5196,5196,Bank Transfer,2025-10-02 18:37:27,3543.03
5197,5197,Credit Card,2024-12-03 10:27:55,1454.76
5198,5198,Bank Transfer,2026-05-25 05:30:50,1299.62
5199,5199,PayPal,2026-03-16 18:38:26,486.18
5200,5200,Cash,2024-10-22 11:34:43,10.56
5201,5201,Bank Transfer,2025-02-24 15:59:50,1477.74
5202,5202,Credit Card,2026-03-05 01:35:51,3240.42
5203,5203,Bank Transfer,2025-11-14 04:28:09,2121.8
5204,5204,Bank Transfer,2024-09-16 04:36:02,3794.35
5205,5205,Credit Card,2026-01-03 09:22:06,747.54
5206,5206,Bank Transfer,2025-04-17 07:19:24,1320.78
5207,5207,PayPal,2025-05-28 22:17:11,1170.28
5208,5208,PayPal,2024-10-06 23:19:08,1026.77
5209,5209,Credit Card,2025-07-28 09:43:20,2118.77
5210,5210,Credit Card,2025-08-05 16:21:19,562.8
5211,5211,PayPal,2024-10-19 09:41:25,1537.32
5212,5212,Credit Card,2025-11-10 01:32:07,3555.94
5213,5213,Cash,2025-02-26 08:16:28,1931.13
5214,5214,PayPal,2026-05-26 13:39:19,3518.13
5215,5215,Credit Card,2024-08-06 14:22:53,2436.48
5216,5216,PayPal,2024-11-03 21:48:57,2825.48
5217,5217,Credit Card,2025-11-04 07:22:14,3810.41
5218,5218,PayPal,2025-12-26 16:47:10,893.46
5219,5219,Credit Card,2025-02-15 14:33:44,4216.27
5220,5220,Cash,2025-08-07 22:35:07,2307.66
5221,5221,PayPal,2025-12-01 11:12:24,908.24
5222,5222,Credit Card,2025-12-17 03:21:28,5051.75
5223,5223,Cash,2026-04-14 14:06:47,2284.73
5224,5224,PayPal,2025-11-06 09:13:33,892.66
5225,5225,PayPal,2024-12-09 10:33:42,2641.43
5226,5226,Credit Card,2026-04-16 17:52:35,1972.43
5227,5227,PayPal,2024-12-02 22:18:35,3042.87
5228,5228,Cash,2026-03-27 11:15:39,1803.36
5229,5229,Bank Transfer,2025-04-15 00:49:57,257.84
5230,5230,Bank Transfer,2026-06-07 13:23:06,213.85
5231,5231,Cash,2026-06-16 07:31:00,64.72
5232,5232,Cash,2025-06-29 05:47:34,999.7
5233,5233,PayPal,2025-06-11 20:02:45,2130.0
5234,5234,PayPal,2026-01-22 00:36:41,416.86
5235,5235,Credit Card,2025-07-02 14:36:21,1429.46
5236,5236,Bank Transfer,2025-02-02 08:18:59,2967.74
5237,5237,Credit Card,2025-10-17 06:59:05,1739.72
5238,5238,Cash,2026-05-02 23:33:43,223.68
5239,5239,Credit Card,2025-01-06 11:07:43,1725.0
5240,5240,Cash,2025-06-25 10:16:43,346.84
5241,5241,Credit Card,2024-08-10 07:53:17,2871.31
5242,5242,Cash,2025-11-16 23:41:17,593.7
5243,5243,PayPal,2026-05-29 07:30:35,1894.76
5244,5244,PayPal,2024-09-22 23:18:29,4025.53
5245,5245,PayPal,2025-07-03 03:33:20,1136.76
5246,5246,PayPal,2025-01-27 19:32:02,1281.35
5247,5247,Bank Transfer,2026-01-21 10:29:30,850.58
5248,5248,PayPal,2024-10-29 21:53:54,4355.92
5249,5249,Cash,2026-02-03 15:58:40,2454.11
5250,5250,Cash,2026-03-29 19:40:04,845.12
5251,5251,Bank Transfer,2026-07-07 02:53:40,2230.73
5252,5252,Bank Transfer,2025-10-28 17:48:43,1797.51
5253,5253,Credit Card,2024-12-11 08:19:18,1599.06
5254,5254,Credit Card,2025-03-08 07:35:15,1324.52
5255,5255,PayPal,2025-07-05 03:33:39,3405.23
5256,5256,Credit Card,2024-10-30 18:51:14,746.75
5257,5257,Credit Card,2026-04-06 17:13:49,3850.69
5258,5258,Credit Card,2025-09-14 01:18:29,947.38
5259,5259,PayPal,2025-04-01 02:16:38,2212.34
5260,5260,Bank Transfer,2025-07-31 10:15:11,2162.89
5261,5261,Cash,2024-12-30 07:34:32,3940.65
5262,5262,PayPal,2025-08-14 11:27:29,2493.86
5263,5263,Credit Card,2025-04-09 23:49:30,114.12
5264,5264,Credit Card,2025-10-03 19:47:19,1551.37
5265,5265,Cash,2026-03-13 10:03:17,742.36
5266,5266,PayPal,2024-11-11 14:37:15,2880.65
5267,5267,PayPal,2024-10-20 04:41:53,1081.72
5268,5268,PayPal,2025-03-30 11:07:00,938.42
5269,5269,Cash,2024-08-23 07:36:23,1897.9
5270,5270,Credit Card,2025-10-13 20:00:09,170.88
5271,5271,PayPal,2024-09-30 00:48:08,3832.11
5272,5272,Credit Card,2025-06-04 09:19:31,512.32
5273,5273,Cash,2025-03-03 06:25:53,957.64
5274,5274,Bank Transfer,2024-10-26 03:58:54,2495.14
5275,5275,PayPal,2024-11-14 13:46:07,2258.39
5276,5276,Credit Card,2026-03-03 21:57:25,2070.95
5277,5277,Bank Transfer,2026-01-19 15:31:33,1313.51
5278,5278,Cash,2025-07-19 01:14:18,581.36
5279,5279,Cash,2026-05-27 14:06:21,512.87
5280,5280,Bank Transfer,2025-03-17 11:02:36,1553.06
5281,5281,Cash,2026-01-26 12:49:48,14.67
5282,5282,Cash,2026-02-21 09:51:17,320.46
5283,5283,Cash,2026-02-20 21:45:16,1527.89
5284,5284,PayPal,2025-04-06 13:54:38,2181.69
5285,5285,Cash,2026-04-19 16:11:39,2318.42
5286,5286,Cash,2025-03-05 09:11:26,2165.58
5287,5287,Credit Card,2026-08-05 08:46:27,1897.99
5288,5288,PayPal,2025-05-25 04:19:51,3993.09
5289,5289,Bank Transfer,2025-03-01 20:15:56,571.68
5290,5290,Cash,2025-12-09 21:57:10,1229.59
5291,5291,Bank Transfer,2024-12-03 10:18:05,229.59
5292,5292,PayPal,2025-10-06 10:19:03,824.07
5293,5293,PayPal,2025-11-05 11:50:28,3414.15
5294,5294,Credit Card,2025-01-12 05:24:24,618.51
5295,5295,Bank Transfer,2024-09-22 17:19:46,2009.72
5296,5296,PayPal,2024-12-07 08:13:58,2950.7
5297,5297,PayPal,2024-10-06 16:18:02,442.14
5298,5298,Bank Transfer,2026-06-24 14:38:19,3314.17
5299,5299,Cash,2025-06-17 07:19:13,741.06
5300,5300,PayPal,2026-01-11 22:25:18,720.74
5301,5301,Cash,2024-11-19 00:20:57,3877.09
5302,5302,Credit Card,2026-05-30 03:01:23,685.24
5303,5303,PayPal,2026-06-24 06:21:45,1809.39
5304,5304,Cash,2026-02-28 22:13:15,695.06
5305,5305,Cash,2026-06-25 19:41:05,3423.04
5306,5306,Cash,2025-02-05 22:21:36,1290.32
5307,5307,Cash,2026-06-27 17:24:15,1687.75
5308,5308,PayPal,2025-09-01 11:55:54,1334.71
5309,5309,PayPal,2025-02-09 21:39:22,1327.43
5310,5310,Credit Card,2026-02-16 17:32:39,2453.51
5311,5311,Credit Card,2025-04-07 15:11:44,520.26
5312,5312,Credit Card,2024-11-22 08:33:43,2137.07
5313,5313,PayPal,2025-05-18 02:39:27,1162.36
5314,5314,Bank Transfer,2025-04-05 13:31:44,3776.61
5315,5315,PayPal,2026-07-29 10:47:51,321.04
5316,5316,Cash,2025-08-14 13:58:17,1899.52
5317,5317,Credit Card,2025-01-11 20:08:38,329.75
5318,5318,PayPal,2026-05-16 23:52:13,2041.94
5319,5319,Bank Transfer,2024-12-26 05:10:02,813.39
5320,5320,PayPal,2026-02-21 22:25:24,72.56
5321,5321,Credit Card,2026-02-24 06:00:08,2830.65
5322,5322,Cash,2024-10-14 21:03:16,1284.2
5323,5323,Credit Card,2025-02-01 07:09:57,1522.38
5324,5324,Bank Transfer,2025-09-05 22:50:09,2132.02
5325,5325,Credit Card,2026-07-21 14:53:25,1117.62
5326,5326,PayPal,2024-11-03 23:48:24,3279.53
5327,5327,Cash,2025-06-22 04:41:13,1409.31
5328,5328,Bank Transfer,2025-01-12 19:57:29,1299.0
5329,5329,PayPal,2024-10-10 16:40:02,2708.72
5330,5330,Credit Card,2026-07-14 22:52:07,2011.68
5331,5331,Credit Card,2025-08-17 22:29:58,1725.48
5332,5332,Cash,2024-09-02 05:54:06,3082.92
5333,5333,Cash,2026-01-07 11:30:31,139.56
5334,5334,PayPal,2025-11-15 09:29:14,764.78
5335,5335,PayPal,2026-01-28 13:23:35,1374.32
5336,5336,PayPal,2025-12-10 06:34:34,939.01
5337,5337,Credit Card,2026-07-27 06:59:44,1501.32
5338,5338,Credit Card,2026-03-23 10:14:29,5419.38
5339,5339,PayPal,2025-02-20 17:14:30,1606.24
5340,5340,Cash,2026-07-17 06:16:58,2056.15
5341,5341,PayPal,2026-02-16 08:53:24,2276.25
5342,5342,Credit Card,2025-10-05 12:37:07,4697.59
5343,5343,Cash,2025-01-13 15:51:46,740.92
5344,5344,Credit Card,2026-04-16 19:05:44,1686.5
5345,5345,Bank Transfer,2025-04-21 21:28:52,1985.5
5346,5346,Cash,2025-12-21 08:52:51,3369.23
5347,5347,Bank Transfer,2025-12-14 01:02:33,476.26
5348,5348,Cash,2025-03-01 17:04:10,1246.91
5349,5349,PayPal,2025-07-06 08:26:14,201.2
5350,5350,Credit Card,2026-04-04 22:12:14,1833.34
5351,5351,PayPal,2025-08-30 12:22:53,4091.62
5352,5352,Bank Transfer,2026-06-24 10:32:08,1555.4
5353,5353,Bank Transfer,2025-03-21 18:48:27,1329.8
5354,5354,Credit Card,2024-12-05 08:33:36,168.92
5355,5355,Bank Transfer,2026-06-09 05:46:45,873.35
5356,5356,Credit Card,2026-04-01 23:56:58,1705.56
5357,5357,Credit Card,2025-10-11 13:07:27,1318.55
5358,5358,Credit Card,2024-10-08 00:33:41,3331.57
5359,5359,PayPal,2024-12-05 08:27:00,3329.8
5360,5360,Cash,2025-11-04 00:19:39,898.14
5361,5361,Bank Transfer,2026-01-29 13:07:38,229.59
5362,5362,Bank Transfer,2026-06-25 22:48:42,289.14
5363,5363,PayPal,2025-10-20 15:33:35,1326.4
5364,5364,Credit Card,2026-02-12 07:24:11,637.7
5365,5365,PayPal,2024-11-19 16:46:41,1702.48
5366,5366,Bank Transfer,2025-05-08 14:15:41,1118.69
5367,5367,Credit Card,2025-03-10 14:03:11,249.68
5368,5368,Credit Card,2026-03-22 08:51:39,1833.98
5369,5369,Credit Card,2025-08-30 11:02:42,2072.94
5370,5370,PayPal,2025-10-14 16:21:45,2290.46
5371,5371,Credit Card,2025-03-17 20:28:00,2135.0
5372,5372,Bank Transfer,2025-08-03 08:49:37,251.34
5373,5373,Credit Card,2025-02-09 01:45:16,4093.44
5374,5374,PayPal,2026-01-22 18:37:52,1114.75
5375,5375,Bank Transfer,2024-12-29 20:20:47,3337.57
5376,5376,Cash,2025-07-31 19:05:31,3564.84
5377,5377,PayPal,2026-04-15 19:44:03,953.96
5378,5378,Cash,2026-05-22 10:03:13,1169.21
5379,5379,Bank Transfer,2025-09-08 00:25:18,2111.81
5380,5380,PayPal,2025-06-03 10:18:12,813.44
5381,5381,Cash,2025-09-14 18:54:54,1693.02
5382,5382,Credit Card,2025-11-02 02:15:25,2874.5
5383,5383,Credit Card,2026-07-26 17:13:11,826.14
5384,5384,PayPal,2025-08-17 14:27:39,1505.96
5385,5385,PayPal,2026-05-24 02:13:32,1318.72
5386,5386,Credit Card,2025-01-11 07:12:05,296.5
5387,5387,Credit Card,2026-04-14 22:57:29,1211.64
5388,5388,PayPal,2025-11-15 03:17:41,2324.2
5389,5389,Credit Card,2025-11-25 12:17:03,3722.93
5390,5390,Bank Transfer,2025-04-06 10:01:21,1386.06
5391,5391,Credit Card,2025-08-20 00:11:17,3455.45
5392,5392,Credit Card,2025-03-31 01:02:39,1424.65
5393,5393,Cash,2024-11-02 01:40:59,1875.95
5394,5394,Credit Card,2026-08-04 02:42:53,976.59
5395,5395,Cash,2025-03-04 00:04:18,2016.46
5396,5396,PayPal,2025-04-28 16:01:23,3483.54
5397,5397,Bank Transfer,2025-07-21 00:29:14,1269.59
5398,5398,Cash,2026-01-14 05:56:13,2716.02
5399,5399,Credit Card,2026-05-12 22:40:36,2812.52
5400,5400,PayPal,2025-09-07 22:21:24,667.16
5401,5401,Bank Transfer,2024-08-12 09:38:06,1113.2
5402,5402,PayPal,2026-03-27 13:03:01,4457.56
5403,5403,Cash,2025-02-18 18:49:17,2405.76
5404,5404,Cash,2024-09-11 02:07:43,739.47
5405,5405,Bank Transfer,2025-02-12 06:26:24,2092.32
5406,5406,Cash,2026-06-10 19:27:25,2062.47
5407,5407,PayPal,2025-05-08 06:06:42,1444.96
5408,5408,PayPal,2025-02-25 05:37:30,1571.06
5409,5409,Cash,2024-12-04 15:34:23,2504.48
5410,5410,Bank Transfer,2025-12-03 15:35:55,4437.33
5411,5411,Credit Card,2025-04-12 21:19:21,1466.06
5412,5412,Bank Transfer,2025-07-21 21:33:08,1279.8
5413,5413,PayPal,2024-10-07 16:36:40,855.4
5414,5414,Credit Card,2024-09-25 11:56:24,192.59
5415,5415,Cash,2025-06-12 08:19:51,1359.36
5416,5416,Bank Transfer,2025-04-07 16:42:30,1365.44
5417,5417,Bank Transfer,2025-06-18 09:33:26,3855.59
5418,5418,Bank Transfer,2026-06-05 13:32:36,3125.77
5419,5419,Bank Transfer,2024-10-10 12:51:21,139.56
5420,5420,Bank Transfer,2026-07-08 23:51:13,252.57
5421,5421,PayPal,2026-07-26 05:25:45,380.18
5422,5422,Credit Card,2025-01-10 07:08:54,4831.98
5423,5423,PayPal,2025-09-05 04:40:54,2816.73
5424,5424,PayPal,2026-04-05 01:16:17,336.96
5425,5425,Credit Card,2026-01-13 08:25:04,263.26
5426,5426,Credit Card,2025-01-30 12:00:59,311.17
5427,5427,Cash,2025-09-22 09:10:04,2851.6
5428,5428,PayPal,2025-08-04 00:07:55,1902.84
5429,5429,Cash,2025-03-29 04:02:08,1418.69
5430,5430,Cash,2025-08-06 02:23:12,2125.58
5431,5431,PayPal,2026-06-08 10:04:29,890.14
5432,5432,Credit Card,2026-02-26 15:21:08,2805.48
5433,5433,PayPal,2025-12-04 15:30:57,683.22
5434,5434,Bank Transfer,2025-01-10 09:41:46,2457.86
5435,5435,Cash,2026-02-08 20:10:27,2561.45
5436,5436,Credit Card,2026-02-25 19:47:34,2749.8
5437,5437,Bank Transfer,2025-04-26 13:58:07,1289.47
5438,5438,Credit Card,2025-12-04 11:00:47,252.57
5439,5439,PayPal,2025-02-24 18:59:39,282.15
5440,5440,Bank Transfer,2026-06-10 01:40:18,1226.48
5441,5441,PayPal,2026-07-06 20:08:17,1494.7
5442,5442,PayPal,2026-04-18 13:34:45,227.78
5443,5443,PayPal,2026-02-21 02:14:17,123.43
5444,5444,Cash,2025-05-23 07:25:54,3750.44
5445,5445,Credit Card,2024-10-02 15:37:31,187.56
5446,5446,Bank Transfer,2026-01-26 04:04:52,1276.86
5447,5447,Credit Card,2024-11-14 16:35:31,3194.48
5448,5448,PayPal,2025-02-15 16:19:56,2028.08
5449,5449,Credit Card,2025-02-26 18:11:28,3923.58
5450,5450,Credit Card,2025-12-14 09:33:20,3002.83
5451,5451,Cash,2025-05-10 23:59:20,2083.8
5452,5452,Credit Card,2024-08-27 19:43:33,783.02
5453,5453,Bank Transfer,2025-04-30 21:53:15,5384.82
5454,5454,PayPal,2024-08-19 04:54:43,2138.42
5455,5455,Bank Transfer,2026-03-23 00:07:17,151.35
5456,5456,PayPal,2025-07-21 10:37:08,1017.14
5457,5457,Cash,2025-07-04 13:30:09,3175.18
5458,5458,Credit Card,2025-02-26 10:06:30,1739.76
5459,5459,PayPal,2025-07-10 13:25:12,913.17
5460,5460,Credit Card,2026-04-09 13:08:34,3085.27
5461,5461,PayPal,2026-03-17 13:31:26,2516.21
5462,5462,Bank Transfer,2026-06-01 23:24:35,878.36
5463,5463,Cash,2026-01-11 15:41:49,405.67
5464,5464,PayPal,2024-09-14 09:20:34,146.2
5465,5465,Cash,2026-07-11 05:15:09,821.67
5466,5466,Cash,2026-02-16 01:46:40,1048.69
5467,5467,PayPal,2025-09-07 00:59:45,414.08
5468,5468,Cash,2025-03-18 21:31:00,1257.07
5469,5469,PayPal,2025-07-12 00:22:48,356.73
5470,5470,Cash,2025-09-07 22:15:14,927.42
5471,5471,Credit Card,2026-03-16 15:47:57,36.7
5472,5472,PayPal,2024-10-20 22:15:49,1745.88
5473,5473,Credit Card,2025-06-04 05:22:32,3838.56
5474,5474,Bank Transfer,2025-11-14 14:04:24,2379.62
5475,5475,Credit Card,2025-09-13 06:17:10,2999.86
5476,5476,Credit Card,2025-02-20 03:03:23,3612.59
5477,5477,PayPal,2024-08-28 13:45:24,1140.32
5478,5478,PayPal,2025-05-17 12:31:15,1044.45
5479,5479,Cash,2025-10-06 11:44:50,370.61
5480,5480,PayPal,2024-10-19 15:51:49,1238.66
5481,5481,Credit Card,2025-06-28 16:44:08,1056.13
5482,5482,Credit Card,2026-04-12 14:19:47,1191.29
5483,5483,Bank Transfer,2026-01-04 09:34:12,2187.63
5484,5484,Bank Transfer,2024-11-07 00:39:15,577.08
5485,5485,PayPal,2024-12-05 22:04:02,448.82
5486,5486,Credit Card,2025-08-09 01:24:23,1200.96
5487,5487,Bank Transfer,2025-06-26 07:57:52,1860.18
5488,5488,Cash,2025-04-12 12:45:42,2911.09
5489,5489,Bank Transfer,2024-11-08 02:49:13,1727.72
5490,5490,Cash,2024-09-25 13:09:24,2505.44
5491,5491,Credit Card,2025-08-04 06:37:42,2237.13
5492,5492,Cash,2026-04-21 08:04:54,1698.57
5493,5493,Cash,2024-09-17 10:11:47,1774.74
5494,5494,Cash,2025-09-17 23:21:37,2859.74
5495,5495,PayPal,2025-03-25 18:58:38,2880.37
5496,5496,Credit Card,2025-05-31 02:29:32,1945.86
5497,5497,Bank Transfer,2024-11-11 20:25:16,881.55
5498,5498,Cash,2026-02-06 18:09:13,2506.11
5499,5499,PayPal,2025-05-30 18:14:25,1359.7
5500,5500,Credit Card,2025-04-02 02:33:10,1184.44
5501,5501,Bank Transfer,2025-03-02 04:29:14,1947.24
5502,5502,Credit Card,2024-09-11 09:26:22,777.12
5503,5503,Credit Card,2025-01-12 10:16:02,1874.56
5504,5504,PayPal,2025-05-26 15:11:59,2931.75
5505,5505,Bank Transfer,2025-04-21 19:37:29,4924.13
5506,5506,Cash,2024-12-31 17:38:33,3146.6
5507,5507,Credit Card,2025-11-06 01:40:01,1595.69
5508,5508,Cash,2025-08-16 05:20:36,1186.03
5509,5509,PayPal,2025-12-26 19:28:04,1180.38
5510,5510,Cash,2024-09-16 00:45:50,498.68
5511,5511,Bank Transfer,2026-02-17 09:24:26,436.16
5512,5512,Cash,2026-07-08 16:13:20,2099.36
5513,5513,Cash,2025-12-02 21:13:19,868.74
5514,5514,PayPal,2024-12-27 21:29:38,1083.72
5515,5515,Credit Card,2026-01-21 02:37:34,3671.42
5516,5516,Bank Transfer,2024-12-22 00:25:40,2390.07
5517,5517,Credit Card,2025-05-01 02:45:31,2420.42
5518,5518,Credit Card,2026-01-14 01:07:49,1650.65
5519,5519,PayPal,2026-02-25 00:54:18,2612.64
5520,5520,Cash,2026-07-16 00:14:01,2922.01
5521,5521,PayPal,2026-04-12 14:55:51,1175.4
5522,5522,Bank Transfer,2024-10-12 09:30:27,1927.35
5523,5523,PayPal,2025-10-24 20:45:54,1263.04
5524,5524,Credit Card,2026-06-07 03:20:31,2176.91
5525,5525,Credit Card,2026-06-24 19:09:16,983.25
5526,5526,Bank Transfer,2026-03-30 17:35:56,4023.82
5527,5527,Bank Transfer,2025-03-17 02:35:10,360.69
5528,5528,Credit Card,2024-11-25 02:22:15,1788.78
5529,5529,PayPal,2024-10-12 06:05:13,2300.92
5530,5530,Credit Card,2025-04-05 09:08:09,2953.42
5531,5531,Credit Card,2025-09-26 22:39:26,2055.43
5532,5532,PayPal,2025-02-08 21:12:17,1818.11
5533,5533,Bank Transfer,2025-04-21 18:44:53,268.16
5534,5534,Credit Card,2025-11-07 08:56:24,707.35
5535,5535,Bank Transfer,2025-07-11 06:45:49,2965.79
5536,5536,Credit Card,2025-09-27 21:39:48,530.83
5537,5537,Credit Card,2026-04-19 04:45:25,1227.49
5538,5538,Bank Transfer,2026-04-03 02:01:20,3462.43
5539,5539,PayPal,2024-09-02 12:21:40,1319.0
5540,5540,Credit Card,2025-06-01 18:00:52,878.36
5541,5541,Cash,2026-06-17 11:48:18,2509.19
5542,5542,Bank Transfer,2026-01-30 22:43:46,129.44
5543,5543,Credit Card,2025-02-28 21:09:58,2146.61
5544,5544,Credit Card,2025-12-07 02:03:15,759.36
5545,5545,Cash,2025-06-19 23:03:47,2103.67
5546,5546,Cash,2025-08-12 00:33:42,2158.06
5547,5547,Credit Card,2024-09-25 15:29:46,1545.95
5548,5548,Credit Card,2026-03-23 10:16:16,3050.31
5549,5549,PayPal,2024-12-22 01:24:07,333.58
5550,5550,Credit Card,2025-01-31 09:32:12,937.28
5551,5551,Cash,2025-09-09 02:45:30,1221.2
5552,5552,Bank Transfer,2026-05-31 15:43:57,1993.53
5553,5553,Credit Card,2026-04-13 07:29:49,2209.1
5554,5554,Bank Transfer,2026-03-22 16:35:10,934.74
5555,5555,Bank Transfer,2024-12-02 19:23:27,1756.52
5556,5556,Credit Card,2025-01-03 10:20:05,762.61
5557,5557,Credit Card,2024-10-05 12:29:46,1905.48
5558,5558,Cash,2026-04-05 02:32:48,737.57
5559,5559,Bank Transfer,2024-11-27 17:43:20,81.5
5560,5560,Bank Transfer,2024-12-07 21:48:20,2317.33
5561,5561,Credit Card,2026-02-13 00:44:36,2438.55
5562,5562,Cash,2025-08-17 11:12:16,3162.49
5563,5563,Credit Card,2025-02-26 05:52:46,2336.53
5564,5564,PayPal,2024-08-15 01:45:21,1018.44
5565,5565,Bank Transfer,2026-06-08 00:43:55,1898.86
5566,5566,Cash,2026-03-24 05:01:14,2898.87
5567,5567,Cash,2025-04-03 09:15:25,1012.45
5568,5568,PayPal,2026-03-12 15:01:35,943.0
5569,5569,PayPal,2026-03-03 05:19:39,1551.23
5570,5570,Cash,2024-12-15 07:36:00,725.2
5571,5571,Bank Transfer,2025-06-13 22:08:02,1736.5
5572,5572,Bank Transfer,2025-01-10 20:35:15,1546.8
5573,5573,Cash,2026-04-02 07:39:46,689.5
5574,5574,Bank Transfer,2025-07-08 19:58:30,692.99
5575,5575,Cash,2025-08-24 09:54:49,3284.56
5576,5576,Credit Card,2024-10-14 10:17:25,284.0
5577,5577,PayPal,2025-12-05 09:44:45,3088.96
5578,5578,Credit Card,2025-11-27 21:11:04,1465.39
5579,5579,Cash,2025-11-11 22:16:24,482.36
5580,5580,PayPal,2025-01-05 06:23:17,998.88
5581,5581,PayPal,2025-09-20 18:48:26,2264.45
5582,5582,PayPal,2024-12-11 19:49:01,2255.34
5583,5583,PayPal,2026-01-02 05:19:25,2182.9
5584,5584,PayPal,2026-03-24 16:31:42,202.76
5585,5585,Credit Card,2025-07-03 04:45:53,1572.64
5586,5586,Credit Card,2025-08-31 10:42:14,2104.81
5587,5587,Credit Card,2025-11-10 02:12:47,2610.38
5588,5588,Bank Transfer,2024-12-14 06:51:36,3475.32
5589,5589,Credit Card,2025-12-09 21:57:45,1611.3
5590,5590,PayPal,2025-12-30 07:02:33,1139.16
5591,5591,PayPal,2024-08-07 05:22:13,5964.36
5592,5592,Credit Card,2026-04-15 14:28:12,648.24
5593,5593,PayPal,2025-08-10 19:07:35,1597.01
5594,5594,Cash,2025-11-16 00:49:33,3778.06
5595,5595,Bank Transfer,2025-12-16 07:12:01,3388.91
5596,5596,PayPal,2024-11-28 07:58:11,876.6
5597,5597,Bank Transfer,2026-02-13 23:24:34,1164.91
5598,5598,PayPal,2024-11-11 16:10:20,561.38
5599,5599,Credit Card,2025-12-07 05:30:16,1003.23
5600,5600,Cash,2026-05-14 08:25:31,1835.53
5601,5601,PayPal,2024-11-24 20:44:44,1131.49
5602,5602,Credit Card,2024-08-10 21:34:38,569.58
5603,5603,Credit Card,2026-07-17 01:57:33,162.06
5604,5604,PayPal,2025-02-21 04:06:06,1448.05
5605,5605,PayPal,2025-12-07 12:19:36,125.86
5606,5606,Credit Card,2026-04-05 11:08:07,337.12
5607,5607,Bank Transfer,2025-12-10 23:35:26,350.19
5608,5608,Cash,2025-12-08 17:45:26,252.68
5609,5609,Bank Transfer,2024-09-29 23:27:47,2087.75
5610,5610,Cash,2025-11-03 05:57:57,2181.73
5611,5611,Bank Transfer,2024-09-06 19:33:44,2710.98
5612,5612,PayPal,2025-07-12 11:55:41,1236.17
5613,5613,PayPal,2025-11-24 06:37:54,2438.7
5614,5614,PayPal,2025-11-18 01:16:03,1498.19
5615,5615,Cash,2025-10-08 01:37:52,1244.22
5616,5616,Bank Transfer,2024-12-05 13:40:22,1587.56
5617,5617,PayPal,2025-10-25 16:21:07,797.86
5618,5618,Cash,2024-12-15 07:45:46,2383.89
5619,5619,Cash,2025-05-31 21:49:11,3026.81
5620,5620,Cash,2025-10-08 21:24:46,895.39
5621,5621,PayPal,2025-05-24 00:21:25,2965.84
5622,5622,PayPal,2025-09-02 17:00:02,943.38
5623,5623,Cash,2024-11-20 15:55:16,2225.83
5624,5624,Cash,2025-06-24 13:23:05,998.72
5625,5625,Credit Card,2025-08-16 15:01:45,1985.59
5626,5626,PayPal,2024-08-13 05:35:15,2513.28
5627,5627,Bank Transfer,2026-07-13 18:19:10,4298.37
5628,5628,Cash,2024-09-04 11:18:49,858.42
5629,5629,Bank Transfer,2025-08-14 01:54:45,306.52
5630,5630,Bank Transfer,2026-05-29 14:00:39,204.87
5631,5631,Credit Card,2024-11-06 19:32:47,256.29
5632,5632,Bank Transfer,2025-11-08 12:49:18,1694.1
5633,5633,PayPal,2025-03-25 08:59:52,3745.96
5634,5634,PayPal,2026-04-17 07:07:26,499.44
5635,5635,Cash,2026-05-16 18:17:42,987.34
5636,5636,PayPal,2025-03-01 17:38:27,700.64
5637,5637,Bank Transfer,2026-07-23 22:12:06,3443.54
5638,5638,Cash,2024-09-30 00:56:07,1803.79
5639,5639,Cash,2025-12-17 10:42:26,1741.05
5640,5640,Cash,2025-03-01 14:06:44,4730.44
5641,5641,Bank Transfer,2025-03-20 22:09:52,203.46
5642,5642,Bank Transfer,2024-09-15 13:41:15,875.96
5643,5643,Credit Card,2025-02-09 11:27:24,27.68
5644,5644,Cash,2025-11-23 11:50:26,2357.94
5645,5645,Cash,2025-09-05 12:44:02,375.84
5646,5646,PayPal,2025-04-06 06:43:21,115.92
5647,5647,PayPal,2024-12-31 01:08:11,58.51
5648,5648,Cash,2026-06-19 22:39:09,2104.2
5649,5649,Credit Card,2026-07-13 17:32:26,3111.73
5650,5650,PayPal,2024-09-24 05:23:12,334.61
5651,5651,Bank Transfer,2025-01-22 05:26:05,1369.08
5652,5652,Bank Transfer,2025-11-05 19:17:23,2076.96
5653,5653,Credit Card,2026-04-29 15:00:43,1737.6
5654,5654,Credit Card,2026-05-16 05:07:37,2102.94
5655,5655,Bank Transfer,2025-06-12 10:19:43,3231.1
5656,5656,Credit Card,2025-01-18 17:29:55,915.21
5657,5657,Bank Transfer,2026-04-25 16:59:20,1011.9
5658,5658,PayPal,2025-11-17 12:31:31,2510.68
5659,5659,PayPal,2026-07-19 15:48:59,4811.86
5660,5660,Bank Transfer,2025-12-04 23:32:35,2165.81
5661,5661,Bank Transfer,2025-10-23 01:42:49,1764.31
5662,5662,Cash,2026-01-05 03:24:04,707.01
5663,5663,Bank Transfer,2024-12-09 02:18:02,473.74
5664,5664,PayPal,2025-01-06 23:19:02,1556.84
5665,5665,Cash,2024-08-23 23:21:23,1339.08
5666,5666,Credit Card,2025-10-25 20:02:49,560.88
5667,5667,Credit Card,2025-03-04 02:23:11,305.62
5668,5668,Bank Transfer,2026-02-24 16:52:56,277.92
5669,5669,Credit Card,2025-04-28 12:54:04,4175.75
5670,5670,PayPal,2025-08-07 04:16:45,2767.13
5671,5671,Credit Card,2025-08-27 09:43:54,366.86
5672,5672,Bank Transfer,2025-01-15 00:04:49,980.46
5673,5673,Cash,2025-07-08 19:59:47,3100.1
5674,5674,Cash,2024-11-07 03:11:31,242.19
5675,5675,PayPal,2025-03-19 19:23:41,557.59
5676,5676,PayPal,2025-12-04 14:44:52,2218.45
5677,5677,PayPal,2025-05-02 05:52:09,3855.71
5678,5678,PayPal,2025-03-14 05:14:09,233.84
5679,5679,Credit Card,2025-08-16 22:36:17,506.36
5680,5680,PayPal,2026-04-15 22:33:48,2009.34
5681,5681,Cash,2026-01-19 16:03:11,1448.72
5682,5682,Cash,2025-10-07 09:25:56,2685.33
5683,5683,Bank Transfer,2025-01-25 04:09:20,1588.31
5684,5684,PayPal,2024-08-14 03:46:34,676.06
5685,5685,Cash,2025-08-07 04:44:02,593.52
5686,5686,PayPal,2026-01-12 02:55:42,175.53
5687,5687,PayPal,2025-04-27 04:52:39,1322.29
5688,5688,Bank Transfer,2025-04-08 19:05:56,667.22
5689,5689,Cash,2024-08-08 07:39:33,252.57
5690,5690,Bank Transfer,2024-12-28 01:07:51,3774.86
5691,5691,Credit Card,2026-04-29 19:01:37,40.14
5692,5692,Bank Transfer,2025-02-08 13:43:51,3719.0
5693,5693,Cash,2025-05-21 19:19:58,1151.33
5694,5694,PayPal,2025-03-01 04:43:20,893.26
5695,5695,PayPal,2024-12-10 11:32:30,3435.88
5696,5696,PayPal,2025-06-28 05:46:53,2352.45
5697,5697,PayPal,2025-11-19 22:51:15,554.0
5698,5698,Cash,2025-07-04 02:50:01,3117.78
5699,5699,PayPal,2025-04-15 09:54:58,3068.86
5700,5700,Credit Card,2025-12-15 16:22:06,577.77
5701,5701,PayPal,2026-07-18 22:47:33,1493.26
5702,5702,PayPal,2025-07-15 15:44:21,689.98
5703,5703,PayPal,2024-12-03 17:49:18,1738.92
5704,5704,Cash,2024-12-24 08:59:19,3832.22
5705,5705,Bank Transfer,2026-04-23 14:39:12,3585.33
5706,5706,Cash,2026-07-15 08:59:12,997.64
5707,5707,Cash,2025-02-04 18:54:21,865.29
5708,5708,Credit Card,2025-10-30 07:32:29,3323.22
5709,5709,Cash,2026-06-22 06:28:24,3663.58
5710,5710,Credit Card,2025-05-26 21:47:00,2037.3
5711,5711,Bank Transfer,2025-07-03 02:29:12,1423.92
5712,5712,Bank Transfer,2026-02-25 00:43:02,2687.3
5713,5713,Cash,2025-07-30 23:54:39,1339.08
5714,5714,Cash,2025-06-26 03:06:21,2358.04
5715,5715,Cash,2025-11-19 16:40:40,285.76
5716,5716,Credit Card,2025-09-08 12:00:15,2217.86
5717,5717,PayPal,2026-06-25 15:56:12,325.68
5718,5718,Credit Card,2026-02-27 11:23:17,1945.84
5719,5719,Bank Transfer,2024-10-10 15:18:03,689.4
5720,5720,PayPal,2024-10-24 00:55:24,942.89
5721,5721,PayPal,2026-03-23 22:06:02,1854.52
5722,5722,PayPal,2024-09-24 01:14:32,175.53
5723,5723,Bank Transfer,2025-10-22 14:49:32,3039.49
5724,5724,Bank Transfer,2025-02-12 00:32:16,1200.28
5725,5725,PayPal,2025-03-29 00:06:38,1418.36
5726,5726,PayPal,2024-12-09 21:08:20,3846.42
5727,5727,Cash,2025-04-08 16:30:34,586.67
5728,5728,Bank Transfer,2025-02-21 17:01:32,4549.18
5729,5729,Cash,2025-07-02 12:16:17,3645.92
5730,5730,Credit Card,2025-02-04 00:06:09,478.82
5731,5731,PayPal,2024-11-25 19:11:45,4147.49
5732,5732,Credit Card,2025-03-27 01:09:05,1626.32
5733,5733,PayPal,2025-01-31 20:31:49,1158.32
5734,5734,Cash,2025-12-01 19:14:10,1896.33
5735,5735,Cash,2025-09-19 03:27:28,1603.72
5736,5736,Bank Transfer,2024-08-11 11:49:49,3309.73
5737,5737,Credit Card,2025-04-02 18:28:25,1448.37
5738,5738,Bank Transfer,2024-10-06 19:14:17,987.77
5739,5739,Credit Card,2024-11-02 13:35:19,2160.78
5740,5740,Cash,2025-03-18 03:57:15,1694.03
5741,5741,PayPal,2025-04-24 21:11:16,4494.6
5742,5742,Cash,2026-04-17 21:06:51,1657.05
5743,5743,Bank Transfer,2026-07-29 08:18:33,542.62
5744,5744,Bank Transfer,2026-03-14 22:21:33,1206.02
5745,5745,Cash,2025-04-13 19:14:07,1538.81
5746,5746,Credit Card,2024-10-28 12:49:23,799.6
5747,5747,Credit Card,2025-04-17 11:54:49,1878.8
5748,5748,Cash,2025-12-09 02:15:38,2218.69
5749,5749,Cash,2025-08-09 19:10:51,1862.71
5750,5750,Bank Transfer,2025-01-25 09:16:53,467.08
5751,5751,Bank Transfer,2025-04-23 20:04:35,2252.67
5752,5752,PayPal,2025-12-04 11:55:59,2689.75
5753,5753,Credit Card,2024-09-18 15:49:25,2925.69
5754,5754,Bank Transfer,2025-07-16 21:52:51,304.2
5755,5755,Credit Card,2025-09-07 03:55:36,1053.86
5756,5756,PayPal,2025-04-27 20:05:10,854.68
5757,5757,Credit Card,2025-05-27 16:48:49,1204.29
5758,5758,Bank Transfer,2025-02-13 23:37:08,3080.22
5759,5759,Bank Transfer,2025-05-03 18:50:03,1423.65
5760,5760,Cash,2026-07-28 19:22:48,1963.83
5761,5761,Credit Card,2025-04-02 21:53:50,1530.47
5762,5762,Bank Transfer,2025-02-14 03:49:54,915.21
5763,5763,Credit Card,2025-06-25 09:16:51,2074.16
5764,5764,Cash,2026-04-19 18:55:54,2927.97
5765,5765,Credit Card,2025-09-25 01:55:16,3539.55
5766,5766,Bank Transfer,2025-11-13 09:23:14,4787.63
5767,5767,Bank Transfer,2024-11-11 10:20:41,908.08
5768,5768,Credit Card,2025-01-05 09:13:33,478.82
5769,5769,Bank Transfer,2025-10-27 09:21:01,1235.46
5770,5770,PayPal,2025-09-12 20:46:02,1147.72
5771,5771,Bank Transfer,2026-02-13 07:13:52,142.0
5772,5772,Credit Card,2026-05-13 13:02:27,3179.9
5773,5773,Credit Card,2025-02-23 23:45:53,2002.36
5774,5774,PayPal,2024-12-10 22:58:11,335.75
5775,5775,Cash,2025-03-04 16:17:48,142.85
5776,5776,Credit Card,2025-06-19 20:39:12,530.8
5777,5777,PayPal,2026-06-01 10:04:55,93.43
5778,5778,PayPal,2025-05-22 03:37:20,930.08
5779,5779,Cash,2024-08-09 03:40:11,2452.54
5780,5780,Cash,2025-03-17 01:21:06,2400.87
5781,5781,Credit Card,2025-11-02 17:58:33,1025.16
5782,5782,Bank Transfer,2025-03-06 05:05:29,2881.16
5783,5783,Credit Card,2024-09-16 02:21:33,3035.46
5784,5784,Cash,2025-03-26 18:44:01,2233.81
5785,5785,Bank Transfer,2025-03-18 03:47:17,2262.73
5786,5786,Bank Transfer,2024-10-17 09:56:58,1321.36
5787,5787,PayPal,2026-04-16 04:59:59,303.65
5788,5788,Bank Transfer,2026-04-04 05:23:40,335.12
5789,5789,Credit Card,2026-03-05 15:17:16,3463.12
5790,5790,Cash,2026-01-27 06:47:17,1407.07
5791,5791,Cash,2025-04-18 14:00:11,2626.85
5792,5792,PayPal,2026-03-03 20:34:11,376.49
5793,5793,Credit Card,2026-05-02 11:34:39,2263.58
5794,5794,Credit Card,2025-07-19 12:18:32,408.04
5795,5795,PayPal,2025-12-24 04:40:16,2813.73
5796,5796,Bank Transfer,2025-04-08 03:33:37,825.96
5797,5797,Bank Transfer,2025-03-31 08:12:43,2027.29
5798,5798,PayPal,2025-10-29 23:27:53,1081.85
5799,5799,Bank Transfer,2025-01-08 05:28:49,915.36
5800,5800,Credit Card,2025-04-16 20:54:23,1977.91
5801,5801,PayPal,2026-05-06 05:03:38,1554.82
5802,5802,Bank Transfer,2025-08-24 19:52:47,2023.96
5803,5803,PayPal,2025-12-27 05:47:36,1499.14
5804,5804,Bank Transfer,2026-07-03 04:00:53,1077.78
5805,5805,Cash,2026-01-24 19:45:49,1595.27
5806,5806,PayPal,2025-04-15 02:00:45,63.62
5807,5807,Bank Transfer,2024-10-06 02:32:01,1098.96
5808,5808,Cash,2025-09-24 14:04:32,3609.11
5809,5809,Cash,2026-05-15 01:09:33,1575.88
5810,5810,PayPal,2026-02-21 03:58:30,2161.15
5811,5811,Bank Transfer,2024-12-21 17:16:27,1431.5
5812,5812,Bank Transfer,2024-10-27 04:23:43,1581.03
5813,5813,Cash,2024-11-27 03:53:56,326.29
5814,5814,Bank Transfer,2025-11-24 00:23:28,689.98
5815,5815,Bank Transfer,2024-08-12 15:36:32,2873.54
5816,5816,Credit Card,2025-10-17 08:29:12,2053.83
5817,5817,PayPal,2025-07-30 16:52:11,587.7
5818,5818,Bank Transfer,2024-09-09 06:58:35,2840.56
5819,5819,Cash,2025-04-07 19:24:32,1769.4
5820,5820,Bank Transfer,2026-02-04 04:29:40,1529.52
5821,5821,Bank Transfer,2025-10-03 15:56:29,1160.22
5822,5822,Cash,2024-12-27 22:04:14,1824.33
5823,5823,Cash,2024-10-12 16:15:13,2783.32
5824,5824,Credit Card,2026-04-26 02:54:31,932.33
5825,5825,Cash,2026-02-08 03:51:59,5325.15
5826,5826,PayPal,2025-04-13 19:11:14,1596.41
5827,5827,Cash,2025-05-26 15:34:19,2542.89
5828,5828,Cash,2024-12-26 18:58:23,226.46
5829,5829,PayPal,2024-09-09 23:42:37,577.75
5830,5830,Credit Card,2026-02-12 11:00:35,720.74
5831,5831,Cash,2026-08-03 13:03:05,2388.34
5832,5832,Cash,2025-09-27 21:04:54,1309.14
5833,5833,Bank Transfer,2025-10-02 17:47:42,1431.99
5834,5834,PayPal,2025-01-24 05:44:26,2627.07
5835,5835,Cash,2026-05-16 10:23:52,3498.05
5836,5836,Cash,2025-01-06 01:02:26,2032.36
5837,5837,Cash,2024-08-26 12:18:32,567.7
5838,5838,Bank Transfer,2024-10-29 23:17:12,2394.44
5839,5839,Credit Card,2026-02-08 10:52:12,804.2
5840,5840,Bank Transfer,2025-03-25 23:23:36,1488.18
5841,5841,Cash,2024-11-19 23:19:05,1814.92
5842,5842,Cash,2026-04-09 02:01:44,1265.81
5843,5843,Cash,2025-07-02 07:46:05,342.48
5844,5844,Credit Card,2025-10-31 20:42:12,832.26
5845,5845,PayPal,2024-10-08 19:01:58,2427.5
5846,5846,Bank Transfer,2025-04-13 01:24:37,647.74
5847,5847,Bank Transfer,2024-09-07 12:35:27,1065.36
5848,5848,Bank Transfer,2025-06-30 02:34:51,78.1
5849,5849,Cash,2025-05-28 04:25:53,1573.08
5850,5850,Bank Transfer,2025-02-06 17:42:50,890.55
5851,5851,Credit Card,2024-12-30 21:41:18,2833.38
5852,5852,Bank Transfer,2024-10-08 03:50:00,844.42
5853,5853,PayPal,2025-04-20 07:39:10,1848.83
5854,5854,Bank Transfer,2026-05-10 07:32:06,771.32
5855,5855,Cash,2025-05-30 19:46:29,3344.96
5856,5856,Bank Transfer,2026-06-02 19:54:56,3128.82
5857,5857,Bank Transfer,2025-01-16 19:46:28,3092.77
5858,5858,Credit Card,2026-04-28 05:56:49,2003.0
5859,5859,Credit Card,2025-03-17 01:23:15,4218.32
5860,5860,PayPal,2025-03-12 08:48:24,1099.51
5861,5861,PayPal,2025-02-10 01:31:07,2036.12
5862,5862,Bank Transfer,2025-11-05 06:41:47,3895.18
5863,5863,Credit Card,2025-01-02 06:38:13,2394.4
5864,5864,Credit Card,2025-08-16 13:58:01,1164.86
5865,5865,Bank Transfer,2025-07-12 18:43:10,602.29
5866,5866,Bank Transfer,2026-07-04 14:20:43,1563.94
5867,5867,Bank Transfer,2024-10-10 05:41:56,700.62
5868,5868,Bank Transfer,2026-02-14 09:20:12,2458.43
5869,5869,Credit Card,2025-06-12 11:29:30,463.63
5870,5870,PayPal,2025-03-22 02:21:22,1353.54
5871,5871,Cash,2025-10-03 19:12:02,2309.09
5872,5872,Cash,2024-09-27 23:49:12,1556.72
5873,5873,Credit Card,2026-06-29 11:07:53,351.62
5874,5874,Credit Card,2025-08-31 13:09:51,2319.69
5875,5875,Bank Transfer,2025-03-16 13:58:35,504.8
5876,5876,PayPal,2026-01-14 23:25:43,611.24
5877,5877,Bank Transfer,2026-06-30 02:15:00,1692.92
5878,5878,Credit Card,2025-12-27 11:40:42,3050.61
5879,5879,Bank Transfer,2024-09-06 10:37:54,3631.37
5880,5880,Bank Transfer,2026-07-14 22:07:34,1156.17
5881,5881,PayPal,2025-10-19 01:31:11,1008.48
5882,5882,Bank Transfer,2025-04-20 23:02:32,2402.12
5883,5883,Bank Transfer,2024-08-14 05:27:25,2479.58
5884,5884,PayPal,2025-02-01 22:37:03,310.71
5885,5885,PayPal,2024-09-11 21:25:49,156.07
5886,5886,Credit Card,2025-03-24 02:52:37,794.86
5887,5887,Cash,2025-03-01 14:27:25,2740.31
5888,5888,Cash,2024-10-01 06:15:59,117.32
5889,5889,Bank Transfer,2025-01-12 01:45:40,931.5
5890,5890,Credit Card,2025-12-24 22:19:42,2006.75
5891,5891,Credit Card,2025-04-16 20:01:59,828.6
5892,5892,Credit Card,2025-03-31 14:45:49,3610.2
5893,5893,Credit Card,2025-08-15 04:46:06,1027.99
5894,5894,Credit Card,2025-06-06 13:22:32,3583.17
5895,5895,Bank Transfer,2026-02-05 02:34:45,237.82
5896,5896,PayPal,2026-04-09 11:54:15,473.52
5897,5897,Credit Card,2025-12-04 05:50:55,1751.04
5898,5898,Cash,2026-07-05 21:53:43,1764.03
5899,5899,Bank Transfer,2026-03-18 18:17:47,1990.19
5900,5900,Cash,2025-03-28 23:07:27,682.44
5901,5901,Cash,2026-02-12 15:52:59,2377.16
5902,5902,PayPal,2026-06-19 10:20:55,1482.64
5903,5903,Credit Card,2024-10-12 04:38:49,400.71
5904,5904,Credit Card,2024-10-22 03:36:03,571.3
5905,5905,Credit Card,2025-06-12 10:57:00,47.9
5906,5906,Cash,2025-07-13 23:44:16,1280.2
5907,5907,Bank Transfer,2024-09-16 16:39:18,1212.23
5908,5908,Bank Transfer,2026-07-02 05:50:08,2305.0
5909,5909,Bank Transfer,2025-02-21 00:14:09,1903.96
5910,5910,Credit Card,2025-10-05 11:33:24,2726.65
5911,5911,Credit Card,2025-04-04 19:11:34,5579.47
5912,5912,Credit Card,2025-10-19 08:35:46,117.15
5913,5913,Credit Card,2024-11-19 20:30:52,1955.48
5914,5914,PayPal,2024-12-03 14:14:50,1666.0
5915,5915,Cash,2026-08-06 07:02:00,3459.83
5916,5916,Credit Card,2025-11-27 05:51:30,907.4
5917,5917,Cash,2025-02-12 15:14:21,3325.6
5918,5918,PayPal,2025-07-10 13:35:07,2859.4
5919,5919,Cash,2025-02-20 16:33:16,2812.97
5920,5920,Bank Transfer,2026-07-27 10:45:42,2939.98
5921,5921,Bank Transfer,2024-08-15 06:20:35,673.92
5922,5922,Cash,2025-08-10 23:06:45,1073.39
5923,5923,Cash,2025-06-03 20:03:47,1654.98
5924,5924,Bank Transfer,2026-05-28 16:30:51,797.36
5925,5925,Bank Transfer,2024-08-21 18:02:03,2019.32
5926,5926,Bank Transfer,2025-09-26 00:46:51,374.87
5927,5927,PayPal,2026-07-08 09:16:59,103.17
5928,5928,Credit Card,2025-03-21 04:35:47,2441.75
5929,5929,Credit Card,2025-06-23 23:45:05,996.08
5930,5930,PayPal,2026-04-12 05:38:12,301.8
5931,5931,Bank Transfer,2026-07-24 14:51:33,2125.39
5932,5932,PayPal,2025-02-15 12:10:01,1592.24
5933,5933,Credit Card,2024-09-03 07:00:00,3041.03
5934,5934,Bank Transfer,2026-02-15 02:36:26,2560.67
5935,5935,Cash,2026-07-27 00:40:40,447.36
5936,5936,Cash,2026-03-28 13:33:23,1333.39
5937,5937,PayPal,2025-06-15 15:52:19,2020.44
5938,5938,Bank Transfer,2025-05-22 12:55:55,3286.01
5939,5939,Cash,2025-05-20 12:45:19,463.63
5940,5940,Credit Card,2025-01-23 02:19:51,495.0
5941,5941,PayPal,2024-10-19 06:01:06,1397.25
5942,5942,Cash,2025-12-31 05:02:40,2609.54
5943,5943,PayPal,2024-12-03 03:34:41,393.44
5944,5944,Bank Transfer,2025-10-01 04:05:02,2190.24
5945,5945,PayPal,2025-07-20 08:00:48,2032.14
5946,5946,Bank Transfer,2025-03-30 12:40:18,852.77
5947,5947,Credit Card,2025-07-14 20:52:39,2809.9
5948,5948,Cash,2026-07-24 03:12:21,4159.93
5949,5949,Bank Transfer,2025-10-06 12:56:12,1226.08
5950,5950,Credit Card,2025-02-23 22:55:06,1899.84
5951,5951,Credit Card,2026-07-31 09:25:10,3523.16
5952,5952,Cash,2026-05-28 09:49:19,2603.45
5953,5953,Cash,2025-10-07 07:31:35,2383.24
5954,5954,Cash,2024-08-14 01:17:42,759.36
5955,5955,Bank Transfer,2025-05-20 12:13:45,2027.34
5956,5956,Bank Transfer,2026-04-15 11:07:43,3367.2
5957,5957,Credit Card,2024-12-11 19:37:39,1328.58
5958,5958,Cash,2026-02-16 11:53:00,2403.25
5959,5959,Bank Transfer,2026-05-16 15:37:46,738.44
5960,5960,Cash,2024-11-19 10:23:53,1421.86
5961,5961,PayPal,2024-11-29 08:07:09,3655.68
5962,5962,PayPal,2025-09-28 16:09:38,3141.69
5963,5963,PayPal,2025-04-11 22:46:30,1779.85
5964,5964,Cash,2026-06-08 12:13:52,1611.41
5965,5965,Bank Transfer,2026-04-15 04:53:37,3812.36
5966,5966,PayPal,2025-01-05 00:54:08,1002.24
5967,5967,PayPal,2025-12-26 11:20:39,470.64
5968,5968,PayPal,2025-04-02 03:27:03,392.64
5969,5969,Cash,2026-01-06 12:48:16,3903.78
5970,5970,Credit Card,2026-06-22 14:48:46,1598.67
5971,5971,Bank Transfer,2025-05-03 18:03:48,1970.26
5972,5972,Bank Transfer,2025-07-02 06:25:29,223.68
5973,5973,PayPal,2025-07-11 22:30:21,2276.54
5974,5974,Credit Card,2026-03-19 11:48:56,2712.8
5975,5975,Cash,2025-06-29 14:32:11,1767.96
5976,5976,Credit Card,2025-06-25 03:06:31,1358.74
5977,5977,Cash,2025-07-01 22:52:51,301.8
5978,5978,PayPal,2025-03-12 19:33:39,627.28
5979,5979,Bank Transfer,2025-07-30 23:59:33,1366.65
5980,5980,Credit Card,2026-05-30 20:06:10,3641.93
5981,5981,Bank Transfer,2024-09-13 04:25:54,452.9
5982,5982,PayPal,2026-02-04 22:45:10,211.71
5983,5983,Bank Transfer,2025-08-16 19:59:16,762.92
5984,5984,Credit Card,2025-07-25 17:43:57,181.14
5985,5985,Credit Card,2025-06-08 21:05:11,1032.12
5986,5986,Bank Transfer,2024-11-25 20:50:43,1874.56
5987,5987,Credit Card,2025-02-19 23:30:42,438.99
5988,5988,Credit Card,2025-01-08 15:08:38,229.59
5989,5989,PayPal,2025-01-12 10:56:58,2107.97
5990,5990,Cash,2025-12-28 18:54:30,1864.85
5991,5991,Credit Card,2026-03-29 20:35:29,1870.41
5992,5992,Credit Card,2024-08-27 13:22:23,1041.94
5993,5993,Cash,2025-02-23 17:52:04,3850.68
5994,5994,PayPal,2025-08-26 06:56:45,526.52
5995,5995,Bank Transfer,2025-12-18 11:02:17,5.28
5996,5996,Cash,2025-07-12 07:06:51,1031.13
5997,5997,Bank Transfer,2025-05-03 04:19:57,2804.27
5998,5998,Cash,2024-12-12 20:23:00,1461.9
5999,5999,Bank Transfer,2026-05-18 00:22:57,2270.42
6000,6000,PayPal,2024-12-15 06:15:04,486.18
6001,6001,Credit Card,2025-07-18 08:49:12,3108.23
6002,6002,Cash,2024-10-18 13:13:18,3512.67
6003,6003,Credit Card,2025-10-20 01:10:36,4333.72
6004,6004,Cash,2024-12-26 13:04:34,1926.95
6005,6005,Credit Card,2024-12-12 20:02:05,996.56
6006,6006,Cash,2026-04-23 11:50:14,648.05
6007,6007,Credit Card,2024-09-16 07:51:14,1413.81
6008,6008,Bank Transfer,2024-09-26 02:31:05,1689.5
6009,6009,Bank Transfer,2024-12-22 08:16:17,518.85
6010,6010,Bank Transfer,2024-12-08 23:21:32,260.17
6011,6011,Cash,2025-09-16 16:21:01,166.79
6012,6012,Credit Card,2025-02-14 20:02:36,1292.91
6013,6013,Bank Transfer,2024-10-22 03:51:07,3006.75
6014,6014,Credit Card,2024-08-12 17:31:46,2331.33
6015,6015,Bank Transfer,2025-01-26 23:24:24,2543.52
6016,6016,PayPal,2025-01-19 07:10:49,2681.84
6017,6017,Cash,2026-08-06 12:51:45,1000.83
6018,6018,PayPal,2026-04-13 03:47:22,1324.52
6019,6019,Bank Transfer,2025-03-10 08:51:52,331.2
6020,6020,Bank Transfer,2026-06-03 02:39:52,2465.2
6021,6021,Credit Card,2025-07-29 19:15:15,2619.4
6022,6022,PayPal,2025-04-06 09:13:48,1050.36
6023,6023,Credit Card,2025-11-02 00:16:54,3151.68
6024,6024,Cash,2025-07-22 02:24:17,2318.91
6025,6025,Credit Card,2025-01-19 21:08:13,1109.27
6026,6026,Cash,2025-05-16 12:15:18,2345.0
6027,6027,Bank Transfer,2026-02-23 17:44:59,824.68
6028,6028,PayPal,2025-08-31 02:55:12,1152.12
6029,6029,Bank Transfer,2024-12-22 07:04:30,3344.64
6030,6030,Cash,2025-12-01 02:30:13,3015.96
6031,6031,PayPal,2026-03-10 07:28:15,1626.79
6032,6032,PayPal,2026-03-19 07:42:15,152.07
6033,6033,PayPal,2026-04-18 03:43:18,3022.86
6034,6034,Bank Transfer,2025-07-31 00:47:42,4702.81
6035,6035,Cash,2025-04-09 10:19:21,1197.39
6036,6036,PayPal,2025-02-24 18:00:13,2016.81
6037,6037,Cash,2026-04-08 00:11:08,2910.02
6038,6038,Credit Card,2025-11-22 22:18:24,1704.7
6039,6039,PayPal,2024-12-06 00:09:23,262.12
6040,6040,Credit Card,2025-10-05 20:33:11,1343.37
6041,6041,Credit Card,2026-05-17 19:33:59,326.61
6042,6042,Bank Transfer,2025-04-07 20:06:14,1574.67
6043,6043,Cash,2026-03-01 01:27:17,123.12
6044,6044,Bank Transfer,2026-02-26 22:07:11,315.2
6045,6045,Credit Card,2026-07-13 02:52:34,2128.57
6046,6046,Bank Transfer,2025-04-24 20:42:26,91.16
6047,6047,Credit Card,2024-12-24 21:04:06,925.32
6048,6048,Credit Card,2026-01-01 00:48:52,907.4
6049,6049,Bank Transfer,2024-08-23 16:26:37,412.34
6050,6050,PayPal,2025-07-07 08:01:34,1730.54
6051,6051,PayPal,2025-12-20 17:50:07,4072.96
6052,6052,Bank Transfer,2025-02-23 05:02:59,543.84
6053,6053,Bank Transfer,2025-08-31 15:32:44,129.44
6054,6054,Bank Transfer,2025-09-20 00:28:44,3219.88
6055,6055,Cash,2026-06-24 20:11:05,2935.82
6056,6056,Credit Card,2025-10-15 13:33:40,1720.0
6057,6057,Cash,2025-10-30 10:18:28,1755.13
6058,6058,Credit Card,2026-01-21 21:41:50,437.76
6059,6059,PayPal,2026-04-25 15:44:56,2649.71
6060,6060,Bank Transfer,2025-08-14 17:19:26,979.09
6061,6061,PayPal,2026-03-15 08:43:17,2415.4
6062,6062,Bank Transfer,2025-05-30 20:16:55,1911.21
6063,6063,Cash,2025-04-23 15:04:11,1480.71
6064,6064,Credit Card,2025-04-27 20:04:04,2494.91
6065,6065,Cash,2025-08-22 14:19:02,1528.1
6066,6066,Cash,2024-12-14 02:48:13,1819.42
6067,6067,Cash,2025-05-29 06:41:25,24.93
6068,6068,Cash,2026-05-20 12:34:45,315.12
6069,6069,Cash,2025-12-15 02:15:38,1520.76
6070,6070,Bank Transfer,2026-02-03 15:08:48,1115.47
6071,6071,Cash,2025-06-07 16:01:10,2083.02
6072,6072,Credit Card,2025-08-25 06:26:06,3663.19
6073,6073,Bank Transfer,2025-03-28 07:52:18,444.75
6074,6074,Bank Transfer,2025-05-15 13:27:12,2277.35
6075,6075,PayPal,2025-02-25 11:06:13,1999.62
6076,6076,Cash,2025-10-05 08:00:41,1708.86
6077,6077,PayPal,2026-02-19 03:23:16,691.8
6078,6078,PayPal,2026-08-03 18:36:42,1107.59
6079,6079,PayPal,2025-04-23 06:15:45,5109.98
6080,6080,Bank Transfer,2025-10-06 09:38:16,5366.92
6081,6081,Bank Transfer,2025-03-15 14:47:08,3416.23
6082,6082,Credit Card,2024-09-09 00:35:08,1557.9
6083,6083,Cash,2025-03-28 22:42:24,2818.56
6084,6084,Cash,2025-02-24 15:29:04,402.23
6085,6085,Bank Transfer,2025-01-07 18:47:34,2406.01
6086,6086,Credit Card,2024-08-24 09:52:16,2841.9
6087,6087,Credit Card,2025-07-13 04:48:56,1534.79
6088,6088,PayPal,2025-07-24 06:33:49,5081.53
6089,6089,Cash,2024-12-04 01:18:28,1253.61
6090,6090,Cash,2026-06-01 18:16:44,1622.12
6091,6091,PayPal,2025-01-14 00:13:04,2264.21
6092,6092,Cash,2024-09-22 05:44:12,569.58
6093,6093,PayPal,2025-10-17 23:41:11,4626.06
6094,6094,Credit Card,2024-08-09 01:33:12,3822.0
6095,6095,Bank Transfer,2024-09-11 23:45:24,1756.11
6096,6096,Credit Card,2025-03-21 17:46:05,103.68
6097,6097,Cash,2026-05-29 06:55:55,2024.73
6098,6098,Cash,2026-07-17 17:47:05,534.68
6099,6099,PayPal,2025-09-18 11:52:46,1811.6
6100,6100,Bank Transfer,2025-09-18 04:06:50,3418.31
6101,6101,PayPal,2026-02-19 09:14:17,2208.09
6102,6102,Bank Transfer,2025-08-21 08:11:29,2379.98
6103,6103,Cash,2026-07-12 10:03:31,2851.04
6104,6104,PayPal,2026-01-07 17:38:29,3237.62
6105,6105,Bank Transfer,2026-04-18 04:47:21,2022.12
6106,6106,PayPal,2026-03-23 23:25:56,2014.97
6107,6107,Cash,2025-07-17 16:33:21,226.85
6108,6108,PayPal,2024-10-28 11:46:56,3347.09
6109,6109,Bank Transfer,2024-10-09 01:56:53,125.28
6110,6110,PayPal,2026-08-04 22:12:27,453.14
6111,6111,PayPal,2024-11-18 09:39:57,2087.38
6112,6112,PayPal,2025-09-10 06:07:20,875.96
6113,6113,Credit Card,2024-10-12 10:47:47,585.32
6114,6114,PayPal,2026-05-16 05:37:06,1052.85
6115,6115,Credit Card,2026-05-02 19:22:58,649.36
6116,6116,Cash,2024-11-20 15:00:55,2980.34
6117,6117,Cash,2025-05-13 10:12:41,2535.99
6118,6118,Bank Transfer,2025-03-20 10:49:31,466.99
6119,6119,Credit Card,2025-11-22 05:32:07,2640.7
6120,6120,Cash,2025-07-03 21:20:44,1811.64
6121,6121,Cash,2026-06-19 21:36:33,869.21
6122,6122,Bank Transfer,2026-06-06 01:36:50,1786.52
6123,6123,Cash,2025-05-10 08:29:34,1605.44
6124,6124,Credit Card,2026-01-17 07:53:26,3617.44
6125,6125,Bank Transfer,2026-03-05 01:58:16,1964.01
6126,6126,Cash,2024-10-29 04:41:25,90.12
6127,6127,Credit Card,2025-01-16 22:25:14,985.96
6128,6128,Credit Card,2025-05-10 05:17:54,2640.96
6129,6129,Bank Transfer,2025-04-03 08:14:12,446.55
6130,6130,Cash,2025-05-08 06:46:22,1943.78
6131,6131,Credit Card,2024-09-08 14:54:49,1434.7
6132,6132,Bank Transfer,2026-06-30 04:52:24,2152.26
6133,6133,Credit Card,2025-12-31 12:58:28,3370.4
6134,6134,Credit Card,2024-11-22 01:55:37,186.42
6135,6135,Credit Card,2025-10-29 11:44:41,4514.73
6136,6136,Cash,2025-04-15 03:54:14,1341.63
6137,6137,Cash,2025-04-29 06:09:36,2576.44
6138,6138,Bank Transfer,2026-08-06 10:25:51,202.65
6139,6139,Cash,2025-02-08 10:58:07,2122.78
6140,6140,Credit Card,2024-09-15 02:26:17,1285.47
6141,6141,Credit Card,2026-07-21 22:07:53,1612.26
6142,6142,PayPal,2026-03-23 06:31:51,1858.37
6143,6143,PayPal,2025-10-04 15:35:18,674.3
6144,6144,Cash,2025-11-20 07:51:40,1390.89
6145,6145,Cash,2026-04-06 14:58:07,2642.23
6146,6146,PayPal,2025-07-20 08:25:50,4355.89
6147,6147,PayPal,2025-11-21 18:51:30,478.66
6148,6148,PayPal,2026-03-23 21:10:16,110.37
6149,6149,Cash,2025-08-03 09:28:48,3423.31
6150,6150,Bank Transfer,2026-05-06 03:07:00,3989.2
6151,6151,Bank Transfer,2025-10-06 12:59:31,705.73
6152,6152,PayPal,2026-05-12 09:06:03,1442.95
6153,6153,Bank Transfer,2025-10-17 20:51:26,1356.06
6154,6154,PayPal,2025-11-01 20:13:56,142.6
6155,6155,PayPal,2024-12-23 05:28:40,5067.39
6156,6156,PayPal,2025-09-17 23:35:08,2290.65
6157,6157,Bank Transfer,2025-08-12 06:18:15,217.74
6158,6158,Credit Card,2026-02-22 14:33:24,2399.28
6159,6159,Cash,2026-01-20 05:19:10,1418.16
6160,6160,Bank Transfer,2025-04-06 23:07:46,2720.74
6161,6161,Bank Transfer,2025-07-29 06:51:14,3324.84
6162,6162,Credit Card,2026-02-22 00:07:45,1683.4
6163,6163,PayPal,2025-09-25 14:26:46,2860.21
6164,6164,Credit Card,2025-11-23 11:52:55,893.1
6165,6165,PayPal,2024-08-09 05:19:14,536.28
6166,6166,Credit Card,2024-11-25 22:28:49,2296.6
6167,6167,Credit Card,2026-01-24 19:11:53,60.38
6168,6168,Cash,2026-04-06 22:12:17,417.69
6169,6169,Bank Transfer,2024-12-15 18:47:30,1290.17
6170,6170,Bank Transfer,2026-06-08 10:00:45,1447.08
6171,6171,Bank Transfer,2025-07-07 12:41:12,1480.66
6172,6172,Bank Transfer,2026-04-03 20:32:53,763.84
6173,6173,Credit Card,2024-11-02 16:29:25,931.91
6174,6174,Credit Card,2025-08-23 14:09:13,124.2
6175,6175,Credit Card,2025-02-08 10:02:26,1781.93
6176,6176,Bank Transfer,2026-02-08 08:57:04,772.28
6177,6177,Cash,2025-04-12 13:31:59,2032.62
6178,6178,Bank Transfer,2025-05-16 20:08:06,3372.94
6179,6179,Credit Card,2025-10-11 00:29:43,1652.56
6180,6180,Bank Transfer,2025-05-19 17:44:04,2901.5
6181,6181,Bank Transfer,2026-05-14 11:24:31,217.74
6182,6182,PayPal,2026-06-04 14:29:47,602.46
6183,6183,Bank Transfer,2024-11-10 23:14:39,817.94
6184,6184,PayPal,2025-09-20 04:32:58,326.13
6185,6185,Credit Card,2026-04-26 16:06:40,1432.8
6186,6186,PayPal,2025-09-06 19:45:57,1501.32
6187,6187,Credit Card,2026-07-11 21:19:55,2043.44
6188,6188,Credit Card,2024-10-09 11:03:29,2037.06
6189,6189,Bank Transfer,2025-09-06 20:32:56,1217.84
6190,6190,Cash,2024-12-21 17:44:23,1736.32
6191,6191,Bank Transfer,2025-05-15 11:11:53,539.3
6192,6192,Credit Card,2025-12-24 09:16:49,1942.75
6193,6193,Bank Transfer,2026-02-23 07:24:05,358.2
6194,6194,PayPal,2025-12-31 12:28:21,1206.53
6195,6195,PayPal,2026-04-27 01:36:22,1019.99
6196,6196,PayPal,2026-03-05 09:41:46,2061.31
6197,6197,Credit Card,2026-02-08 08:02:29,5063.95
6198,6198,Credit Card,2026-02-12 23:35:47,1317.28
6199,6199,Bank Transfer,2024-11-01 18:07:31,136.36
6200,6200,Cash,2026-03-01 04:52:29,3343.9
6201,6201,Cash,2025-10-10 03:40:29,244.76
6202,6202,Bank Transfer,2024-11-21 23:12:44,2102.27
6203,6203,Cash,2024-09-16 07:16:38,1796.21
6204,6204,Bank Transfer,2025-03-29 21:54:32,547.78
6205,6205,Cash,2025-07-13 08:53:24,2156.91
6206,6206,Credit Card,2025-01-05 12:29:59,673.8
6207,6207,Bank Transfer,2025-01-14 00:40:27,654.38
6208,6208,PayPal,2025-03-06 16:52:40,1672.97
6209,6209,PayPal,2025-03-06 13:25:24,1849.88
6210,6210,Cash,2025-07-07 09:45:52,553.48
6211,6211,Credit Card,2025-05-25 08:38:09,2093.48
6212,6212,Bank Transfer,2024-11-07 07:49:09,1778.0
6213,6213,Cash,2025-03-24 01:20:43,226.85
6214,6214,Credit Card,2025-06-11 07:11:55,1480.74
6215,6215,Cash,2026-01-28 07:06:25,1544.58
6216,6216,Cash,2025-07-08 03:07:17,1767.12
6217,6217,Bank Transfer,2026-04-30 18:55:50,207.15
6218,6218,Cash,2026-02-16 23:39:07,483.24
6219,6219,Bank Transfer,2026-06-17 03:10:24,1505.96
6220,6220,PayPal,2025-01-12 19:09:19,1205.96
6221,6221,PayPal,2026-03-25 09:30:12,838.68
6222,6222,Bank Transfer,2026-01-21 16:09:40,2723.0
6223,6223,Credit Card,2024-10-13 12:29:27,2640.32
6224,6224,Bank Transfer,2025-07-02 21:32:48,922.06
6225,6225,Credit Card,2026-01-22 09:15:01,3180.29
6226,6226,Cash,2026-04-24 18:25:43,2591.34
6227,6227,PayPal,2025-11-18 02:13:51,2988.96
6228,6228,Credit Card,2025-02-27 05:25:55,1713.73
6229,6229,Bank Transfer,2025-02-25 04:25:16,2303.83
6230,6230,PayPal,2026-04-03 06:06:53,2716.84
6231,6231,PayPal,2025-10-19 11:11:50,1824.33
6232,6232,Cash,2024-10-04 17:38:38,3640.24
6233,6233,Credit Card,2024-09-21 07:29:33,405.0
6234,6234,PayPal,2025-02-04 14:12:26,151.35
6235,6235,Cash,2024-11-17 16:40:12,2232.49
6236,6236,PayPal,2026-05-26 22:13:40,1792.95
6237,6237,PayPal,2025-03-25 05:06:54,3438.7
6238,6238,Cash,2026-04-17 22:52:49,2188.88
6239,6239,PayPal,2025-10-29 13:42:55,4498.37
6240,6240,Bank Transfer,2025-01-11 02:14:49,2015.41
6241,6241,Bank Transfer,2025-12-05 18:43:21,1277.66
6242,6242,PayPal,2024-11-20 19:03:02,3713.54
6243,6243,Credit Card,2026-05-26 03:12:40,585.93
6244,6244,PayPal,2024-09-25 12:16:40,158.56
6245,6245,PayPal,2025-07-15 04:17:35,371.11
6246,6246,Credit Card,2024-10-20 11:28:44,2719.03
6247,6247,Credit Card,2025-04-22 12:42:37,3774.0
6248,6248,Cash,2026-02-27 12:58:53,83.04
6249,6249,Cash,2026-03-13 14:05:31,1194.11
6250,6250,Credit Card,2025-08-23 03:30:30,331.72
6251,6251,Credit Card,2025-05-11 16:52:41,1922.88
6252,6252,Credit Card,2025-04-12 22:30:59,5073.48
6253,6253,Credit Card,2026-01-28 09:56:32,982.79
6254,6254,Bank Transfer,2025-11-21 14:46:23,560.75
6255,6255,PayPal,2025-05-19 01:06:46,365.63
6256,6256,Bank Transfer,2025-09-19 06:19:47,1409.31
6257,6257,Cash,2025-12-26 21:05:35,1026.15
6258,6258,Cash,2024-11-06 00:30:19,782.68
6259,6259,Cash,2026-05-26 13:08:38,1299.0
6260,6260,Bank Transfer,2025-03-25 14:36:33,1092.67
6261,6261,Cash,2026-01-23 08:43:03,2638.6
6262,6262,Bank Transfer,2026-04-22 19:03:07,1235.59
6263,6263,Bank Transfer,2026-05-27 11:21:54,2823.38
6264,6264,Bank Transfer,2024-11-10 05:09:41,3006.39
6265,6265,Credit Card,2024-08-13 15:10:17,1817.17
6266,6266,Credit Card,2025-08-21 05:39:27,633.77
6267,6267,Cash,2025-12-30 19:23:47,2165.26
6268,6268,Credit Card,2026-02-07 14:17:00,1892.42
6269,6269,Bank Transfer,2026-07-29 01:59:39,880.2
6270,6270,PayPal,2024-11-03 16:13:50,653.64
6271,6271,Cash,2025-05-25 14:11:36,651.06
6272,6272,Credit Card,2025-10-27 09:57:49,1260.79
6273,6273,Credit Card,2025-10-06 08:08:08,2223.15
6274,6274,Cash,2025-03-30 09:11:41,719.59
6275,6275,Credit Card,2025-12-24 05:11:16,1071.24
6276,6276,Credit Card,2026-04-13 10:29:35,564.56
6277,6277,PayPal,2025-12-11 18:33:16,824.66
6278,6278,Bank Transfer,2025-12-06 06:49:54,1799.06
6279,6279,Cash,2024-12-24 17:14:14,3002.06
6280,6280,Bank Transfer,2025-04-17 19:21:01,852.48
6281,6281,Bank Transfer,2026-02-17 16:04:54,1002.08
6282,6282,Credit Card,2026-02-12 10:22:15,712.5
6283,6283,PayPal,2024-12-22 03:29:32,990.95
6284,6284,Credit Card,2026-08-06 11:59:26,3236.23
6285,6285,Credit Card,2025-09-09 19:47:06,2688.33
6286,6286,Credit Card,2025-10-12 08:19:37,343.71
6287,6287,Bank Transfer,2025-01-22 11:10:36,2834.15
6288,6288,Bank Transfer,2025-10-28 13:16:03,2985.01
6289,6289,Credit Card,2024-10-24 09:55:12,613.04
6290,6290,PayPal,2025-10-26 16:25:14,2961.08
6291,6291,Cash,2025-02-23 03:38:37,4012.36
6292,6292,PayPal,2024-09-28 20:43:38,303.74
6293,6293,Cash,2025-11-17 10:50:06,1172.59
6294,6294,Credit Card,2024-12-06 03:43:32,1132.38
6295,6295,Credit Card,2026-05-10 14:06:33,299.54
6296,6296,Credit Card,2024-11-12 11:31:55,2511.12
6297,6297,Credit Card,2025-04-06 00:12:35,3424.21
6298,6298,Credit Card,2025-01-26 23:06:11,1853.17
6299,6299,Credit Card,2025-08-12 19:16:38,5157.86
6300,6300,Cash,2024-08-23 16:47:25,369.19
6301,6301,Cash,2025-05-05 04:00:20,4795.31
6302,6302,Credit Card,2026-03-04 10:50:42,3410.0
6303,6303,PayPal,2026-01-20 23:35:42,1231.48
6304,6304,PayPal,2025-10-20 18:54:22,1127.15
6305,6305,Bank Transfer,2025-12-10 03:06:41,1999.12
6306,6306,PayPal,2025-08-11 06:28:39,2285.91
6307,6307,Credit Card,2025-02-19 13:15:34,2213.25
6308,6308,PayPal,2024-08-19 09:47:30,2742.97
6309,6309,Bank Transfer,2026-03-01 19:39:54,4243.63
6310,6310,Credit Card,2024-10-29 08:04:39,1328.02
6311,6311,PayPal,2024-11-12 20:38:46,991.31
6312,6312,PayPal,2026-06-19 18:42:30,674.96
6313,6313,PayPal,2026-05-21 20:15:01,3983.89
6314,6314,Credit Card,2026-07-26 14:38:26,1863.44
6315,6315,Cash,2025-03-12 22:10:13,1661.75
6316,6316,Cash,2025-02-11 10:52:44,3562.73
6317,6317,Credit Card,2025-08-29 09:09:33,2229.72
6318,6318,PayPal,2025-03-25 04:44:38,1262.02
6319,6319,Credit Card,2024-10-22 10:40:15,803.68
6320,6320,PayPal,2024-11-04 13:21:15,1656.13
6321,6321,PayPal,2024-08-22 14:10:47,2863.46
6322,6322,Bank Transfer,2026-06-27 13:32:15,459.36
6323,6323,Bank Transfer,2025-04-02 10:37:02,917.18
6324,6324,PayPal,2026-02-21 19:43:51,218.88
6325,6325,Cash,2025-12-20 19:48:49,1077.42
6326,6326,Credit Card,2025-08-30 00:55:27,1086.7
6327,6327,Bank Transfer,2025-03-18 00:39:37,1595.39
6328,6328,PayPal,2025-07-28 22:19:00,3084.57
6329,6329,Cash,2025-04-30 20:07:52,2911.04
6330,6330,Cash,2024-11-19 20:18:47,1016.13
6331,6331,Cash,2026-06-17 22:21:02,1712.38
6332,6332,Cash,2025-08-24 14:56:12,157.56
6333,6333,Cash,2024-08-22 09:11:38,1137.4
6334,6334,Bank Transfer,2024-11-06 00:15:01,2612.47
6335,6335,Credit Card,2025-08-04 14:14:01,1195.41
6336,6336,PayPal,2026-05-08 00:37:41,3800.82
6337,6337,Bank Transfer,2026-05-14 04:12:36,1203.51
6338,6338,Credit Card,2026-07-28 01:10:46,2165.62
6339,6339,Credit Card,2025-03-30 13:10:21,3144.74
6340,6340,Credit Card,2025-06-16 04:15:43,120.23
6341,6341,PayPal,2026-01-02 19:36:50,2719.01
6342,6342,Cash,2024-12-26 05:46:54,1871.69
6343,6343,Credit Card,2025-07-17 21:51:37,1886.41
6344,6344,Cash,2024-11-09 00:04:03,1274.53
6345,6345,Cash,2026-01-08 15:28:41,2127.65
6346,6346,Bank Transfer,2024-08-08 10:22:29,2398.68
6347,6347,PayPal,2025-08-24 05:12:02,452.31
6348,6348,Credit Card,2026-06-09 14:44:36,2622.61
6349,6349,Cash,2024-10-11 11:04:27,1375.78
6350,6350,Credit Card,2026-02-02 00:59:30,959.88
6351,6351,PayPal,2026-04-13 02:30:42,2188.8
6352,6352,PayPal,2024-11-29 06:56:21,1826.74
6353,6353,Cash,2024-10-02 09:00:39,4586.75
6354,6354,PayPal,2025-12-12 09:56:10,3958.53
6355,6355,Credit Card,2026-01-15 17:24:58,1695.49
6356,6356,PayPal,2024-11-07 08:15:38,1113.89
6357,6357,Cash,2026-08-03 01:12:06,417.0
6358,6358,Bank Transfer,2025-07-03 21:41:31,499.23
6359,6359,Cash,2026-04-12 00:29:31,1008.59
6360,6360,Cash,2024-09-03 18:20:14,1070.65
6361,6361,Bank Transfer,2026-07-07 21:55:49,1431.12
6362,6362,Cash,2024-12-11 03:30:32,2106.68
6363,6363,Bank Transfer,2025-01-10 23:04:19,1784.98
6364,6364,Cash,2026-01-07 02:34:00,1728.69
6365,6365,Bank Transfer,2025-05-01 08:58:48,231.04
6366,6366,PayPal,2025-12-08 05:43:28,2811.93
6367,6367,Bank Transfer,2025-12-07 09:22:24,1010.92
6368,6368,Bank Transfer,2025-08-21 10:29:45,1324.73
6369,6369,Bank Transfer,2025-03-31 17:51:20,611.89
6370,6370,Credit Card,2026-07-04 05:14:00,2053.64
6371,6371,Cash,2025-09-13 00:52:27,954.4
6372,6372,Bank Transfer,2025-08-25 17:01:49,1080.18
6373,6373,Credit Card,2026-03-06 07:38:53,3659.92
6374,6374,Bank Transfer,2025-11-18 19:31:12,4709.62
6375,6375,PayPal,2024-11-09 20:08:49,2530.38
6376,6376,Credit Card,2026-04-18 07:00:52,4267.12
6377,6377,PayPal,2025-09-03 14:54:32,2367.32
6378,6378,Cash,2024-11-27 07:43:58,1706.4
6379,6379,Bank Transfer,2025-08-15 19:39:34,337.08
6380,6380,Bank Transfer,2024-12-02 19:53:53,1945.41
6381,6381,Credit Card,2026-04-20 17:43:26,559.06
6382,6382,Cash,2025-07-09 05:14:07,2945.25
6383,6383,Cash,2025-11-18 19:34:29,2315.58
6384,6384,Credit Card,2025-09-18 23:13:06,860.58
6385,6385,PayPal,2025-11-10 16:24:06,73.58
6386,6386,Credit Card,2026-02-11 23:45:04,2963.53
6387,6387,Credit Card,2025-04-30 08:18:19,773.16
6388,6388,Credit Card,2025-03-27 10:21:23,673.4
6389,6389,Bank Transfer,2025-10-22 22:15:36,715.28
6390,6390,Cash,2026-06-04 07:55:23,2261.3
6391,6391,PayPal,2025-12-23 17:32:41,249.72
6392,6392,Cash,2026-07-26 01:06:02,2423.41
6393,6393,PayPal,2025-04-19 17:05:56,868.77
6394,6394,Cash,2024-10-29 05:13:26,1611.75
6395,6395,Bank Transfer,2024-08-23 11:13:46,735.18
6396,6396,Bank Transfer,2024-09-24 17:24:05,423.34
6397,6397,Credit Card,2025-08-08 00:23:03,1539.62
6398,6398,PayPal,2026-07-05 21:56:49,2453.69
6399,6399,Bank Transfer,2024-11-22 08:37:55,2200.12
6400,6400,Credit Card,2025-10-16 16:37:03,2213.9
6401,6401,PayPal,2024-09-25 13:14:11,667.61
6402,6402,Credit Card,2025-06-12 16:33:47,3501.41
6403,6403,Cash,2025-03-23 13:22:07,1601.37
6404,6404,PayPal,2025-07-06 05:14:39,1752.01
6405,6405,Cash,2026-04-07 16:01:24,213.67
6406,6406,Bank Transfer,2024-09-18 20:59:12,2020.74
6407,6407,PayPal,2025-10-16 00:09:59,125.28
6408,6408,Cash,2026-06-10 02:42:24,2646.01
6409,6409,Credit Card,2025-04-01 22:18:38,1600.1
6410,6410,Cash,2024-11-04 08:57:36,2600.98
6411,6411,Bank Transfer,2025-11-07 15:25:11,763.1
6412,6412,PayPal,2024-11-11 08:48:57,931.5
6413,6413,PayPal,2025-07-30 01:55:10,915.9
6414,6414,PayPal,2025-05-17 13:42:03,3741.47
6415,6415,Cash,2024-10-17 23:37:13,854.17
6416,6416,Cash,2025-04-14 23:13:02,1442.44
6417,6417,Credit Card,2026-05-21 18:59:04,571.68
6418,6418,Credit Card,2026-03-18 05:19:08,1500.34
6419,6419,Bank Transfer,2025-07-09 08:06:18,2174.29
6420,6420,Cash,2024-11-10 14:37:32,2350.8
6421,6421,Cash,2025-09-04 08:04:10,2774.45
6422,6422,PayPal,2025-04-12 01:04:44,2152.94
6423,6423,Cash,2025-06-02 12:39:56,1164.29
6424,6424,Credit Card,2024-10-28 17:18:11,1100.07
6425,6425,Credit Card,2024-10-14 12:23:50,2721.26
6426,6426,PayPal,2025-06-06 05:43:53,1526.25
6427,6427,PayPal,2025-09-20 15:22:13,3675.02
6428,6428,PayPal,2025-12-05 05:45:30,2046.94
6429,6429,Credit Card,2026-04-18 02:47:48,3255.74
6430,6430,Cash,2025-05-23 03:14:59,1076.68
6431,6431,PayPal,2024-10-22 06:29:52,1786.89
6432,6432,Cash,2025-03-26 16:30:22,1663.74
6433,6433,Bank Transfer,2024-10-10 21:28:13,2290.89
6434,6434,Cash,2026-04-29 05:08:57,4581.16
6435,6435,PayPal,2025-07-06 17:58:41,2161.84
6436,6436,Bank Transfer,2024-08-18 14:57:07,4107.71
6437,6437,PayPal,2026-03-14 03:03:16,453.89
6438,6438,PayPal,2026-06-10 01:57:58,2103.23
6439,6439,Bank Transfer,2025-12-11 03:06:23,460.75
6440,6440,PayPal,2024-10-18 18:10:50,702.13
6441,6441,Cash,2025-05-18 15:54:00,2500.59
6442,6442,Bank Transfer,2026-01-08 11:26:58,11.68
6443,6443,Credit Card,2026-07-01 13:47:37,1800.02
6444,6444,Cash,2024-09-24 08:35:24,860.81
6445,6445,PayPal,2025-06-10 20:02:33,2335.21
6446,6446,Credit Card,2025-06-23 21:30:26,1246.68
6447,6447,Bank Transfer,2025-09-27 08:03:50,2055.23
6448,6448,Bank Transfer,2026-01-13 11:10:33,1280.88
6449,6449,Cash,2025-11-14 16:45:08,921.64
6450,6450,Bank Transfer,2026-07-31 16:23:11,92.06
6451,6451,Credit Card,2025-06-20 10:11:38,3125.72
6452,6452,PayPal,2024-12-15 22:54:57,1129.47
6453,6453,Bank Transfer,2024-11-24 15:40:53,1269.33
6454,6454,Cash,2025-04-15 10:15:25,462.02
6455,6455,Credit Card,2025-07-29 08:05:48,1635.08
6456,6456,Cash,2025-12-02 14:55:09,975.65
6457,6457,PayPal,2026-07-14 08:13:58,1372.41
6458,6458,Credit Card,2024-12-11 12:17:57,779.63
6459,6459,Credit Card,2026-04-30 00:42:21,879.65
6460,6460,Cash,2024-12-14 19:33:05,2529.7
6461,6461,Bank Transfer,2025-06-01 07:52:10,1856.16
6462,6462,Credit Card,2025-11-05 23:29:52,917.11
6463,6463,PayPal,2025-10-17 09:15:02,360.61
6464,6464,Bank Transfer,2025-10-26 15:06:07,4547.7
6465,6465,Cash,2025-12-22 06:43:38,2279.9
6466,6466,Bank Transfer,2025-06-04 07:03:22,2678.97
6467,6467,Credit Card,2025-04-28 05:46:05,2313.72
6468,6468,Credit Card,2025-11-15 09:19:52,2972.01
6469,6469,Cash,2026-07-25 20:23:23,4490.4
6470,6470,PayPal,2026-02-27 10:58:41,1418.27
6471,6471,Credit Card,2025-09-29 20:24:58,1770.97
6472,6472,Cash,2025-12-12 10:08:14,839.43
6473,6473,Credit Card,2026-07-29 03:12:41,2361.76
6474,6474,Cash,2026-01-05 07:08:29,3721.93
6475,6475,Bank Transfer,2026-04-08 08:22:17,285.84
6476,6476,Credit Card,2025-06-09 02:14:04,3130.04
6477,6477,Bank Transfer,2025-03-03 22:59:03,2289.6
6478,6478,Cash,2025-10-31 18:19:05,2090.69
6479,6479,PayPal,2026-02-24 11:44:57,2833.8
6480,6480,PayPal,2025-01-28 04:44:58,2450.89
6481,6481,PayPal,2025-12-16 10:17:00,3740.8
6482,6482,Cash,2025-04-26 10:59:26,1282.86
6483,6483,Bank Transfer,2025-12-03 08:19:45,2226.67
6484,6484,Cash,2026-01-29 23:53:25,4009.7
6485,6485,Credit Card,2026-05-25 10:18:19,2760.49
6486,6486,PayPal,2026-06-10 10:02:04,817.68
6487,6487,Cash,2025-10-13 06:30:41,3874.15
6488,6488,Cash,2024-09-29 22:51:28,1411.35
6489,6489,Credit Card,2025-08-31 07:32:32,855.61
6490,6490,Bank Transfer,2025-08-31 13:10:07,537.12
6491,6491,Credit Card,2026-06-09 05:43:42,1175.4
6492,6492,Credit Card,2025-01-23 18:52:53,3582.73
6493,6493,Bank Transfer,2025-01-16 01:14:57,2458.06
6494,6494,PayPal,2025-08-18 01:01:36,2974.15
6495,6495,PayPal,2026-04-17 20:38:04,811.34
6496,6496,Cash,2026-03-17 16:44:18,1966.45
6497,6497,Bank Transfer,2024-11-05 23:14:30,1746.09
6498,6498,Bank Transfer,2024-12-01 15:59:34,2935.81
6499,6499,Bank Transfer,2025-04-26 03:36:52,492.73
6500,6500,Bank Transfer,2024-09-17 11:34:45,1716.73
6501,6501,PayPal,2025-10-31 08:28:52,1450.95
6502,6502,Bank Transfer,2024-12-29 23:15:40,3651.51
6503,6503,Bank Transfer,2025-09-10 04:14:06,2155.79
6504,6504,Bank Transfer,2026-06-15 05:56:13,2735.05
6505,6505,PayPal,2025-06-10 18:07:59,1073.26
6506,6506,Credit Card,2025-07-19 16:02:04,1632.16
6507,6507,Credit Card,2025-06-26 09:30:56,214.88
6508,6508,PayPal,2026-07-03 10:44:25,3622.18
6509,6509,Bank Transfer,2025-01-12 03:41:37,3245.08
6510,6510,Cash,2024-08-17 01:38:16,1861.78
6511,6511,Cash,2026-05-18 08:44:19,1014.06
6512,6512,Bank Transfer,2026-04-15 04:47:04,3667.96
6513,6513,Cash,2026-07-10 17:04:29,3372.4
6514,6514,PayPal,2025-08-11 23:52:31,1517.09
6515,6515,Bank Transfer,2025-10-27 12:54:21,1441.02
6516,6516,Cash,2025-09-10 06:31:48,1611.67
6517,6517,Credit Card,2026-04-20 03:43:56,143.7
6518,6518,Bank Transfer,2025-01-27 17:38:55,4377.94
6519,6519,Cash,2024-11-07 19:14:01,6459.38
6520,6520,PayPal,2024-12-11 09:13:19,486.18
6521,6521,Bank Transfer,2024-08-19 10:37:08,2388.66
6522,6522,Cash,2025-11-10 22:33:22,1370.65
6523,6523,PayPal,2026-03-11 15:30:57,3639.56
6524,6524,PayPal,2026-05-26 13:00:42,1772.75
6525,6525,Bank Transfer,2025-09-07 02:10:40,2475.24
6526,6526,Credit Card,2025-12-08 23:30:03,4338.1
6527,6527,Bank Transfer,2025-07-01 12:48:33,1914.23
6528,6528,Cash,2025-04-29 22:12:21,2251.12
6529,6529,Credit Card,2024-08-18 12:36:13,4105.8
6530,6530,PayPal,2026-06-29 19:44:09,1326.94
6531,6531,Credit Card,2025-06-25 10:48:50,456.48
6532,6532,Credit Card,2024-12-09 18:49:08,1535.72
6533,6533,PayPal,2025-11-21 20:30:45,1211.07
6534,6534,Cash,2025-08-28 21:36:39,2029.1
6535,6535,Bank Transfer,2025-09-19 21:13:28,2344.64
6536,6536,Credit Card,2025-10-20 03:10:34,1388.73
6537,6537,Bank Transfer,2026-04-08 17:29:05,1396.72
6538,6538,Cash,2025-08-25 18:34:47,1749.62
6539,6539,PayPal,2026-01-10 23:13:28,1914.15
6540,6540,PayPal,2026-01-23 03:18:07,569.58
6541,6541,PayPal,2025-06-23 03:56:56,1288.92
6542,6542,PayPal,2024-12-23 17:48:29,4486.29
6543,6543,PayPal,2025-10-12 15:16:27,1071.76
6544,6544,PayPal,2025-10-08 13:56:31,598.84
6545,6545,Cash,2025-02-25 10:47:12,3588.5
6546,6546,Credit Card,2024-09-24 13:32:13,379.68
6547,6547,Bank Transfer,2026-05-07 19:58:19,3004.26
6548,6548,Credit Card,2025-08-17 02:39:59,2114.9
6549,6549,Credit Card,2025-09-05 21:05:51,1989.29
6550,6550,Cash,2026-07-15 19:02:58,2390.73
6551,6551,Credit Card,2024-11-26 02:18:29,2281.44
6552,6552,Bank Transfer,2024-10-23 04:34:18,1378.53
6553,6553,Bank Transfer,2026-04-18 02:33:23,923.84
6554,6554,Cash,2025-04-21 17:12:49,1562.63
6555,6555,Cash,2024-09-19 03:51:49,505.68
6556,6556,Bank Transfer,2026-07-19 02:38:02,1971.17
6557,6557,Credit Card,2024-11-28 10:50:31,3002.9
6558,6558,Credit Card,2024-09-02 09:16:15,1081.97
6559,6559,PayPal,2026-01-25 05:49:25,2180.99
6560,6560,PayPal,2026-04-05 18:02:56,763.48
6561,6561,PayPal,2025-11-20 17:53:41,741.79
6562,6562,Bank Transfer,2025-02-21 11:43:40,1698.04
6563,6563,PayPal,2025-11-05 05:11:47,4455.49
6564,6564,Cash,2025-01-30 16:41:19,3796.13
6565,6565,Cash,2025-03-09 12:02:17,645.19
6566,6566,Credit Card,2025-03-31 08:47:16,1147.98
6567,6567,Credit Card,2026-07-13 16:25:19,4046.26
6568,6568,PayPal,2026-04-21 09:41:05,946.32
6569,6569,Cash,2025-09-23 06:31:59,751.04
6570,6570,Cash,2024-11-30 13:26:05,4406.05
6571,6571,Bank Transfer,2025-06-18 03:04:17,568.26
6572,6572,PayPal,2024-09-10 16:07:16,190.09
6573,6573,PayPal,2025-04-06 22:59:40,1923.85
6574,6574,Bank Transfer,2026-06-24 07:55:08,849.54
6575,6575,Bank Transfer,2026-06-02 13:33:03,1758.09
6576,6576,PayPal,2024-08-28 14:09:46,4343.59
6577,6577,Cash,2026-02-22 23:10:01,3094.52
6578,6578,Cash,2026-05-03 01:05:16,813.65
6579,6579,PayPal,2024-10-25 19:41:29,2704.62
6580,6580,PayPal,2025-01-06 02:18:54,1136.76
6581,6581,Bank Transfer,2026-04-16 12:28:31,953.96
6582,6582,Cash,2024-09-01 17:00:34,231.91
6583,6583,PayPal,2025-02-04 11:39:47,1311.45
6584,6584,PayPal,2026-07-11 11:30:42,3490.92
6585,6585,Cash,2025-08-11 11:38:13,1467.3
6586,6586,Credit Card,2025-03-16 04:49:18,375.52
6587,6587,Cash,2025-05-13 10:53:30,2395.24
6588,6588,PayPal,2025-12-10 09:42:45,2061.42
6589,6589,Cash,2025-11-06 01:45:25,995.77
6590,6590,Credit Card,2025-01-08 16:04:48,427.49
6591,6591,PayPal,2025-11-18 16:07:52,4146.49
6592,6592,Bank Transfer,2026-02-12 01:04:37,524.68
6593,6593,Cash,2026-06-29 23:45:20,3330.76
6594,6594,Credit Card,2024-11-17 21:06:40,2775.33
6595,6595,Bank Transfer,2025-03-10 19:32:06,1279.0
6596,6596,Cash,2025-03-14 00:59:29,147.16
6597,6597,Cash,2026-04-21 20:38:36,757.72
6598,6598,PayPal,2025-06-07 00:32:39,2905.81
6599,6599,PayPal,2024-10-30 22:27:16,1107.43
6600,6600,Credit Card,2025-09-07 23:22:48,1068.34
6601,6601,Cash,2024-11-07 02:51:59,854.68
6602,6602,Bank Transfer,2025-12-07 19:05:20,2242.35
6603,6603,Cash,2026-07-23 21:59:21,2161.86
6604,6604,Credit Card,2024-09-06 21:53:29,3664.46
6605,6605,PayPal,2024-09-23 08:19:54,2060.8
6606,6606,Bank Transfer,2026-02-17 20:38:54,1303.41
6607,6607,Credit Card,2025-05-07 01:13:12,853.11
6608,6608,PayPal,2024-09-08 04:44:41,2948.62
6609,6609,Cash,2025-01-24 09:53:45,752.02
6610,6610,PayPal,2025-02-09 20:17:19,1257.34
6611,6611,PayPal,2025-08-31 18:01:26,1858.91
6612,6612,Bank Transfer,2024-10-01 11:01:54,3324.6
6613,6613,PayPal,2025-05-26 19:08:08,1615.11
6614,6614,Credit Card,2025-05-26 18:47:35,493.72
6615,6615,Credit Card,2025-02-25 15:40:08,932.7
6616,6616,Credit Card,2025-07-20 15:40:24,1909.56
6617,6617,Credit Card,2025-09-09 11:09:48,2602.67
6618,6618,PayPal,2025-07-28 12:02:39,2672.51
6619,6619,Bank Transfer,2025-12-14 21:49:05,1496.38
6620,6620,PayPal,2025-07-05 01:11:52,64.18
6621,6621,Credit Card,2026-06-08 22:05:53,2621.54
6622,6622,Bank Transfer,2026-02-16 02:30:02,1497.66
6623,6623,Credit Card,2025-08-21 19:15:12,454.05
6624,6624,Credit Card,2025-10-20 01:43:20,964.04
6625,6625,Cash,2025-05-30 17:47:45,244.33
6626,6626,Bank Transfer,2025-07-12 12:26:31,1783.66
6627,6627,PayPal,2025-12-01 06:09:45,2074.38
6628,6628,Bank Transfer,2025-03-21 03:34:52,365.92
6629,6629,Cash,2025-12-22 18:00:14,1085.88
6630,6630,Credit Card,2025-10-09 22:47:20,3187.4
6631,6631,Credit Card,2026-07-29 15:42:46,2436.24
6632,6632,Bank Transfer,2025-10-08 15:56:20,71.0
6633,6633,PayPal,2025-06-25 03:30:45,2816.4
6634,6634,PayPal,2026-07-16 05:49:34,3192.48
6635,6635,Credit Card,2024-09-05 02:10:14,1090.78
6636,6636,Cash,2025-08-30 11:54:20,1425.5
6637,6637,Bank Transfer,2024-09-08 16:10:43,637.2
6638,6638,Bank Transfer,2024-12-24 09:00:18,1754.42
6639,6639,Bank Transfer,2025-12-31 10:16:36,452.82
6640,6640,Credit Card,2026-06-09 23:16:09,2134.02
6641,6641,PayPal,2025-07-09 16:24:42,1779.1
6642,6642,Cash,2025-04-30 22:29:48,3626.94
6643,6643,Bank Transfer,2025-02-20 01:34:27,651.02
6644,6644,PayPal,2025-12-28 16:19:21,3915.43
6645,6645,PayPal,2024-12-16 07:22:16,1567.52
6646,6646,PayPal,2026-07-26 11:27:18,1161.19
6647,6647,PayPal,2024-10-28 13:28:04,3017.44
6648,6648,PayPal,2025-01-16 21:59:22,2174.84
6649,6649,Cash,2026-01-24 12:41:08,2049.42
6650,6650,Cash,2026-02-26 08:54:29,1210.83
6651,6651,Cash,2026-05-15 09:10:16,438.21
6652,6652,Bank Transfer,2025-03-10 20:33:41,3214.24
6653,6653,PayPal,2024-09-15 04:17:03,988.29
6654,6654,PayPal,2024-08-30 16:20:54,2029.38
6655,6655,Cash,2026-05-23 22:23:05,75.72
6656,6656,PayPal,2026-06-02 17:28:23,632.74
6657,6657,Bank Transfer,2025-12-10 22:02:26,2792.63
6658,6658,PayPal,2024-08-13 19:51:10,1920.23
6659,6659,PayPal,2024-11-26 20:28:01,1438.25
6660,6660,Credit Card,2025-12-14 01:35:53,1474.4
6661,6661,PayPal,2025-10-19 03:17:56,1398.34
6662,6662,Cash,2026-06-13 05:16:20,1354.27
6663,6663,Bank Transfer,2025-02-15 03:16:30,3153.14
6664,6664,Cash,2025-03-26 09:01:08,1110.38
6665,6665,Cash,2025-11-21 20:47:14,764.32
6666,6666,Cash,2025-10-07 03:27:13,2817.69
6667,6667,Bank Transfer,2025-06-09 03:29:49,3628.14
6668,6668,PayPal,2025-10-29 13:45:22,3304.11
6669,6669,Cash,2024-08-24 17:05:27,2349.47
6670,6670,PayPal,2026-01-04 11:09:52,1693.67
6671,6671,PayPal,2026-06-15 11:09:36,1794.55
6672,6672,Cash,2026-07-15 18:47:53,1767.93
6673,6673,PayPal,2026-01-25 01:07:03,2008.23
6674,6674,Credit Card,2024-08-27 03:15:10,4066.51
6675,6675,Credit Card,2024-09-18 10:14:54,1682.49
6676,6676,Cash,2025-05-14 10:02:38,1130.78
6677,6677,PayPal,2026-04-28 08:34:00,1431.95
6678,6678,Credit Card,2026-05-24 16:08:27,1426.97
6679,6679,PayPal,2025-10-08 01:54:20,4162.16
6680,6680,Credit Card,2024-10-24 07:28:17,2508.43
6681,6681,Cash,2026-02-24 19:16:23,3587.75
6682,6682,Cash,2025-09-26 01:26:06,1391.48
6683,6683,PayPal,2025-08-06 08:40:30,1882.51
6684,6684,Bank Transfer,2026-03-30 15:11:29,1181.91
6685,6685,Bank Transfer,2025-01-12 19:50:58,2139.18
6686,6686,Credit Card,2024-12-12 08:22:23,1049.97
6687,6687,Cash,2025-05-02 22:45:41,3629.08
6688,6688,Bank Transfer,2024-08-26 16:25:36,811.1
6689,6689,Bank Transfer,2025-04-01 14:42:18,1484.28
6690,6690,Credit Card,2026-01-31 15:06:09,4657.39
6691,6691,Credit Card,2025-08-25 13:23:02,372.48
6692,6692,PayPal,2025-02-06 23:53:26,1220.28
6693,6693,Credit Card,2025-08-22 00:01:24,985.46
6694,6694,Cash,2026-02-09 06:28:03,152.07
6695,6695,Credit Card,2025-07-29 03:12:15,1278.78
6696,6696,Bank Transfer,2025-05-01 06:07:13,2633.8
6697,6697,Bank Transfer,2026-03-24 00:15:56,274.16
6698,6698,Credit Card,2025-03-03 04:27:56,489.88
6699,6699,PayPal,2025-03-19 05:51:54,478.53
6700,6700,Cash,2025-08-31 02:41:59,172.95
6701,6701,Credit Card,2024-09-25 22:44:27,1819.2
6702,6702,Cash,2024-12-21 05:27:25,1074.6
6703,6703,PayPal,2026-05-28 18:00:20,1439.74
6704,6704,PayPal,2025-07-05 03:31:04,2447.27
6705,6705,PayPal,2024-08-15 20:14:11,1705.81
6706,6706,Cash,2024-11-02 12:51:24,398.64
6707,6707,PayPal,2024-12-23 19:42:54,2330.03
6708,6708,Credit Card,2025-11-21 19:38:46,1852.16
6709,6709,Cash,2024-08-29 07:06:37,2541.49
6710,6710,PayPal,2026-06-14 02:41:37,4130.28
6711,6711,Credit Card,2025-07-23 15:36:42,2837.7
6712,6712,Credit Card,2025-11-18 22:44:48,2337.31
6713,6713,PayPal,2025-09-06 03:04:16,643.49
6714,6714,Cash,2025-03-27 10:13:36,2225.06
6715,6715,Credit Card,2024-11-28 16:30:16,1392.4
6716,6716,Cash,2025-08-30 01:14:04,1096.89
6717,6717,Bank Transfer,2024-09-04 18:25:13,483.48
6718,6718,Credit Card,2025-05-03 18:50:03,2075.55
6719,6719,Bank Transfer,2026-02-11 10:08:09,962.18
6720,6720,Credit Card,2025-07-12 19:09:20,113.23
6721,6721,PayPal,2026-05-27 21:12:12,4013.03
6722,6722,Cash,2026-05-28 03:54:58,2649.37
6723,6723,Cash,2025-03-15 11:02:56,3277.83
6724,6724,Credit Card,2024-09-19 18:17:12,2097.81
6725,6725,Cash,2025-09-23 05:05:12,1000.27
6726,6726,Cash,2025-02-17 18:56:06,2521.5
6727,6727,Credit Card,2024-11-27 20:18:53,476.68
6728,6728,Bank Transfer,2024-09-01 11:58:46,2602.86
6729,6729,PayPal,2025-07-07 10:33:48,4575.89
6730,6730,PayPal,2025-12-02 13:13:45,29.28
6731,6731,Credit Card,2026-02-11 00:31:12,741.34
6732,6732,Credit Card,2026-05-02 06:39:50,1091.67
6733,6733,Bank Transfer,2026-02-04 01:29:39,1799.25
6734,6734,Cash,2024-10-07 17:03:19,277.92
6735,6735,Cash,2024-08-28 01:49:50,2211.25
6736,6736,Credit Card,2025-03-02 05:52:49,2025.46
6737,6737,PayPal,2026-04-05 20:36:27,2046.46
6738,6738,Cash,2025-05-26 13:17:28,3895.68
6739,6739,Cash,2025-06-18 04:36:02,722.66
6740,6740,Credit Card,2024-12-01 01:09:17,1701.62
6741,6741,Bank Transfer,2026-01-05 10:41:54,3178.98
6742,6742,Bank Transfer,2025-02-07 16:12:13,2439.65
6743,6743,Bank Transfer,2025-11-13 14:04:03,2429.53
6744,6744,PayPal,2024-08-19 06:23:47,2523.69
6745,6745,Credit Card,2025-09-08 23:08:29,557.7
6746,6746,Cash,2025-08-03 04:57:51,441.77
6747,6747,Credit Card,2026-06-14 17:05:51,3445.25
6748,6748,Credit Card,2025-04-29 09:01:35,2791.83
6749,6749,Cash,2025-01-29 06:14:00,1888.16
6750,6750,Cash,2025-12-19 17:01:35,2083.57
6751,6751,Cash,2025-09-26 13:14:19,696.31
6752,6752,PayPal,2026-06-28 08:11:05,337.12
6753,6753,Credit Card,2024-08-31 08:28:14,1783.0
6754,6754,Credit Card,2024-11-04 03:49:58,874.68
6755,6755,Credit Card,2026-04-18 14:47:01,1391.22
6756,6756,PayPal,2026-06-19 15:51:41,929.04
6757,6757,Credit Card,2025-12-07 09:37:12,740.55
6758,6758,Bank Transfer,2026-02-28 18:37:29,3960.46
6759,6759,Bank Transfer,2026-07-25 10:06:08,858.48
6760,6760,Bank Transfer,2025-05-22 20:09:45,4131.88
6761,6761,Bank Transfer,2026-06-15 11:28:00,615.35
6762,6762,Bank Transfer,2026-01-28 10:37:23,2176.69
6763,6763,PayPal,2026-06-15 01:28:53,363.68
6764,6764,Cash,2026-06-18 20:01:48,1013.08
6765,6765,Credit Card,2025-02-18 23:02:12,452.84
6766,6766,Credit Card,2025-01-02 06:29:44,2589.37
6767,6767,Bank Transfer,2026-07-26 20:37:49,1134.5
6768,6768,Credit Card,2025-06-07 02:42:12,3743.72
6769,6769,Credit Card,2026-01-05 04:29:11,2931.45
6770,6770,Credit Card,2025-12-17 22:45:12,3117.32
6771,6771,Credit Card,2025-12-12 04:51:28,2273.06
6772,6772,Credit Card,2026-06-13 05:55:04,1281.78
6773,6773,Bank Transfer,2025-12-15 22:49:41,1124.13
6774,6774,Bank Transfer,2025-11-30 09:21:38,971.8
6775,6775,Credit Card,2025-06-04 15:01:48,1324.8
6776,6776,Bank Transfer,2026-04-23 22:38:21,2006.32
6777,6777,Credit Card,2026-01-31 19:02:07,1470.81
6778,6778,Bank Transfer,2026-07-24 16:10:00,3470.02
6779,6779,Cash,2025-02-26 15:27:54,629.38
6780,6780,Cash,2025-12-13 22:35:07,2304.25
6781,6781,PayPal,2026-01-02 05:48:55,405.67
6782,6782,Bank Transfer,2025-04-20 18:16:22,2769.29
6783,6783,Credit Card,2026-01-10 13:10:41,3186.72
6784,6784,Cash,2025-09-14 04:14:39,1230.22
6785,6785,Cash,2024-10-18 01:55:57,58.11
6786,6786,Credit Card,2025-04-02 21:49:51,1744.29
6787,6787,PayPal,2025-06-04 04:14:53,929.1
6788,6788,Credit Card,2026-07-12 23:49:30,996.87
6789,6789,PayPal,2025-11-10 01:46:29,128.36
6790,6790,Cash,2025-02-11 16:02:58,2121.94
6791,6791,Bank Transfer,2025-05-28 06:17:51,625.13
6792,6792,Cash,2026-02-06 13:33:14,231.04
6793,6793,Cash,2026-03-31 11:04:29,4151.11
6794,6794,Cash,2025-09-17 23:34:22,1864.92
6795,6795,Bank Transfer,2025-07-31 00:08:44,2380.14
6796,6796,Credit Card,2025-04-19 16:21:01,896.96
6797,6797,Bank Transfer,2026-01-16 19:08:29,865.69
6798,6798,Cash,2024-11-05 06:10:10,632.49
6799,6799,Credit Card,2025-09-13 19:40:13,1476.25
6800,6800,PayPal,2025-10-24 18:53:54,1239.52
6801,6801,Cash,2024-09-12 07:23:35,1384.68
6802,6802,PayPal,2026-03-23 08:05:26,350.11
6803,6803,PayPal,2026-06-30 00:22:58,977.82
6804,6804,Cash,2025-09-19 05:28:36,4202.13
6805,6805,Credit Card,2025-02-01 18:59:46,1224.26
6806,6806,Bank Transfer,2026-07-06 20:01:47,2227.97
6807,6807,PayPal,2025-03-13 10:32:31,579.4
6808,6808,PayPal,2025-08-05 17:47:08,951.2
6809,6809,Cash,2026-05-04 11:26:36,1467.3
6810,6810,Bank Transfer,2025-05-09 03:19:31,1165.22
6811,6811,Bank Transfer,2024-08-28 14:54:15,2345.88
6812,6812,Cash,2025-11-08 12:47:20,1437.25
6813,6813,PayPal,2026-01-10 14:18:48,1438.03
6814,6814,Cash,2025-11-21 07:11:30,312.14
6815,6815,Credit Card,2025-10-12 20:34:52,1246.58
6816,6816,Credit Card,2026-02-03 17:49:09,1755.73
6817,6817,Cash,2025-12-27 14:34:30,2995.68
6818,6818,Credit Card,2025-01-01 11:21:12,1195.26
6819,6819,PayPal,2025-09-26 18:42:18,3519.46
6820,6820,Credit Card,2024-08-17 13:21:30,147.0
6821,6821,PayPal,2026-05-21 00:35:37,2420.21
6822,6822,Bank Transfer,2026-04-11 19:25:09,3583.22
6823,6823,Bank Transfer,2025-02-03 13:33:11,1262.19
6824,6824,Cash,2025-06-09 22:24:53,886.4
6825,6825,Bank Transfer,2026-02-25 04:30:34,2726.11
6826,6826,Bank Transfer,2026-03-17 14:14:38,2687.22
6827,6827,Bank Transfer,2025-06-18 20:28:08,779.9
6828,6828,Bank Transfer,2025-05-24 13:17:45,384.24
6829,6829,Bank Transfer,2026-03-07 02:17:01,2249.14
6830,6830,Credit Card,2025-11-13 10:12:57,1866.23
6831,6831,Cash,2024-10-07 20:11:11,3779.04
6832,6832,Bank Transfer,2025-04-19 14:40:35,1389.11
6833,6833,Credit Card,2024-10-17 21:21:40,5080.83
6834,6834,Cash,2026-06-28 04:29:33,674.49
6835,6835,PayPal,2025-02-09 17:14:10,356.73
6836,6836,Credit Card,2024-11-08 02:58:25,1009.14
6837,6837,Cash,2025-09-08 15:20:20,758.89
6838,6838,Bank Transfer,2025-07-04 22:48:11,431.37
6839,6839,Cash,2026-01-24 08:38:33,1756.05
6840,6840,PayPal,2025-03-21 20:50:57,4700.87
6841,6841,Cash,2026-02-11 21:48:57,2324.95
6842,6842,Bank Transfer,2024-09-07 14:25:53,1369.71
6843,6843,Cash,2025-05-16 20:03:31,3078.01
6844,6844,Bank Transfer,2025-10-12 02:13:18,2952.67
6845,6845,Credit Card,2026-06-14 17:03:11,74.79
6846,6846,PayPal,2025-11-09 09:48:16,2486.61
6847,6847,PayPal,2025-06-01 19:07:36,619.0
6848,6848,Bank Transfer,2026-02-15 10:50:48,234.04
6849,6849,Cash,2025-12-21 07:31:19,3630.34
6850,6850,Credit Card,2024-08-07 00:50:35,1076.16
6851,6851,Credit Card,2024-12-12 07:41:26,1129.61
6852,6852,Cash,2024-11-06 12:57:29,1852.62
6853,6853,Bank Transfer,2025-05-19 01:10:17,446.3
6854,6854,PayPal,2026-06-12 02:18:44,2504.98
6855,6855,Cash,2026-03-29 12:21:45,1415.47
6856,6856,Bank Transfer,2025-04-07 06:23:58,999.64
6857,6857,Cash,2026-01-12 22:23:49,610.6
6858,6858,Cash,2024-08-14 00:03:46,2697.32
6859,6859,Cash,2025-11-07 16:36:28,2607.06
6860,6860,PayPal,2025-02-23 19:31:58,454.93
6861,6861,Credit Card,2025-09-05 00:01:10,688.77
6862,6862,Credit Card,2024-08-15 00:57:52,1408.54
6863,6863,Cash,2026-02-23 11:12:06,633.16
6864,6864,Bank Transfer,2025-02-15 04:35:50,2139.48
6865,6865,Bank Transfer,2024-09-30 01:31:45,2944.25
6866,6866,PayPal,2024-10-27 05:17:51,1995.0
6867,6867,Cash,2025-06-06 08:08:58,2577.05
6868,6868,Cash,2025-09-12 09:28:53,355.14
6869,6869,Cash,2026-03-13 16:52:55,3270.3
6870,6870,Credit Card,2026-04-07 23:55:48,751.74
6871,6871,PayPal,2024-11-14 07:08:04,1231.4
6872,6872,Credit Card,2024-09-18 08:24:16,2018.36
6873,6873,PayPal,2025-04-14 15:39:03,559.06
6874,6874,Credit Card,2025-10-27 03:25:04,556.52
6875,6875,Credit Card,2024-12-15 15:06:58,92.06
6876,6876,Credit Card,2026-03-30 02:18:38,3205.06
6877,6877,Credit Card,2025-12-12 02:50:20,3331.3
6878,6878,Bank Transfer,2025-07-28 04:39:01,2412.5
6879,6879,Bank Transfer,2025-03-10 16:35:29,266.83
6880,6880,Credit Card,2026-07-05 11:56:33,3439.98
6881,6881,Credit Card,2025-01-11 01:19:18,2944.26
6882,6882,Cash,2026-07-29 17:26:49,306.52
6883,6883,PayPal,2025-09-27 02:31:24,367.29
6884,6884,Credit Card,2024-12-24 19:41:17,583.12
6885,6885,PayPal,2026-04-10 18:58:16,1176.42
6886,6886,Bank Transfer,2025-05-06 05:41:19,3569.96
6887,6887,PayPal,2025-03-18 13:36:10,2282.9
6888,6888,PayPal,2025-07-13 16:51:43,4538.55
6889,6889,Credit Card,2024-12-01 07:06:35,2049.86
6890,6890,Cash,2026-05-06 08:21:38,1337.46
6891,6891,PayPal,2025-06-08 21:11:18,2218.29
6892,6892,Credit Card,2026-01-30 11:52:22,107.38
6893,6893,Credit Card,2025-03-30 13:53:37,1220.72
6894,6894,Cash,2026-03-17 08:15:45,2081.7
6895,6895,Cash,2026-06-16 18:49:04,1574.21
6896,6896,Credit Card,2025-03-01 02:33:31,1870.94
6897,6897,Credit Card,2025-01-17 08:45:08,929.64
6898,6898,PayPal,2025-04-23 05:01:13,1094.38
6899,6899,Cash,2025-08-14 16:04:18,1432.8
6900,6900,Credit Card,2024-08-15 02:22:08,5648.72
6901,6901,Cash,2025-11-12 13:02:07,2796.78
6902,6902,PayPal,2026-03-22 07:37:18,589.57
6903,6903,Cash,2024-10-13 03:32:14,1196.83
6904,6904,Bank Transfer,2026-06-18 04:51:10,3751.92
6905,6905,Bank Transfer,2025-03-23 09:01:19,2794.6
6906,6906,Bank Transfer,2025-11-14 07:35:02,2944.26
6907,6907,Credit Card,2026-06-20 21:50:36,1023.54
6908,6908,PayPal,2024-12-01 21:12:53,2706.62
6909,6909,Cash,2026-06-06 01:11:42,259.6
6910,6910,PayPal,2025-02-02 14:46:07,3711.85
6911,6911,Bank Transfer,2026-01-26 14:27:05,809.32
6912,6912,PayPal,2026-05-03 20:23:31,904.57
6913,6913,Credit Card,2026-04-13 09:56:39,1666.2
6914,6914,Credit Card,2026-01-01 08:00:21,3638.93
6915,6915,PayPal,2025-05-29 09:44:59,1493.19
6916,6916,Bank Transfer,2025-06-16 00:31:08,1180.96
6917,6917,PayPal,2024-11-04 03:55:35,1360.41
6918,6918,Cash,2025-11-08 00:04:32,1512.97
6919,6919,Credit Card,2026-07-17 23:36:40,1982.8
6920,6920,Bank Transfer,2025-11-23 00:41:48,1259.64
6921,6921,Cash,2025-11-17 12:29:27,241.01
6922,6922,PayPal,2024-11-19 08:35:50,57.76
6923,6923,Credit Card,2025-04-05 19:05:04,2818.09
6924,6924,PayPal,2026-05-27 12:12:51,394.22
6925,6925,PayPal,2026-03-19 09:36:27,2070.24
6926,6926,PayPal,2024-10-16 18:32:40,391.34
6927,6927,Credit Card,2026-01-21 14:38:45,3198.88
6928,6928,Bank Transfer,2026-02-28 05:06:28,1331.4
6929,6929,Bank Transfer,2024-10-28 02:07:17,3376.43
6930,6930,Bank Transfer,2025-06-03 20:43:07,64.9
6931,6931,Bank Transfer,2026-05-23 05:00:19,1606.8
6932,6932,Bank Transfer,2025-07-17 20:49:54,3193.13
6933,6933,Credit Card,2024-09-26 18:18:03,757.08
6934,6934,PayPal,2026-06-04 17:04:26,620.97
6935,6935,PayPal,2025-07-28 16:34:48,420.3
6936,6936,Cash,2025-08-20 20:51:17,643.67
6937,6937,PayPal,2025-01-23 12:41:58,2184.8
6938,6938,Cash,2026-04-22 04:12:09,2082.62
6939,6939,PayPal,2025-06-15 09:22:08,3244.27
6940,6940,PayPal,2026-04-13 21:25:36,1185.92
6941,6941,Cash,2024-10-31 15:39:01,1276.86
6942,6942,PayPal,2025-01-03 01:10:13,1593.14
6943,6943,Bank Transfer,2026-05-04 17:09:57,1688.7
6944,6944,PayPal,2025-02-06 13:45:37,3067.02
6945,6945,Credit Card,2026-06-03 05:01:53,1178.62
6946,6946,PayPal,2025-01-08 11:42:14,213.15
6947,6947,Cash,2025-01-21 14:49:20,3685.02
6948,6948,PayPal,2024-12-21 20:50:21,1195.78
6949,6949,PayPal,2025-08-21 14:24:10,1085.68
6950,6950,PayPal,2026-01-04 07:28:25,1130.94
6951,6951,Bank Transfer,2024-10-26 22:41:27,2732.51
6952,6952,Cash,2025-03-02 11:47:47,3337.22
6953,6953,PayPal,2026-07-16 22:11:43,1598.5
6954,6954,Cash,2024-12-14 07:40:56,1385.4
6955,6955,Bank Transfer,2025-03-12 07:50:42,1363.85
6956,6956,PayPal,2025-12-06 06:44:02,2127.65
6957,6957,Cash,2026-02-15 13:00:11,4038.01
6958,6958,Credit Card,2026-05-11 07:31:28,2269.87
6959,6959,Credit Card,2024-10-01 01:39:42,1092.47
6960,6960,Credit Card,2025-10-01 14:33:53,1353.86
6961,6961,Cash,2025-01-07 20:28:35,1823.39
6962,6962,Credit Card,2025-08-18 13:45:18,2088.42
6963,6963,Cash,2025-08-28 15:31:55,4354.86
6964,6964,Cash,2025-12-25 02:14:15,2802.57
6965,6965,Bank Transfer,2026-07-02 12:07:51,60.22
6966,6966,Bank Transfer,2025-08-11 21:00:01,1312.29
6967,6967,PayPal,2024-10-30 18:49:31,1461.84
6968,6968,PayPal,2025-05-17 19:57:26,3289.8
6969,6969,Bank Transfer,2026-07-25 16:52:46,1843.08
6970,6970,Bank Transfer,2026-06-28 04:17:47,403.88
6971,6971,Bank Transfer,2025-02-13 20:30:34,1735.72
6972,6972,PayPal,2025-08-06 03:29:31,1087.02
6973,6973,PayPal,2026-05-11 14:25:11,539.44
6974,6974,PayPal,2025-12-13 23:36:13,608.78
6975,6975,PayPal,2025-01-20 18:09:02,1380.16
6976,6976,Bank Transfer,2025-04-12 17:00:27,1169.85
6977,6977,Credit Card,2025-04-22 10:52:09,2496.29
6978,6978,Bank Transfer,2025-03-26 14:04:27,2794.63
6979,6979,Cash,2024-12-03 13:09:44,1762.01
6980,6980,PayPal,2025-07-31 07:05:42,168.45
6981,6981,Credit Card,2024-11-07 08:32:03,979.08
6982,6982,Credit Card,2024-10-21 04:35:52,3170.86
6983,6983,Credit Card,2025-07-06 05:18:21,1280.32
6984,6984,Cash,2024-09-25 22:31:19,1441.07
6985,6985,Bank Transfer,2025-08-11 11:55:16,2057.38
6986,6986,PayPal,2025-10-02 10:36:10,1874.73
6987,6987,Credit Card,2025-01-04 03:53:05,1779.05
6988,6988,Credit Card,2026-06-15 01:35:06,4033.23
6989,6989,Bank Transfer,2025-02-11 18:46:19,3287.43
6990,6990,PayPal,2024-11-08 11:59:35,969.76
6991,6991,Credit Card,2024-09-03 14:32:31,1464.5
6992,6992,Credit Card,2025-07-31 12:29:26,2465.83
6993,6993,Bank Transfer,2024-12-06 08:26:25,2501.54
6994,6994,Cash,2025-04-14 08:28:19,768.29
6995,6995,PayPal,2025-08-25 16:21:32,2914.78
6996,6996,Cash,2025-10-26 19:47:54,1096.89
6997,6997,Bank Transfer,2025-06-27 00:50:50,1642.58
6998,6998,Cash,2025-09-18 14:33:19,3417.9
6999,6999,Cash,2024-12-06 01:22:16,2771.03
7000,7000,Cash,2024-12-09 06:51:51,2280.46
7001,7001,Bank Transfer,2026-01-09 14:37:54,820.74
7002,7002,PayPal,2024-08-16 21:22:37,1149.42
7003,7003,Credit Card,2025-08-14 14:44:04,976.59
7004,7004,Bank Transfer,2024-10-14 10:21:08,2436.71
7005,7005,Credit Card,2025-03-07 04:13:10,117.15
7006,7006,Cash,2025-11-12 14:42:53,997.16
7007,7007,PayPal,2025-06-23 09:39:32,998.57
7008,7008,Bank Transfer,2026-07-18 01:06:06,580.38
7009,7009,Bank Transfer,2026-06-22 06:54:06,325.53
7010,7010,Credit Card,2025-11-18 14:57:08,2755.35
7011,7011,Bank Transfer,2026-05-07 11:05:36,1855.13
7012,7012,Cash,2025-05-28 10:17:43,2192.02
7013,7013,Credit Card,2025-10-15 12:19:40,38.74
7014,7014,Bank Transfer,2025-02-26 18:41:33,3045.97
7015,7015,Bank Transfer,2025-03-03 21:26:55,101.25
7016,7016,Bank Transfer,2025-03-24 10:38:47,1551.97
7017,7017,Cash,2025-11-23 21:35:20,2923.9
7018,7018,Bank Transfer,2026-06-05 21:17:18,732.64
7019,7019,Cash,2025-01-01 14:46:51,569.52
7020,7020,Bank Transfer,2025-06-19 01:29:57,2615.73
7021,7021,PayPal,2025-10-28 17:41:57,3565.61
7022,7022,Credit Card,2025-01-22 15:54:03,1227.37
7023,7023,Credit Card,2026-04-09 16:33:47,2705.3
7024,7024,Bank Transfer,2026-04-14 17:47:50,859.06
7025,7025,Credit Card,2025-11-16 02:33:29,2485.17
7026,7026,Credit Card,2026-03-03 04:42:50,1394.04
7027,7027,Bank Transfer,2025-11-14 14:32:29,504.63
7028,7028,Credit Card,2025-09-05 17:08:22,2721.5
7029,7029,Cash,2025-04-06 20:12:23,1223.39
7030,7030,Cash,2025-04-11 05:45:58,2026.2
7031,7031,PayPal,2026-03-20 15:16:59,870.58
7032,7032,Bank Transfer,2024-12-26 00:14:22,2396.73
7033,7033,Cash,2025-10-13 21:58:47,1772.34
7034,7034,PayPal,2026-04-26 12:21:54,1221.2
7035,7035,Cash,2025-06-03 18:11:43,1481.84
7036,7036,Cash,2025-05-16 06:09:38,1511.81
7037,7037,Cash,2025-08-28 03:33:09,2806.76
7038,7038,PayPal,2025-01-14 23:38:55,4077.25
7039,7039,Cash,2025-08-08 04:05:32,2491.93
7040,7040,Cash,2026-07-11 12:55:57,1545.9
7041,7041,PayPal,2026-06-24 07:11:54,573.79
7042,7042,PayPal,2024-08-15 18:50:43,2383.25
7043,7043,Cash,2024-11-13 09:10:33,2827.6
7044,7044,Credit Card,2024-08-12 21:52:03,1084.39
7045,7045,Bank Transfer,2025-10-31 07:00:20,805.41
7046,7046,Credit Card,2025-02-20 12:39:43,2143.1
7047,7047,Cash,2026-04-09 00:21:44,2227.62
7048,7048,Credit Card,2025-08-04 15:18:03,3422.59
7049,7049,Cash,2024-10-21 04:29:20,2051.17
7050,7050,Cash,2026-03-10 21:38:47,163.64
7051,7051,Cash,2025-05-07 19:09:03,1234.08
7052,7052,PayPal,2026-04-14 23:11:58,549.02
7053,7053,Cash,2026-02-04 07:52:37,2100.21
7054,7054,PayPal,2025-06-17 01:34:49,1081.11
7055,7055,Bank Transfer,2026-06-06 12:06:33,1972.73
7056,7056,PayPal,2025-07-01 12:57:24,3161.85
7057,7057,PayPal,2024-12-04 09:42:44,1507.49
7058,7058,Cash,2025-05-29 06:54:16,3137.32
7059,7059,Credit Card,2024-09-28 23:14:30,3083.04
7060,7060,PayPal,2025-02-03 12:01:29,417.04
7061,7061,Bank Transfer,2026-06-13 05:56:04,4282.87
7062,7062,Bank Transfer,2025-08-20 19:39:37,1666.23
7063,7063,Cash,2025-10-21 18:27:20,286.76
7064,7064,PayPal,2026-07-05 08:21:34,4024.93
7065,7065,Credit Card,2026-01-06 14:04:33,788.78
7066,7066,Cash,2025-08-24 08:25:31,2121.23
7067,7067,Cash,2025-06-19 05:19:19,253.6
7068,7068,Credit Card,2025-10-18 17:37:21,1081.71
7069,7069,PayPal,2026-05-10 10:16:30,468.64
7070,7070,PayPal,2024-10-17 16:55:14,2973.52
7071,7071,Cash,2025-11-28 16:05:39,5377.62
7072,7072,PayPal,2024-09-14 16:51:53,5147.23
7073,7073,Cash,2025-09-02 00:37:49,839.43
7074,7074,Bank Transfer,2026-03-24 06:02:57,1334.44
7075,7075,Bank Transfer,2025-07-13 08:45:57,888.49
7076,7076,PayPal,2025-03-08 17:30:09,2617.95
7077,7077,PayPal,2025-04-27 23:24:20,1999.32
7078,7078,PayPal,2026-07-06 01:22:58,3385.14
7079,7079,PayPal,2025-09-17 00:03:35,555.62
7080,7080,Credit Card,2025-11-26 08:40:20,55.05
7081,7081,Cash,2025-06-28 22:28:09,3069.92
7082,7082,PayPal,2026-05-14 21:56:50,1059.93
7083,7083,Credit Card,2025-09-30 08:58:23,658.86
7084,7084,Credit Card,2024-10-19 19:24:56,2581.14
7085,7085,Cash,2025-10-08 14:43:05,893.23
7086,7086,Cash,2024-10-06 22:55:58,1899.71
7087,7087,PayPal,2024-11-22 13:43:10,206.34
7088,7088,Credit Card,2025-07-26 01:18:32,1800.98
7089,7089,PayPal,2024-08-08 01:45:45,989.25
7090,7090,PayPal,2024-12-22 13:30:00,2569.8
7091,7091,Cash,2024-10-03 01:47:07,4243.56
7092,7092,Credit Card,2025-10-26 11:27:57,1836.05
7093,7093,Credit Card,2024-11-10 13:49:08,405.67
7094,7094,PayPal,2025-12-08 01:39:21,436.16
7095,7095,Cash,2025-02-11 14:19:38,1958.27
7096,7096,PayPal,2024-08-28 22:19:20,1878.6
7097,7097,Bank Transfer,2025-05-25 18:22:39,1674.4
7098,7098,Cash,2024-10-22 01:38:29,2973.92
7099,7099,Bank Transfer,2026-02-20 20:39:46,2233.15
7100,7100,PayPal,2025-09-03 14:03:37,3606.59
7101,7101,PayPal,2025-07-02 09:40:05,1712.86
7102,7102,PayPal,2025-10-29 14:51:10,2403.89
7103,7103,Bank Transfer,2026-02-25 02:41:32,1700.79
7104,7104,Cash,2025-10-10 12:08:33,2101.14
7105,7105,PayPal,2025-03-16 17:21:37,706.68
7106,7106,Cash,2026-07-03 05:43:54,2049.8
7107,7107,Bank Transfer,2025-02-03 02:23:26,2519.62
7108,7108,Credit Card,2024-10-03 05:00:00,1504.14
7109,7109,Cash,2025-04-14 22:19:14,1991.04
7110,7110,Bank Transfer,2026-04-11 04:51:27,2403.67
7111,7111,Credit Card,2026-04-22 06:49:46,2599.74
7112,7112,PayPal,2025-10-30 16:50:29,3255.75
7113,7113,Cash,2024-11-26 22:08:34,280.29
7114,7114,PayPal,2025-05-29 22:04:13,444.68
7115,7115,PayPal,2026-06-26 23:24:47,2975.22
7116,7116,PayPal,2025-10-03 16:19:51,1865.2
7117,7117,Cash,2026-01-08 00:08:48,2604.04
7118,7118,Bank Transfer,2025-03-26 02:57:11,1183.94
7119,7119,Bank Transfer,2025-01-27 18:41:21,1022.48
7120,7120,Bank Transfer,2025-03-04 16:44:16,3592.8
7121,7121,PayPal,2025-03-05 14:55:19,2143.25
7122,7122,Bank Transfer,2025-12-30 23:22:26,431.25
7123,7123,Credit Card,2025-09-12 03:27:38,1005.36
7124,7124,Credit Card,2026-06-04 04:08:16,1258.08
7125,7125,Cash,2024-09-08 04:27:39,2261.76
7126,7126,Cash,2024-10-02 03:11:16,1840.38
7127,7127,Credit Card,2025-10-08 16:49:46,494.9
7128,7128,Bank Transfer,2025-09-29 15:39:21,2944.32
7129,7129,Credit Card,2025-08-03 12:29:45,127.39
7130,7130,Cash,2025-10-01 15:01:22,379.68
7131,7131,Bank Transfer,2025-03-29 08:22:23,1686.91
7132,7132,Bank Transfer,2026-07-12 23:02:31,1087.84
7133,7133,Cash,2025-04-27 17:28:05,2160.89
7134,7134,PayPal,2026-02-17 00:00:07,2689.49
7135,7135,Cash,2025-06-19 18:22:27,3210.14
7136,7136,Bank Transfer,2025-02-12 10:26:39,1980.33
7137,7137,PayPal,2026-01-02 11:33:00,457.89
7138,7138,PayPal,2025-08-21 10:14:01,499.23
7139,7139,Cash,2025-05-02 20:46:45,1759.23
7140,7140,Cash,2026-01-30 02:39:10,1981.12
7141,7141,Cash,2026-01-16 00:05:45,3396.41
7142,7142,Cash,2025-10-29 03:08:25,1453.27
7143,7143,Bank Transfer,2024-10-21 16:25:47,1618.12
7144,7144,Credit Card,2025-04-13 18:49:50,1547.55
7145,7145,Bank Transfer,2024-12-17 16:26:16,1915.28
7146,7146,Cash,2025-09-15 02:53:55,1212.61
7147,7147,Credit Card,2025-01-25 05:21:35,1733.73
7148,7148,PayPal,2025-09-30 00:03:38,2555.73
7149,7149,Bank Transfer,2026-06-11 18:55:51,3837.52
7150,7150,Credit Card,2025-12-15 19:41:32,2107.86
7151,7151,Bank Transfer,2025-09-01 07:08:42,933.51
7152,7152,Credit Card,2025-03-30 15:45:07,1693.2
7153,7153,Credit Card,2024-08-07 22:03:38,3844.88
7154,7154,Bank Transfer,2025-09-18 10:01:30,2360.11
7155,7155,PayPal,2024-11-01 13:12:59,3126.71
7156,7156,Credit Card,2026-07-29 19:35:27,2261.13
7157,7157,PayPal,2024-12-03 11:56:00,2487.03
7158,7158,Cash,2025-11-26 00:56:38,309.51
7159,7159,Cash,2026-07-06 10:32:05,3619.66
7160,7160,Bank Transfer,2025-04-21 07:12:48,322.92
7161,7161,Bank Transfer,2026-05-29 21:33:23,5400.37
7162,7162,Cash,2026-07-06 13:00:42,365.63
7163,7163,Credit Card,2024-12-26 04:05:52,646.45
7164,7164,Cash,2024-10-16 04:16:14,1521.06
7165,7165,PayPal,2025-02-13 01:27:40,1784.63
7166,7166,Cash,2024-09-12 13:54:17,1920.82
7167,7167,Cash,2025-04-01 21:25:46,3789.1
7168,7168,Bank Transfer,2026-05-02 22:27:19,727.08
7169,7169,Cash,2025-07-11 15:03:53,10.02
7170,7170,Credit Card,2026-05-22 20:44:37,3521.46
7171,7171,Cash,2024-11-08 20:06:27,958.24
7172,7172,PayPal,2026-07-27 21:41:06,179.02
7173,7173,Credit Card,2026-02-21 13:56:49,54.42
7174,7174,Credit Card,2025-05-20 15:21:47,2485.05
7175,7175,PayPal,2025-08-30 11:12:45,147.0
7176,7176,Cash,2026-04-11 23:54:32,2764.49
7177,7177,PayPal,2026-02-27 02:57:39,1564.67
7178,7178,Cash,2025-01-01 18:13:04,567.98
7179,7179,PayPal,2024-09-12 14:24:46,4367.16
7180,7180,PayPal,2025-12-16 19:56:01,1610.89
7181,7181,Credit Card,2025-04-18 02:59:36,2735.27
7182,7182,Cash,2026-06-23 11:36:20,2198.07
7183,7183,PayPal,2026-06-27 15:13:29,1209.98
7184,7184,Credit Card,2024-12-14 01:24:28,780.31
7185,7185,Cash,2026-04-24 11:23:06,652.57
7186,7186,PayPal,2024-11-25 13:30:50,367.48
7187,7187,PayPal,2025-01-04 12:57:59,3390.94
7188,7188,Credit Card,2024-09-14 10:24:29,2790.61
7189,7189,PayPal,2026-06-07 18:27:38,4134.81
7190,7190,Credit Card,2025-06-19 19:58:41,1542.92
7191,7191,Credit Card,2025-12-28 09:28:08,1284.13
7192,7192,PayPal,2025-03-02 23:49:05,3827.81
7193,7193,Bank Transfer,2024-12-11 14:16:23,809.82
7194,7194,Credit Card,2025-08-22 05:30:53,162.06
7195,7195,Bank Transfer,2026-03-14 15:49:40,2494.2
7196,7196,Credit Card,2025-07-01 10:09:36,1524.0
7197,7197,Bank Transfer,2025-12-21 21:40:14,1374.18
7198,7198,Cash,2025-12-02 07:26:39,1302.12
7199,7199,Bank Transfer,2024-09-23 04:55:56,2147.48
7200,7200,Bank Transfer,2025-03-05 20:01:33,2166.92
7201,7201,Credit Card,2025-01-11 03:35:12,2491.73
7202,7202,Cash,2026-07-24 14:39:26,2389.01
7203,7203,Credit Card,2024-08-20 12:12:57,274.14
7204,7204,PayPal,2025-07-29 06:13:37,1353.49
7205,7205,Cash,2025-03-21 03:15:06,513.4
7206,7206,Cash,2024-11-05 18:43:14,659.01
7207,7207,Bank Transfer,2024-08-08 21:11:08,412.68
7208,7208,Bank Transfer,2024-08-17 02:40:27,3253.28
7209,7209,Bank Transfer,2024-10-25 01:04:21,948.53
7210,7210,Cash,2024-10-03 01:43:53,1253.07
7211,7211,Cash,2026-04-06 16:26:43,141.14
7212,7212,Cash,2024-10-31 20:31:37,929.64
7213,7213,Cash,2026-02-28 07:09:43,1920.51
7214,7214,Bank Transfer,2025-05-02 03:49:55,117.66
7215,7215,Credit Card,2025-03-04 16:03:55,1862.15
7216,7216,Cash,2024-08-29 08:24:53,1146.06
7217,7217,Cash,2026-07-31 16:27:54,562.8
7218,7218,Cash,2025-09-07 23:43:21,2588.99
7219,7219,Bank Transfer,2026-07-24 18:02:07,482.02
7220,7220,PayPal,2026-07-20 14:36:44,1421.55
7221,7221,Credit Card,2026-07-01 21:23:19,2357.29
7222,7222,Bank Transfer,2026-08-03 02:34:42,3437.58
7223,7223,Bank Transfer,2025-10-02 18:09:27,1708.98
7224,7224,Bank Transfer,2026-04-22 04:54:50,252.4
7225,7225,Cash,2025-12-29 10:16:36,454.44
7226,7226,Cash,2024-09-23 17:44:09,1529.58
7227,7227,Cash,2025-07-26 16:47:12,338.03
7228,7228,Credit Card,2025-07-16 10:03:42,1517.11
7229,7229,Credit Card,2025-10-22 11:11:26,1685.02
7230,7230,Cash,2025-06-20 20:34:24,554.18
7231,7231,Cash,2025-05-15 07:51:37,2929.71
7232,7232,PayPal,2024-08-13 19:31:48,2674.4
7233,7233,Credit Card,2025-05-12 07:54:17,1014.45
7234,7234,Cash,2026-02-15 13:54:20,5.28
7235,7235,Credit Card,2025-09-05 10:46:02,1236.03
7236,7236,Credit Card,2024-11-02 01:19:46,571.52
7237,7237,Credit Card,2026-04-22 19:14:26,1605.86
7238,7238,Bank Transfer,2026-07-03 14:09:15,1538.84
7239,7239,Credit Card,2025-02-14 18:07:21,842.07
7240,7240,Bank Transfer,2025-03-20 07:15:44,142.0
7241,7241,PayPal,2025-11-10 07:54:07,2897.46
7242,7242,PayPal,2026-03-05 07:42:27,1937.41
7243,7243,Credit Card,2026-08-03 22:27:37,1806.46
7244,7244,Bank Transfer,2024-08-07 22:30:38,588.0
7245,7245,PayPal,2024-11-15 09:31:59,1438.98
7246,7246,Cash,2026-02-04 04:52:17,907.78
7247,7247,Bank Transfer,2026-04-29 11:44:12,1189.0
7248,7248,Credit Card,2026-04-02 08:59:59,1542.07
7249,7249,Cash,2024-12-06 09:02:37,1064.34
7250,7250,Cash,2026-07-27 12:34:02,385.66
7251,7251,Cash,2025-05-07 02:27:23,3235.6
7252,7252,Bank Transfer,2025-08-10 22:20:31,1693.77
7253,7253,PayPal,2025-09-04 09:57:06,724.59
7254,7254,Credit Card,2026-04-30 13:50:32,3850.03
7255,7255,Bank Transfer,2025-10-22 08:20:32,1542.72
7256,7256,Credit Card,2025-07-11 19:19:41,2225.75
7257,7257,Bank Transfer,2024-11-12 10:44:04,1465.96
7258,7258,Bank Transfer,2026-01-17 07:16:20,1067.32
7259,7259,PayPal,2026-02-27 00:20:50,2136.34
7260,7260,PayPal,2026-03-13 21:56:55,2054.42
7261,7261,Cash,2025-11-05 19:52:28,1605.99
7262,7262,PayPal,2025-11-11 14:16:15,1789.13
7263,7263,Cash,2026-05-05 09:14:56,2884.88
7264,7264,Cash,2025-09-14 08:05:33,605.38
7265,7265,PayPal,2024-12-26 14:03:54,1521.31
7266,7266,Credit Card,2026-05-06 21:23:13,1815.48
7267,7267,Bank Transfer,2025-07-11 09:23:34,2604.63
7268,7268,PayPal,2024-08-27 09:40:03,75.72
7269,7269,Credit Card,2026-05-12 12:41:47,1822.27
7270,7270,PayPal,2026-04-04 12:18:03,452.92
7271,7271,PayPal,2025-09-13 08:22:39,4011.11
7272,7272,PayPal,2024-08-25 03:54:22,1379.63
7273,7273,PayPal,2026-03-03 14:46:25,622.34
7274,7274,Credit Card,2025-07-22 20:51:02,167.56
7275,7275,Cash,2026-07-20 10:30:44,1942.84
7276,7276,Credit Card,2025-04-04 16:02:28,285.7
7277,7277,PayPal,2025-02-18 21:17:01,1507.64
7278,7278,Bank Transfer,2026-03-18 10:22:16,1964.75
7279,7279,Bank Transfer,2024-10-02 05:15:29,20.04
7280,7280,Cash,2025-05-04 23:19:30,1221.37
7281,7281,Cash,2026-08-04 22:24:30,303.74
7282,7282,Bank Transfer,2025-01-27 22:54:13,958.6
7283,7283,Credit Card,2024-08-24 01:03:16,484.18
7284,7284,PayPal,2025-09-30 17:02:55,1250.86
7285,7285,Cash,2025-08-12 16:33:36,1715.75
7286,7286,Credit Card,2024-12-24 13:48:27,864.48
7287,7287,Cash,2025-06-11 00:28:47,498.51
7288,7288,Bank Transfer,2025-04-24 00:24:49,909.53
7289,7289,Cash,2025-01-29 01:03:55,2230.18
7290,7290,Cash,2025-04-29 04:10:53,1141.53
7291,7291,Bank Transfer,2026-06-08 23:11:36,5030.0
7292,7292,Cash,2026-02-23 22:59:59,686.82
7293,7293,Credit Card,2026-02-09 10:54:37,2600.62
7294,7294,Cash,2026-01-25 00:54:11,460.6
7295,7295,Credit Card,2025-02-12 10:02:40,1134.92
7296,7296,Bank Transfer,2024-12-11 14:37:46,2190.08
7297,7297,Bank Transfer,2025-04-13 13:04:15,4542.11
7298,7298,PayPal,2024-11-13 11:59:20,3061.6
7299,7299,Credit Card,2026-04-11 11:14:59,2779.79
7300,7300,Credit Card,2025-10-22 02:06:33,1294.11
7301,7301,PayPal,2026-03-15 02:36:12,468.21
7302,7302,PayPal,2025-06-13 22:17:25,1401.97
7303,7303,PayPal,2026-02-19 06:04:37,3458.34
7304,7304,Cash,2025-12-16 15:46:57,4184.42
7305,7305,Cash,2024-12-07 05:07:38,884.44
7306,7306,Cash,2026-02-14 17:39:43,2003.38
7307,7307,PayPal,2026-01-27 00:55:21,1409.47
7308,7308,Cash,2026-03-11 08:45:06,1670.68
7309,7309,Credit Card,2026-07-14 09:15:15,1815.56
7310,7310,Credit Card,2025-11-03 07:10:39,1481.09
7311,7311,Cash,2025-09-19 13:33:56,3997.96
7312,7312,Bank Transfer,2026-04-12 10:28:15,989.25
7313,7313,Cash,2024-10-09 08:16:16,470.64
7314,7314,Bank Transfer,2026-01-13 02:13:43,1237.17
7315,7315,Credit Card,2024-09-30 19:00:49,4574.62
7316,7316,Cash,2024-12-25 18:47:25,2094.37
7317,7317,Cash,2026-06-05 13:02:01,1782.34
7318,7318,PayPal,2026-05-14 19:54:54,385.32
7319,7319,Bank Transfer,2026-02-05 03:59:37,373.72
7320,7320,PayPal,2025-06-08 01:39:22,2140.17
7321,7321,PayPal,2025-04-09 07:26:28,2540.8
7322,7322,Credit Card,2026-05-05 08:05:58,3741.6
7323,7323,Credit Card,2024-12-26 14:06:39,1478.45
7324,7324,Cash,2026-01-31 00:12:35,2623.59
7325,7325,Bank Transfer,2024-11-12 02:31:17,1796.42
7326,7326,Cash,2026-01-30 19:35:41,3608.29
7327,7327,Cash,2025-08-12 16:58:59,2095.67
7328,7328,Cash,2024-11-02 20:23:18,971.39
7329,7329,PayPal,2025-01-27 03:31:59,2675.66
7330,7330,Cash,2024-10-16 13:18:08,1364.0
7331,7331,PayPal,2025-09-11 15:26:42,988.34
7332,7332,PayPal,2025-08-13 21:53:53,2322.11
7333,7333,Cash,2024-09-15 14:16:21,2815.38
7334,7334,PayPal,2025-07-12 06:30:14,3433.33
7335,7335,Credit Card,2025-10-29 02:41:09,875.96
7336,7336,Credit Card,2025-06-16 14:40:58,1784.63
7337,7337,Credit Card,2025-07-14 16:23:43,1793.94
7338,7338,Credit Card,2025-11-02 04:13:16,1827.33
7339,7339,Credit Card,2025-05-25 17:27:09,1666.43
7340,7340,Bank Transfer,2025-08-25 06:50:43,551.28
7341,7341,Bank Transfer,2025-08-04 12:14:26,1627.74
7342,7342,Credit Card,2026-04-29 18:28:44,1773.11
7343,7343,Bank Transfer,2025-10-05 10:25:53,1953.09
7344,7344,PayPal,2024-09-02 04:47:15,1107.19
7345,7345,Credit Card,2025-09-23 00:32:51,1680.29
7346,7346,Bank Transfer,2026-02-10 02:50:25,2257.55
7347,7347,Cash,2026-05-21 01:32:42,468.64
7348,7348,Cash,2025-03-24 02:10:39,2683.62
7349,7349,Credit Card,2026-06-14 17:55:22,1835.48
7350,7350,Bank Transfer,2025-03-05 23:46:59,1905.4
7351,7351,Bank Transfer,2025-07-03 16:58:35,715.83
7352,7352,Cash,2024-10-18 06:26:05,120.42
7353,7353,PayPal,2026-05-23 23:14:34,1215.66
7354,7354,Cash,2026-05-12 02:58:41,2466.44
7355,7355,PayPal,2026-03-20 13:48:04,3177.77
7356,7356,PayPal,2025-12-16 19:51:44,3146.87
7357,7357,PayPal,2026-02-13 18:33:45,2824.31
7358,7358,PayPal,2026-03-31 22:41:10,2257.6
7359,7359,Cash,2025-10-27 16:26:32,1362.01
7360,7360,PayPal,2024-12-11 23:25:16,619.47
7361,7361,Bank Transfer,2025-07-11 16:26:24,3134.84
7362,7362,Bank Transfer,2025-10-30 18:57:42,3184.19
7363,7363,Bank Transfer,2025-07-23 23:49:07,877.17
7364,7364,Cash,2025-05-20 02:01:16,744.65
7365,7365,Bank Transfer,2026-02-08 18:43:43,3780.57
7366,7366,PayPal,2026-04-20 16:56:29,847.75
7367,7367,Credit Card,2024-09-13 04:23:11,3266.23
7368,7368,Credit Card,2024-10-28 23:06:53,3043.29
7369,7369,PayPal,2025-03-31 07:34:25,271.13
7370,7370,Cash,2025-06-30 12:31:00,814.26
7371,7371,Cash,2026-05-14 02:08:59,512.32
7372,7372,Cash,2025-06-09 08:43:41,213.85
7373,7373,Credit Card,2025-01-23 02:59:33,284.79
7374,7374,Credit Card,2026-08-02 00:44:22,606.17
7375,7375,Cash,2025-11-24 13:07:23,4973.55
7376,7376,PayPal,2025-07-21 20:26:25,1928.2
7377,7377,Bank Transfer,2024-09-13 00:56:21,1627.79
7378,7378,Bank Transfer,2025-11-25 13:03:42,3358.41
7379,7379,Bank Transfer,2024-08-21 09:46:38,235.19
7380,7380,Credit Card,2026-05-09 11:58:21,989.35
7381,7381,Credit Card,2026-01-03 06:57:11,3716.62
7382,7382,Cash,2025-06-02 05:06:11,1585.04
7383,7383,Bank Transfer,2025-09-19 11:12:04,818.46
7384,7384,Credit Card,2024-10-01 22:10:35,1202.3
7385,7385,Cash,2025-05-12 14:12:51,601.85
7386,7386,Bank Transfer,2025-03-01 15:32:50,1508.99
7387,7387,PayPal,2025-07-15 11:49:42,1316.22
7388,7388,Cash,2026-03-15 11:24:35,2105.04
7389,7389,Credit Card,2026-06-25 10:58:55,1050.39
7390,7390,Bank Transfer,2025-05-30 06:50:18,1746.79
7391,7391,PayPal,2026-02-19 08:45:51,15.84
7392,7392,Credit Card,2026-03-24 11:07:34,5390.77
7393,7393,Credit Card,2026-07-26 02:32:33,902.1
7394,7394,Bank Transfer,2025-12-18 19:05:06,1726.56
7395,7395,Credit Card,2025-07-18 03:43:11,2151.78
7396,7396,Credit Card,2026-04-03 20:02:12,141.12
7397,7397,Cash,2025-10-07 21:19:09,993.15
7398,7398,Cash,2025-01-05 10:09:53,1046.76
7399,7399,Cash,2026-02-19 07:36:55,1047.35
7400,7400,Cash,2026-04-21 18:12:58,708.08
7401,7401,Credit Card,2025-05-16 11:30:14,1076.08
7402,7402,Credit Card,2026-07-18 19:09:36,877.85
7403,7403,Cash,2026-03-15 12:25:29,804.54
7404,7404,PayPal,2025-06-22 20:35:44,2392.82
7405,7405,PayPal,2025-11-29 23:58:58,480.92
7406,7406,Bank Transfer,2024-09-17 06:05:45,4091.7
7407,7407,Credit Card,2025-05-09 22:39:15,1142.08
7408,7408,PayPal,2025-12-29 23:41:08,2392.59
7409,7409,Credit Card,2025-02-19 10:37:04,337.12
7410,7410,Credit Card,2025-09-28 18:19:00,4661.6
7411,7411,Credit Card,2026-01-21 02:13:22,2672.95
7412,7412,Cash,2024-12-08 21:22:29,1177.29
7413,7413,PayPal,2025-01-04 08:06:49,1287.81
7414,7414,PayPal,2026-06-12 01:47:11,764.99
7415,7415,Bank Transfer,2025-07-24 11:27:25,2049.25
7416,7416,Credit Card,2026-03-27 20:49:59,315.76
7417,7417,Cash,2024-08-06 22:06:03,432.43
7418,7418,PayPal,2025-08-09 01:16:38,270.45
7419,7419,PayPal,2025-01-04 03:48:49,584.28
7420,7420,Cash,2026-05-14 22:16:20,601.23
7421,7421,Cash,2026-07-14 10:24:14,2193.52
7422,7422,Credit Card,2025-01-11 18:25:07,1651.83
7423,7423,Cash,2026-04-04 15:24:35,740.47
7424,7424,PayPal,2026-04-14 04:04:48,1237.8
7425,7425,Credit Card,2024-09-17 13:27:12,296.5
7426,7426,PayPal,2024-09-14 05:35:43,2260.01
7427,7427,PayPal,2024-09-23 23:05:46,1340.73
7428,7428,Bank Transfer,2025-02-01 00:33:53,2140.61
7429,7429,Bank Transfer,2026-07-20 22:08:18,2891.85
7430,7430,Bank Transfer,2026-02-10 02:47:05,331.93
7431,7431,Cash,2025-03-20 19:10:10,2898.29
7432,7432,Cash,2024-10-30 21:40:14,1113.68
7433,7433,Credit Card,2025-05-10 01:34:24,2253.61
7434,7434,Credit Card,2026-04-17 19:21:48,4953.36
7435,7435,PayPal,2024-09-12 09:51:51,2634.81
7436,7436,Credit Card,2026-07-13 23:47:53,2172.15
7437,7437,PayPal,2024-09-29 02:04:13,411.21
7438,7438,PayPal,2025-11-25 08:48:04,1124.31
7439,7439,Cash,2024-10-20 10:17:46,326.0
7440,7440,Bank Transfer,2025-07-22 05:42:47,3415.8
7441,7441,Bank Transfer,2025-04-26 15:16:03,3316.71
7442,7442,PayPal,2025-12-17 20:16:08,5014.58
7443,7443,Bank Transfer,2024-08-22 02:34:33,1270.66
7444,7444,Cash,2025-02-09 21:00:52,274.16
7445,7445,Credit Card,2024-09-15 03:21:54,774.18
7446,7446,Credit Card,2026-07-06 06:23:41,1429.05
7447,7447,Credit Card,2025-06-23 05:45:19,3238.32
7448,7448,Cash,2024-09-30 12:10:49,1887.35
7449,7449,Bank Transfer,2026-07-21 02:59:58,2409.78
7450,7450,Cash,2026-03-24 03:10:11,1075.05
7451,7451,Credit Card,2025-08-22 02:55:34,3158.77
7452,7452,Credit Card,2026-03-29 17:57:56,2375.13
7453,7453,PayPal,2026-08-04 14:56:46,31.81
7454,7454,Credit Card,2026-07-09 08:52:46,517.8
7455,7455,Bank Transfer,2025-12-13 22:20:17,2240.44
7456,7456,Bank Transfer,2025-11-14 04:43:53,991.41
7457,7457,Credit Card,2025-12-13 03:05:39,231.33
7458,7458,Bank Transfer,2026-08-02 17:35:02,4272.9
7459,7459,Credit Card,2026-07-18 00:24:52,582.96
7460,7460,PayPal,2025-01-05 03:39:31,1324.1
7461,7461,Credit Card,2026-04-28 20:33:25,1561.93
7462,7462,Bank Transfer,2024-12-21 01:27:11,3179.45
7463,7463,Bank Transfer,2026-07-09 22:04:58,936.53
7464,7464,Credit Card,2026-06-29 09:39:36,1321.32
7465,7465,Credit Card,2026-04-29 19:02:35,1349.28
7466,7466,PayPal,2025-03-18 01:39:46,3119.48
7467,7467,Credit Card,2024-09-24 21:05:35,1023.54
7468,7468,Credit Card,2025-12-09 08:21:29,349.54
7469,7469,PayPal,2024-12-15 18:10:26,1440.36
7470,7470,PayPal,2024-12-09 12:35:35,283.92
7471,7471,PayPal,2026-04-12 14:42:03,3513.95
7472,7472,PayPal,2026-02-19 10:11:20,569.58
7473,7473,Bank Transfer,2025-04-20 18:59:30,742.0
7474,7474,PayPal,2025-08-05 00:32:03,770.68
7475,7475,Bank Transfer,2026-01-09 19:00:56,5206.89
7476,7476,PayPal,2024-09-01 03:13:32,2118.5
7477,7477,Bank Transfer,2024-08-22 17:51:45,1674.04
7478,7478,Cash,2026-04-11 21:56:08,3949.35
7479,7479,PayPal,2026-04-14 10:25:03,1527.88
7480,7480,Bank Transfer,2025-11-11 02:28:36,3355.16
7481,7481,Cash,2025-11-20 15:11:24,1144.04
7482,7482,Cash,2024-10-15 21:12:26,1076.17
7483,7483,Credit Card,2025-10-21 12:51:40,1781.21
7484,7484,Bank Transfer,2025-12-07 10:00:45,1442.44
7485,7485,Bank Transfer,2025-05-25 00:37:28,512.64
7486,7486,Cash,2025-04-03 02:16:30,4588.74
7487,7487,Cash,2025-01-04 19:51:49,639.95
7488,7488,Cash,2025-08-14 14:12:23,965.59
7489,7489,Credit Card,2025-12-27 17:24:01,1467.3
7490,7490,Cash,2025-08-02 08:58:34,824.68
7491,7491,Bank Transfer,2026-03-02 14:38:37,1854.52
7492,7492,Cash,2025-09-12 07:46:27,853.2
7493,7493,PayPal,2024-10-02 00:20:52,4220.01
7494,7494,Credit Card,2025-02-01 21:27:36,980.29
7495,7495,Credit Card,2025-04-21 04:10:36,536.32
7496,7496,Bank Transfer,2025-06-02 13:41:45,1277.69
7497,7497,PayPal,2024-11-05 02:06:30,321.04
7498,7498,PayPal,2025-12-13 19:26:57,3942.66
7499,7499,PayPal,2026-04-12 23:51:21,122.73
7500,7500,Bank Transfer,2024-11-23 18:16:48,563.28
7501,7501,Cash,2026-05-01 21:47:21,2538.07
7502,7502,Cash,2025-09-12 06:50:29,818.42
7503,7503,PayPal,2024-11-18 15:01:25,488.66
7504,7504,Cash,2025-02-28 12:35:42,2421.88
7505,7505,PayPal,2026-07-25 09:46:39,906.28
7506,7506,PayPal,2026-02-10 19:14:30,207.14
7507,7507,Bank Transfer,2024-11-28 12:06:45,453.14
7508,7508,Credit Card,2026-01-12 10:59:33,1159.88
7509,7509,PayPal,2025-04-14 00:48:38,235.19
7510,7510,Bank Transfer,2026-05-10 22:57:38,357.64
7511,7511,Credit Card,2026-05-25 04:29:03,1757.74
7512,7512,Cash,2025-09-24 03:57:05,218.08
7513,7513,Cash,2026-02-19 12:54:34,2434.73
7514,7514,Bank Transfer,2024-11-10 11:10:24,403.18
7515,7515,Cash,2025-11-03 12:38:19,2035.42
7516,7516,Cash,2025-08-16 00:25:43,3207.73
7517,7517,PayPal,2024-11-10 17:00:18,1857.57
7518,7518,Cash,2026-01-18 00:21:02,254.5
7519,7519,Bank Transfer,2026-04-12 04:04:47,2501.4
7520,7520,Credit Card,2026-08-04 22:13:01,1329.8
7521,7521,Cash,2024-10-08 16:58:45,1904.3
7522,7522,Cash,2025-08-11 06:33:50,3916.67
7523,7523,Bank Transfer,2026-01-06 00:01:50,2281.67
7524,7524,Credit Card,2025-05-15 09:35:05,256.72
7525,7525,Credit Card,2024-11-21 15:17:44,2909.13
7526,7526,Bank Transfer,2025-03-19 03:54:15,1764.93
7527,7527,PayPal,2024-09-05 13:40:08,2673.92
7528,7528,Bank Transfer,2026-05-12 08:13:04,360.61
7529,7529,Credit Card,2026-03-12 16:03:33,1744.72
7530,7530,Cash,2026-05-22 00:30:06,40.08
7531,7531,PayPal,2024-10-07 06:16:36,1124.84
7532,7532,Cash,2024-08-14 08:46:36,147.16
7533,7533,Credit Card,2024-12-03 08:22:57,2618.86
7534,7534,Credit Card,2024-12-29 08:46:32,851.72
7535,7535,Credit Card,2025-07-05 15:43:30,1635.87
7536,7536,Bank Transfer,2026-03-02 11:20:42,2526.6
7537,7537,Bank Transfer,2026-05-27 14:28:36,2161.65
7538,7538,PayPal,2026-03-12 15:25:35,166.79
7539,7539,Cash,2026-07-13 08:40:55,1069.31
7540,7540,Credit Card,2026-05-26 17:53:42,1794.16
7541,7541,Bank Transfer,2025-08-07 13:27:33,1623.92
7542,7542,Credit Card,2025-10-27 17:20:50,3589.18
7543,7543,Credit Card,2026-07-24 11:49:09,431.25
7544,7544,Bank Transfer,2025-06-02 15:42:33,3098.8
7545,7545,PayPal,2025-01-17 19:01:14,2026.51
7546,7546,Cash,2025-10-15 12:01:42,1446.16
7547,7547,Bank Transfer,2026-05-08 22:55:20,117.15
7548,7548,PayPal,2026-02-13 17:10:30,906.58
7549,7549,Cash,2025-08-15 10:25:51,1085.68
7550,7550,Cash,2024-11-06 15:40:39,1767.06
7551,7551,Credit Card,2024-12-23 09:44:59,2411.07
7552,7552,Cash,2026-01-09 20:38:41,1786.28
7553,7553,Credit Card,2025-11-16 09:50:47,4762.25
7554,7554,Credit Card,2025-12-23 02:04:07,4228.12
7555,7555,Bank Transfer,2026-07-15 05:42:53,2558.04
7556,7556,Cash,2026-03-13 18:19:08,1830.63
7557,7557,Bank Transfer,2025-01-21 21:59:39,2773.8
7558,7558,Credit Card,2024-09-15 12:42:55,335.12
7559,7559,PayPal,2026-06-30 13:11:45,61.56
7560,7560,Cash,2025-09-05 14:12:26,1370.62
7561,7561,Cash,2025-07-22 02:09:15,1377.39
7562,7562,PayPal,2025-05-05 00:35:22,237.8
7563,7563,PayPal,2026-05-14 04:27:01,168.56
7564,7564,PayPal,2026-05-17 23:21:24,1043.25
7565,7565,PayPal,2026-01-22 23:34:48,234.95
7566,7566,Cash,2025-10-17 22:27:09,3065.47
7567,7567,Bank Transfer,2025-11-23 09:12:37,1463.68
7568,7568,Credit Card,2024-10-17 11:15:44,1240.8
7569,7569,Bank Transfer,2025-04-06 21:17:02,454.12
7570,7570,PayPal,2026-06-06 08:54:44,1133.72
7571,7571,Credit Card,2024-10-11 00:42:41,441.57
7572,7572,Credit Card,2025-06-08 05:48:25,851.45
7573,7573,PayPal,2025-04-30 07:39:23,1080.12
7574,7574,Cash,2026-05-18 05:52:56,1081.83
7575,7575,Cash,2026-03-24 21:27:59,1405.74
7576,7576,Credit Card,2024-09-28 22:29:21,3992.24
7577,7577,Cash,2025-09-20 21:42:05,1718.02
7578,7578,Bank Transfer,2026-06-12 12:28:11,3177.6
7579,7579,Cash,2025-04-22 14:08:43,1733.55
7580,7580,Bank Transfer,2024-09-17 06:16:42,2157.18
7581,7581,Cash,2025-06-22 11:00:37,93.78
7582,7582,Cash,2024-11-29 19:08:12,2937.62
7583,7583,Credit Card,2025-02-21 07:01:01,146.07
7584,7584,Credit Card,2024-10-03 06:49:49,473.69
7585,7585,Credit Card,2025-03-22 12:28:12,2108.42
7586,7586,Cash,2026-05-30 05:22:04,376.49
7587,7587,Bank Transfer,2024-08-22 20:44:55,2173.73
7588,7588,Credit Card,2026-06-20 16:46:08,143.7
7589,7589,Cash,2025-11-05 15:22:06,2400.84
7590,7590,Cash,2026-08-03 09:05:11,1353.02
7591,7591,Credit Card,2025-08-12 17:19:53,1346.86
7592,7592,Bank Transfer,2026-06-07 19:44:11,1781.71
7593,7593,Cash,2024-10-24 23:07:32,2552.74
7594,7594,Bank Transfer,2025-04-18 15:15:59,2470.97
7595,7595,PayPal,2025-03-29 00:32:25,1704.14
7596,7596,Cash,2024-11-09 09:07:03,1390.89
7597,7597,Cash,2025-11-16 23:52:33,940.65
7598,7598,Bank Transfer,2025-11-13 16:51:32,1678.94
7599,7599,PayPal,2026-02-02 01:39:25,953.96
7600,7600,PayPal,2026-06-11 12:07:06,425.86
7601,7601,PayPal,2025-08-21 18:01:45,1120.09
7602,7602,Cash,2026-04-12 07:17:44,4217.04
7603,7603,PayPal,2025-04-05 04:58:12,2602.8
7604,7604,PayPal,2026-07-26 23:10:01,137.07
7605,7605,Bank Transfer,2026-03-15 16:06:26,471.5
7606,7606,Credit Card,2025-10-09 03:44:28,1836.19
7607,7607,Cash,2025-09-14 12:40:45,2728.96
7608,7608,Credit Card,2025-07-18 21:30:50,907.78
7609,7609,Bank Transfer,2024-08-10 07:35:59,848.43
7610,7610,Cash,2026-03-30 06:19:02,1311.1
7611,7611,PayPal,2026-01-18 10:32:09,3215.84
7612,7612,Credit Card,2025-06-23 09:01:44,1401.51
7613,7613,PayPal,2025-05-11 15:45:30,562.8
7614,7614,Credit Card,2024-08-20 19:05:22,4188.27
7615,7615,PayPal,2025-02-05 13:19:58,60.38
7616,7616,Credit Card,2025-09-26 21:10:07,1393.45
7617,7617,Cash,2026-03-18 18:26:35,2663.66
7618,7618,Bank Transfer,2025-12-15 07:18:17,2558.92
7619,7619,Credit Card,2025-12-23 07:56:56,1139.16
7620,7620,Cash,2025-01-29 16:31:23,964.67
7621,7621,Cash,2026-06-07 12:32:22,817.36
7622,7622,Bank Transfer,2024-08-10 14:38:49,2389.86
7623,7623,PayPal,2026-06-15 22:52:21,2743.98
7624,7624,Credit Card,2024-08-21 02:24:57,2063.61
7625,7625,Credit Card,2025-09-03 18:38:45,836.55
7626,7626,Cash,2024-12-26 08:06:49,5480.1
7627,7627,Bank Transfer,2024-10-22 07:54:39,1639.73
7628,7628,PayPal,2026-08-01 21:19:08,784.82
7629,7629,Bank Transfer,2026-05-13 08:43:42,4632.72
7630,7630,Credit Card,2025-07-08 02:11:14,582.59
7631,7631,Bank Transfer,2025-06-04 10:43:54,2611.08
7632,7632,Credit Card,2025-12-19 05:46:23,315.12
7633,7633,Credit Card,2024-12-17 15:15:53,2332.85
7634,7634,Bank Transfer,2025-11-22 11:13:54,3199.09
7635,7635,Credit Card,2025-06-07 07:00:19,2327.57
7636,7636,Cash,2026-03-31 10:56:14,3016.07
7637,7637,PayPal,2025-02-11 20:53:22,3696.9
7638,7638,PayPal,2024-11-15 19:16:21,2227.56
7639,7639,Bank Transfer,2024-08-20 07:11:04,1405.09
7640,7640,Bank Transfer,2026-07-04 10:28:38,787.91
7641,7641,Bank Transfer,2025-09-23 14:34:21,2346.85
7642,7642,PayPal,2025-09-14 09:16:17,1501.72
7643,7643,Cash,2025-03-17 06:16:25,720.28
7644,7644,Cash,2026-05-09 15:18:06,1816.54
7645,7645,Cash,2025-03-17 08:10:21,3426.04
7646,7646,Credit Card,2024-10-16 19:36:13,2250.99
7647,7647,Bank Transfer,2026-02-16 21:22:49,2212.05
7648,7648,Bank Transfer,2026-06-07 14:47:30,1036.7
7649,7649,Bank Transfer,2025-07-15 02:34:35,3439.23
7650,7650,Cash,2026-07-04 20:44:47,1260.51
7651,7651,Cash,2025-03-15 00:39:05,1766.95
7652,7652,Bank Transfer,2026-06-09 12:47:36,3806.02
7653,7653,Bank Transfer,2024-12-07 20:54:40,1816.62
7654,7654,PayPal,2025-09-21 02:24:06,1854.86
7655,7655,Bank Transfer,2026-03-21 01:28:11,1893.4
7656,7656,Cash,2026-02-21 12:55:04,3060.97
7657,7657,PayPal,2024-10-31 21:56:09,153.66
7658,7658,Cash,2024-12-23 23:43:19,1074.6
7659,7659,Cash,2026-04-15 02:06:26,3628.76
7660,7660,Credit Card,2026-05-08 12:32:20,1076.11
7661,7661,Cash,2024-09-16 07:19:42,302.7
7662,7662,Cash,2026-04-10 18:39:46,409.52
7663,7663,Cash,2024-10-03 14:14:31,1115.18
7664,7664,PayPal,2025-04-09 16:46:13,1523.19
7665,7665,Bank Transfer,2025-11-16 18:57:58,726.13
7666,7666,PayPal,2024-12-15 07:48:29,211.71
7667,7667,Bank Transfer,2024-08-21 16:04:44,1081.11
7668,7668,Credit Card,2026-04-14 00:13:38,1919.25
7669,7669,Bank Transfer,2026-04-27 15:51:26,2598.5
7670,7670,PayPal,2025-11-01 14:49:35,3011.12
7671,7671,Cash,2024-11-29 19:17:42,1063.65
7672,7672,Credit Card,2025-04-19 14:20:44,2202.91
7673,7673,Bank Transfer,2025-05-27 05:36:48,1537.88
7674,7674,Cash,2025-02-19 19:37:26,1135.62
7675,7675,PayPal,2025-08-15 19:23:03,624.28
7676,7676,Bank Transfer,2025-07-31 07:45:04,1258.47
7677,7677,Credit Card,2025-05-07 11:05:49,3441.65
7678,7678,PayPal,2026-05-15 09:33:00,756.02
7679,7679,PayPal,2025-11-10 01:57:43,3618.99
7680,7680,Credit Card,2026-02-25 07:36:29,4440.57
7681,7681,PayPal,2026-02-22 18:16:29,1310.13
7682,7682,Bank Transfer,2025-06-27 04:35:33,18.35
7683,7683,Credit Card,2026-02-17 22:22:08,1144.81
7684,7684,PayPal,2025-11-16 02:05:05,3047.01
7685,7685,Cash,2025-06-21 19:45:18,958.6
7686,7686,Credit Card,2025-08-05 16:52:30,4874.38
7687,7687,Credit Card,2025-05-16 23:48:14,1406.1
7688,7688,Cash,2025-09-14 00:04:46,1103.13
7689,7689,PayPal,2025-03-23 11:27:31,1916.18
7690,7690,Credit Card,2025-10-31 07:37:52,2221.16
7691,7691,Credit Card,2026-08-04 08:51:28,214.59
7692,7692,Credit Card,2024-11-30 22:32:25,2399.58
7693,7693,PayPal,2024-11-16 03:19:49,2131.0
7694,7694,Credit Card,2026-05-03 15:52:15,2957.03
7695,7695,Credit Card,2025-11-12 18:07:17,4256.16
7696,7696,Credit Card,2025-02-08 11:53:07,3726.62
7697,7697,Credit Card,2026-01-19 03:44:46,2194.95
7698,7698,Cash,2024-10-21 04:52:59,3625.71
7699,7699,Cash,2024-08-25 05:14:24,203.64
7700,7700,Cash,2025-05-13 03:51:27,24.93
7701,7701,Credit Card,2026-01-30 19:59:30,1404.44
7702,7702,Cash,2026-03-26 18:22:48,824.81
7703,7703,Cash,2026-01-25 14:49:04,2525.28
7704,7704,Cash,2025-08-11 23:42:19,3918.31
7705,7705,Credit Card,2025-05-13 12:53:05,3501.91
7706,7706,Credit Card,2026-05-03 12:25:48,5831.17
7707,7707,Credit Card,2026-06-29 01:31:05,451.36
7708,7708,PayPal,2024-09-03 05:22:05,2202.03
7709,7709,Cash,2025-10-03 17:13:57,2414.37
7710,7710,Cash,2026-04-26 19:03:52,3366.07
7711,7711,PayPal,2026-07-22 17:15:11,3093.02
7712,7712,Cash,2024-11-27 00:36:56,1104.85
7713,7713,Credit Card,2025-04-30 01:55:15,2910.36
7714,7714,Cash,2025-04-14 22:36:44,672.72
7715,7715,Cash,2025-06-10 18:44:00,753.14
7716,7716,Credit Card,2025-06-11 02:51:39,1666.96
7717,7717,Credit Card,2025-01-16 20:37:39,58.56
7718,7718,Cash,2025-08-27 16:02:43,2784.19
7719,7719,PayPal,2026-01-26 13:58:01,1361.67
7720,7720,Credit Card,2026-01-20 14:28:38,1984.62
7721,7721,Bank Transfer,2025-12-26 13:36:18,441.06
7722,7722,Bank Transfer,2025-08-06 04:40:31,918.89
7723,7723,Credit Card,2024-11-23 15:01:20,1175.57
7724,7724,PayPal,2026-07-11 21:38:41,1297.67
7725,7725,Cash,2024-08-12 16:52:46,1397.25
7726,7726,Credit Card,2025-09-15 14:24:26,1516.03
7727,7727,Credit Card,2025-05-02 06:49:25,1707.46
7728,7728,Credit Card,2026-05-10 14:55:56,1286.08
7729,7729,PayPal,2026-01-26 23:57:58,5026.24
7730,7730,Bank Transfer,2024-09-27 04:35:25,2695.28
7731,7731,Cash,2026-06-27 14:26:28,2870.49
7732,7732,Bank Transfer,2026-07-08 02:47:38,2397.23
7733,7733,PayPal,2025-07-23 19:34:27,493.76
7734,7734,Cash,2024-12-29 20:12:50,180.07
7735,7735,Cash,2024-08-27 00:17:19,1747.11
7736,7736,Cash,2026-07-11 22:33:55,1162.81
7737,7737,Bank Transfer,2025-09-07 07:54:19,860.13
7738,7738,Bank Transfer,2024-10-04 22:05:39,4958.23
7739,7739,Cash,2025-06-17 23:29:26,2836.54
7740,7740,Credit Card,2025-03-28 07:07:01,1961.44
7741,7741,Cash,2026-02-11 06:05:15,1369.07
7742,7742,Bank Transfer,2025-01-29 07:57:16,2065.7
7743,7743,Cash,2025-10-04 19:00:17,336.96
7744,7744,PayPal,2025-06-05 08:13:00,2153.34
7745,7745,Bank Transfer,2024-10-25 06:00:25,557.88
7746,7746,Credit Card,2026-05-22 11:48:28,2626.34
7747,7747,Credit Card,2026-08-04 10:32:04,2002.33
7748,7748,PayPal,2025-10-22 12:12:39,1478.64
7749,7749,Bank Transfer,2026-04-10 20:55:00,1342.98
7750,7750,Bank Transfer,2025-01-31 10:36:04,1670.76
7751,7751,Bank Transfer,2026-01-10 11:38:46,1738.72
7752,7752,PayPal,2026-05-14 13:08:27,1221.74
7753,7753,Cash,2025-10-16 08:05:28,742.36
7754,7754,Credit Card,2026-07-10 19:17:47,1945.99
7755,7755,Credit Card,2026-03-01 00:20:12,933.51
7756,7756,Cash,2025-03-06 13:27:02,1865.22
7757,7757,Cash,2024-11-28 03:40:51,993.39
7758,7758,Credit Card,2026-03-10 02:07:46,1771.54
7759,7759,Bank Transfer,2025-07-10 00:04:34,5149.0
7760,7760,Credit Card,2026-02-21 06:21:11,4319.12
7761,7761,Bank Transfer,2025-09-26 16:15:45,2823.71
7762,7762,Bank Transfer,2025-12-09 09:10:57,2252.13
7763,7763,Credit Card,2025-05-25 04:59:47,4032.83
7764,7764,Bank Transfer,2025-12-08 02:12:52,90.12
7765,7765,Credit Card,2026-06-11 20:54:29,1825.46
7766,7766,Credit Card,2025-12-03 03:22:37,4242.96
7767,7767,Credit Card,2025-03-22 21:40:44,2448.67
7768,7768,Cash,2025-11-18 00:38:15,1836.67
7769,7769,Bank Transfer,2026-01-13 15:54:43,2636.67
7770,7770,Bank Transfer,2025-06-16 15:22:41,2284.45
7771,7771,Credit Card,2026-06-16 04:50:50,2093.41
7772,7772,Cash,2026-04-03 00:08:23,1973.95
7773,7773,Credit Card,2024-11-28 22:28:04,3388.36
7774,7774,Credit Card,2026-06-01 18:44:46,1324.52
7775,7775,Credit Card,2024-09-18 12:20:32,1044.51
7776,7776,Cash,2025-11-29 00:32:41,857.72
7777,7777,Cash,2026-08-03 23:18:06,735.11
7778,7778,PayPal,2024-12-17 10:22:13,3421.37
7779,7779,Bank Transfer,2026-01-05 22:53:28,878.36
7780,7780,Cash,2025-08-29 21:48:15,1955.58
7781,7781,Cash,2025-09-19 05:10:02,2185.81
7782,7782,PayPal,2024-09-30 10:09:32,748.18
7783,7783,Cash,2026-07-06 19:02:52,14.64
7784,7784,PayPal,2026-03-31 20:08:25,2860.47
7785,7785,Cash,2025-08-14 17:08:26,151.44
7786,7786,Cash,2026-01-24 06:13:14,723.19
7787,7787,Bank Transfer,2025-03-10 08:52:11,1642.46
7788,7788,PayPal,2024-11-04 19:01:42,3439.8
7789,7789,Credit Card,2025-11-09 21:56:11,428.55
7790,7790,PayPal,2024-08-12 20:06:23,3815.22
7791,7791,Credit Card,2024-10-30 12:08:46,1376.03
7792,7792,Credit Card,2025-11-12 16:20:52,3419.53
7793,7793,PayPal,2024-11-01 17:17:15,1424.18
7794,7794,Credit Card,2025-09-20 13:35:32,1501.43
7795,7795,Credit Card,2026-01-20 08:26:39,689.45
7796,7796,Bank Transfer,2025-12-20 03:04:38,559.62
7797,7797,PayPal,2025-12-14 13:27:27,1385.14
7798,7798,Bank Transfer,2026-04-27 22:19:49,1505.96
7799,7799,PayPal,2025-04-13 06:28:44,2410.45
7800,7800,PayPal,2025-11-24 16:42:42,2704.85
7801,7801,Credit Card,2026-07-10 03:29:28,3955.13
7802,7802,Cash,2026-04-17 14:20:55,1119.24
7803,7803,Cash,2026-05-11 14:35:33,455.61
7804,7804,Bank Transfer,2025-06-19 22:42:21,1363.95
7805,7805,Credit Card,2026-05-14 04:56:07,1985.42
7806,7806,Credit Card,2025-08-10 13:53:37,1692.75
7807,7807,PayPal,2026-05-18 13:45:07,1979.82
7808,7808,Credit Card,2025-03-08 05:05:58,2891.33
7809,7809,Credit Card,2026-03-21 19:12:51,286.71
7810,7810,Cash,2024-11-11 23:34:59,1265.71
7811,7811,PayPal,2025-02-19 13:21:08,1715.54
7812,7812,PayPal,2026-01-26 01:56:56,1486.66
7813,7813,PayPal,2026-01-07 22:39:39,1143.66
7814,7814,Cash,2026-07-10 18:51:40,4337.28
7815,7815,PayPal,2026-04-13 15:17:26,1534.4
7816,7816,Credit Card,2026-05-02 06:20:49,1389.69
7817,7817,Cash,2026-04-25 03:21:32,2870.82
7818,7818,Cash,2026-03-24 00:54:54,1483.38
7819,7819,PayPal,2025-06-18 11:38:57,2840.35
7820,7820,Credit Card,2025-01-19 11:44:25,2829.24
7821,7821,Credit Card,2025-11-02 00:50:24,2662.92
7822,7822,PayPal,2026-06-24 03:31:28,983.07
7823,7823,Credit Card,2026-01-27 04:23:59,877.48
7824,7824,PayPal,2026-04-12 12:35:44,1091.77
7825,7825,Credit Card,2026-07-06 16:05:04,229.59
7826,7826,Credit Card,2025-09-12 15:56:52,1313.94
7827,7827,PayPal,2025-03-15 00:50:34,1318.48
7828,7828,Bank Transfer,2025-01-04 10:38:56,753.52
7829,7829,Credit Card,2026-07-19 18:02:19,1329.5
7830,7830,Cash,2024-09-21 06:06:34,554.55
7831,7831,Bank Transfer,2025-08-16 00:07:36,1133.94
7832,7832,Cash,2025-08-07 07:49:35,895.29
7833,7833,Credit Card,2024-10-26 15:32:32,293.85
7834,7834,Bank Transfer,2025-07-26 07:20:31,932.88
7835,7835,Cash,2026-04-16 22:04:04,1324.01
7836,7836,PayPal,2026-03-28 03:46:52,453.12
7837,7837,Bank Transfer,2025-01-22 20:14:09,2726.64
7838,7838,PayPal,2024-10-21 08:15:56,10.56
7839,7839,Credit Card,2024-11-17 05:46:15,1257.82
7840,7840,PayPal,2026-04-05 12:28:48,2578.31
7841,7841,Credit Card,2024-11-22 10:23:24,1843.98
7842,7842,Credit Card,2026-07-29 18:53:41,989.33
7843,7843,Credit Card,2024-12-27 15:37:51,1775.17
7844,7844,PayPal,2026-04-07 15:59:30,2685.82
7845,7845,PayPal,2026-02-05 18:25:28,3828.72
7846,7846,Cash,2025-03-11 10:29:36,4649.12
7847,7847,Cash,2025-12-01 10:48:36,375.84
7848,7848,Bank Transfer,2026-03-08 10:15:26,767.59
7849,7849,Credit Card,2025-04-22 02:15:33,621.91
7850,7850,Bank Transfer,2024-12-21 01:02:39,160.52
7851,7851,Cash,2026-07-18 21:17:08,2597.08
7852,7852,Cash,2025-05-29 09:08:57,599.12
7853,7853,Bank Transfer,2026-05-24 22:36:00,2288.52
7854,7854,Cash,2025-10-22 12:24:33,620.42
7855,7855,Credit Card,2026-03-07 06:15:01,3547.28
7856,7856,Cash,2026-06-17 02:44:13,2386.97
7857,7857,Cash,2026-08-04 13:50:33,3288.53
7858,7858,PayPal,2026-07-26 12:12:17,2353.15
7859,7859,Credit Card,2024-11-08 15:54:50,838.96
7860,7860,Credit Card,2025-07-06 10:16:44,2587.99
7861,7861,PayPal,2025-07-06 23:47:34,1818.32
7862,7862,PayPal,2025-03-07 06:23:54,1245.06
7863,7863,Cash,2025-06-06 23:20:17,842.07
7864,7864,Bank Transfer,2024-11-29 03:39:34,2563.81
7865,7865,Cash,2026-06-11 06:14:13,375.2
7866,7866,Cash,2026-06-10 09:06:47,3041.36
7867,7867,PayPal,2025-07-26 13:53:59,1153.71
7868,7868,PayPal,2024-09-16 10:00:37,1999.35
7869,7869,PayPal,2025-04-09 00:53:25,1777.83
7870,7870,Credit Card,2026-02-03 08:25:30,1532.94
7871,7871,PayPal,2025-03-28 17:09:53,1970.91
7872,7872,Credit Card,2025-01-09 19:15:46,1726.06
7873,7873,PayPal,2024-11-14 20:19:17,480.12
7874,7874,Bank Transfer,2026-03-09 23:05:23,1963.66
7875,7875,Bank Transfer,2026-07-14 21:50:16,1879.86
7876,7876,Cash,2025-02-17 21:15:14,3903.04
7877,7877,Bank Transfer,2025-12-13 17:35:12,3543.02
7878,7878,PayPal,2024-12-05 12:13:12,483.06
7879,7879,Cash,2024-10-26 10:05:13,2868.97
7880,7880,PayPal,2026-04-14 21:24:12,899.48
7881,7881,PayPal,2026-01-16 19:44:09,3531.5
7882,7882,Bank Transfer,2025-03-31 11:36:07,972.38
7883,7883,Bank Transfer,2026-01-27 17:24:58,912.96
7884,7884,PayPal,2026-04-10 22:42:46,1587.98
7885,7885,Bank Transfer,2026-05-27 07:24:28,856.75
7886,7886,Cash,2024-11-07 03:08:00,3884.4
7887,7887,Credit Card,2025-01-11 05:52:45,1199.42
7888,7888,Credit Card,2026-03-04 17:22:09,2494.36
7889,7889,PayPal,2024-09-28 10:35:19,186.86
7890,7890,Bank Transfer,2025-01-06 18:31:24,2635.8
7891,7891,Credit Card,2024-10-19 09:31:34,3244.73
7892,7892,Cash,2025-11-22 05:52:41,141.96
7893,7893,Bank Transfer,2024-11-20 12:46:00,335.75
7894,7894,Bank Transfer,2026-06-23 21:04:04,3623.2
7895,7895,Credit Card,2024-10-07 20:08:32,1279.82
7896,7896,Bank Transfer,2025-06-24 14:26:03,123.4
7897,7897,Bank Transfer,2026-05-07 21:11:19,268.16
7898,7898,Bank Transfer,2024-08-28 07:28:46,1698.04
7899,7899,PayPal,2026-03-24 05:48:59,268.16
7900,7900,PayPal,2025-06-02 16:12:14,1321.11
7901,7901,Bank Transfer,2024-08-06 10:20:42,2767.87
7902,7902,Bank Transfer,2025-08-15 07:15:39,3397.43
7903,7903,PayPal,2025-01-24 13:31:11,4064.0
7904,7904,Bank Transfer,2025-08-17 20:23:30,1984.48
7905,7905,PayPal,2024-11-27 12:45:59,802.19
7906,7906,Credit Card,2025-01-18 09:36:43,2343.04
7907,7907,Cash,2025-02-25 17:45:19,361.24
7908,7908,Cash,2025-07-18 09:40:08,2808.04
7909,7909,Bank Transfer,2026-03-07 08:50:47,1989.71
7910,7910,Cash,2025-06-12 14:37:11,54.68
7911,7911,Cash,2026-02-23 23:33:57,256.72
7912,7912,Bank Transfer,2025-02-22 00:56:32,2624.72
7913,7913,Bank Transfer,2025-02-02 11:44:07,1955.35
7914,7914,Cash,2026-05-25 15:06:45,2712.43
7915,7915,Credit Card,2024-11-25 18:51:54,192.54
7916,7916,Cash,2025-06-02 18:03:09,993.1
7917,7917,Credit Card,2026-05-09 13:05:59,1694.0
7918,7918,Cash,2025-02-24 13:06:22,1596.44
7919,7919,Credit Card,2024-12-31 14:40:29,653.81
7920,7920,Credit Card,2025-03-08 17:41:55,1962.64
7921,7921,PayPal,2026-05-22 19:59:53,3763.12
7922,7922,PayPal,2026-07-25 21:09:15,993.6
7923,7923,PayPal,2026-01-15 19:06:27,645.9
7924,7924,Bank Transfer,2025-04-12 04:26:30,283.92
7925,7925,Credit Card,2026-02-03 11:13:52,1525.97
7926,7926,Cash,2025-12-14 18:34:21,2959.5
7927,7927,PayPal,2025-08-02 14:49:48,292.39
7928,7928,Credit Card,2024-11-19 14:09:35,1691.25
7929,7929,Bank Transfer,2026-06-26 16:23:19,1978.44
7930,7930,Bank Transfer,2025-01-02 02:12:30,3564.24
7931,7931,Cash,2026-04-27 02:12:05,1713.05
7932,7932,PayPal,2024-11-06 16:00:25,1261.95
7933,7933,Credit Card,2024-08-20 11:26:03,3670.45
7934,7934,Bank Transfer,2025-07-05 21:18:38,339.92
7935,7935,Cash,2025-07-06 18:04:49,834.0
7936,7936,Cash,2025-07-28 10:21:12,2345.46
7937,7937,PayPal,2025-10-05 06:09:12,2648.22
7938,7938,PayPal,2026-06-27 02:27:19,518.85
7939,7939,PayPal,2025-12-19 19:20:44,141.14
7940,7940,Cash,2024-08-19 12:39:31,409.96
7941,7941,Credit Card,2024-08-25 20:23:09,2577.47
7942,7942,PayPal,2025-10-24 08:28:21,854.56
7943,7943,Bank Transfer,2025-07-21 20:13:07,801.42
7944,7944,PayPal,2025-09-14 20:20:05,2722.2
7945,7945,Cash,2024-08-17 02:58:58,1405.58
7946,7946,Bank Transfer,2025-09-21 21:32:39,1811.6
7947,7947,PayPal,2025-11-04 16:12:10,1783.94
7948,7948,PayPal,2025-12-10 23:05:32,1399.91
7949,7949,PayPal,2026-04-11 03:11:50,292.14
7950,7950,Bank Transfer,2026-01-16 18:21:20,618.51
7951,7951,Bank Transfer,2025-12-04 15:12:56,2575.92
7952,7952,Credit Card,2024-11-26 20:44:49,3556.97
7953,7953,PayPal,2026-07-21 19:55:58,2578.76
7954,7954,PayPal,2026-05-23 10:17:56,1416.01
7955,7955,PayPal,2025-05-08 13:48:40,2272.33
7956,7956,PayPal,2026-05-16 19:03:32,3297.02
7957,7957,PayPal,2026-07-15 00:11:50,927.51
7958,7958,Cash,2025-08-24 20:18:28,4463.11
7959,7959,Credit Card,2026-05-02 18:24:00,1863.48
7960,7960,Credit Card,2025-11-08 06:23:31,360.14
7961,7961,Bank Transfer,2025-09-05 03:48:39,1552.29
7962,7962,Cash,2026-01-04 14:29:13,2316.51
7963,7963,Credit Card,2024-10-09 04:36:42,411.24
7964,7964,Bank Transfer,2025-09-03 10:31:42,2266.29
7965,7965,Cash,2025-11-01 05:22:17,2435.93
7966,7966,Cash,2025-04-21 01:39:47,1471.77
7967,7967,Cash,2025-04-19 13:58:13,2063.61
7968,7968,Credit Card,2026-03-18 14:25:11,525.48
7969,7969,Credit Card,2025-05-20 15:50:57,1738.34
7970,7970,Cash,2026-03-15 22:49:27,819.48
7971,7971,PayPal,2025-10-29 20:05:34,600.2
7972,7972,Bank Transfer,2025-08-09 04:53:09,2307.33
7973,7973,Cash,2026-07-28 02:50:31,978.19
7974,7974,Credit Card,2024-10-30 05:43:17,1475.78
7975,7975,Bank Transfer,2025-10-08 10:15:02,812.07
7976,7976,Bank Transfer,2026-06-05 01:42:10,1308.98
7977,7977,PayPal,2025-05-07 05:48:57,958.6
7978,7978,Cash,2025-03-01 16:29:44,1404.7
7979,7979,Cash,2025-08-15 18:58:26,1010.11
7980,7980,PayPal,2025-04-20 02:03:23,3037.38
7981,7981,Credit Card,2025-03-22 08:46:20,1478.72
7982,7982,Cash,2026-06-26 20:08:16,1689.28
7983,7983,PayPal,2025-04-14 16:57:41,2290.99
7984,7984,Cash,2026-02-23 03:57:45,1998.06
7985,7985,Cash,2026-05-01 08:01:14,103.68
7986,7986,PayPal,2025-09-30 23:13:26,3953.56
7987,7987,Cash,2025-07-11 19:46:05,2022.65
7988,7988,Cash,2026-07-23 04:41:28,1635.31
7989,7989,Bank Transfer,2026-06-15 16:27:07,2972.9
7990,7990,Cash,2026-06-09 02:32:49,1319.0
7991,7991,Cash,2025-11-08 16:43:27,3718.36
7992,7992,PayPal,2025-11-27 01:51:20,4161.57
7993,7993,Cash,2025-06-09 16:52:27,3801.21
7994,7994,Credit Card,2026-02-19 23:25:25,1771.34
7995,7995,Credit Card,2024-11-29 09:47:44,1224.5
7996,7996,Bank Transfer,2024-09-06 18:20:44,2517.74
7997,7997,Cash,2025-08-01 04:33:49,2577.4
7998,7998,Credit Card,2025-03-15 02:17:26,1661.48
7999,7999,Cash,2024-09-03 23:42:54,3421.65
8000,8000,Credit Card,2025-10-13 00:41:39,3700.95
8001,8001,PayPal,2024-09-17 01:37:01,329.75
8002,8002,PayPal,2025-12-03 03:50:22,194.16
8003,8003,PayPal,2025-07-13 01:26:12,1948.84
8004,8004,Cash,2025-10-29 04:26:31,578.01
8005,8005,PayPal,2024-12-09 06:04:08,401.78
8006,8006,Cash,2026-05-15 17:02:57,1219.36
8007,8007,Cash,2025-04-18 13:10:37,2257.09
8008,8008,Bank Transfer,2025-02-01 22:20:05,3689.61
8009,8009,PayPal,2026-01-24 08:54:55,1330.36
8010,8010,Credit Card,2026-04-18 01:57:49,4023.34
8011,8011,Cash,2024-09-07 22:44:25,1062.95
8012,8012,Bank Transfer,2025-05-19 03:25:11,1307.28
8013,8013,Bank Transfer,2024-11-03 17:53:54,1664.52
8014,8014,PayPal,2025-08-12 05:10:59,1133.27
8015,8015,Bank Transfer,2025-06-08 02:46:55,187.76
8016,8016,PayPal,2025-01-29 09:53:23,2525.21
8017,8017,Credit Card,2026-01-21 20:36:48,710.6
8018,8018,Credit Card,2025-08-20 04:16:11,2191.36
8019,8019,Credit Card,2024-10-04 09:23:01,2225.73
8020,8020,PayPal,2026-05-23 22:23:36,2412.69
8021,8021,Cash,2025-06-28 15:52:52,852.48
8022,8022,Cash,2025-07-06 08:10:56,1554.33
8023,8023,Credit Card,2025-08-06 15:44:52,1238.61
8024,8024,PayPal,2024-08-16 20:23:44,1897.13
8025,8025,Credit Card,2025-08-27 17:43:56,786.31
8026,8026,Bank Transfer,2025-06-18 02:25:07,1320.23
8027,8027,PayPal,2025-06-23 21:32:14,440.49
8028,8028,Cash,2025-08-21 04:35:46,3541.55
8029,8029,Cash,2026-03-27 16:50:15,2878.74
8030,8030,Cash,2026-07-23 23:14:41,57.76
8031,8031,Bank Transfer,2026-03-01 04:24:28,250.88
8032,8032,PayPal,2025-02-26 08:41:52,1095.56
8033,8033,Cash,2024-12-18 02:20:20,1916.21
8034,8034,Credit Card,2024-09-12 15:48:23,3669.87
8035,8035,Credit Card,2025-09-06 17:24:21,1123.42
8036,8036,Bank Transfer,2026-08-03 11:52:14,2760.29
8037,8037,Bank Transfer,2025-10-26 13:51:10,3207.66
8038,8038,Bank Transfer,2024-12-08 05:16:03,2161.2
8039,8039,Cash,2024-08-09 18:42:12,2213.39
8040,8040,Credit Card,2026-04-24 10:09:36,2506.23
8041,8041,Credit Card,2025-04-22 18:18:11,2178.33
8042,8042,Bank Transfer,2025-11-18 06:59:47,1477.47
8043,8043,Cash,2025-02-07 03:17:35,918.49
8044,8044,Bank Transfer,2025-01-30 12:27:12,1550.14
8045,8045,Bank Transfer,2026-02-15 05:54:32,1437.66
8046,8046,Credit Card,2026-03-04 07:10:20,373.02
8047,8047,Credit Card,2024-12-10 19:19:42,187.67
8048,8048,Credit Card,2026-04-28 08:40:14,756.58
8049,8049,PayPal,2025-01-05 16:43:10,1009.91
8050,8050,PayPal,2025-08-07 04:17:13,1801.95
8051,8051,Credit Card,2025-08-22 21:14:26,1577.52
8052,8052,Cash,2024-10-12 10:52:09,713.14
8053,8053,Credit Card,2026-07-01 18:29:20,318.59
8054,8054,Credit Card,2026-06-07 08:28:38,2313.66
8055,8055,PayPal,2025-06-28 01:28:39,1170.55
8056,8056,Bank Transfer,2026-05-18 21:34:21,293.1
8057,8057,PayPal,2026-06-27 23:33:36,1685.51
8058,8058,Bank Transfer,2025-03-23 16:15:45,1780.88
8059,8059,PayPal,2025-07-08 17:04:38,4214.64
8060,8060,Cash,2025-10-20 11:54:36,124.47
8061,8061,PayPal,2025-09-26 13:14:33,282.28
8062,8062,Cash,2024-08-26 10:34:20,1361.29
8063,8063,Bank Transfer,2026-01-01 05:26:38,916.1
8064,8064,Bank Transfer,2025-05-06 06:09:02,326.13
8065,8065,Bank Transfer,2026-08-05 22:24:19,5043.07
8066,8066,Cash,2026-07-27 11:51:45,1386.06
8067,8067,Bank Transfer,2024-10-26 10:07:27,4196.66
8068,8068,Bank Transfer,2024-10-28 17:43:10,700.64
8069,8069,Bank Transfer,2025-05-06 08:06:22,2470.89
8070,8070,Credit Card,2026-06-17 18:25:18,964.72
8071,8071,Bank Transfer,2024-12-09 03:04:53,4245.42
8072,8072,Bank Transfer,2026-01-13 12:11:15,2336.54
8073,8073,Credit Card,2025-07-28 11:21:28,540.03
8074,8074,Credit Card,2026-03-15 12:11:22,2404.33
8075,8075,PayPal,2026-06-09 03:52:44,3120.15
8076,8076,Bank Transfer,2025-04-07 07:50:51,1622.1
8077,8077,PayPal,2024-09-01 18:38:39,5648.07
8078,8078,Cash,2026-02-01 00:52:39,135.67
8079,8079,Cash,2026-07-15 05:31:49,1495.72
8080,8080,PayPal,2026-06-20 11:20:04,348.51
8081,8081,Cash,2025-10-17 08:21:06,1302.63
8082,8082,Credit Card,2026-04-19 14:11:43,504.8
8083,8083,Credit Card,2026-06-15 05:59:43,817.15
8084,8084,Bank Transfer,2025-04-04 03:11:05,311.62
8085,8085,Cash,2024-11-01 08:29:49,464.47
8086,8086,Cash,2024-11-12 05:05:47,862.5
8087,8087,Bank Transfer,2024-09-23 05:32:06,2360.93
8088,8088,Cash,2025-01-21 13:35:55,175.16
8089,8089,PayPal,2026-06-05 22:43:34,1482.64
8090,8090,Cash,2025-12-15 15:52:07,1998.6
8091,8091,PayPal,2026-03-02 13:50:03,2337.53
8092,8092,Cash,2025-07-28 10:21:14,1607.51
8093,8093,Bank Transfer,2025-10-30 14:30:17,2131.28
8094,8094,PayPal,2025-02-11 17:28:27,1756.45
8095,8095,Credit Card,2025-01-22 08:30:36,857.52
8096,8096,Cash,2025-06-11 08:52:09,2272.14
8097,8097,Bank Transfer,2026-05-24 17:43:36,695.6
8098,8098,Credit Card,2026-01-29 03:42:02,4746.86
8099,8099,Bank Transfer,2025-11-04 19:18:48,1244.68
8100,8100,Credit Card,2024-08-17 05:00:48,1501.32
8101,8101,Bank Transfer,2024-11-07 05:39:38,1474.42
8102,8102,Bank Transfer,2026-06-22 15:39:44,2060.14
8103,8103,Cash,2026-08-04 00:35:03,1224.86
8104,8104,Credit Card,2026-03-23 08:37:54,1332.96
8105,8105,Cash,2026-01-28 04:50:26,1380.86
8106,8106,PayPal,2024-09-28 00:50:23,185.1
8107,8107,PayPal,2026-03-11 19:57:34,1067.32
8108,8108,Credit Card,2024-10-25 15:43:11,1980.18
8109,8109,PayPal,2025-01-15 10:56:05,854.97
8110,8110,Cash,2025-02-27 05:11:43,3434.85
8111,8111,Credit Card,2024-09-03 04:28:25,1899.41
8112,8112,PayPal,2025-03-01 04:21:14,3188.8
8113,8113,PayPal,2025-08-26 00:34:29,1861.31
8114,8114,Bank Transfer,2024-08-19 11:39:28,997.35
8115,8115,Credit Card,2025-07-26 06:13:17,2754.72
8116,8116,Cash,2025-01-08 15:13:16,3901.46
8117,8117,Bank Transfer,2026-02-08 18:06:56,574.97
8118,8118,Credit Card,2025-08-09 09:37:47,1169.56
8119,8119,Credit Card,2026-02-18 11:07:03,1468.34
8120,8120,PayPal,2026-06-01 13:33:12,1445.56
8121,8121,Bank Transfer,2026-06-11 04:40:45,3131.61
8122,8122,Cash,2025-11-18 14:27:06,483.45
8123,8123,Cash,2025-06-16 10:32:43,1785.44
8124,8124,PayPal,2025-05-30 13:16:08,1236.95
8125,8125,Cash,2025-03-23 02:46:56,3301.9
8126,8126,Cash,2024-09-24 18:45:38,1594.68
8127,8127,Bank Transfer,2025-08-19 11:33:36,2418.07
8128,8128,Bank Transfer,2024-12-22 09:14:18,1315.58
8129,8129,PayPal,2025-04-10 09:06:20,2993.04
8130,8130,PayPal,2025-11-11 23:49:34,801.86
8131,8131,Bank Transfer,2024-10-28 12:00:48,756.69
8132,8132,Credit Card,2025-06-11 01:22:30,1717.91
8133,8133,Bank Transfer,2025-01-08 04:58:14,373.72
8134,8134,PayPal,2025-05-04 13:38:11,667.16
8135,8135,Credit Card,2025-07-29 08:29:49,1996.72
8136,8136,Credit Card,2024-11-21 03:28:34,2348.1
8137,8137,PayPal,2024-12-10 15:19:08,2523.06
8138,8138,Credit Card,2025-01-13 20:09:57,892.72
8139,8139,PayPal,2025-02-03 20:27:53,880.62
8140,8140,Credit Card,2025-06-03 19:27:06,4138.75
8141,8141,Credit Card,2025-11-26 12:19:49,1176.63
8142,8142,Credit Card,2025-01-31 06:49:25,1168.41
8143,8143,Cash,2025-08-08 20:32:24,3083.49
8144,8144,PayPal,2025-01-22 01:51:58,2275.11
8145,8145,Bank Transfer,2024-11-16 04:30:26,1171.74
8146,8146,Bank Transfer,2025-09-09 06:58:12,3209.84
8147,8147,PayPal,2024-10-18 13:29:19,2046.33
8148,8148,Bank Transfer,2025-05-13 17:01:28,390.01
8149,8149,Credit Card,2024-08-20 03:54:53,3214.46
8150,8150,PayPal,2025-08-15 09:13:34,1168.0
8151,8151,Credit Card,2025-09-14 03:01:15,1165.81
8152,8152,Cash,2024-10-07 08:23:30,2361.04
8153,8153,Bank Transfer,2025-06-24 06:36:35,1431.1
8154,8154,Bank Transfer,2026-06-29 13:15:09,4500.45
8155,8155,PayPal,2025-09-11 19:11:51,2466.56
8156,8156,Credit Card,2025-01-04 04:50:48,2976.23
8157,8157,Cash,2025-10-25 22:54:37,2002.33
8158,8158,PayPal,2026-05-08 12:33:15,2842.5
8159,8159,Credit Card,2025-07-17 13:43:58,676.06
8160,8160,Credit Card,2025-10-20 02:03:31,3065.79
8161,8161,Cash,2025-02-14 00:48:17,789.34
8162,8162,Bank Transfer,2025-02-18 22:31:15,1667.73
8163,8163,Credit Card,2026-06-06 22:46:34,2619.47
8164,8164,Cash,2026-02-02 22:31:57,931.05
8165,8165,Credit Card,2026-01-01 22:48:22,2678.07
8166,8166,PayPal,2025-03-24 06:02:25,4266.57
8167,8167,Cash,2026-06-05 00:19:24,1175.12
8168,8168,Cash,2026-07-05 02:44:14,1294.71
8169,8169,Bank Transfer,2024-10-17 02:27:29,3463.69
8170,8170,Cash,2025-05-27 21:36:01,4319.47
8171,8171,PayPal,2025-12-20 23:10:29,1341.63
8172,8172,Cash,2025-01-11 17:47:28,700.15
8173,8173,PayPal,2025-11-24 15:50:53,2389.91
8174,8174,Cash,2026-06-10 15:06:10,1012.87
8175,8175,Cash,2025-03-04 23:04:11,2085.32
8176,8176,Cash,2026-07-24 18:21:46,2727.68
8177,8177,Cash,2024-09-09 07:45:16,1269.02
8178,8178,Bank Transfer,2025-01-27 03:34:04,2615.32
8179,8179,Credit Card,2026-01-21 05:53:04,948.99
8180,8180,Cash,2025-08-18 21:37:18,2780.26
8181,8181,Bank Transfer,2026-02-15 19:51:45,577.94
8182,8182,Bank Transfer,2025-02-06 13:16:46,627.34
8183,8183,Bank Transfer,2025-03-26 21:24:39,2236.62
8184,8184,PayPal,2025-12-10 18:00:35,3763.41
8185,8185,Bank Transfer,2026-03-28 11:48:05,1522.32
8186,8186,Credit Card,2026-07-17 05:55:36,3097.68
8187,8187,Cash,2024-09-23 14:48:36,2699.7
8188,8188,Bank Transfer,2026-06-19 18:54:49,2757.05
8189,8189,Bank Transfer,2024-08-20 14:39:23,1247.74
8190,8190,Cash,2025-10-08 06:45:33,2156.57
8191,8191,PayPal,2025-09-15 19:41:51,246.8
8192,8192,Bank Transfer,2024-09-05 07:05:16,3480.47
8193,8193,Credit Card,2026-05-06 08:36:40,2031.12
8194,8194,PayPal,2024-09-09 15:18:13,723.12
8195,8195,PayPal,2026-08-03 22:53:28,2171.42
8196,8196,Cash,2026-06-08 20:31:37,1552.28
8197,8197,Credit Card,2025-11-15 23:52:16,1394.06
8198,8198,PayPal,2025-05-22 15:07:56,3494.14
8199,8199,Bank Transfer,2025-03-29 18:09:18,2585.21
8200,8200,Bank Transfer,2024-08-25 06:11:02,1383.67
8201,8201,Credit Card,2025-11-29 05:07:29,480.69
8202,8202,PayPal,2024-12-02 07:11:27,2381.56
8203,8203,Bank Transfer,2025-12-11 09:54:01,756.02
8204,8204,Credit Card,2024-08-10 07:08:46,2036.93
8205,8205,Cash,2025-06-03 12:28:36,4027.5
8206,8206,PayPal,2026-06-04 22:40:54,1299.12
8207,8207,Cash,2026-04-12 01:37:09,631.55
8208,8208,Credit Card,2025-06-13 20:09:11,3338.97
8209,8209,Bank Transfer,2025-08-20 05:38:23,2012.69
8210,8210,Credit Card,2025-11-21 16:11:00,2735.39
8211,8211,PayPal,2025-04-01 00:38:11,1847.01
8212,8212,PayPal,2026-04-01 02:43:10,954.02
8213,8213,Credit Card,2025-10-12 09:49:01,615.25
8214,8214,Cash,2024-12-23 14:45:13,982.54
8215,8215,Credit Card,2025-11-29 11:53:34,484.39
8216,8216,PayPal,2026-03-04 06:04:57,2898.76
8217,8217,Bank Transfer,2024-09-09 13:20:59,1654.58
8218,8218,Bank Transfer,2024-11-10 02:54:38,1133.46
8219,8219,Bank Transfer,2025-04-22 05:53:31,3694.39
8220,8220,Credit Card,2024-10-05 12:47:28,427.8
8221,8221,Bank Transfer,2025-10-02 05:10:22,4541.32
8222,8222,Bank Transfer,2025-11-14 07:42:41,2998.46
8223,8223,PayPal,2024-10-31 09:54:47,2082.48
8224,8224,Cash,2026-02-09 09:21:24,540.57
8225,8225,Cash,2025-08-28 01:59:41,2994.67
8226,8226,Cash,2026-06-17 09:19:06,454.44
8227,8227,Credit Card,2026-03-19 06:45:01,2179.94
8228,8228,Bank Transfer,2025-05-05 18:32:04,1969.68
8229,8229,Credit Card,2024-11-02 17:33:22,1880.56
8230,8230,PayPal,2026-07-22 12:23:27,1883.12
8231,8231,Bank Transfer,2025-11-21 16:47:31,2209.16
8232,8232,Bank Transfer,2025-11-16 09:27:06,1277.26
8233,8233,Credit Card,2026-02-01 03:48:10,1676.37
8234,8234,PayPal,2025-10-05 01:43:43,227.22
8235,8235,Credit Card,2025-01-26 22:27:32,2598.04
8236,8236,Cash,2026-03-20 15:03:02,2626.65
8237,8237,Cash,2025-04-16 08:38:03,3099.8
8238,8238,PayPal,2025-06-23 07:48:15,475.64
8239,8239,Bank Transfer,2025-02-16 04:42:27,499.23
8240,8240,Cash,2025-07-15 19:41:56,2047.84
8241,8241,Bank Transfer,2024-08-19 23:50:46,1903.93
8242,8242,Bank Transfer,2024-10-20 22:20:24,1909.75
8243,8243,PayPal,2025-05-15 14:32:01,2653.49
8244,8244,Credit Card,2025-10-21 23:52:21,783.15
8245,8245,Cash,2026-05-10 17:33:17,1262.6
8246,8246,Credit Card,2024-12-17 00:17:26,654.84
8247,8247,PayPal,2026-07-03 16:35:09,323.16
8248,8248,PayPal,2025-05-24 21:15:32,815.76
8249,8249,PayPal,2024-11-27 20:01:21,207.15
8250,8250,Credit Card,2026-05-03 09:54:37,2325.02
8251,8251,Bank Transfer,2025-01-02 17:33:58,2503.77
8252,8252,Cash,2026-03-16 18:40:38,367.29
8253,8253,Credit Card,2025-12-16 07:21:06,1422.25
8254,8254,PayPal,2025-06-21 13:00:29,2939.28
8255,8255,Credit Card,2025-02-11 20:04:57,1103.48
8256,8256,Bank Transfer,2025-04-09 19:58:47,1766.69
8257,8257,Credit Card,2025-09-12 01:22:11,2015.95
8258,8258,Cash,2026-06-30 08:32:45,3080.38
8259,8259,PayPal,2025-06-14 04:40:53,3501.49
8260,8260,Credit Card,2026-05-31 22:54:56,1388.24
8261,8261,PayPal,2026-03-07 04:48:56,907.39
8262,8262,Credit Card,2026-04-24 01:20:19,1853.93
8263,8263,Cash,2025-10-26 22:56:51,673.92
8264,8264,PayPal,2025-12-21 20:08:44,2816.17
8265,8265,Cash,2025-08-18 09:48:36,263.26
8266,8266,Bank Transfer,2025-06-11 19:10:40,38.74
8267,8267,Cash,2026-03-20 14:56:14,2196.74
8268,8268,Cash,2025-10-28 09:37:23,1978.44
8269,8269,Cash,2026-05-22 18:48:06,386.07
8270,8270,Bank Transfer,2026-06-19 21:54:43,2848.25
8271,8271,Cash,2025-11-07 08:32:39,810.05
8272,8272,PayPal,2025-05-16 17:34:11,806.87
8273,8273,PayPal,2025-06-10 14:57:13,414.28
8274,8274,Credit Card,2026-01-01 12:02:28,1398.83
8275,8275,Bank Transfer,2024-10-20 21:02:40,1787.66
8276,8276,Cash,2024-08-29 10:47:11,3019.58
8277,8277,PayPal,2024-09-20 23:09:13,21.12
8278,8278,PayPal,2024-09-02 07:38:06,1832.56
8279,8279,Cash,2025-02-18 20:59:52,1398.75
8280,8280,Credit Card,2025-04-26 07:45:34,503.26
8281,8281,Bank Transfer,2026-05-14 00:21:31,618.51
8282,8282,PayPal,2024-11-08 17:39:32,173.28
8283,8283,Bank Transfer,2025-02-24 22:27:22,3142.37
8284,8284,Credit Card,2025-10-09 00:00:03,542.26
8285,8285,Cash,2024-09-30 22:40:05,524.36
8286,8286,Credit Card,2025-01-12 20:56:20,375.33
8287,8287,Cash,2025-01-13 12:35:46,4575.92
8288,8288,Credit Card,2025-06-30 05:14:50,1061.75
8289,8289,PayPal,2026-01-06 22:36:50,3341.28
8290,8290,PayPal,2025-01-15 12:52:25,2032.36
8291,8291,Credit Card,2024-11-29 10:48:01,481.71
8292,8292,Cash,2026-08-02 06:36:43,1557.26
8293,8293,PayPal,2025-08-21 23:16:02,1444.67
8294,8294,Cash,2024-11-08 07:56:25,1165.9
8295,8295,Cash,2026-04-03 10:50:21,1925.37
8296,8296,Cash,2026-04-21 06:47:10,3504.51
8297,8297,Cash,2026-04-05 19:12:37,1504.78
8298,8298,Bank Transfer,2025-05-17 08:23:15,3219.12
8299,8299,Cash,2025-06-26 03:09:11,1914.77
8300,8300,Cash,2024-10-17 01:27:39,2758.81
8301,8301,PayPal,2025-11-17 12:46:08,844.42
8302,8302,PayPal,2025-08-17 15:00:16,1775.4
8303,8303,PayPal,2025-09-01 03:41:16,293.93
8304,8304,Cash,2026-04-02 22:28:45,1228.11
8305,8305,Bank Transfer,2024-08-20 15:34:42,2018.61
8306,8306,Credit Card,2024-10-09 03:03:46,1411.64
8307,8307,Cash,2025-12-22 13:58:25,1080.26
8308,8308,Cash,2025-07-26 20:19:37,4029.28
8309,8309,Cash,2025-07-02 09:28:22,1280.91
8310,8310,Credit Card,2025-05-27 23:26:00,2068.34
8311,8311,Bank Transfer,2025-01-08 21:18:11,874.78
8312,8312,Cash,2025-03-07 21:58:07,78.1
8313,8313,Bank Transfer,2026-04-05 18:10:41,1650.97
8314,8314,PayPal,2024-08-25 04:29:08,226.46
8315,8315,Cash,2025-03-17 14:21:49,1061.06
8316,8316,Cash,2024-09-24 13:44:57,3118.43
8317,8317,Credit Card,2026-04-03 07:28:45,170.88
8318,8318,Cash,2026-05-12 12:18:47,276.18
8319,8319,Cash,2025-08-14 07:19:30,4431.26
8320,8320,PayPal,2024-09-22 16:29:01,2032.38
8321,8321,Credit Card,2025-03-14 21:10:08,3635.2
8322,8322,Bank Transfer,2026-07-06 20:21:02,1753.61
8323,8323,Credit Card,2025-01-17 09:19:08,283.92
8324,8324,Credit Card,2025-12-23 18:17:50,3278.77
8325,8325,Bank Transfer,2026-01-22 09:15:52,156.2
8326,8326,Bank Transfer,2026-02-10 21:58:16,162.06
8327,8327,Bank Transfer,2025-10-03 10:37:51,849.04
8328,8328,Credit Card,2025-04-30 10:38:45,3218.9
8329,8329,Bank Transfer,2025-06-30 07:54:13,2712.54
8330,8330,Bank Transfer,2026-02-22 16:48:14,578.49
8331,8331,Cash,2026-07-17 19:52:54,1560.9
8332,8332,Credit Card,2025-08-23 16:36:43,118.33
8333,8333,Bank Transfer,2026-05-29 19:07:36,744.76
8334,8334,Bank Transfer,2026-02-02 22:35:06,2796.6
8335,8335,PayPal,2025-01-19 17:27:30,637.2
8336,8336,Credit Card,2026-05-13 15:49:16,809.93
8337,8337,Cash,2025-04-10 16:35:59,3357.93
8338,8338,Bank Transfer,2026-06-27 12:09:36,1160.1
8339,8339,Credit Card,2025-10-02 12:57:57,1950.8
8340,8340,Bank Transfer,2025-07-29 10:13:25,3092.12
8341,8341,Cash,2025-03-30 00:38:59,1162.11
8342,8342,Bank Transfer,2026-06-19 07:57:38,2026.87
8343,8343,Bank Transfer,2025-10-13 02:50:13,815.1
8344,8344,Cash,2025-04-10 06:06:08,3186.32
8345,8345,Cash,2025-01-15 20:04:08,2669.42
8346,8346,PayPal,2024-10-23 03:08:57,1859.78
8347,8347,Bank Transfer,2025-10-13 13:32:35,3993.04
8348,8348,Credit Card,2026-08-03 18:07:37,3110.25
8349,8349,Bank Transfer,2026-04-28 00:08:08,1828.43
8350,8350,Cash,2025-12-09 20:10:31,907.87
8351,8351,Bank Transfer,2025-01-28 05:46:46,2402.09
8352,8352,Cash,2026-05-28 13:42:23,895.65
8353,8353,Credit Card,2025-12-22 07:07:27,2177.14
8354,8354,Bank Transfer,2025-10-22 01:26:29,1661.41
8355,8355,Credit Card,2025-05-21 09:23:24,2673.89
8356,8356,Bank Transfer,2025-03-01 13:26:02,277.92
8357,8357,Credit Card,2025-04-21 09:41:49,1262.95
8358,8358,Credit Card,2026-06-07 13:14:37,2380.51
8359,8359,PayPal,2026-03-18 21:10:55,620.1
8360,8360,Credit Card,2025-07-18 11:28:53,393.72
8361,8361,PayPal,2025-06-19 02:07:30,2181.52
8362,8362,Credit Card,2026-01-22 04:02:07,964.2
8363,8363,Cash,2025-07-16 17:56:11,445.53
8364,8364,Bank Transfer,2025-12-06 08:37:40,278.26
8365,8365,PayPal,2026-07-15 08:58:31,2137.51
8366,8366,Bank Transfer,2025-05-25 08:32:04,490.17
8367,8367,Bank Transfer,2025-04-29 19:42:41,113.61
8368,8368,Credit Card,2024-09-10 07:15:56,3455.76
8369,8369,Bank Transfer,2025-12-16 20:41:09,2198.63
8370,8370,Bank Transfer,2026-01-02 16:00:08,2376.6
8371,8371,Cash,2026-07-30 22:26:13,3177.34
8372,8372,Bank Transfer,2025-11-12 00:22:30,337.48
8373,8373,Cash,2025-06-11 01:21:38,1050.33
8374,8374,Credit Card,2026-01-10 14:25:50,732.64
8375,8375,PayPal,2025-05-05 22:14:19,2328.74
8376,8376,Bank Transfer,2024-09-21 17:02:32,2148.31
8377,8377,PayPal,2024-10-04 21:05:13,1856.84
8378,8378,PayPal,2024-08-25 19:16:26,928.62
8379,8379,Cash,2025-01-29 22:28:37,747.84
8380,8380,Bank Transfer,2026-07-01 05:05:37,3182.37
8381,8381,Bank Transfer,2024-12-01 21:12:32,117.02
8382,8382,Bank Transfer,2024-10-22 08:07:13,2618.64
8383,8383,Bank Transfer,2026-06-19 06:19:12,1529.37
8384,8384,Cash,2025-04-11 12:47:35,1119.24
8385,8385,PayPal,2026-05-10 11:31:56,262.18
8386,8386,Cash,2024-09-04 18:23:35,2621.49
8387,8387,Bank Transfer,2026-03-26 06:02:27,3903.6
8388,8388,Bank Transfer,2025-12-16 18:12:32,1298.13
8389,8389,Bank Transfer,2025-08-04 04:12:02,79.28
8390,8390,Bank Transfer,2025-03-17 15:28:39,2237.58
8391,8391,PayPal,2026-03-31 23:31:35,2406.08
8392,8392,Bank Transfer,2025-08-28 23:44:57,2460.36
8393,8393,Bank Transfer,2024-10-18 21:33:20,2766.26
8394,8394,Cash,2026-04-09 16:29:07,3012.8
8395,8395,PayPal,2025-02-08 01:35:39,1518.63
8396,8396,Credit Card,2024-10-24 15:12:28,399.87
8397,8397,Credit Card,2025-08-16 19:53:24,279.81
8398,8398,Cash,2025-08-02 13:40:41,2609.55
8399,8399,PayPal,2026-03-10 05:24:01,2324.63
8400,8400,PayPal,2024-08-21 21:21:34,950.43
8401,8401,Bank Transfer,2026-03-15 09:06:09,820.77
8402,8402,Bank Transfer,2025-07-15 08:04:19,1351.55
8403,8403,Credit Card,2024-11-20 14:09:13,1265.84
8404,8404,Bank Transfer,2024-09-18 08:00:33,525.48
8405,8405,Bank Transfer,2025-02-16 05:45:01,738.21
8406,8406,Bank Transfer,2025-06-10 18:14:03,2032.2
8407,8407,Cash,2025-06-18 04:24:52,300.48
8408,8408,Bank Transfer,2025-12-31 12:58:40,502.19
8409,8409,Credit Card,2025-02-25 04:09:16,3895.9
8410,8410,PayPal,2024-12-01 03:14:23,4719.55
8411,8411,PayPal,2024-12-21 22:09:52,731.84
8412,8412,PayPal,2025-06-16 21:21:52,1610.54
8413,8413,Bank Transfer,2025-12-30 06:35:00,2445.3
8414,8414,Bank Transfer,2025-11-02 04:32:46,2324.26
8415,8415,Bank Transfer,2024-09-26 22:48:13,779.9
8416,8416,Credit Card,2026-04-16 13:59:11,1270.28
8417,8417,Bank Transfer,2026-05-04 14:27:11,1811.6
8418,8418,Credit Card,2026-01-27 18:14:46,141.14
8419,8419,Credit Card,2025-03-13 00:31:01,930.54
8420,8420,Cash,2026-03-12 13:54:58,2965.67
8421,8421,Credit Card,2025-03-22 00:34:03,1798.74
8422,8422,Bank Transfer,2026-01-15 23:55:24,2736.65
8423,8423,PayPal,2025-09-12 22:04:23,1224.81
8424,8424,Bank Transfer,2024-08-27 13:38:30,1144.02
8425,8425,PayPal,2024-10-01 05:49:09,939.54
8426,8426,Bank Transfer,2026-07-09 06:04:38,2123.73
8427,8427,Bank Transfer,2026-06-09 12:50:31,4556.14
8428,8428,Bank Transfer,2025-10-26 16:42:33,3021.11
8429,8429,Cash,2025-10-26 22:48:22,1057.05
8430,8430,Bank Transfer,2025-11-09 12:13:24,118.33
8431,8431,PayPal,2026-04-28 01:41:47,682.72
8432,8432,Cash,2026-01-31 01:59:02,1945.94
8433,8433,Credit Card,2026-03-21 01:26:37,1134.03
8434,8434,Bank Transfer,2026-03-12 18:11:05,1595.11
8435,8435,PayPal,2024-08-10 08:23:05,1850.45
8436,8436,Credit Card,2026-03-11 07:12:42,1239.9
8437,8437,Cash,2026-08-01 00:58:09,1552.56
8438,8438,Credit Card,2025-05-17 22:04:43,1572.23
8439,8439,Cash,2026-03-23 19:59:34,890.65
8440,8440,Bank Transfer,2025-07-13 22:51:32,274.17
8441,8441,Bank Transfer,2025-10-12 06:06:52,241.01
8442,8442,PayPal,2025-09-29 21:55:19,1753.44
8443,8443,Credit Card,2025-08-13 23:04:14,2881.16
8444,8444,Bank Transfer,2026-02-07 22:08:47,2507.02
8445,8445,PayPal,2025-08-13 20:18:58,3599.48
8446,8446,Credit Card,2025-02-15 12:36:12,2535.93
8447,8447,Bank Transfer,2026-04-29 07:41:48,3235.04
8448,8448,Bank Transfer,2024-11-04 02:45:32,1710.25
8449,8449,PayPal,2025-06-13 22:05:20,697.06
8450,8450,Cash,2025-01-14 05:20:56,4111.7
8451,8451,Credit Card,2025-09-28 03:17:59,3114.62
8452,8452,Bank Transfer,2026-03-20 11:05:26,1940.16
8453,8453,PayPal,2026-04-12 13:47:36,1262.45
8454,8454,Cash,2026-07-27 05:13:09,223.68
8455,8455,Cash,2025-05-08 09:19:01,2069.16
8456,8456,Bank Transfer,2025-07-28 13:24:53,1285.38
8457,8457,PayPal,2024-12-12 18:16:31,113.12
8458,8458,PayPal,2025-07-05 10:08:41,1031.59
8459,8459,Bank Transfer,2026-01-24 07:55:37,3145.87
8460,8460,PayPal,2025-07-30 11:54:20,2671.54
8461,8461,Credit Card,2025-06-06 02:37:07,2818.54
8462,8462,Credit Card,2026-06-29 22:42:21,2766.89
8463,8463,Credit Card,2025-03-11 02:37:35,1464.37
8464,8464,Cash,2024-10-29 18:11:42,1475.01
8465,8465,Cash,2026-07-22 13:02:22,1466.61
8466,8466,PayPal,2025-10-19 18:52:26,1987.63
8467,8467,Bank Transfer,2025-01-16 02:41:27,425.88
8468,8468,Credit Card,2025-05-02 22:06:25,2455.24
8469,8469,PayPal,2025-03-12 14:02:20,3135.23
8470,8470,Cash,2025-09-15 11:18:33,2975.28
8471,8471,Cash,2026-07-28 02:36:34,166.79
8472,8472,Cash,2026-01-01 02:41:07,1139.16
8473,8473,Bank Transfer,2026-05-20 00:58:45,483.81
8474,8474,PayPal,2025-10-11 04:59:53,1150.92
8475,8475,Bank Transfer,2024-09-15 03:26:29,2864.76
8476,8476,Bank Transfer,2026-02-21 08:53:52,2352.14
8477,8477,Bank Transfer,2026-06-14 12:17:57,1350.72
8478,8478,PayPal,2025-07-24 03:49:12,515.72
8479,8479,PayPal,2024-10-04 16:51:59,3334.97
8480,8480,Bank Transfer,2025-06-09 23:28:30,3147.31
8481,8481,Credit Card,2026-07-12 14:09:49,2394.51
8482,8482,Credit Card,2025-10-31 01:33:23,1605.46
8483,8483,Credit Card,2024-09-20 11:18:05,3149.39
8484,8484,Credit Card,2025-03-08 06:44:56,1001.24
8485,8485,Bank Transfer,2026-04-04 09:13:54,2143.86
8486,8486,Cash,2024-11-12 09:58:26,774.08
8487,8487,PayPal,2025-11-30 18:06:58,292.39
8488,8488,PayPal,2024-12-14 12:13:05,1914.3
8489,8489,Credit Card,2025-09-05 17:47:48,2015.32
8490,8490,Cash,2024-11-05 17:07:37,4127.93
8491,8491,PayPal,2025-06-30 04:26:36,85.44
8492,8492,Bank Transfer,2025-12-26 19:26:00,1957.39
8493,8493,Cash,2026-07-15 03:46:37,2101.39
8494,8494,Bank Transfer,2024-11-11 07:44:05,2628.17
8495,8495,Cash,2025-03-28 10:25:09,1333.85
8496,8496,Credit Card,2025-02-11 12:14:11,4956.25
8497,8497,Cash,2025-04-10 08:03:16,4205.15
8498,8498,Cash,2024-12-27 21:43:52,187.6
8499,8499,Cash,2026-04-04 17:43:53,110.37
8500,8500,Bank Transfer,2025-12-04 20:48:25,1040.11
8501,8501,Bank Transfer,2025-12-03 03:28:58,268.16
8502,8502,Bank Transfer,2024-11-22 18:58:20,2040.5
8503,8503,Cash,2025-02-13 13:46:01,2616.36
8504,8504,PayPal,2025-06-17 00:33:58,1132.04
8505,8505,Credit Card,2024-08-07 21:40:48,570.27
8506,8506,Credit Card,2024-12-24 14:52:46,1055.17
8507,8507,Bank Transfer,2024-11-21 18:00:49,2504.03
8508,8508,PayPal,2025-09-23 10:08:02,4373.66
8509,8509,PayPal,2025-07-12 23:00:08,2203.08
8510,8510,Bank Transfer,2024-08-13 09:20:26,2920.51
8511,8511,PayPal,2026-03-06 18:52:39,1171.47
8512,8512,PayPal,2025-09-26 21:18:34,4275.25
8513,8513,Credit Card,2026-05-27 15:29:45,1992.48
8514,8514,Cash,2025-05-31 18:11:47,1866.68
8515,8515,PayPal,2024-10-07 10:45:28,3053.52
8516,8516,Credit Card,2025-02-27 21:14:07,160.86
8517,8517,PayPal,2025-08-09 13:35:25,1297.29
8518,8518,Credit Card,2026-03-14 00:53:46,2376.49
8519,8519,Bank Transfer,2024-10-06 09:10:00,2478.29
8520,8520,Cash,2025-07-09 22:41:32,2916.4
8521,8521,PayPal,2025-06-06 21:34:56,3460.57
8522,8522,Credit Card,2025-01-26 09:02:10,1211.01
8523,8523,Bank Transfer,2025-08-08 14:50:22,561.12
8524,8524,Credit Card,2024-11-09 10:25:50,844.58
8525,8525,Credit Card,2025-12-02 11:56:24,1063.07
8526,8526,PayPal,2026-05-07 06:23:42,2540.83
8527,8527,Credit Card,2025-01-05 09:53:58,2626.09
8528,8528,PayPal,2024-09-21 12:59:11,1763.97
8529,8529,Bank Transfer,2025-09-04 23:20:48,1721.47
8530,8530,Credit Card,2025-08-10 15:21:56,2779.05
8531,8531,Credit Card,2025-07-13 06:23:52,506.22
8532,8532,Bank Transfer,2025-08-18 10:09:50,3023.9
8533,8533,Credit Card,2025-12-25 22:09:21,1638.85
8534,8534,Cash,2024-12-08 11:38:30,1183.31
8535,8535,Bank Transfer,2025-12-31 23:21:19,2525.08
8536,8536,Credit Card,2026-04-18 01:45:33,36.79
8537,8537,Cash,2025-07-15 08:42:30,2194.73
8538,8538,Bank Transfer,2024-09-13 13:42:30,1282.61
8539,8539,Cash,2025-06-09 12:15:41,2298.98
8540,8540,Cash,2026-04-09 12:26:18,624.28
8541,8541,Cash,2025-05-30 13:02:39,2209.29
8542,8542,PayPal,2026-05-12 04:44:03,1750.94
8543,8543,Credit Card,2024-10-21 02:22:09,427.34
8544,8544,Bank Transfer,2026-02-07 03:10:19,3472.12
8545,8545,Cash,2025-09-22 08:58:51,1386.06
8546,8546,PayPal,2026-02-21 13:39:38,1268.38
8547,8547,Cash,2025-09-16 13:10:33,194.16
8548,8548,Cash,2024-12-10 02:56:16,386.58
8549,8549,Cash,2026-02-08 15:51:39,2985.78
8550,8550,Cash,2025-01-07 17:37:36,31.81
8551,8551,Cash,2025-03-20 03:26:36,134.5
8552,8552,PayPal,2025-03-08 13:50:01,2936.87
8553,8553,Credit Card,2026-06-10 20:06:15,2588.96
8554,8554,PayPal,2025-12-19 18:53:14,744.42
8555,8555,Cash,2025-06-09 18:56:30,1319.0
8556,8556,Cash,2026-03-06 19:59:17,1990.04
8557,8557,Cash,2024-12-29 23:17:31,212.93
8558,8558,Credit Card,2025-06-07 15:52:24,157.56
8559,8559,Credit Card,2025-09-12 19:17:54,6689.85
8560,8560,Credit Card,2024-12-10 23:20:48,992.24
8561,8561,Credit Card,2026-02-20 07:43:05,4286.14
8562,8562,Bank Transfer,2025-04-01 17:24:04,1558.05
8563,8563,PayPal,2024-12-13 05:20:58,2270.87
8564,8564,Credit Card,2024-10-22 05:36:14,3978.79
8565,8565,PayPal,2025-08-06 11:20:41,659.5
8566,8566,PayPal,2025-11-17 04:51:12,695.46
8567,8567,PayPal,2024-09-16 18:12:01,340.83
8568,8568,PayPal,2025-05-29 10:46:30,2670.6
8569,8569,Credit Card,2025-07-09 11:25:07,2197.53
8570,8570,Cash,2025-03-04 17:43:48,1674.14
8571,8571,Bank Transfer,2025-07-29 23:46:04,2541.89
8572,8572,Cash,2024-09-05 01:26:40,1013.88
8573,8573,Credit Card,2026-03-14 12:11:47,3672.67
8574,8574,PayPal,2025-12-16 14:18:35,923.35
8575,8575,PayPal,2025-05-30 15:43:32,1663.38
8576,8576,Credit Card,2026-03-22 13:06:15,3353.03
8577,8577,PayPal,2026-04-07 19:19:05,1670.76
8578,8578,Bank Transfer,2025-03-16 02:45:34,1632.38
8579,8579,PayPal,2026-01-10 02:25:05,593.0
8580,8580,Bank Transfer,2025-10-10 04:47:50,979.4
8581,8581,Cash,2025-03-17 15:48:57,749.16
8582,8582,Bank Transfer,2024-09-17 15:54:52,1258.08
8583,8583,PayPal,2025-03-26 17:31:55,2772.09
8584,8584,PayPal,2025-07-20 00:55:17,571.4
8585,8585,PayPal,2025-12-13 23:31:55,2176.29
8586,8586,Bank Transfer,2026-01-30 13:52:45,779.9
8587,8587,Credit Card,2026-01-21 10:26:25,2537.26
8588,8588,PayPal,2026-07-25 11:17:46,1835.12
8589,8589,Credit Card,2025-09-23 16:13:24,274.16
8590,8590,PayPal,2026-02-23 00:43:32,4206.95
8591,8591,PayPal,2025-11-29 06:11:05,2806.0
8592,8592,Credit Card,2025-09-01 04:54:01,1952.7
8593,8593,Bank Transfer,2025-09-10 06:47:30,723.03
8594,8594,Bank Transfer,2026-07-23 13:27:23,4267.24
8595,8595,Bank Transfer,2026-05-03 00:13:54,1672.98
8596,8596,Credit Card,2026-07-27 11:25:43,1310.96
8597,8597,Bank Transfer,2026-05-25 08:12:21,1368.0
8598,8598,Bank Transfer,2025-11-21 18:41:31,40.08
8599,8599,Bank Transfer,2025-01-04 13:46:23,554.35
8600,8600,Credit Card,2025-10-31 03:00:46,957.14
8601,8601,Bank Transfer,2024-08-30 17:30:32,452.92
8602,8602,Bank Transfer,2025-06-15 18:53:18,2335.31
8603,8603,Bank Transfer,2026-01-08 22:31:27,2888.73
8604,8604,PayPal,2025-03-09 22:12:24,2269.72
8605,8605,Cash,2025-05-28 04:15:56,908.24
8606,8606,Credit Card,2025-06-11 15:12:49,2305.18
8607,8607,Credit Card,2025-10-01 02:14:01,3159.81
8608,8608,Bank Transfer,2026-01-29 01:53:35,3499.39
8609,8609,PayPal,2026-02-20 07:49:15,4739.46
8610,8610,PayPal,2025-01-07 11:20:45,2369.07
8611,8611,Credit Card,2026-07-13 11:54:08,1081.72
8612,8612,Credit Card,2025-04-17 11:37:52,2027.4
8613,8613,Cash,2026-03-21 12:02:13,997.76
8614,8614,Cash,2026-06-19 02:52:17,1797.08
8615,8615,Bank Transfer,2024-08-14 16:09:15,964.37
8616,8616,Credit Card,2025-02-22 10:40:11,393.27
8617,8617,Bank Transfer,2025-10-11 00:29:29,462.66
8618,8618,Credit Card,2026-03-26 07:06:14,3177.47
8619,8619,Cash,2025-06-10 15:38:13,1654.2
8620,8620,PayPal,2026-02-25 12:08:03,3495.35
8621,8621,PayPal,2025-04-09 23:55:28,2494.75
8622,8622,PayPal,2025-03-07 02:15:43,1332.48
8623,8623,Cash,2026-06-30 19:18:30,2456.21
8624,8624,Credit Card,2025-09-30 23:39:55,1827.2
8625,8625,Bank Transfer,2026-04-04 16:14:46,2354.02
8626,8626,PayPal,2025-02-07 00:09:54,1322.16
8627,8627,PayPal,2026-07-25 09:45:27,1085.8
8628,8628,Credit Card,2026-04-13 04:22:24,1175.4
8629,8629,Credit Card,2026-05-19 15:35:01,314.52
8630,8630,Cash,2025-12-22 22:36:36,2746.19
8631,8631,Bank Transfer,2026-07-30 01:12:30,880.81
8632,8632,PayPal,2026-08-03 00:19:12,2691.96
8633,8633,PayPal,2026-03-31 23:35:12,3435.91
8634,8634,Cash,2024-10-21 22:59:54,1633.42
8635,8635,Cash,2026-01-21 21:54:38,531.24
8636,8636,Credit Card,2025-04-01 05:56:56,976.87
8637,8637,Bank Transfer,2025-08-16 05:28:25,2134.77
8638,8638,Cash,2025-09-30 20:44:08,5245.36
8639,8639,Credit Card,2025-08-27 02:07:29,441.78
8640,8640,Cash,2025-09-25 22:32:58,2847.85
8641,8641,PayPal,2025-02-25 16:20:45,943.0
8642,8642,Cash,2025-03-22 04:12:27,1000.21
8643,8643,Bank Transfer,2025-07-16 05:46:54,2699.88
8644,8644,Cash,2024-11-05 05:42:05,1749.02
8645,8645,Bank Transfer,2024-11-27 02:09:46,2517.36
8646,8646,PayPal,2026-07-22 21:38:29,1949.58
8647,8647,Bank Transfer,2024-10-18 16:27:42,252.4
8648,8648,Bank Transfer,2026-01-23 19:24:32,673.42
8649,8649,Credit Card,2026-02-13 23:21:21,1581.93
8650,8650,PayPal,2026-06-28 19:19:58,1644.65
8651,8651,Cash,2026-06-05 05:53:58,835.38
8652,8652,PayPal,2025-10-01 10:55:45,3034.8
8653,8653,Bank Transfer,2025-12-08 15:37:30,1699.08
8654,8654,Credit Card,2024-12-12 15:17:37,129.8
8655,8655,Cash,2024-11-26 17:11:43,1559.8
8656,8656,Bank Transfer,2026-06-17 01:07:32,4147.47
8657,8657,Credit Card,2026-07-14 04:58:52,4034.97
8658,8658,Credit Card,2026-02-15 21:24:57,1734.88
8659,8659,Cash,2025-03-26 12:37:41,889.93
8660,8660,PayPal,2024-09-07 19:25:22,4745.73
8661,8661,Bank Transfer,2025-12-06 10:03:32,953.96
8662,8662,PayPal,2025-10-23 05:33:47,1168.41
8663,8663,Bank Transfer,2024-10-29 02:47:31,1234.26
8664,8664,Credit Card,2025-09-07 11:03:01,747.54
8665,8665,PayPal,2025-11-28 14:05:13,39.64
8666,8666,PayPal,2025-12-31 02:29:31,3362.78
8667,8667,Cash,2025-08-06 22:21:28,1210.94
8668,8668,PayPal,2025-03-25 13:00:01,928.87
8669,8669,Credit Card,2025-09-23 15:23:24,829.15
8670,8670,PayPal,2024-10-26 02:25:30,3984.52
8671,8671,Bank Transfer,2026-06-29 22:38:58,3149.94
8672,8672,PayPal,2025-01-23 12:43:21,1510.35
8673,8673,Cash,2026-05-24 22:50:23,2647.59
8674,8674,Cash,2024-09-07 23:02:33,3936.51
8675,8675,Cash,2024-09-23 07:38:25,3642.73
8676,8676,Cash,2026-05-05 22:49:28,1799.31
8677,8677,Bank Transfer,2025-05-05 15:33:43,2254.0
8678,8678,Cash,2024-10-21 14:07:01,3213.03
8679,8679,Cash,2026-07-07 20:37:46,2817.58
8680,8680,Credit Card,2025-07-12 08:01:50,3233.75
8681,8681,Credit Card,2025-12-24 22:37:31,299.12
8682,8682,Cash,2025-03-16 03:24:40,1370.15
8683,8683,Credit Card,2025-05-04 03:45:47,3210.08
8684,8684,Bank Transfer,2026-05-28 01:47:17,271.42
8685,8685,Bank Transfer,2026-07-20 11:22:48,1556.42
8686,8686,Credit Card,2025-09-28 22:18:27,3975.84
8687,8687,Bank Transfer,2025-02-17 10:49:27,2839.75
8688,8688,Cash,2024-08-20 17:34:05,2526.86
8689,8689,Credit Card,2026-04-11 17:36:24,456.66
8690,8690,Cash,2026-02-06 01:37:13,3887.49
8691,8691,PayPal,2026-07-22 21:59:11,3335.8
8692,8692,PayPal,2026-02-04 04:23:34,1874.56
8693,8693,Cash,2026-02-14 03:54:41,2040.19
8694,8694,Cash,2026-03-20 19:41:43,578.01
8695,8695,Cash,2025-12-31 15:55:47,2468.14
8696,8696,PayPal,2025-02-22 16:35:06,4097.18
8697,8697,Bank Transfer,2026-01-16 08:30:45,580.04
8698,8698,Cash,2025-02-04 22:04:43,3547.44
8699,8699,Bank Transfer,2025-05-09 03:01:18,385.18
8700,8700,Bank Transfer,2025-10-06 19:50:34,132.88
8701,8701,Cash,2025-04-27 15:55:55,2627.08
8702,8702,Bank Transfer,2025-12-20 16:56:49,1641.24
8703,8703,Cash,2025-07-25 10:27:45,4202.54
8704,8704,Bank Transfer,2026-06-03 13:03:03,1149.96
8705,8705,Cash,2024-12-30 17:29:19,1344.95
8706,8706,Bank Transfer,2026-05-28 08:50:27,1353.01
8707,8707,Cash,2025-06-25 10:01:25,265.76
8708,8708,PayPal,2025-01-09 08:24:39,2578.32
8709,8709,Cash,2024-09-21 07:10:37,1187.53
8710,8710,Credit Card,2026-01-07 08:05:10,3600.53
8711,8711,Credit Card,2024-10-17 20:36:22,2203.33
8712,8712,PayPal,2025-06-22 13:57:25,212.38
8713,8713,Bank Transfer,2026-06-03 11:54:27,180.07
8714,8714,Credit Card,2025-02-03 19:59:59,1942.86
8715,8715,Credit Card,2026-08-01 15:57:03,1598.55
8716,8716,Credit Card,2025-04-27 00:04:55,471.5
8717,8717,PayPal,2026-03-31 21:38:47,4259.26
8718,8718,Credit Card,2026-05-30 01:23:00,853.11
8719,8719,PayPal,2026-07-30 19:48:11,1364.44
8720,8720,PayPal,2025-08-02 17:11:45,577.12
8721,8721,Bank Transfer,2026-02-13 02:47:47,100.1
8722,8722,Bank Transfer,2026-04-05 06:50:43,1292.37
8723,8723,Credit Card,2025-09-14 01:19:27,2409.53
8724,8724,Cash,2025-04-03 08:53:28,386.01
8725,8725,Cash,2026-07-05 23:50:45,1238.95
8726,8726,Cash,2026-04-05 20:53:06,2670.52
8727,8727,Cash,2025-08-12 12:13:05,83.04
8728,8728,Credit Card,2025-08-08 11:47:30,1040.88
8729,8729,PayPal,2024-08-31 17:58:05,1277.77
8730,8730,PayPal,2025-06-03 00:00:27,1551.96
8731,8731,Credit Card,2025-03-05 21:44:39,528.57
8732,8732,Bank Transfer,2026-02-27 12:41:56,2742.41
8733,8733,PayPal,2026-01-27 01:02:52,2208.99
8734,8734,Credit Card,2025-04-21 20:25:00,858.81
8735,8735,PayPal,2026-02-15 20:22:28,4849.09
8736,8736,Cash,2025-01-27 22:20:10,4130.18
8737,8737,PayPal,2026-04-04 07:58:41,2046.06
8738,8738,Bank Transfer,2024-10-01 08:01:52,1805.31
8739,8739,Bank Transfer,2024-10-21 05:47:37,1519.88
8740,8740,Cash,2025-06-02 12:02:35,1958.36
8741,8741,Credit Card,2025-06-27 05:13:42,1689.53
8742,8742,PayPal,2025-11-03 09:00:05,2033.32
8743,8743,PayPal,2025-12-05 18:49:32,3694.37
8744,8744,Bank Transfer,2025-05-14 10:02:30,1295.12
8745,8745,Bank Transfer,2026-01-29 10:34:33,1099.48
8746,8746,Bank Transfer,2024-09-05 03:32:49,734.58
8747,8747,Bank Transfer,2024-11-23 20:13:54,3045.41
8748,8748,Cash,2025-10-20 07:20:08,1126.32
8749,8749,Cash,2025-11-05 23:59:41,4747.49
8750,8750,PayPal,2024-11-15 03:32:28,227.72
8751,8751,Bank Transfer,2026-04-01 15:14:33,227.74
8752,8752,Cash,2025-08-08 04:06:23,451.5
8753,8753,PayPal,2025-06-27 04:14:59,2192.67
8754,8754,Bank Transfer,2026-02-24 02:31:21,1463.96
8755,8755,PayPal,2024-08-10 14:14:47,75.99
8756,8756,PayPal,2025-05-08 20:27:26,92.64
8757,8757,Cash,2025-09-26 21:40:14,218.27
8758,8758,Cash,2026-07-24 12:34:42,1983.0
8759,8759,Credit Card,2026-06-23 02:00:26,414.3
8760,8760,Cash,2025-05-02 05:14:44,1910.35
8761,8761,Credit Card,2026-07-18 22:33:50,1223.27
8762,8762,PayPal,2025-06-20 22:42:48,2728.32
8763,8763,Cash,2026-04-10 19:57:48,2131.89
8764,8764,Bank Transfer,2025-08-17 14:14:17,1121.31
8765,8765,PayPal,2026-02-15 06:34:03,520.26
8766,8766,Bank Transfer,2026-05-03 07:25:05,2486.87
8767,8767,PayPal,2026-02-20 14:05:32,4404.94
8768,8768,Cash,2024-10-28 05:15:25,1539.37
8769,8769,Cash,2026-03-27 23:04:17,1476.76
8770,8770,Credit Card,2025-09-04 10:31:23,4705.25
8771,8771,Bank Transfer,2026-04-07 16:38:04,632.6
8772,8772,Cash,2026-02-07 20:08:23,933.8
8773,8773,Bank Transfer,2026-07-23 18:39:05,2405.12
8774,8774,PayPal,2026-02-01 23:12:25,1646.55
8775,8775,Cash,2025-02-12 00:12:43,562.8
8776,8776,PayPal,2025-02-12 10:43:30,1235.38
8777,8777,Bank Transfer,2024-10-21 04:39:12,2074.4
8778,8778,Cash,2025-10-04 14:07:05,1533.64
8779,8779,Cash,2025-10-17 05:29:53,1830.25
8780,8780,PayPal,2026-04-18 18:03:02,2267.77
8781,8781,Bank Transfer,2026-02-18 12:21:08,3989.33
8782,8782,Bank Transfer,2025-02-24 17:20:25,2902.5
8783,8783,Bank Transfer,2025-03-30 22:04:30,3349.1
8784,8784,Credit Card,2025-05-23 08:59:24,1370.48
8785,8785,Credit Card,2025-10-08 00:46:23,2852.24
8786,8786,Bank Transfer,2025-04-14 12:18:39,533.66
8787,8787,PayPal,2025-06-09 05:06:23,470.92
8788,8788,PayPal,2026-02-13 02:44:26,2315.75
8789,8789,Cash,2025-08-17 14:05:59,986.23
8790,8790,Credit Card,2025-09-09 16:55:26,1970.92
8791,8791,Bank Transfer,2026-03-11 07:11:07,141.14
8792,8792,Bank Transfer,2025-09-29 17:14:49,411.21
8793,8793,Bank Transfer,2025-10-08 07:22:57,3294.23
8794,8794,Bank Transfer,2026-01-09 05:12:43,963.81
8795,8795,PayPal,2026-01-31 03:57:08,650.91
8796,8796,Cash,2026-02-10 23:55:22,1736.52
8797,8797,Cash,2026-01-24 14:36:10,2250.11
8798,8798,Bank Transfer,2024-12-17 06:33:24,10.02
8799,8799,Cash,2026-02-05 00:58:07,1456.0
8800,8800,Credit Card,2025-05-17 16:39:20,1756.77
8801,8801,Cash,2025-03-31 05:32:42,2753.62
8802,8802,PayPal,2025-05-19 13:36:40,2890.76
8803,8803,Bank Transfer,2024-08-19 05:39:08,2447.26
8804,8804,Cash,2025-01-22 12:14:39,2303.65
8805,8805,Cash,2025-09-08 02:27:32,571.4
8806,8806,Credit Card,2026-06-30 22:01:42,1491.34
8807,8807,Cash,2025-09-05 10:38:15,1941.04
8808,8808,PayPal,2025-10-08 18:08:34,1568.78
8809,8809,Bank Transfer,2025-02-04 11:14:51,371.63
8810,8810,Cash,2025-04-12 12:08:41,2179.7
8811,8811,Credit Card,2024-10-30 18:14:21,3171.65
8812,8812,PayPal,2025-09-14 16:41:11,1793.19
8813,8813,Cash,2026-07-24 13:31:29,2138.06
8814,8814,Credit Card,2025-06-29 08:05:16,417.0
8815,8815,Cash,2025-01-22 11:56:45,2022.31
8816,8816,Bank Transfer,2025-03-30 15:35:12,2032.3
8817,8817,PayPal,2024-08-24 15:31:51,3612.51
8818,8818,Credit Card,2026-07-01 07:50:12,1213.59
8819,8819,Bank Transfer,2025-10-29 00:31:13,512.32
8820,8820,Credit Card,2024-08-29 00:24:20,764.74
8821,8821,Cash,2026-07-18 14:17:55,3736.06
8822,8822,Cash,2025-02-02 22:39:16,256.16
8823,8823,PayPal,2025-11-17 16:05:33,376.22
8824,8824,Credit Card,2025-11-26 05:54:58,2086.02
8825,8825,Cash,2026-07-08 13:16:59,1751.85
8826,8826,Credit Card,2025-05-16 07:46:16,775.5
8827,8827,Cash,2026-04-08 05:02:30,2611.86
8828,8828,Credit Card,2026-07-07 01:21:35,1561.89
8829,8829,Cash,2026-03-02 12:54:49,1277.58
8830,8830,Cash,2026-04-29 20:15:47,29.28
8831,8831,Bank Transfer,2026-03-13 17:54:55,1945.5
8832,8832,Cash,2024-12-29 03:44:56,2527.26
8833,8833,PayPal,2025-03-07 16:46:50,1686.41
8834,8834,Credit Card,2026-06-17 13:24:33,2223.8
8835,8835,Cash,2025-07-31 19:31:59,136.36
8836,8836,PayPal,2026-02-24 20:55:14,1957.08
8837,8837,Cash,2025-04-11 11:30:06,3320.59
8838,8838,Bank Transfer,2025-07-07 00:25:26,1925.97
8839,8839,Credit Card,2025-10-19 20:53:02,2631.96
8840,8840,Cash,2025-09-30 07:41:58,1335.34
8841,8841,PayPal,2024-08-21 15:08:09,1759.79
8842,8842,PayPal,2025-05-26 06:43:27,2197.0
8843,8843,PayPal,2026-07-14 02:13:41,1842.47
8844,8844,Cash,2025-02-02 05:34:03,337.84
8845,8845,Cash,2025-12-14 11:10:20,312.14
8846,8846,Credit Card,2026-03-20 11:27:43,2751.15
8847,8847,Cash,2025-06-27 11:42:17,2802.35
8848,8848,Cash,2025-06-13 17:18:17,2560.48
8849,8849,Bank Transfer,2026-01-31 10:41:03,2763.33
8850,8850,Credit Card,2024-10-11 04:45:18,385.66
8851,8851,Bank Transfer,2026-01-02 06:40:52,2293.21
8852,8852,Credit Card,2026-08-03 04:26:39,2397.58
8853,8853,Cash,2026-05-13 07:56:57,4460.34
8854,8854,Cash,2025-09-21 16:42:29,3996.51
8855,8855,Cash,2025-04-30 21:45:13,344.7
8856,8856,PayPal,2025-06-10 23:13:15,1033.56
8857,8857,Credit Card,2025-11-27 13:21:14,1229.88
8858,8858,Cash,2026-01-21 02:44:51,1092.06
8859,8859,Credit Card,2025-04-20 01:05:41,1802.04
8860,8860,PayPal,2024-11-25 09:49:45,3398.98
8861,8861,Bank Transfer,2026-04-18 12:51:53,2530.13
8862,8862,Cash,2025-06-03 10:29:08,194.7
8863,8863,PayPal,2026-03-09 19:27:20,1429.68
8864,8864,PayPal,2026-01-26 08:49:28,651.06
8865,8865,Bank Transfer,2025-04-29 09:54:38,2914.22
8866,8866,Bank Transfer,2025-10-19 02:49:54,528.95
8867,8867,PayPal,2025-04-26 06:46:38,5327.28
8868,8868,Bank Transfer,2026-04-03 02:07:07,424.51
8869,8869,Credit Card,2025-05-06 21:42:39,3500.59
8870,8870,Cash,2024-12-01 05:29:03,1805.28
8871,8871,Credit Card,2026-07-10 08:31:57,687.42
8872,8872,Cash,2026-04-14 19:50:08,2451.9
8873,8873,Bank Transfer,2026-03-10 06:19:45,674.82
8874,8874,Credit Card,2026-07-07 13:48:01,193.29
8875,8875,Cash,2026-04-01 01:55:09,2132.85
8876,8876,Bank Transfer,2025-06-26 17:41:40,1217.4
8877,8877,Cash,2024-11-04 22:18:49,425.88
8878,8878,Cash,2025-02-09 02:51:40,1161.74
8879,8879,PayPal,2026-05-18 10:20:29,1451.18
8880,8880,Credit Card,2025-04-18 04:14:59,2088.8
8881,8881,Credit Card,2024-08-06 09:30:08,2245.68
8882,8882,Cash,2025-05-18 16:36:48,3598.64
8883,8883,PayPal,2025-01-29 04:25:45,1117.98
8884,8884,PayPal,2025-10-21 15:26:58,2227.88
8885,8885,Bank Transfer,2025-11-24 08:37:10,865.7
8886,8886,Credit Card,2025-04-18 19:47:01,3068.8
8887,8887,Bank Transfer,2024-10-23 13:01:01,1131.39
8888,8888,Bank Transfer,2025-03-03 10:52:47,2127.51
8889,8889,Credit Card,2025-11-24 13:09:23,2267.1
8890,8890,Bank Transfer,2025-08-08 01:04:23,2292.43
8891,8891,Credit Card,2024-11-23 05:41:16,2323.43
8892,8892,PayPal,2025-05-08 16:50:05,2700.26
8893,8893,Cash,2024-12-09 22:30:45,3418.3
8894,8894,PayPal,2026-06-09 03:57:59,2743.19
8895,8895,Bank Transfer,2026-02-04 03:40:03,1326.78
8896,8896,Cash,2026-08-01 18:33:17,2442.86
8897,8897,Credit Card,2025-07-29 11:58:56,2161.85
8898,8898,Bank Transfer,2026-01-28 06:12:03,1937.22
8899,8899,Credit Card,2026-04-24 09:00:16,994.17
8900,8900,Cash,2024-11-29 02:54:12,1601.81
8901,8901,Bank Transfer,2025-01-01 05:15:45,3382.96
8902,8902,PayPal,2024-12-16 20:59:28,3073.25
8903,8903,PayPal,2024-11-21 15:45:13,2247.43
8904,8904,Cash,2025-07-12 01:17:09,2559.21
8905,8905,Credit Card,2025-04-26 22:28:04,175.53
8906,8906,Bank Transfer,2025-04-01 07:37:43,1448.62
8907,8907,Bank Transfer,2025-02-20 05:15:21,3435.87
8908,8908,Bank Transfer,2025-05-17 04:52:54,1077.24
8909,8909,PayPal,2025-02-19 19:24:26,2377.77
8910,8910,Bank Transfer,2025-08-08 15:48:04,711.44
8911,8911,Bank Transfer,2025-09-17 19:45:00,284.0
8912,8912,Bank Transfer,2025-12-17 16:36:13,1994.1
8913,8913,Credit Card,2026-01-28 18:10:31,1664.42
8914,8914,Credit Card,2025-11-11 15:38:10,2427.52
8915,8915,Bank Transfer,2025-11-05 02:39:53,794.27
8916,8916,Credit Card,2024-09-17 04:50:19,2076.5
8917,8917,Credit Card,2025-09-11 22:57:07,657.92
8918,8918,PayPal,2026-06-30 12:26:59,1805.65
8919,8919,Bank Transfer,2024-08-26 18:01:05,269.0
8920,8920,Bank Transfer,2024-11-29 02:52:26,2520.06
8921,8921,Cash,2026-06-13 06:23:51,1805.61
8922,8922,Credit Card,2025-05-17 18:35:25,3409.58
8923,8923,PayPal,2026-01-18 19:38:40,2315.49
8924,8924,PayPal,2026-06-24 23:35:58,838.59
8925,8925,Cash,2024-12-11 23:33:50,1699.52
8926,8926,PayPal,2025-12-04 18:59:46,4448.01
8927,8927,Bank Transfer,2024-10-18 03:26:35,1441.63
8928,8928,Cash,2026-06-30 02:50:55,1462.52
8929,8929,Credit Card,2026-02-16 07:35:59,513.72
8930,8930,Credit Card,2025-07-21 03:58:28,885.62
8931,8931,PayPal,2026-03-23 13:46:23,3128.98
8932,8932,Credit Card,2025-06-02 12:36:25,2914.2
8933,8933,Credit Card,2025-10-16 16:16:53,236.66
8934,8934,Credit Card,2026-02-06 15:01:29,1824.64
8935,8935,Cash,2025-09-06 16:35:43,1347.06
8936,8936,Cash,2026-03-01 14:52:04,47.9
8937,8937,PayPal,2025-10-15 12:50:55,327.12
8938,8938,Credit Card,2025-07-21 04:25:47,482.02
8939,8939,Credit Card,2026-03-27 05:20:40,950.91
8940,8940,PayPal,2026-05-28 13:21:54,3275.32
8941,8941,Bank Transfer,2025-02-25 15:44:25,3448.04
8942,8942,Credit Card,2026-07-11 21:50:37,213.85
8943,8943,Credit Card,2024-10-11 07:25:24,1691.81
8944,8944,Bank Transfer,2025-06-23 09:17:04,1513.43
8945,8945,Bank Transfer,2025-10-10 02:34:27,446.48
8946,8946,PayPal,2026-01-16 17:46:36,1539.88
8947,8947,PayPal,2025-10-29 23:53:51,49.86
8948,8948,Credit Card,2025-09-03 23:01:28,2432.06
8949,8949,Bank Transfer,2025-03-07 02:05:25,1537.6
8950,8950,Cash,2025-01-10 07:22:26,1188.09
8951,8951,PayPal,2026-07-07 06:35:23,1126.85
8952,8952,Credit Card,2024-09-01 04:06:29,4542.84
8953,8953,Credit Card,2024-10-09 15:15:10,115.52
8954,8954,PayPal,2025-03-08 10:52:37,908.46
8955,8955,PayPal,2025-11-02 20:27:39,893.26
8956,8956,Bank Transfer,2025-10-28 04:14:51,1071.3
8957,8957,Cash,2025-03-18 12:04:26,1274.15
8958,8958,Cash,2026-05-15 16:26:43,1492.28
8959,8959,PayPal,2025-02-18 23:05:45,3178.65
8960,8960,Credit Card,2026-03-26 05:50:11,2404.39
8961,8961,PayPal,2024-12-06 08:33:41,1853.88
8962,8962,Cash,2025-02-25 00:51:33,450.81
8963,8963,Bank Transfer,2025-02-20 19:13:54,1046.11
8964,8964,Cash,2025-04-28 19:53:12,373.72
8965,8965,PayPal,2024-08-06 13:15:02,2285.97
8966,8966,Bank Transfer,2025-08-11 16:36:09,1245.2
8967,8967,Cash,2025-12-19 14:46:00,242.19
8968,8968,PayPal,2024-08-11 09:22:23,2003.64
8969,8969,Bank Transfer,2025-09-12 10:44:41,2047.37
8970,8970,Credit Card,2026-01-13 22:52:25,3062.84
8971,8971,Bank Transfer,2025-10-08 09:35:51,745.62
8972,8972,Bank Transfer,2026-05-28 09:13:42,1821.49
8973,8973,Cash,2026-07-22 00:08:04,2275.41
8974,8974,Bank Transfer,2025-05-09 15:10:50,3594.17
8975,8975,Cash,2026-06-22 12:27:03,3659.61
8976,8976,Bank Transfer,2026-05-09 13:32:07,3229.16
8977,8977,Credit Card,2025-04-02 22:29:22,154.56
8978,8978,Credit Card,2024-08-20 02:17:38,38.74
8979,8979,PayPal,2026-04-05 02:28:59,2636.73
8980,8980,Cash,2026-01-31 23:42:03,1131.47
8981,8981,Bank Transfer,2024-08-25 12:12:58,231.33
8982,8982,PayPal,2026-07-14 22:21:50,172.35
8983,8983,PayPal,2025-08-30 15:26:35,1114.18
8984,8984,PayPal,2024-11-26 05:29:26,1347.89
8985,8985,Cash,2025-12-30 11:40:10,878.36
8986,8986,Cash,2025-12-04 03:09:46,755.02
8987,8987,Bank Transfer,2026-04-08 18:37:45,749.16
8988,8988,PayPal,2025-07-27 22:35:06,3951.94
8989,8989,PayPal,2025-07-27 01:33:29,443.58
8990,8990,PayPal,2025-10-02 06:25:52,339.92
8991,8991,PayPal,2026-05-15 05:21:09,838.06
8992,8992,Credit Card,2026-07-03 00:57:23,3658.43
8993,8993,Credit Card,2026-05-05 14:30:23,957.56
8994,8994,Cash,2024-09-18 00:00:35,659.25
8995,8995,PayPal,2026-06-08 15:07:34,1101.91
8996,8996,Bank Transfer,2025-04-05 14:12:27,1625.5
8997,8997,Credit Card,2025-03-13 20:45:03,810.65
8998,8998,PayPal,2025-05-25 11:11:47,1563.63
8999,8999,Cash,2025-12-19 18:15:22,1855.8
9000,9000,Credit Card,2025-09-13 11:10:50,729.36
9001,9001,Cash,2024-11-15 18:53:43,226.46
9002,9002,Credit Card,2026-03-07 14:55:19,1435.97
9003,9003,Credit Card,2025-03-31 17:05:34,256.29
9004,9004,PayPal,2024-08-29 23:07:09,213.85
9005,9005,Cash,2025-03-21 17:15:17,4190.04
9006,9006,Cash,2025-10-11 08:51:29,1018.4
9007,9007,PayPal,2026-03-10 18:09:25,2961.46
9008,9008,PayPal,2026-07-25 19:43:53,542.84
9009,9009,PayPal,2025-10-25 03:20:29,103.68
9010,9010,PayPal,2025-08-29 21:21:49,3900.68
9011,9011,Credit Card,2025-08-28 15:40:17,5217.48
9012,9012,PayPal,2024-11-19 18:32:05,2456.85
9013,9013,Credit Card,2025-02-14 04:56:54,239.93
9014,9014,Cash,2025-02-28 21:49:52,2296.69
9015,9015,Cash,2025-04-18 03:19:23,877.17
9016,9016,Cash,2024-08-18 19:14:43,2729.26
9017,9017,Cash,2025-09-02 20:11:24,1364.72
9018,9018,Cash,2025-06-07 13:47:25,2351.2
9019,9019,Cash,2025-05-28 12:06:22,2955.83
9020,9020,Cash,2024-12-19 20:40:22,4601.27
9021,9021,Cash,2025-05-05 14:48:58,1746.03
9022,9022,Bank Transfer,2026-02-20 05:29:04,1438.74
9023,9023,PayPal,2025-07-26 02:00:25,958.84
9024,9024,Credit Card,2025-10-11 22:42:45,439.18
9025,9025,Credit Card,2025-12-24 01:51:06,704.85
9026,9026,PayPal,2024-09-21 11:07:34,654.23
9027,9027,Credit Card,2026-06-26 18:22:25,3781.67
9028,9028,PayPal,2026-02-02 16:21:55,137.08
9029,9029,Credit Card,2026-06-14 19:28:21,1713.99
9030,9030,Bank Transfer,2025-12-23 18:46:47,6009.16
9031,9031,Cash,2025-09-23 23:29:18,2312.61
9032,9032,Cash,2025-02-10 12:36:33,158.7
9033,9033,Bank Transfer,2024-09-18 15:45:02,1651.61
9034,9034,Bank Transfer,2025-08-07 10:32:40,72.56
9035,9035,Bank Transfer,2024-12-09 12:08:56,2012.49
9036,9036,Bank Transfer,2026-02-27 21:43:45,2221.09
9037,9037,Credit Card,2026-02-18 14:12:36,2812.44
9038,9038,Bank Transfer,2024-11-27 12:47:18,2459.34
9039,9039,PayPal,2025-11-28 01:17:44,2036.93
9040,9040,Cash,2026-01-11 01:44:07,1627.12
9041,9041,Cash,2024-11-16 13:52:48,3485.47
9042,9042,Bank Transfer,2026-06-19 19:37:12,350.06
9043,9043,Cash,2026-05-27 19:05:47,6419.56
9044,9044,Cash,2024-10-03 23:28:31,1487.01
9045,9045,Credit Card,2026-01-19 00:16:39,1408.41
9046,9046,PayPal,2025-09-21 14:47:50,558.8
9047,9047,PayPal,2024-08-31 05:52:10,491.67
9048,9048,Cash,2024-10-13 00:00:18,864.89
9049,9049,Bank Transfer,2026-05-18 05:50:53,1168.93
9050,9050,Bank Transfer,2025-09-02 09:51:04,647.66
9051,9051,Credit Card,2025-07-08 19:04:51,1606.22
9052,9052,PayPal,2025-02-15 09:53:25,1163.16
9053,9053,Bank Transfer,2024-09-26 07:48:50,4029.65
9054,9054,Credit Card,2024-10-25 07:05:18,64.35
9055,9055,Bank Transfer,2025-02-04 21:21:21,1159.69
9056,9056,PayPal,2024-12-12 02:53:42,1599.49
9057,9057,Credit Card,2024-11-01 04:15:46,1607.78
9058,9058,Cash,2024-11-01 20:13:41,1680.18
9059,9059,Cash,2025-07-09 02:40:02,1747.72
9060,9060,Bank Transfer,2026-05-28 10:51:25,428.64
9061,9061,PayPal,2024-11-28 04:52:41,305.62
9062,9062,PayPal,2026-03-26 19:36:37,2141.71
9063,9063,PayPal,2024-08-12 21:52:05,494.12
9064,9064,PayPal,2025-08-25 03:53:48,1597.7
9065,9065,Cash,2025-03-13 22:54:51,798.05
9066,9066,Credit Card,2024-12-17 15:08:30,1437.74
9067,9067,Credit Card,2025-09-04 01:27:10,1675.62
9068,9068,Credit Card,2025-09-12 23:33:11,3722.67
9069,9069,Credit Card,2024-09-19 20:25:46,1087.4
9070,9070,Cash,2024-10-03 20:10:23,77.48
9071,9071,PayPal,2025-11-04 04:01:55,3920.66
9072,9072,Credit Card,2026-06-12 01:14:03,1417.17
9073,9073,PayPal,2024-11-04 04:06:31,2351.71
9074,9074,Cash,2025-09-22 01:57:37,1221.2
9075,9075,Bank Transfer,2024-11-13 13:48:53,2420.01
9076,9076,Bank Transfer,2025-03-22 21:04:03,876.52
9077,9077,Bank Transfer,2025-06-13 01:42:28,417.21
9078,9078,Credit Card,2025-07-15 23:40:20,2124.43
9079,9079,Bank Transfer,2024-11-26 16:52:57,1009.7
9080,9080,Cash,2025-09-19 12:36:27,2145.49
9081,9081,Credit Card,2025-01-25 05:52:41,291.54
9082,9082,PayPal,2025-12-04 00:48:45,2276.8
9083,9083,Cash,2025-06-18 10:16:38,2757.27
9084,9084,Cash,2025-09-08 10:49:25,2180.02
9085,9085,PayPal,2024-11-27 10:31:26,328.32
9086,9086,Credit Card,2025-07-11 03:11:27,1103.6
9087,9087,Cash,2025-05-31 14:52:01,542.03
9088,9088,Cash,2025-04-25 21:11:32,2959.48
9089,9089,Bank Transfer,2025-02-08 10:20:56,1951.7
9090,9090,Bank Transfer,2026-04-01 03:26:37,3239.29
9091,9091,Cash,2026-02-19 06:27:49,476.98
9092,9092,Cash,2025-01-22 23:45:19,4367.88
9093,9093,PayPal,2025-02-02 07:00:14,2894.97
9094,9094,Cash,2025-02-26 04:14:44,4929.3
9095,9095,Bank Transfer,2026-04-16 16:55:03,1888.86
9096,9096,Credit Card,2026-01-25 09:42:18,2472.93
9097,9097,PayPal,2025-12-11 19:00:49,2391.22
9098,9098,PayPal,2026-06-26 18:52:13,1179.93
9099,9099,Cash,2025-02-16 16:45:34,2431.56
9100,9100,PayPal,2024-09-15 03:49:30,1481.21
9101,9101,Bank Transfer,2025-11-24 21:58:20,4507.16
9102,9102,Bank Transfer,2025-10-13 15:42:17,1421.07
9103,9103,Cash,2026-04-12 19:30:53,906.36
9104,9104,PayPal,2024-12-14 13:12:00,1574.12
9105,9105,Credit Card,2025-07-07 02:49:31,932.26
9106,9106,Credit Card,2026-06-08 07:11:50,2622.54
9107,9107,Cash,2026-01-13 21:06:58,591.7
9108,9108,Bank Transfer,2025-01-11 11:24:25,1067.14
9109,9109,Credit Card,2024-10-16 03:28:29,689.06
9110,9110,Bank Transfer,2025-10-03 22:21:07,2648.86
9111,9111,Cash,2025-01-23 23:18:53,1343.11
9112,9112,Bank Transfer,2024-08-15 07:26:36,2402.52
9113,9113,Cash,2025-09-18 00:57:22,2362.04
9114,9114,Credit Card,2024-08-19 12:50:50,85.44
9115,9115,Bank Transfer,2026-01-04 09:23:43,2772.64
9116,9116,Bank Transfer,2025-09-21 14:01:32,587.7
9117,9117,Cash,2025-09-08 18:36:06,2096.74
9118,9118,PayPal,2025-12-16 06:25:04,2824.89
9119,9119,Cash,2025-08-04 09:19:23,1320.7
9120,9120,Credit Card,2026-01-17 21:22:57,1173.5
9121,9121,PayPal,2025-01-03 20:18:10,1728.81
9122,9122,Cash,2026-02-21 05:10:21,1879.05
9123,9123,Credit Card,2024-11-02 15:49:54,574.88
9124,9124,Credit Card,2026-06-22 05:37:48,3376.31
9125,9125,PayPal,2024-08-26 22:29:05,1312.03
9126,9126,Credit Card,2025-09-27 09:14:02,1441.48
9127,9127,Bank Transfer,2026-04-29 09:09:13,2893.24
9128,9128,Cash,2025-07-14 19:01:52,911.21
9129,9129,Credit Card,2026-04-06 16:32:15,2182.89
9130,9130,Cash,2025-03-28 00:37:37,2429.55
9131,9131,Credit Card,2026-03-06 08:53:14,1720.42
9132,9132,PayPal,2025-09-21 02:59:44,722.48
9133,9133,Bank Transfer,2024-10-11 19:43:46,3818.72
9134,9134,PayPal,2025-03-06 14:34:50,360.69
9135,9135,Cash,2025-11-22 10:34:57,1862.45
9136,9136,Credit Card,2025-07-29 09:48:35,335.12
9137,9137,PayPal,2024-10-15 00:41:56,770.36
9138,9138,Bank Transfer,2025-02-12 06:00:59,1414.94
9139,9139,Credit Card,2026-06-26 16:18:32,129.45
9140,9140,Bank Transfer,2025-04-14 05:41:05,1303.7
9141,9141,PayPal,2026-07-09 01:59:22,751.04
9142,9142,Bank Transfer,2025-05-28 02:58:12,588.14
9143,9143,Credit Card,2024-12-14 06:53:42,1160.29
9144,9144,Cash,2025-06-15 05:13:54,918.85
9145,9145,Cash,2025-04-12 23:01:03,426.41
9146,9146,Cash,2025-05-06 04:53:46,2792.11
9147,9147,Credit Card,2026-03-06 06:15:47,3654.93
9148,9148,Credit Card,2025-08-16 06:19:47,1526.71
9149,9149,Cash,2026-03-26 07:32:31,3343.72
9150,9150,Bank Transfer,2025-09-10 17:28:57,1702.26
9151,9151,Credit Card,2025-02-16 08:50:10,4652.52
9152,9152,Cash,2026-08-05 00:12:54,2084.77
9153,9153,Bank Transfer,2024-10-14 19:55:42,896.07
9154,9154,Bank Transfer,2025-07-23 13:43:03,3143.08
9155,9155,Credit Card,2026-04-28 20:21:50,1248.39
9156,9156,PayPal,2025-11-01 21:19:09,2420.15
9157,9157,PayPal,2026-06-11 05:49:53,2321.75
9158,9158,Cash,2026-01-05 15:04:01,1817.43
9159,9159,PayPal,2025-07-22 21:56:54,1456.97
9160,9160,Credit Card,2024-10-18 23:34:45,3200.3
9161,9161,Cash,2025-10-18 17:41:16,1009.14
9162,9162,Cash,2025-07-15 21:46:34,83.78
9163,9163,PayPal,2026-02-16 04:36:10,209.34
9164,9164,Bank Transfer,2026-03-22 19:04:23,3084.47
9165,9165,PayPal,2024-09-06 21:28:45,311.04
9166,9166,Credit Card,2026-06-20 04:40:43,54.42
9167,9167,Credit Card,2026-07-02 14:17:50,2617.52
9168,9168,Credit Card,2024-12-22 15:21:00,2279.29
9169,9169,Cash,2025-12-23 12:43:19,162.33
9170,9170,Credit Card,2025-09-14 16:48:59,2522.77
9171,9171,PayPal,2025-02-22 23:08:20,2336.28
9172,9172,PayPal,2026-01-28 05:34:53,1808.3
9173,9173,Cash,2026-03-08 03:31:06,190.09
9174,9174,Cash,2024-10-28 22:07:32,586.16
9175,9175,PayPal,2026-06-21 12:54:24,933.52
9176,9176,Credit Card,2025-09-08 13:14:41,1222.4
9177,9177,Bank Transfer,2025-10-30 06:40:41,424.51
9178,9178,Bank Transfer,2026-04-28 21:45:36,407.92
9179,9179,Credit Card,2026-03-13 21:09:24,40.14
9180,9180,Cash,2025-09-13 01:13:30,225.07
9181,9181,PayPal,2025-03-24 01:56:33,2879.29
9182,9182,PayPal,2026-05-01 12:40:54,3008.25
9183,9183,Cash,2025-04-02 23:54:39,428.64
9184,9184,Bank Transfer,2025-02-25 21:34:19,407.02
9185,9185,PayPal,2026-03-30 07:56:50,556.52
9186,9186,Credit Card,2025-12-23 20:44:38,1797.48
9187,9187,Bank Transfer,2026-05-27 08:18:50,1465.28
9188,9188,Bank Transfer,2024-09-05 23:44:54,1586.44
9189,9189,PayPal,2025-03-02 06:33:01,622.34
9190,9190,Bank Transfer,2025-09-12 14:40:37,1538.25
9191,9191,Bank Transfer,2024-10-14 01:52:54,3189.21
9192,9192,PayPal,2026-02-09 07:25:07,2507.84
9193,9193,Credit Card,2024-12-19 01:42:09,75.72
9194,9194,PayPal,2024-09-16 07:44:30,814.26
9195,9195,Cash,2025-04-26 03:38:48,278.2
9196,9196,Credit Card,2026-06-08 20:20:02,366.86
9197,9197,PayPal,2024-08-19 09:17:12,1127.18
9198,9198,Cash,2025-12-31 18:39:06,2002.24
9199,9199,Cash,2025-06-17 17:43:18,988.22
9200,9200,PayPal,2026-05-10 15:09:56,3408.77
9201,9201,Credit Card,2025-09-17 08:58:40,1977.03
9202,9202,Credit Card,2025-02-06 18:57:49,1767.8
9203,9203,Bank Transfer,2025-02-23 22:09:19,593.7
9204,9204,Credit Card,2024-12-13 17:30:24,3206.72
9205,9205,Bank Transfer,2025-11-06 18:30:08,1148.28
9206,9206,Cash,2026-04-28 01:28:56,3483.53
9207,9207,Credit Card,2025-02-21 10:06:15,2591.72
9208,9208,PayPal,2025-06-23 06:50:26,2305.71
9209,9209,PayPal,2024-12-18 08:56:10,932.15
9210,9210,PayPal,2025-09-08 06:15:27,768.31
9211,9211,PayPal,2026-01-24 13:00:50,213.0
9212,9212,Credit Card,2025-10-01 18:34:14,969.48
9213,9213,Credit Card,2026-07-08 20:55:57,2994.58
9214,9214,Bank Transfer,2026-05-13 21:00:50,1707.81
9215,9215,PayPal,2025-02-04 11:08:55,925.02
9216,9216,Bank Transfer,2026-06-30 09:54:11,2701.89
9217,9217,PayPal,2025-08-20 09:36:33,2875.17
9218,9218,Cash,2025-10-26 15:41:29,1118.79
9219,9219,Credit Card,2025-06-23 12:46:30,2018.93
9220,9220,PayPal,2026-04-18 17:53:07,2318.05
9221,9221,Bank Transfer,2025-08-13 11:41:30,2898.83
9222,9222,Credit Card,2026-02-12 19:33:01,1267.09
9223,9223,Credit Card,2025-02-13 16:30:21,2013.02
9224,9224,Credit Card,2025-02-25 18:20:49,1214.4
9225,9225,Credit Card,2025-04-17 18:06:14,424.77
9226,9226,PayPal,2025-02-07 04:20:15,1122.73
9227,9227,Bank Transfer,2025-06-15 18:10:36,2579.55
9228,9228,Bank Transfer,2024-09-18 04:29:35,1804.72
9229,9229,PayPal,2024-12-26 08:20:33,373.77
9230,9230,PayPal,2025-11-20 06:03:42,2509.29
9231,9231,Credit Card,2025-06-18 06:21:13,1263.87
9232,9232,Bank Transfer,2026-03-18 04:22:16,1930.19
9233,9233,PayPal,2024-12-05 03:28:34,1687.67
9234,9234,Bank Transfer,2024-08-25 21:16:46,291.56
9235,9235,Cash,2025-08-12 10:59:52,2328.94
9236,9236,Credit Card,2025-12-21 00:20:25,1970.38
9237,9237,Bank Transfer,2024-10-25 12:21:41,3507.41
9238,9238,Credit Card,2025-02-10 14:37:09,1631.93
9239,9239,PayPal,2025-12-29 23:45:16,2203.97
9240,9240,Bank Transfer,2025-08-14 23:13:26,2086.26
9241,9241,Cash,2025-07-13 22:59:27,1049.1
9242,9242,Bank Transfer,2025-07-16 17:07:50,309.88
9243,9243,Credit Card,2026-02-28 09:26:14,1253.61
9244,9244,Cash,2025-08-14 08:53:50,340.83
9245,9245,PayPal,2024-11-25 22:33:01,914.31
9246,9246,PayPal,2026-03-08 23:46:10,402.24
9247,9247,Cash,2026-02-24 15:44:38,2254.02
9248,9248,PayPal,2025-01-13 04:54:58,3017.37
9249,9249,Credit Card,2025-12-10 08:48:05,2211.3
9250,9250,Bank Transfer,2025-01-12 05:00:09,2035.44
9251,9251,Cash,2024-12-02 13:35:41,1470.44
9252,9252,PayPal,2025-07-21 04:11:37,2242.74
9253,9253,Credit Card,2025-08-30 01:27:42,1391.67
9254,9254,Bank Transfer,2025-04-15 01:44:07,3200.23
9255,9255,PayPal,2025-07-15 18:17:00,3538.69
9256,9256,PayPal,2026-06-15 04:18:07,210.15
9257,9257,Cash,2025-02-03 08:20:09,83.84
9258,9258,Bank Transfer,2025-04-29 01:59:12,2788.06
9259,9259,Credit Card,2024-09-13 03:03:33,1423.37
9260,9260,Cash,2024-11-30 12:57:50,390.01
9261,9261,Bank Transfer,2024-10-21 16:39:17,2634.73
9262,9262,Credit Card,2025-07-13 01:44:24,113.23
9263,9263,Bank Transfer,2024-09-30 11:00:23,839.56
9264,9264,Bank Transfer,2024-12-14 05:08:16,50.91
9265,9265,Credit Card,2026-03-01 10:22:38,2847.99
9266,9266,PayPal,2026-07-01 16:16:18,3236.85
9267,9267,PayPal,2025-05-15 17:39:47,1861.96
9268,9268,Cash,2025-04-20 20:26:54,2761.72
9269,9269,PayPal,2025-08-30 19:58:04,1767.12
9270,9270,Bank Transfer,2025-01-26 07:01:47,1497.69
9271,9271,Cash,2025-11-08 23:37:11,3268.21
9272,9272,Cash,2025-01-20 00:23:59,920.15
9273,9273,Credit Card,2025-04-10 21:38:09,2690.72
9274,9274,Bank Transfer,2025-06-29 13:17:53,1622.68
9275,9275,Bank Transfer,2025-01-28 11:30:43,593.09
9276,9276,PayPal,2025-04-22 08:44:42,166.79
9277,9277,Bank Transfer,2026-06-15 03:38:13,211.56
9278,9278,Cash,2024-08-16 13:20:40,256.16
9279,9279,PayPal,2025-12-06 23:15:07,844.53
9280,9280,PayPal,2026-02-01 05:50:13,2500.22
9281,9281,PayPal,2026-02-11 15:15:50,2953.21
9282,9282,Credit Card,2025-01-09 16:58:28,142.6
9283,9283,Credit Card,2025-04-08 13:38:14,3099.56
9284,9284,Cash,2026-03-16 19:10:47,278.2
9285,9285,PayPal,2026-06-17 15:36:23,6402.05
9286,9286,PayPal,2026-03-27 06:40:26,4858.56
9287,9287,PayPal,2024-11-17 02:40:46,3507.35
9288,9288,Credit Card,2025-01-27 16:45:18,1762.63
9289,9289,Cash,2024-10-13 16:41:44,424.37
9290,9290,Cash,2025-11-08 16:06:49,2647.58
9291,9291,Bank Transfer,2025-07-14 13:18:04,2160.19
9292,9292,Cash,2026-04-01 14:37:41,1857.39
9293,9293,Bank Transfer,2025-08-17 21:46:38,2642.85
9294,9294,PayPal,2024-08-29 17:38:49,362.66
9295,9295,Bank Transfer,2025-12-15 03:49:20,4340.29
9296,9296,PayPal,2025-11-29 02:05:22,1637.96
9297,9297,Cash,2025-02-12 18:18:42,3956.98
9298,9298,Credit Card,2024-09-30 00:47:13,4273.66
9299,9299,Bank Transfer,2024-12-13 23:54:59,564.27
9300,9300,Cash,2025-01-15 18:45:10,2484.74
9301,9301,Bank Transfer,2024-08-18 08:50:34,2847.37
9302,9302,Cash,2024-12-28 17:32:21,3811.97
9303,9303,Bank Transfer,2025-02-22 00:17:35,3114.93
9304,9304,Cash,2024-09-11 20:01:02,1434.23
9305,9305,Bank Transfer,2025-01-25 18:52:52,661.57
9306,9306,PayPal,2025-11-13 09:34:37,1302.68
9307,9307,Cash,2026-07-11 02:47:33,2230.77
9308,9308,PayPal,2026-03-29 18:13:32,3702.58
9309,9309,Cash,2026-07-24 00:31:09,411.21
9310,9310,Cash,2026-03-24 17:45:59,2602.1
9311,9311,Credit Card,2025-11-20 19:32:17,1359.89
9312,9312,Credit Card,2026-01-05 09:15:14,2451.25
9313,9313,Credit Card,2025-10-04 19:32:56,2101.93
9314,9314,PayPal,2026-01-14 11:40:06,785.39
9315,9315,Cash,2026-05-17 23:48:03,1221.08
9316,9316,Cash,2025-02-16 21:05:37,2004.48
9317,9317,Cash,2026-06-08 10:24:33,1766.46
9318,9318,Credit Card,2024-12-17 06:09:10,976.59
9319,9319,Cash,2025-09-04 10:07:44,4210.58
9320,9320,PayPal,2025-06-10 01:42:43,1753.78
9321,9321,Bank Transfer,2025-10-16 07:02:21,835.38
9322,9322,PayPal,2025-02-15 11:15:15,336.96
9323,9323,Cash,2025-04-11 19:52:39,1361.16
9324,9324,Credit Card,2025-09-09 14:49:56,875.0
9325,9325,Cash,2025-06-03 16:58:00,773.12
9326,9326,Cash,2026-02-23 17:14:11,610.14
9327,9327,PayPal,2025-10-15 06:03:45,2098.3
9328,9328,Credit Card,2025-10-10 07:07:02,3055.8
9329,9329,Credit Card,2026-07-20 04:55:53,137.07
9330,9330,Cash,2025-03-15 02:11:28,3238.75
9331,9331,Bank Transfer,2025-07-06 04:45:29,1754.89
9332,9332,Cash,2026-02-09 23:38:02,798.6
9333,9333,Cash,2025-11-09 23:17:00,2580.53
9334,9334,Cash,2025-11-10 23:36:10,1422.07
9335,9335,PayPal,2026-03-17 13:03:44,839.6
9336,9336,Cash,2025-05-07 18:26:59,27.68
9337,9337,PayPal,2026-05-08 04:53:26,1406.03
9338,9338,Credit Card,2024-09-23 04:39:24,2142.62
9339,9339,Bank Transfer,2026-02-13 09:07:46,4297.17
9340,9340,Credit Card,2025-02-24 19:55:18,4269.94
9341,9341,Cash,2025-04-23 21:53:04,3429.86
9342,9342,Bank Transfer,2025-02-11 02:27:31,1691.38
9343,9343,PayPal,2024-08-20 02:02:47,941.11
9344,9344,PayPal,2026-02-11 07:10:15,2917.88
9345,9345,Cash,2025-02-18 21:04:05,1269.7
9346,9346,Credit Card,2026-05-09 18:54:21,1807.26
9347,9347,Cash,2025-06-18 04:20:54,2790.19
9348,9348,Cash,2025-03-17 07:47:10,1515.68
9349,9349,Credit Card,2025-10-09 12:41:02,2067.6
9350,9350,Credit Card,2026-07-17 20:04:58,4716.48
9351,9351,Credit Card,2026-07-24 07:05:20,1857.35
9352,9352,Bank Transfer,2025-05-12 23:58:39,781.72
9353,9353,Bank Transfer,2026-02-17 10:38:54,1802.48
9354,9354,Bank Transfer,2026-03-04 22:14:09,966.26
9355,9355,PayPal,2025-11-26 22:20:24,2923.07
9356,9356,Cash,2025-06-02 19:32:10,1591.34
9357,9357,Credit Card,2025-02-05 23:28:20,1622.68
9358,9358,Bank Transfer,2025-05-03 06:29:42,4791.03
9359,9359,Bank Transfer,2024-08-09 12:58:59,1853.88
9360,9360,Cash,2024-09-06 21:55:42,3679.83
9361,9361,Credit Card,2025-04-14 17:08:11,4022.11
9362,9362,PayPal,2026-03-22 08:05:30,43.52
9363,9363,PayPal,2026-05-30 17:54:00,2215.81
9364,9364,PayPal,2025-11-24 13:59:09,605.81
9365,9365,PayPal,2026-06-16 21:12:03,398.63
9366,9366,Bank Transfer,2025-09-26 12:55:00,117.15
9367,9367,Credit Card,2026-01-22 09:38:59,2377.49
9368,9368,Bank Transfer,2025-09-13 12:59:17,49.86
9369,9369,Bank Transfer,2025-02-14 17:40:22,1866.62
9370,9370,PayPal,2026-04-27 10:28:15,760.53
9371,9371,PayPal,2025-08-09 08:16:52,710.39
9372,9372,Cash,2026-02-26 06:16:09,4473.52
9373,9373,PayPal,2024-09-17 05:40:21,3516.66
9374,9374,PayPal,2025-08-05 05:21:32,2870.4
9375,9375,PayPal,2024-09-08 17:28:14,2307.6
9376,9376,Cash,2025-09-19 21:11:01,888.88
9377,9377,Bank Transfer,2026-02-04 20:36:15,1831.48
9378,9378,PayPal,2025-12-21 08:52:45,2425.01
9379,9379,PayPal,2025-03-28 11:26:52,576.05
9380,9380,Credit Card,2024-08-17 09:40:48,234.64
9381,9381,Credit Card,2024-12-05 17:24:04,1167.44
9382,9382,Bank Transfer,2024-10-07 22:42:01,1785.44
9383,9383,Bank Transfer,2025-04-25 05:09:03,662.4
9384,9384,PayPal,2026-05-04 04:00:52,850.05
9385,9385,Cash,2025-08-19 22:21:34,337.48
9386,9386,Credit Card,2026-05-14 03:12:40,993.56
9387,9387,PayPal,2025-09-17 02:57:14,1918.26
9388,9388,Credit Card,2024-10-07 04:19:13,595.88
9389,9389,PayPal,2025-06-06 14:22:40,124.47
9390,9390,Bank Transfer,2025-12-09 05:25:27,2918.83
9391,9391,Cash,2025-01-30 19:03:29,2432.06
9392,9392,Credit Card,2026-07-27 12:03:15,680.55
9393,9393,Cash,2025-08-20 23:36:45,783.11
9394,9394,Bank Transfer,2025-01-28 09:50:22,998.88
9395,9395,Cash,2024-11-22 03:22:07,3722.76
9396,9396,PayPal,2024-09-17 02:15:01,1362.31
9397,9397,Credit Card,2026-06-06 06:10:13,2165.73
9398,9398,Credit Card,2026-06-26 06:08:09,2487.54
9399,9399,Bank Transfer,2026-05-29 02:00:29,1702.48
9400,9400,Bank Transfer,2025-10-09 05:08:08,294.12
9401,9401,Cash,2026-07-03 10:44:23,1974.42
9402,9402,Credit Card,2024-11-18 18:18:36,612.0
9403,9403,PayPal,2025-05-09 04:14:24,1981.95
9404,9404,Bank Transfer,2024-10-20 01:39:27,4984.77
9405,9405,Cash,2025-03-29 11:27:02,2116.89
9406,9406,PayPal,2024-12-10 21:40:16,547.78
9407,9407,Cash,2026-05-14 00:14:15,2697.13
9408,9408,Credit Card,2026-02-25 18:05:15,171.24
9409,9409,Bank Transfer,2024-11-07 01:57:47,1807.76
9410,9410,PayPal,2026-07-23 22:39:36,1121.31
9411,9411,Bank Transfer,2026-03-20 20:26:15,1442.72
9412,9412,Cash,2026-06-22 13:12:10,897.34
9413,9413,PayPal,2024-09-03 00:22:19,1292.64
9414,9414,Credit Card,2026-03-18 05:19:09,2023.12
9415,9415,Bank Transfer,2025-10-03 04:49:11,354.31
9416,9416,Bank Transfer,2024-11-24 15:44:27,1883.75
9417,9417,Bank Transfer,2025-09-04 11:04:33,3799.27
9418,9418,Bank Transfer,2025-12-09 12:27:53,403.42
9419,9419,Bank Transfer,2025-11-14 21:22:22,2356.57
9420,9420,PayPal,2025-04-19 23:36:25,1657.98
9421,9421,PayPal,2025-12-10 02:39:04,227.22
9422,9422,Bank Transfer,2026-03-10 22:32:30,1135.67
9423,9423,PayPal,2026-03-23 13:25:27,1039.82
9424,9424,Bank Transfer,2025-12-26 00:07:34,2732.88
9425,9425,Bank Transfer,2024-10-20 10:01:50,241.01
9426,9426,Bank Transfer,2026-01-03 12:10:09,1239.52
9427,9427,Bank Transfer,2025-08-11 16:02:22,1612.0
9428,9428,Bank Transfer,2025-09-16 23:03:15,2048.57
9429,9429,Credit Card,2025-12-14 23:43:10,3021.1
9430,9430,Credit Card,2026-02-28 06:16:35,1582.02
9431,9431,Cash,2025-10-13 12:04:15,1971.17
9432,9432,Cash,2026-03-13 19:13:51,2924.58
9433,9433,Bank Transfer,2025-05-18 22:04:04,2434.31
9434,9434,Bank Transfer,2024-11-16 06:12:32,1074.6
9435,9435,Cash,2025-10-30 19:16:37,2127.74
9436,9436,PayPal,2026-05-18 10:59:22,1233.88
9437,9437,Credit Card,2024-11-02 16:05:58,1725.0
9438,9438,Credit Card,2026-01-18 15:22:01,1135.36
9439,9439,Credit Card,2025-12-15 18:17:26,3967.2
9440,9440,Credit Card,2024-08-16 01:10:08,946.65
9441,9441,Bank Transfer,2025-05-23 09:13:06,241.29
9442,9442,Bank Transfer,2024-08-08 06:31:01,1573.98
9443,9443,PayPal,2024-10-09 06:05:31,1107.98
9444,9444,Credit Card,2025-02-26 07:10:54,841.66
9445,9445,Credit Card,2025-08-24 01:43:44,1876.13
9446,9446,Credit Card,2026-05-08 22:36:00,623.82
9447,9447,Bank Transfer,2025-01-14 12:24:09,788.17
9448,9448,Cash,2024-10-02 13:47:05,263.26
9449,9449,PayPal,2026-04-15 21:32:27,2181.35
9450,9450,PayPal,2025-02-16 15:34:43,378.6
9451,9451,Credit Card,2025-12-07 12:22:56,1290.21
9452,9452,Cash,2025-08-30 08:55:38,3732.28
9453,9453,Bank Transfer,2026-07-03 20:12:45,588.31
9454,9454,PayPal,2025-08-23 14:36:11,4928.18
9455,9455,Cash,2025-01-10 21:00:53,3644.72
9456,9456,PayPal,2024-09-24 17:11:38,1785.58
9457,9457,Bank Transfer,2024-08-25 00:35:17,927.26
9458,9458,Credit Card,2026-03-09 16:02:32,583.55
9459,9459,Bank Transfer,2024-11-01 08:54:17,1673.02
9460,9460,Credit Card,2026-07-02 09:33:10,1080.08
9461,9461,Cash,2026-04-08 12:32:38,3110.35
9462,9462,Bank Transfer,2025-12-25 08:13:07,3283.84
9463,9463,Credit Card,2024-10-04 12:43:50,672.76
9464,9464,Cash,2025-05-19 08:16:01,1486.34
9465,9465,PayPal,2025-12-27 11:16:00,2431.08
9466,9466,Bank Transfer,2025-11-02 16:23:43,2267.77
9467,9467,Bank Transfer,2024-11-03 19:27:56,558.67
9468,9468,Bank Transfer,2024-11-14 20:16:29,563.28
9469,9469,Bank Transfer,2026-04-18 06:47:41,2859.04
9470,9470,Bank Transfer,2026-06-02 17:22:57,2837.24
9471,9471,PayPal,2026-04-01 03:13:45,874.74
9472,9472,Cash,2026-02-26 10:41:39,905.8
9473,9473,PayPal,2024-09-23 17:30:28,2108.59
9474,9474,Credit Card,2025-05-29 08:51:23,2964.83
9475,9475,PayPal,2024-11-27 03:55:51,2200.33
9476,9476,PayPal,2025-06-06 23:33:28,2533.41
9477,9477,Bank Transfer,2026-01-24 01:00:37,191.2
9478,9478,Cash,2026-06-15 18:19:47,340.45
9479,9479,PayPal,2025-03-16 06:34:21,1305.62
9480,9480,Bank Transfer,2024-09-29 10:42:01,1818.29
9481,9481,Bank Transfer,2024-09-25 22:43:32,3581.55
9482,9482,Credit Card,2026-06-05 19:29:27,1528.49
9483,9483,Cash,2025-10-26 13:12:30,3001.76
9484,9484,PayPal,2025-07-13 08:27:42,700.62
9485,9485,Cash,2025-06-03 19:05:04,1937.54
9486,9486,Cash,2025-05-06 07:50:18,1364.54
9487,9487,Credit Card,2025-03-18 02:38:00,2542.67
9488,9488,Bank Transfer,2024-10-21 00:39:47,2400.84
9489,9489,Cash,2025-07-20 11:09:36,24.93
9490,9490,Cash,2025-07-07 05:13:53,3504.35
9491,9491,Bank Transfer,2025-03-11 16:54:19,960.26
9492,9492,Bank Transfer,2026-08-02 08:23:33,2679.39
9493,9493,PayPal,2026-05-01 09:25:45,1124.32
9494,9494,Credit Card,2026-05-19 03:59:16,1087.68
9495,9495,Bank Transfer,2025-07-09 15:22:51,2206.57
9496,9496,Credit Card,2024-08-17 03:53:02,3901.11
9497,9497,PayPal,2026-04-02 01:40:01,4145.77
9498,9498,PayPal,2026-03-04 10:23:47,1428.16
9499,9499,Credit Card,2026-02-03 10:08:10,3269.2
9500,9500,PayPal,2026-04-03 15:05:48,2063.6
9501,9501,PayPal,2025-11-20 21:16:10,2822.97
9502,9502,Credit Card,2026-02-08 20:47:16,282.28
9503,9503,Bank Transfer,2025-01-31 13:55:46,1790.3
9504,9504,Cash,2024-11-24 02:13:29,1419.87
9505,9505,Bank Transfer,2025-03-10 11:07:03,531.18
9506,9506,PayPal,2025-06-21 14:04:50,1488.4
9507,9507,PayPal,2026-03-28 07:57:41,556.77
9508,9508,PayPal,2024-08-11 04:45:07,732.99
9509,9509,Credit Card,2024-10-09 00:11:26,2013.85
9510,9510,Credit Card,2025-07-19 15:01:07,1398.3
9511,9511,Credit Card,2026-07-12 00:29:46,2362.32
9512,9512,Credit Card,2025-04-17 00:29:36,1611.29
9513,9513,PayPal,2025-11-28 17:10:57,3533.05
9514,9514,Cash,2025-10-18 23:12:20,1083.56
9515,9515,Bank Transfer,2026-05-07 08:57:05,1818.69
9516,9516,Credit Card,2025-08-09 00:11:25,61.56
9517,9517,Credit Card,2024-09-18 11:04:46,1338.21
9518,9518,Bank Transfer,2024-08-21 00:42:09,1535.12
9519,9519,Bank Transfer,2026-04-17 04:32:28,1369.26
9520,9520,Cash,2024-12-27 04:46:16,226.23
9521,9521,Bank Transfer,2026-05-30 06:29:08,657.18
9522,9522,PayPal,2025-10-05 10:38:36,2631.69
9523,9523,PayPal,2025-06-15 18:58:33,273.89
9524,9524,Bank Transfer,2025-08-25 00:22:55,2738.69
9525,9525,Cash,2025-08-12 23:17:13,1272.9
9526,9526,Credit Card,2025-08-26 20:51:19,653.64
9527,9527,Bank Transfer,2025-03-19 10:24:57,1436.79
9528,9528,Bank Transfer,2025-08-23 05:06:36,1147.07
9529,9529,Credit Card,2025-02-22 05:37:50,1348.22
9530,9530,Bank Transfer,2025-07-12 07:48:44,609.26
9531,9531,Cash,2026-07-24 19:04:19,2427.05
9532,9532,Bank Transfer,2024-11-01 18:58:24,3178.95
9533,9533,Credit Card,2024-11-17 19:46:15,3884.21
9534,9534,Bank Transfer,2025-08-14 23:35:33,2335.2
9535,9535,Bank Transfer,2026-08-04 02:47:32,461.25
9536,9536,Credit Card,2025-08-20 16:24:32,3623.44
9537,9537,Cash,2024-09-03 02:23:03,2318.8
9538,9538,Bank Transfer,2026-07-15 23:59:56,1206.1
9539,9539,Bank Transfer,2024-09-19 11:06:57,486.18
9540,9540,Credit Card,2024-09-23 20:23:58,2675.28
9541,9541,Bank Transfer,2025-05-22 21:57:03,3141.56
9542,9542,PayPal,2025-05-29 14:27:21,395.37
9543,9543,Credit Card,2025-06-28 01:48:57,3369.17
9544,9544,Credit Card,2025-12-10 13:29:37,2124.88
9545,9545,Bank Transfer,2026-03-02 08:53:00,1327.93
9546,9546,PayPal,2025-07-14 15:45:57,470.18
9547,9547,Credit Card,2026-01-10 13:40:49,1289.0
9548,9548,Credit Card,2024-09-19 12:37:20,167.56
9549,9549,Cash,2024-11-06 13:25:02,2322.81
9550,9550,Credit Card,2025-06-30 07:47:02,1725.12
9551,9551,PayPal,2026-05-11 13:26:26,3894.35
9552,9552,Credit Card,2026-03-30 04:26:17,3643.29
9553,9553,Bank Transfer,2024-10-10 01:46:19,2293.14
9554,9554,Cash,2026-06-26 20:49:15,141.96
9555,9555,PayPal,2026-03-07 12:29:41,2935.59
9556,9556,Cash,2025-08-04 14:36:46,3454.91
9557,9557,Cash,2024-09-03 01:20:30,733.72
9558,9558,Bank Transfer,2026-01-10 02:06:59,975.56
9559,9559,PayPal,2024-11-04 16:53:47,2704.32
9560,9560,Cash,2025-11-23 14:01:50,63.62
9561,9561,Credit Card,2024-08-31 07:29:49,1057.05
9562,9562,PayPal,2025-09-02 03:47:38,901.32
9563,9563,Bank Transfer,2026-07-22 03:26:44,342.37
9564,9564,Bank Transfer,2024-11-06 14:03:42,3921.82
9565,9565,Credit Card,2026-02-24 17:34:18,2879.31
9566,9566,Bank Transfer,2025-02-26 07:19:51,3099.94
9567,9567,Credit Card,2026-01-25 02:00:37,1854.88
9568,9568,Cash,2025-09-07 16:41:54,2123.57
9569,9569,Credit Card,2024-12-26 11:23:34,1932.82
9570,9570,Credit Card,2026-01-15 03:08:30,637.73
9571,9571,Credit Card,2025-03-30 00:12:09,3056.36
9572,9572,Cash,2026-02-09 05:54:52,1144.25
9573,9573,PayPal,2025-06-11 06:54:56,801.86
9574,9574,Bank Transfer,2024-10-08 19:21:22,1975.24
9575,9575,Credit Card,2025-07-20 22:12:06,1766.5
9576,9576,Bank Transfer,2026-06-26 09:25:37,1948.15
9577,9577,PayPal,2025-08-04 18:37:40,951.57
9578,9578,Credit Card,2025-06-09 02:26:29,4276.61
9579,9579,Bank Transfer,2025-10-01 07:45:03,739.1
9580,9580,PayPal,2025-04-12 22:38:07,1740.23
9581,9581,Credit Card,2026-05-17 19:29:03,1784.04
9582,9582,Credit Card,2026-05-26 18:58:52,186.8
9583,9583,Credit Card,2025-08-27 10:39:09,2489.73
9584,9584,Cash,2024-08-27 06:22:54,1894.62
9585,9585,Credit Card,2025-03-12 11:27:37,4361.11
9586,9586,Cash,2025-09-23 03:57:57,1304.78
9587,9587,Bank Transfer,2026-04-09 16:26:11,2964.96
9588,9588,Cash,2026-07-13 09:37:07,2746.75
9589,9589,PayPal,2026-03-30 06:49:01,2903.43
9590,9590,Credit Card,2025-12-06 03:05:24,2741.69
9591,9591,PayPal,2024-09-25 06:54:15,921.35
9592,9592,Bank Transfer,2024-10-12 15:48:58,2186.05
9593,9593,Bank Transfer,2024-12-16 16:32:36,1024.22
9594,9594,Bank Transfer,2025-07-07 20:02:16,2543.27
9595,9595,PayPal,2025-01-15 08:17:05,2444.5
9596,9596,Bank Transfer,2026-04-14 20:15:57,2094.05
9597,9597,Cash,2025-09-09 12:28:24,1951.14
9598,9598,Bank Transfer,2026-02-27 20:41:14,946.88
9599,9599,PayPal,2025-01-08 05:12:43,2986.94
9600,9600,Credit Card,2025-05-08 22:07:02,1256.28
9601,9601,Cash,2025-07-16 14:39:46,416.13
9602,9602,Credit Card,2026-08-03 04:43:46,1100.2
9603,9603,Bank Transfer,2026-05-31 04:31:07,1883.52
9604,9604,PayPal,2024-10-21 20:46:06,651.06
9605,9605,Bank Transfer,2025-09-16 02:31:43,3819.22
9606,9606,PayPal,2026-01-07 20:16:47,237.8
9607,9607,Bank Transfer,2025-09-07 06:49:52,858.36
9608,9608,PayPal,2025-04-06 20:01:42,457.69
9609,9609,Cash,2025-05-31 05:10:01,3152.0
9610,9610,Credit Card,2025-02-04 03:57:30,1685.69
9611,9611,Bank Transfer,2025-07-01 09:40:55,540.22
9612,9612,Credit Card,2025-06-25 06:40:55,1211.97
9613,9613,Credit Card,2025-10-08 22:10:30,500.07
9614,9614,Credit Card,2024-11-20 15:28:12,2096.18
9615,9615,Cash,2025-04-26 20:12:57,1726.68
9616,9616,Cash,2024-10-10 02:53:18,328.32
9617,9617,Cash,2026-04-09 00:31:08,453.14
9618,9618,PayPal,2026-05-18 08:58:28,1593.56
9619,9619,PayPal,2025-06-29 02:34:36,2527.11
9620,9620,Credit Card,2025-02-14 19:25:34,423.1
9621,9621,PayPal,2024-08-07 23:01:35,1444.87
9622,9622,Credit Card,2026-02-15 10:54:55,1452.06
9623,9623,PayPal,2025-11-19 13:58:32,4324.75
9624,9624,PayPal,2026-04-03 18:48:40,747.54
9625,9625,Bank Transfer,2026-01-17 10:33:16,348.51
9626,9626,Credit Card,2025-09-04 13:06:59,376.73
9627,9627,Credit Card,2025-05-01 11:25:08,3752.38
9628,9628,Cash,2025-03-02 23:49:14,341.69
9629,9629,Bank Transfer,2024-09-05 10:06:07,401.83
9630,9630,Cash,2025-07-06 13:42:05,860.47
9631,9631,Credit Card,2026-01-09 02:52:33,1894.88
9632,9632,Credit Card,2024-11-26 23:04:47,942.19
9633,9633,Bank Transfer,2026-03-28 21:21:32,1338.11
9634,9634,Credit Card,2025-05-24 09:59:27,1763.43
9635,9635,Bank Transfer,2025-07-15 00:30:37,846.56
9636,9636,Bank Transfer,2025-05-29 23:56:12,1042.25
9637,9637,PayPal,2025-11-23 21:26:32,1701.75
9638,9638,Bank Transfer,2025-08-17 15:45:29,881.95
9639,9639,Bank Transfer,2024-10-12 22:46:56,388.3
9640,9640,PayPal,2025-07-11 20:40:13,834.99
9641,9641,Bank Transfer,2025-01-18 16:45:22,2234.78
9642,9642,PayPal,2025-07-11 01:25:42,4166.98
9643,9643,Cash,2024-10-28 03:15:37,321.52
9644,9644,Credit Card,2026-01-31 22:21:02,4180.54
9645,9645,PayPal,2025-10-25 14:21:39,2617.16
9646,9646,Credit Card,2025-03-16 23:36:50,3098.17
9647,9647,Bank Transfer,2026-02-19 23:55:15,2939.08
9648,9648,Bank Transfer,2026-04-21 21:11:51,2375.94
9649,9649,Bank Transfer,2024-12-02 00:07:35,2730.05
9650,9650,Bank Transfer,2026-05-21 06:02:47,438.21
9651,9651,Cash,2025-06-25 16:32:22,1811.52
9652,9652,PayPal,2025-06-11 08:09:39,1728.54
9653,9653,Cash,2024-09-23 11:23:53,1343.81
9654,9654,Bank Transfer,2024-08-12 17:48:16,1620.56
9655,9655,PayPal,2025-11-22 11:09:08,998.88
9656,9656,PayPal,2025-08-13 10:46:13,1448.69
9657,9657,PayPal,2025-10-28 19:06:06,2346.35
9658,9658,Bank Transfer,2025-08-09 04:38:09,1266.27
9659,9659,PayPal,2025-07-07 13:00:39,811.1
9660,9660,Credit Card,2026-01-28 10:44:02,110.72
9661,9661,PayPal,2026-02-27 11:44:32,874.68
9662,9662,Bank Transfer,2026-01-14 05:39:48,2270.48
9663,9663,Cash,2026-03-22 05:43:57,253.77
9664,9664,Cash,2025-03-18 12:30:09,1832.15
9665,9665,Bank Transfer,2024-10-24 22:26:19,375.84
9666,9666,Bank Transfer,2024-10-06 15:29:07,782.68
9667,9667,PayPal,2025-01-09 18:39:52,4621.45
9668,9668,Bank Transfer,2025-03-29 00:39:50,2354.2
9669,9669,Credit Card,2025-08-27 15:14:58,3140.73
9670,9670,Cash,2025-03-17 05:23:55,428.55
9671,9671,Bank Transfer,2026-06-07 19:39:47,3295.77
9672,9672,Cash,2024-12-02 03:25:36,265.65
9673,9673,PayPal,2024-08-28 12:29:51,1887.49
9674,9674,Bank Transfer,2025-02-22 10:28:03,720.28
9675,9675,Credit Card,2025-07-28 02:54:20,578.01
9676,9676,Cash,2026-04-04 11:14:58,3243.84
9677,9677,Cash,2025-09-18 07:16:35,157.56
9678,9678,Cash,2025-02-15 11:57:27,2750.63
9679,9679,Bank Transfer,2026-04-26 23:45:22,2374.74
9680,9680,PayPal,2025-10-18 02:56:47,2036.79
9681,9681,PayPal,2025-05-02 07:35:38,2323.91
9682,9682,PayPal,2024-11-25 03:24:38,1705.18
9683,9683,PayPal,2024-12-06 05:40:20,102.46
9684,9684,Credit Card,2024-10-28 20:45:03,2542.28
9685,9685,PayPal,2025-01-13 11:10:09,2055.8
9686,9686,Cash,2025-08-01 07:54:13,1975.67
9687,9687,Bank Transfer,2026-02-06 19:29:38,1124.54
9688,9688,Bank Transfer,2024-09-05 14:18:49,845.02
9689,9689,Bank Transfer,2025-10-26 23:31:07,2890.28
9690,9690,PayPal,2025-03-17 13:20:51,1836.6
9691,9691,PayPal,2025-04-07 03:27:27,407.01
9692,9692,Cash,2026-02-26 22:13:29,298.34
9693,9693,Cash,2026-06-25 03:57:00,60.38
9694,9694,Bank Transfer,2026-05-01 03:25:20,129.8
9695,9695,Bank Transfer,2026-07-03 21:30:55,2728.18
9696,9696,Credit Card,2026-02-02 15:31:09,455.56
9697,9697,Bank Transfer,2025-09-12 19:16:43,1822.42
9698,9698,Bank Transfer,2026-07-05 20:20:28,929.56
9699,9699,Cash,2025-02-04 07:01:36,1863.0
9700,9700,Cash,2025-04-21 11:08:27,1264.58
9701,9701,Bank Transfer,2024-11-27 11:35:37,1401.48
9702,9702,PayPal,2025-03-11 21:31:28,2294.61
9703,9703,Cash,2024-12-17 18:52:12,2368.78
9704,9704,PayPal,2026-02-27 16:20:45,2558.12
9705,9705,Bank Transfer,2025-05-25 00:41:48,1818.22
9706,9706,Cash,2026-07-08 03:07:28,337.48
9707,9707,Credit Card,2025-11-04 14:41:00,1684.45
9708,9708,Cash,2025-03-23 23:35:57,2113.32
9709,9709,Bank Transfer,2025-12-08 17:53:45,3393.59
9710,9710,PayPal,2025-05-15 07:23:46,1009.93
9711,9711,Bank Transfer,2025-05-04 00:21:35,3699.92
9712,9712,Credit Card,2026-05-07 12:19:04,2919.02
9713,9713,Bank Transfer,2024-11-26 04:17:19,836.55
9714,9714,PayPal,2026-04-28 03:21:21,1351.43
9715,9715,Cash,2025-10-07 11:46:31,2381.9
9716,9716,Cash,2025-02-11 05:10:46,1471.96
9717,9717,Cash,2025-03-24 14:27:04,807.32
9718,9718,PayPal,2025-12-14 14:13:29,2717.82
9719,9719,Cash,2025-10-16 17:09:31,152.81
9720,9720,Cash,2026-01-05 23:48:54,1622.68
9721,9721,Credit Card,2024-10-14 04:42:53,2137.13
9722,9722,PayPal,2026-03-30 16:14:07,760.36
9723,9723,Credit Card,2025-08-02 16:37:44,1401.93
9724,9724,Credit Card,2025-03-22 01:09:41,3567.22
9725,9725,Cash,2024-08-15 01:05:18,3823.36
9726,9726,Cash,2025-06-11 23:10:52,3512.76
9727,9727,PayPal,2026-04-29 03:29:00,2603.28
9728,9728,Bank Transfer,2026-03-30 22:51:45,733.32
9729,9729,PayPal,2025-02-25 21:01:40,1499.14
9730,9730,Credit Card,2024-08-12 06:32:15,3006.41
9731,9731,Credit Card,2025-09-04 12:57:30,2445.01
9732,9732,Credit Card,2024-08-19 07:00:30,4725.37
9733,9733,PayPal,2025-11-02 07:14:11,786.02
9734,9734,Credit Card,2025-06-09 10:22:54,365.92
9735,9735,Bank Transfer,2024-10-02 08:59:58,2370.56
9736,9736,PayPal,2026-07-31 19:15:03,2011.42
9737,9737,Bank Transfer,2024-09-28 04:21:05,846.65
9738,9738,Credit Card,2024-11-06 14:33:27,1390.38
9739,9739,Bank Transfer,2025-02-06 02:29:11,3503.27
9740,9740,PayPal,2025-10-14 14:40:51,773.28
9741,9741,PayPal,2024-12-23 23:32:37,4128.37
9742,9742,Cash,2025-05-13 22:55:15,1126.51
9743,9743,PayPal,2025-02-06 16:28:58,1187.67
9744,9744,Cash,2024-11-20 03:02:32,1615.11
9745,9745,Cash,2025-12-08 00:48:14,570.16
9746,9746,Cash,2025-05-18 04:02:17,710.07
9747,9747,PayPal,2025-12-28 19:26:38,2052.57
9748,9748,PayPal,2025-12-28 05:49:28,1963.26
9749,9749,Bank Transfer,2024-09-15 00:29:47,3005.43
9750,9750,Cash,2025-06-15 00:00:18,354.22
9751,9751,Cash,2025-05-30 17:58:55,1326.5
9752,9752,Bank Transfer,2025-09-14 18:04:32,1386.06
9753,9753,Bank Transfer,2026-04-15 13:54:32,1834.02
9754,9754,PayPal,2026-07-05 13:07:34,3027.24
9755,9755,Credit Card,2025-02-06 20:43:13,267.91
9756,9756,Credit Card,2025-01-08 19:49:53,3113.33
9757,9757,Cash,2026-05-03 12:55:32,1274.31
9758,9758,Cash,2026-01-29 02:43:32,2910.73
9759,9759,PayPal,2025-06-22 05:38:20,714.47
9760,9760,PayPal,2024-08-17 07:20:41,2818.01
9761,9761,PayPal,2025-08-23 02:29:50,2499.5
9762,9762,Cash,2026-06-30 03:04:07,1170.12
9763,9763,Bank Transfer,2025-06-25 00:57:45,1928.2
9764,9764,Cash,2025-10-14 14:58:56,284.0
9765,9765,PayPal,2025-04-17 12:36:26,2743.1
9766,9766,Bank Transfer,2025-11-27 16:36:27,481.34
9767,9767,Bank Transfer,2024-12-18 22:20:42,494.12
9768,9768,Bank Transfer,2025-12-27 13:11:24,4621.07
9769,9769,Bank Transfer,2024-11-19 10:51:17,226.85
9770,9770,Bank Transfer,2026-07-16 16:18:28,948.91
9771,9771,Bank Transfer,2026-02-23 07:07:59,3297.29
9772,9772,PayPal,2024-11-25 07:40:33,2512.68
9773,9773,Bank Transfer,2025-10-17 13:22:56,246.8
9774,9774,Credit Card,2025-06-07 08:37:59,2031.59
9775,9775,PayPal,2025-02-13 23:35:36,1378.11
9776,9776,Bank Transfer,2025-05-20 22:35:08,1870.92
9777,9777,Cash,2025-07-05 13:13:28,3351.19
9778,9778,PayPal,2025-08-30 06:03:39,1254.7
9779,9779,Credit Card,2025-05-31 08:30:10,3051.87
9780,9780,Credit Card,2025-07-09 18:06:56,1477.78
9781,9781,Cash,2025-12-01 15:34:02,779.9
9782,9782,Bank Transfer,2025-10-07 11:24:32,568.01
9783,9783,Cash,2026-04-27 16:55:31,4657.93
9784,9784,Cash,2024-11-11 06:15:00,115.92
9785,9785,PayPal,2026-06-20 06:31:37,2803.49
9786,9786,PayPal,2026-03-26 00:57:17,3136.17
9787,9787,Cash,2024-10-30 16:36:13,1615.52
9788,9788,Bank Transfer,2026-04-07 12:17:25,1228.74
9789,9789,PayPal,2025-09-23 20:39:07,3615.74
9790,9790,Cash,2025-04-23 21:05:11,1240.39
9791,9791,Bank Transfer,2025-05-07 00:33:27,4319.98
9792,9792,Credit Card,2024-10-19 16:10:54,1145.92
9793,9793,Bank Transfer,2025-02-27 07:50:20,1345.52
9794,9794,PayPal,2025-12-17 00:58:39,1143.08
9795,9795,Cash,2025-02-26 21:36:52,1161.44
9796,9796,PayPal,2025-08-18 23:10:40,207.15
9797,9797,Credit Card,2026-03-27 05:29:55,1246.96
9798,9798,Credit Card,2025-06-07 16:23:40,81.82
9799,9799,Credit Card,2024-09-15 09:24:10,471.5
9800,9800,Credit Card,2026-04-11 14:34:24,456.91
9801,9801,Cash,2024-12-30 11:56:43,2022.19
9802,9802,Credit Card,2025-01-26 02:49:38,929.64
9803,9803,Bank Transfer,2025-06-21 11:45:45,739.1
9804,9804,Cash,2024-10-22 03:30:57,2427.05
9805,9805,Bank Transfer,2026-03-03 04:10:58,2848.73
9806,9806,PayPal,2026-07-22 07:41:50,2454.61
9807,9807,Bank Transfer,2025-04-13 20:10:37,2371.14
9808,9808,PayPal,2025-12-24 03:19:26,783.9
9809,9809,Credit Card,2026-03-11 09:21:33,1777.48
9810,9810,Credit Card,2026-07-26 17:02:51,1511.77
9811,9811,Cash,2024-10-02 13:11:27,1947.71
9812,9812,Cash,2025-11-05 12:54:49,3052.71
9813,9813,Bank Transfer,2026-01-28 22:56:57,2962.5
9814,9814,Bank Transfer,2024-08-22 13:30:28,2440.08
9815,9815,PayPal,2024-09-03 12:37:54,2340.38
9816,9816,PayPal,2026-06-18 15:08:28,3943.87
9817,9817,PayPal,2026-04-10 22:32:26,947.84
9818,9818,Bank Transfer,2025-08-01 13:31:25,1811.16
9819,9819,Bank Transfer,2024-08-07 15:29:57,1760.49
9820,9820,Bank Transfer,2024-10-17 04:48:00,689.98
9821,9821,Cash,2025-02-12 12:37:06,3325.22
9822,9822,PayPal,2025-08-26 03:34:34,3117.31
9823,9823,Credit Card,2025-01-16 01:07:03,2307.58
9824,9824,Bank Transfer,2026-07-14 08:19:49,2523.61
9825,9825,PayPal,2025-09-07 14:38:20,5.84
9826,9826,Credit Card,2026-03-26 19:32:29,1392.66
9827,9827,Credit Card,2026-01-31 03:48:28,369.19
9828,9828,PayPal,2025-01-06 18:44:59,4635.05
9829,9829,PayPal,2024-11-20 12:17:32,2857.43
9830,9830,Cash,2026-08-04 10:47:02,207.14
9831,9831,Cash,2026-07-28 15:46:10,1217.01
9832,9832,Credit Card,2025-11-20 06:27:03,4410.12
9833,9833,PayPal,2024-12-05 13:50:27,1588.96
9834,9834,PayPal,2025-01-19 08:24:28,1636.92
9835,9835,Credit Card,2024-09-14 01:19:25,1836.91
9836,9836,Credit Card,2025-12-15 16:14:28,280.69
9837,9837,Cash,2026-06-18 02:53:06,2234.04
9838,9838,Cash,2026-07-31 08:05:55,3055.38
9839,9839,Credit Card,2025-03-27 08:47:59,3752.88
9840,9840,Cash,2025-01-01 16:11:37,2661.07
9841,9841,PayPal,2026-04-23 05:26:31,3665.46
9842,9842,PayPal,2025-06-04 00:53:36,2037.0
9843,9843,Bank Transfer,2026-06-27 00:47:13,3153.51
9844,9844,PayPal,2025-06-09 12:24:41,893.26
9845,9845,PayPal,2025-07-25 19:33:01,5918.15
9846,9846,PayPal,2025-04-08 11:19:27,2369.27
9847,9847,Bank Transfer,2025-02-08 21:36:43,589.97
9848,9848,Cash,2024-09-02 06:03:07,1023.54
9849,9849,Bank Transfer,2026-01-06 03:09:37,2459.92
9850,9850,Cash,2026-05-14 07:33:11,3469.91
9851,9851,PayPal,2025-04-04 17:48:49,3587.8
9852,9852,Credit Card,2026-04-18 04:28:07,774.09
9853,9853,Bank Transfer,2024-08-28 07:57:37,252.57
9854,9854,Bank Transfer,2025-09-05 10:18:25,455.61
9855,9855,PayPal,2025-05-28 00:15:28,1136.83
9856,9856,PayPal,2024-12-17 17:58:40,1111.83
9857,9857,Cash,2026-05-09 00:54:45,2560.75
9858,9858,PayPal,2024-09-20 09:24:41,1428.65
9859,9859,Cash,2025-01-22 04:49:20,2074.48
9860,9860,Bank Transfer,2025-10-03 17:24:29,1948.97
9861,9861,Cash,2025-05-25 08:36:33,73.5
9862,9862,Cash,2024-09-20 16:10:22,4448.26
9863,9863,Cash,2025-09-29 01:18:12,206.17
9864,9864,Bank Transfer,2025-11-13 17:48:31,1319.65
9865,9865,Credit Card,2025-08-10 18:31:30,2728.49
9866,9866,PayPal,2026-03-28 11:52:15,1654.95
9867,9867,Credit Card,2024-08-29 05:31:11,175.98
9868,9868,Cash,2025-12-15 21:17:34,4239.91
9869,9869,Cash,2025-07-26 08:03:18,2701.28
9870,9870,PayPal,2025-06-29 23:36:42,1159.12
9871,9871,PayPal,2026-03-23 14:59:01,5242.62
9872,9872,Credit Card,2026-06-04 04:40:50,153.69
9873,9873,PayPal,2025-11-28 03:28:09,631.52
9874,9874,Cash,2026-03-22 09:13:37,2384.71
9875,9875,Cash,2025-06-23 07:38:04,160.52
9876,9876,Cash,2026-02-10 02:12:38,3736.38
9877,9877,Cash,2025-08-16 17:32:51,748.63
9878,9878,Bank Transfer,2025-11-20 15:50:57,2814.51
9879,9879,Bank Transfer,2024-12-03 08:53:58,1929.12
9880,9880,Credit Card,2025-10-15 01:50:09,2599.7
9881,9881,Cash,2025-06-08 16:39:04,75.72
9882,9882,Bank Transfer,2026-04-03 13:06:37,1792.74
9883,9883,PayPal,2026-07-20 21:51:39,335.18
9884,9884,Credit Card,2026-02-17 23:27:21,1381.45
9885,9885,PayPal,2025-01-21 17:32:25,2110.88
9886,9886,Credit Card,2025-04-19 16:21:51,1935.33
9887,9887,PayPal,2025-09-06 08:18:16,233.82
9888,9888,Credit Card,2024-10-08 01:06:32,1619.81
9889,9889,Cash,2025-09-12 05:09:40,1285.37
9890,9890,Credit Card,2025-03-19 22:57:28,622.34
9891,9891,Credit Card,2026-07-22 09:46:38,879.51
9892,9892,Credit Card,2026-07-25 16:41:06,2146.88
9893,9893,Bank Transfer,2025-12-30 23:28:40,78.1
9894,9894,PayPal,2025-11-09 18:44:56,2466.91
9895,9895,Cash,2025-05-09 14:41:50,1878.54
9896,9896,Credit Card,2026-02-08 01:02:19,2863.77
9897,9897,Credit Card,2024-09-29 23:50:05,1387.2
9898,9898,Bank Transfer,2025-04-27 10:49:35,2965.14
9899,9899,PayPal,2025-07-25 14:48:21,3038.25
9900,9900,Cash,2026-02-09 01:39:18,1152.0
9901,9901,Credit Card,2025-01-01 10:49:17,650.62
9902,9902,Bank Transfer,2025-07-28 22:51:30,240.88
9903,9903,Credit Card,2026-02-21 14:40:30,430.0
9904,9904,Bank Transfer,2025-08-07 04:35:05,934.16
9905,9905,PayPal,2025-07-27 22:48:57,3918.28
9906,9906,Cash,2024-12-14 06:03:45,465.75
9907,9907,PayPal,2026-02-06 08:35:46,1725.0
9908,9908,Bank Transfer,2025-03-25 04:07:48,2875.11
9909,9909,Bank Transfer,2025-01-14 12:25:57,439.29
9910,9910,PayPal,2025-03-02 01:29:17,2092.16
9911,9911,Cash,2026-04-28 01:38:31,1943.36
9912,9912,Credit Card,2025-05-10 14:42:42,2267.33
9913,9913,PayPal,2026-02-06 06:43:33,1618.32
9914,9914,Credit Card,2025-05-06 16:20:47,1683.02
9915,9915,Credit Card,2024-12-05 02:09:20,556.4
9916,9916,Cash,2025-03-21 22:58:08,1441.42
9917,9917,PayPal,2026-06-02 11:58:38,2212.56
9918,9918,Credit Card,2025-04-10 19:53:15,1730.57
9919,9919,PayPal,2025-03-30 17:03:56,1392.94
9920,9920,Credit Card,2025-12-08 12:16:26,2457.18
9921,9921,PayPal,2026-02-19 18:13:08,4330.41
9922,9922,PayPal,2025-08-19 19:38:22,3159.34
9923,9923,Bank Transfer,2025-04-05 18:52:50,3137.31
9924,9924,PayPal,2025-03-28 11:41:06,2008.68
9925,9925,Credit Card,2025-07-03 01:50:48,201.2
9926,9926,Cash,2026-02-25 09:30:08,1806.47
9927,9927,Credit Card,2025-06-07 20:06:59,1456.47
9928,9928,Credit Card,2026-04-04 20:05:01,2048.45
9929,9929,Credit Card,2025-01-04 10:47:53,3391.02
9930,9930,PayPal,2025-08-20 03:33:01,1955.1
9931,9931,PayPal,2025-12-09 04:31:24,1516.98
9932,9932,Credit Card,2026-03-10 12:40:12,608.78
9933,9933,Cash,2025-02-18 02:03:09,3569.64
9934,9934,Credit Card,2024-10-14 03:41:22,2041.61
9935,9935,PayPal,2024-10-13 06:09:20,1950.17
9936,9936,Cash,2025-02-10 14:40:28,456.53
9937,9937,Cash,2025-10-26 05:40:36,960.47
9938,9938,PayPal,2025-03-15 09:50:52,2123.05
9939,9939,Credit Card,2025-04-18 23:02:03,1739.16
9940,9940,Bank Transfer,2025-09-15 02:52:48,1941.93
9941,9941,PayPal,2025-11-11 16:48:11,1339.65
9942,9942,Cash,2025-04-27 11:38:15,1573.45
9943,9943,Bank Transfer,2026-08-01 05:25:12,2079.27
9944,9944,Bank Transfer,2026-04-19 00:15:05,5814.63
9945,9945,Bank Transfer,2025-07-20 13:25:25,1813.58
9946,9946,Credit Card,2025-12-02 16:24:19,2369.58
9947,9947,Credit Card,2026-08-04 06:16:17,1995.98
9948,9948,Cash,2025-10-10 13:05:01,2522.92
9949,9949,Bank Transfer,2025-09-05 04:50:23,2197.36
9950,9950,Cash,2025-05-08 18:02:47,780.02
9951,9951,Credit Card,2025-10-19 16:32:05,3154.9
9952,9952,Cash,2026-04-11 15:28:11,937.28
9953,9953,Bank Transfer,2025-05-08 02:00:58,236.76
9954,9954,Cash,2025-01-26 11:22:22,409.94
9955,9955,PayPal,2026-07-12 04:49:03,700.62
9956,9956,Cash,2024-10-18 22:42:25,1756.42
9957,9957,Credit Card,2026-03-06 07:24:50,4975.33
9958,9958,Cash,2025-04-29 14:23:21,1864.22
9959,9959,Bank Transfer,2025-03-16 19:04:25,1504.08
9960,9960,Cash,2026-03-11 10:04:25,714.51
9961,9961,PayPal,2024-12-12 05:44:31,2838.73
9962,9962,Credit Card,2024-12-16 03:43:40,1866.88
9963,9963,Credit Card,2026-02-02 18:49:40,3885.05
9964,9964,Bank Transfer,2025-04-07 19:38:41,124.47
9965,9965,PayPal,2025-01-30 16:58:21,3366.72
9966,9966,Credit Card,2026-02-19 10:57:25,78.1
9967,9967,Credit Card,2026-05-25 10:59:05,2099.66
9968,9968,Cash,2025-11-14 21:23:24,1278.62
9969,9969,Cash,2025-06-08 02:37:32,906.74
9970,9970,Bank Transfer,2025-05-17 02:31:03,3517.04
9971,9971,Credit Card,2024-11-11 11:15:19,798.21
9972,9972,PayPal,2025-05-12 05:44:58,1998.8
9973,9973,Cash,2026-06-07 10:05:04,2940.37
9974,9974,PayPal,2026-04-07 14:01:37,134.5
9975,9975,Credit Card,2024-08-13 18:04:55,958.6
9976,9976,Credit Card,2024-09-08 13:50:00,1273.01
9977,9977,Credit Card,2025-11-10 04:15:33,1968.39
9978,9978,PayPal,2026-07-23 22:50:13,2211.81
9979,9979,Bank Transfer,2025-05-28 10:05:59,4381.28
9980,9980,PayPal,2026-07-21 19:48:00,147.16
9981,9981,Cash,2025-04-29 11:08:54,910.58
9982,9982,PayPal,2025-02-12 06:34:35,60.22
9983,9983,Cash,2025-06-04 19:41:05,1734.36
9984,9984,Credit Card,2024-11-24 20:39:18,2082.95
9985,9985,PayPal,2025-04-22 05:53:49,1304.9
9986,9986,Credit Card,2026-05-15 02:56:00,4011.7
9987,9987,Cash,2025-03-15 05:49:06,2145.27
9988,9988,Bank Transfer,2026-02-12 01:42:53,2108.24
9989,9989,Cash,2026-04-09 13:13:02,117.66
9990,9990,Credit Card,2024-11-11 01:53:35,2639.79
9991,9991,Credit Card,2025-11-29 12:07:36,1242.25
9992,9992,PayPal,2025-10-16 17:25:28,823.73
9993,9993,Cash,2025-01-27 03:45:53,704.85
9994,9994,Cash,2025-06-10 08:01:55,5105.72
9995,9995,Cash,2025-06-25 09:11:27,3175.36
9996,9996,Bank Transfer,2024-11-04 20:21:10,2404.53
9997,9997,Credit Card,2026-04-07 21:56:14,3532.4
9998,9998,PayPal,2025-04-27 06:24:34,1888.75
9999,9999,Cash,2025-04-07 07:30:38,1195.74
10000,10000,Bank Transfer,2026-08-02 21:40:12,1505.25
10001,10001,Credit Card,2025-11-15 23:49:05,135.67
10002,10002,Bank Transfer,2025-01-14 23:20:24,1053.62
10003,10003,Cash,2024-10-26 16:21:27,1298.13
10004,10004,Credit Card,2025-08-15 08:22:29,662.4
10005,10005,Bank Transfer,2024-11-11 13:23:42,229.59
10006,10006,Cash,2025-03-24 03:26:13,2912.2
10007,10007,Cash,2024-09-10 10:26:49,4750.21
10008,10008,Bank Transfer,2025-02-17 15:02:09,1863.42
10009,10009,Credit Card,2024-12-24 10:37:34,2272.65
10010,10010,Cash,2024-11-20 22:59:49,2121.83
10011,10011,Credit Card,2025-10-25 04:55:56,2330.68
10012,10012,Cash,2026-01-30 17:24:01,3357.64
10013,10013,Cash,2026-07-08 18:28:45,652.96
10014,10014,Credit Card,2025-12-07 09:55:40,2039.76
10015,10015,Cash,2025-11-16 06:13:23,483.62
10016,10016,Credit Card,2025-07-03 10:18:52,412.93
10017,10017,Bank Transfer,2025-11-14 03:29:06,578.49
10018,10018,Credit Card,2025-08-10 05:49:03,1892.38
10019,10019,Credit Card,2025-12-19 12:30:43,525.48
10020,10020,PayPal,2024-08-16 13:31:05,191.6
10021,10021,Bank Transfer,2026-06-05 00:52:45,900.21
10022,10022,PayPal,2025-02-27 01:15:01,842.45
10023,10023,Credit Card,2026-07-13 17:13:13,2569.35
10024,10024,Credit Card,2025-09-15 17:20:11,1209.57
10025,10025,PayPal,2026-07-12 18:17:40,1975.27
10026,10026,Cash,2026-05-10 07:48:06,2601.26
10027,10027,PayPal,2024-09-15 21:19:20,336.89
10028,10028,Bank Transfer,2026-07-25 02:50:03,2741.1
10029,10029,Credit Card,2025-04-23 16:54:26,453.08
10030,10030,PayPal,2024-11-29 18:49:16,857.9
10031,10031,PayPal,2025-09-26 09:28:15,512.58
10032,10032,Cash,2025-09-11 02:02:32,1012.36
10033,10033,Bank Transfer,2025-02-25 11:58:09,1510.47
10034,10034,Credit Card,2025-11-03 20:04:35,4216.34
10035,10035,Credit Card,2024-12-07 14:55:59,146.2
10036,10036,Bank Transfer,2024-12-18 23:24:06,453.89
10037,10037,Bank Transfer,2026-01-11 18:40:01,816.05
10038,10038,Credit Card,2024-12-13 07:48:57,1018.47
10039,10039,Cash,2025-04-20 11:59:46,1930.48
10040,10040,Cash,2025-10-19 01:25:14,2512.0
10041,10041,Bank Transfer,2026-01-12 07:43:18,2078.03
10042,10042,Cash,2026-07-21 03:51:48,2218.41
10043,10043,Bank Transfer,2026-06-08 02:29:50,517.8
10044,10044,Cash,2026-03-08 12:57:41,1137.71
10045,10045,Cash,2025-07-15 06:31:02,2496.56
10046,10046,Cash,2026-01-19 09:42:53,150.65
10047,10047,Bank Transfer,2025-07-12 20:04:28,290.79
10048,10048,Cash,2025-09-23 05:50:03,2651.94
10049,10049,Cash,2025-04-16 15:34:37,2167.45
10050,10050,PayPal,2024-08-20 19:10:17,585.76
10051,10051,Cash,2025-02-19 08:37:01,829.95
10052,10052,PayPal,2025-08-30 17:35:25,1624.88
10053,10053,PayPal,2026-02-05 09:57:06,2744.54
10054,10054,Credit Card,2024-10-03 14:26:41,160.23
10055,10055,Credit Card,2025-09-16 23:29:58,1603.9
10056,10056,PayPal,2024-09-02 08:02:54,1399.5
10057,10057,Cash,2025-03-16 17:07:29,1216.78
10058,10058,Credit Card,2025-08-04 08:27:13,2197.76
10059,10059,Bank Transfer,2025-06-22 10:09:53,1223.31
10060,10060,Credit Card,2024-10-15 18:31:50,809.7
10061,10061,Cash,2025-08-19 04:54:45,1420.79
10062,10062,PayPal,2025-11-13 14:47:16,45.58
10063,10063,Bank Transfer,2025-01-10 01:16:54,2442.61
10064,10064,Cash,2025-01-19 03:59:32,3328.13
10065,10065,Cash,2025-03-18 23:05:31,1021.6
10066,10066,Credit Card,2026-03-11 23:03:36,1120.11
10067,10067,Cash,2026-07-24 17:05:32,3172.0
10068,10068,PayPal,2024-11-08 02:03:14,2160.66
10069,10069,Bank Transfer,2025-04-30 11:44:23,1442.44
10070,10070,Cash,2024-10-21 21:09:33,824.68
10071,10071,PayPal,2025-11-23 10:17:21,107.44
10072,10072,Bank Transfer,2024-09-10 14:21:26,1499.08
10073,10073,Cash,2025-09-11 14:15:53,2758.06
10074,10074,Bank Transfer,2025-10-18 22:07:27,1462.42
10075,10075,Bank Transfer,2025-09-01 04:40:00,2001.26
10076,10076,PayPal,2026-06-18 17:57:48,1941.42
10077,10077,Credit Card,2024-09-25 16:38:55,657.44
10078,10078,Bank Transfer,2025-05-03 18:10:04,1476.36
10079,10079,Bank Transfer,2024-11-13 18:30:21,5889.12
10080,10080,PayPal,2025-04-28 10:32:02,1107.57
10081,10081,Cash,2026-05-16 15:32:40,2987.02
10082,10082,PayPal,2025-07-27 00:09:06,1567.98
10083,10083,Cash,2025-10-22 11:18:36,417.0
10084,10084,PayPal,2024-08-06 19:58:47,3377.74
10085,10085,PayPal,2024-12-28 23:39:12,1260.06
10086,10086,Bank Transfer,2025-09-29 22:06:35,1531.22
10087,10087,Cash,2026-06-26 18:31:11,3077.24
10088,10088,Credit Card,2024-12-16 00:55:10,1225.81
10089,10089,Credit Card,2025-05-14 20:40:10,2404.46
10090,10090,Credit Card,2024-12-30 12:21:23,1699.15
10091,10091,Credit Card,2024-11-29 10:24:31,192.59
10092,10092,Credit Card,2024-11-28 17:58:17,688.77
10093,10093,Bank Transfer,2026-07-05 08:41:04,3379.36
10094,10094,Credit Card,2025-06-06 22:21:02,1722.1
10095,10095,Credit Card,2026-03-02 04:15:21,1265.02
10096,10096,Credit Card,2025-07-15 13:34:18,3328.06
10097,10097,Cash,2024-12-24 15:12:57,2832.98
10098,10098,Bank Transfer,2026-05-30 01:46:37,4188.68
10099,10099,Bank Transfer,2025-04-29 05:34:13,1375.57
10100,10100,PayPal,2025-12-25 02:41:14,539.15
10101,10101,PayPal,2026-05-29 09:38:16,310.71
10102,10102,Credit Card,2025-10-12 23:40:11,1665.17
10103,10103,Bank Transfer,2025-11-06 16:59:34,4014.72
10104,10104,Bank Transfer,2026-02-24 15:15:44,759.8
10105,10105,PayPal,2025-12-13 13:57:58,747.83
10106,10106,PayPal,2026-04-23 11:27:25,1692.0
10107,10107,PayPal,2025-04-05 17:46:07,1232.96
10108,10108,PayPal,2025-01-21 19:19:15,113.23
10109,10109,Cash,2026-07-05 13:01:36,1075.13
10110,10110,PayPal,2024-08-10 23:01:41,1246.04
10111,10111,Bank Transfer,2025-05-17 16:55:45,375.33
10112,10112,Cash,2025-02-21 10:44:41,4406.72
10113,10113,Cash,2025-02-12 18:00:27,2054.57
10114,10114,Bank Transfer,2025-09-03 23:46:06,424.77
10115,10115,Bank Transfer,2025-05-11 16:04:10,1292.64
10116,10116,Cash,2026-03-30 21:14:14,859.64
10117,10117,PayPal,2026-06-12 11:39:11,4282.69
10118,10118,Bank Transfer,2026-05-14 02:25:10,225.43
10119,10119,PayPal,2025-07-21 16:18:28,2192.17
10120,10120,Cash,2025-03-07 18:14:04,534.06
10121,10121,PayPal,2025-04-05 06:19:19,418.42
10122,10122,Cash,2024-09-27 12:25:13,3259.48
10123,10123,PayPal,2026-04-26 23:55:33,1481.13
10124,10124,Credit Card,2025-03-01 17:30:47,3593.53
10125,10125,PayPal,2025-03-08 17:49:19,2118.09
10126,10126,Cash,2026-03-07 16:48:34,1627.07
10127,10127,Credit Card,2026-04-13 12:51:02,3126.36
10128,10128,PayPal,2026-02-07 06:08:47,2054.04
10129,10129,PayPal,2026-07-25 15:34:53,2442.26
10130,10130,Bank Transfer,2026-03-14 00:23:15,1560.3
10131,10131,Bank Transfer,2025-03-07 11:54:38,2034.93
10132,10132,Credit Card,2026-02-27 02:54:55,4644.17
10133,10133,Bank Transfer,2025-07-01 10:14:37,1529.39
10134,10134,Cash,2026-02-18 08:16:19,1557.16
10135,10135,Credit Card,2025-07-16 05:18:55,1400.96
10136,10136,Bank Transfer,2025-03-30 16:52:09,298.26
10137,10137,Cash,2026-06-27 11:39:27,1505.32
10138,10138,Bank Transfer,2025-03-09 19:09:51,1646.33
10139,10139,Bank Transfer,2025-05-26 06:52:09,2371.7
10140,10140,Cash,2025-11-29 08:31:56,2028.8
10141,10141,Credit Card,2025-02-28 09:18:28,1156.05
10142,10142,Credit Card,2026-05-31 17:09:34,4887.29
10143,10143,PayPal,2025-01-28 23:03:50,2425.79
10144,10144,Bank Transfer,2024-10-24 05:03:32,92.34
10145,10145,Credit Card,2025-11-16 21:35:02,2579.66
10146,10146,Cash,2024-10-22 02:10:33,798.6
10147,10147,Bank Transfer,2026-04-24 20:52:52,2659.89
10148,10148,Credit Card,2026-04-20 16:36:12,2480.11
10149,10149,Cash,2024-09-23 09:44:42,1745.6
10150,10150,Credit Card,2025-08-16 10:44:13,2687.22
10151,10151,Credit Card,2024-12-03 23:18:16,572.75
10152,10152,Cash,2026-01-06 01:25:01,1595.97
10153,10153,Credit Card,2025-02-05 23:39:04,4296.02
10154,10154,Cash,2025-11-16 18:26:21,587.02
10155,10155,Credit Card,2026-07-14 12:15:16,2069.82
10156,10156,PayPal,2025-04-14 14:43:18,237.82
10157,10157,Cash,2025-08-12 19:09:50,1877.1
10158,10158,Credit Card,2025-05-30 05:08:03,4148.54
10159,10159,Bank Transfer,2026-04-28 15:30:40,3329.28
10160,10160,Credit Card,2024-12-22 06:16:35,1400.26
10161,10161,Cash,2024-09-25 05:37:38,3141.59
10162,10162,Cash,2026-06-28 07:47:26,2908.84
10163,10163,PayPal,2026-05-21 23:12:18,3772.54
10164,10164,Bank Transfer,2025-10-18 01:48:21,2477.79
10165,10165,Cash,2026-07-01 01:10:11,154.56
10166,10166,PayPal,2026-05-16 22:33:09,1151.63
10167,10167,Credit Card,2026-06-13 18:01:29,2603.15
10168,10168,Bank Transfer,2025-08-21 14:52:53,214.76
10169,10169,PayPal,2026-02-13 08:59:30,2067.2
10170,10170,PayPal,2025-07-08 01:50:33,422.18
10171,10171,PayPal,2025-02-21 09:12:14,673.92
10172,10172,Cash,2024-12-01 03:21:45,1052.96
10173,10173,Bank Transfer,2024-12-05 19:00:26,2844.8
10174,10174,Bank Transfer,2026-03-29 04:50:53,3077.16
10175,10175,Cash,2025-09-02 13:46:45,2260.04
10176,10176,Bank Transfer,2025-03-25 12:41:25,1955.66
10177,10177,Bank Transfer,2025-07-25 21:22:38,533.66
10178,10178,PayPal,2025-09-23 04:08:08,4236.46
10179,10179,Cash,2026-07-05 03:54:56,2589.17
10180,10180,Credit Card,2025-06-28 02:50:17,347.94
10181,10181,Bank Transfer,2026-02-07 13:55:26,2557.42
10182,10182,Cash,2026-07-26 09:25:16,426.01
10183,10183,PayPal,2025-06-30 07:05:06,1453.95
10184,10184,Bank Transfer,2025-07-24 10:09:30,2806.6
10185,10185,Credit Card,2026-01-12 02:31:36,591.49
10186,10186,Bank Transfer,2025-01-18 09:28:43,3790.3
10187,10187,Cash,2024-09-28 00:42:26,1554.63
10188,10188,Bank Transfer,2025-05-30 12:40:56,570.4
10189,10189,Credit Card,2026-01-30 03:14:25,685.24
10190,10190,PayPal,2025-03-10 06:12:25,727.01
10191,10191,Bank Transfer,2024-10-10 23:21:55,836.55
10192,10192,Credit Card,2025-12-31 10:54:40,3659.59
10193,10193,Bank Transfer,2026-06-01 14:36:28,1959.24
10194,10194,Cash,2026-01-02 04:07:48,2122.47
10195,10195,Bank Transfer,2024-08-09 02:09:49,1876.78
10196,10196,PayPal,2025-12-25 14:47:43,292.14
10197,10197,Bank Transfer,2025-04-29 19:46:15,1597.8
10198,10198,Credit Card,2025-07-02 06:45:28,1220.7
10199,10199,PayPal,2025-08-20 12:19:55,1959.71
10200,10200,PayPal,2026-06-03 16:50:21,514.16
10201,10201,Bank Transfer,2024-12-22 11:46:22,1551.97
10202,10202,PayPal,2025-10-16 22:52:11,763.65
10203,10203,Credit Card,2024-12-10 04:25:11,266.2
10204,10204,Bank Transfer,2026-04-17 16:29:58,3084.96
10205,10205,Cash,2025-06-15 10:58:09,135.67
10206,10206,Credit Card,2025-10-24 15:23:38,827.77
10207,10207,Credit Card,2025-03-09 13:57:36,628.37
10208,10208,Credit Card,2024-11-25 03:31:49,2266.22
10209,10209,Cash,2026-07-05 21:17:39,1993.59
10210,10210,Credit Card,2024-09-22 08:01:05,743.95
10211,10211,Credit Card,2025-11-15 15:18:17,4472.89
10212,10212,PayPal,2024-09-07 05:36:07,1304.25
10213,10213,PayPal,2026-05-17 20:14:09,2961.86
10214,10214,PayPal,2025-06-29 00:17:18,2580.99
10215,10215,PayPal,2025-02-09 15:13:13,3766.13
10216,10216,PayPal,2024-12-29 18:49:36,969.9
10217,10217,PayPal,2024-10-31 22:19:51,1038.12
10218,10218,Bank Transfer,2024-08-23 22:05:22,1012.46
10219,10219,PayPal,2025-10-10 21:43:22,1244.73
10220,10220,Bank Transfer,2025-06-06 15:00:42,4008.61
10221,10221,Cash,2025-01-01 17:55:16,1952.21
10222,10222,PayPal,2025-08-08 15:13:58,1320.06
10223,10223,PayPal,2025-04-23 09:06:31,1770.18
10224,10224,Cash,2026-02-12 21:37:25,1067.6
10225,10225,Cash,2026-02-03 04:19:57,2405.36
10226,10226,PayPal,2024-08-22 05:07:39,3286.4
10227,10227,PayPal,2024-10-30 12:04:33,1759.2
10228,10228,Bank Transfer,2024-10-03 09:42:54,1739.93
10229,10229,Cash,2025-09-29 07:11:42,1619.34
10230,10230,PayPal,2024-10-16 18:59:43,1613.13
10231,10231,Credit Card,2026-02-09 16:10:06,279.12
10232,10232,Credit Card,2026-05-30 18:23:13,782.68
10233,10233,Cash,2024-09-06 06:52:49,3311.55
10234,10234,Cash,2025-05-30 05:01:05,1359.74
10235,10235,Credit Card,2026-03-13 17:09:47,2472.5
10236,10236,PayPal,2025-09-22 16:44:34,3512.18
10237,10237,Bank Transfer,2024-11-04 14:59:09,1235.67
10238,10238,Credit Card,2024-12-19 06:25:52,3472.38
10239,10239,Cash,2025-06-04 12:22:53,341.76
10240,10240,Bank Transfer,2024-11-27 14:50:13,730.02
10241,10241,Cash,2024-10-16 23:13:45,3506.23
10242,10242,Cash,2026-02-07 00:41:20,2939.88
10243,10243,Cash,2025-03-31 01:00:50,2042.33
10244,10244,PayPal,2025-06-01 05:17:25,1397.25
10245,10245,Credit Card,2026-02-10 21:44:50,2846.79
10246,10246,Bank Transfer,2025-01-29 10:14:43,885.49
10247,10247,Cash,2026-07-17 22:51:29,2388.57
10248,10248,PayPal,2025-07-15 21:57:22,1544.56
10249,10249,Bank Transfer,2024-11-04 05:15:37,2124.07
10250,10250,Credit Card,2024-09-23 03:14:55,2723.94
10251,10251,Cash,2026-04-10 00:10:48,1046.65
10252,10252,PayPal,2025-06-29 21:24:55,342.68
10253,10253,PayPal,2024-09-25 13:44:54,1313.07
10254,10254,Credit Card,2025-12-06 02:01:12,841.46
10255,10255,Bank Transfer,2026-06-07 13:05:37,775.13
10256,10256,Bank Transfer,2025-04-24 14:23:12,318.84
10257,10257,Cash,2026-02-18 09:24:31,1477.02
10258,10258,Bank Transfer,2025-06-18 08:07:19,3404.49
10259,10259,Cash,2025-10-30 22:08:31,282.73
10260,10260,PayPal,2026-06-03 18:42:59,1097.76
10261,10261,PayPal,2024-08-15 17:00:34,4166.16
10262,10262,Credit Card,2025-11-30 02:27:37,2801.14
10263,10263,PayPal,2025-08-02 16:18:16,470.58
10264,10264,Credit Card,2026-01-31 07:01:34,796.93
10265,10265,Cash,2024-08-18 00:24:10,1157.19
10266,10266,PayPal,2024-12-27 08:35:43,3522.28
10267,10267,Bank Transfer,2025-06-05 18:02:10,789.78
10268,10268,Bank Transfer,2025-03-14 05:40:34,2362.63
10269,10269,Bank Transfer,2024-09-11 07:13:20,1899.2
10270,10270,PayPal,2025-10-16 19:22:55,1496.55
10271,10271,Cash,2024-12-31 04:07:56,807.76
10272,10272,Bank Transfer,2025-02-06 05:22:17,2569.48
10273,10273,Credit Card,2025-11-11 14:52:42,894.75
10274,10274,Bank Transfer,2026-05-29 18:53:16,844.02
10275,10275,PayPal,2026-03-21 04:04:37,3894.74
10276,10276,Credit Card,2026-07-13 20:20:10,470.38
10277,10277,Bank Transfer,2026-05-15 19:01:56,1188.74
10278,10278,Bank Transfer,2024-08-30 10:48:31,240.88
10279,10279,Credit Card,2026-08-03 03:56:18,892.72
10280,10280,Cash,2025-08-23 22:42:22,1700.4
10281,10281,PayPal,2025-08-08 00:41:11,2213.96
10282,10282,Bank Transfer,2024-12-10 12:24:28,1678.63
10283,10283,Credit Card,2024-10-08 15:12:29,1969.73
10284,10284,PayPal,2026-05-04 21:13:31,1118.54
10285,10285,Bank Transfer,2026-04-15 00:50:40,2559.76
10286,10286,Bank Transfer,2026-03-19 01:11:51,2470.13
10287,10287,Credit Card,2025-03-17 00:37:15,558.86
10288,10288,Cash,2026-02-03 17:30:36,997.9
10289,10289,Credit Card,2025-09-25 13:51:50,1607.53
10290,10290,PayPal,2025-03-08 01:32:34,2888.85
10291,10291,Credit Card,2026-06-26 10:29:36,2395.45
10292,10292,Bank Transfer,2025-03-28 08:15:58,985.36
10293,10293,Bank Transfer,2024-11-26 23:37:27,1724.99
10294,10294,Cash,2024-12-26 21:09:35,3193.39
10295,10295,Cash,2026-07-03 02:22:36,1714.97
10296,10296,Bank Transfer,2024-08-23 15:32:27,4160.33
10297,10297,Bank Transfer,2025-09-22 01:30:01,1774.73
10298,10298,Credit Card,2025-04-02 03:03:47,3855.21
10299,10299,Cash,2025-06-15 20:03:21,1386.06
10300,10300,Bank Transfer,2026-07-27 03:21:34,2334.76
10301,10301,Credit Card,2024-09-05 21:33:31,6107.39
10302,10302,Credit Card,2025-09-24 10:43:27,2701.34
10303,10303,PayPal,2025-07-18 19:06:25,429.52
10304,10304,Credit Card,2026-04-07 16:58:06,1668.5
10305,10305,PayPal,2024-11-19 18:44:40,1327.52
10306,10306,Cash,2025-10-07 07:59:42,2656.37
10307,10307,PayPal,2026-05-27 22:14:01,306.52
10308,10308,PayPal,2025-06-13 07:08:30,1200.63
10309,10309,Credit Card,2026-07-28 02:30:24,5506.36
10310,10310,Bank Transfer,2024-12-16 21:26:28,1487.03
10311,10311,Credit Card,2025-01-07 12:47:20,2968.21
10312,10312,PayPal,2025-08-22 10:26:00,4463.37
10313,10313,Credit Card,2024-12-24 04:09:27,1392.57
10314,10314,Cash,2026-07-07 05:16:46,4736.13
10315,10315,Credit Card,2026-01-14 13:37:04,258.03
10316,10316,Credit Card,2024-08-14 02:45:49,2230.94
10317,10317,Credit Card,2025-07-05 02:25:48,1452.77
10318,10318,Bank Transfer,2024-10-09 05:33:26,2068.76
10319,10319,Bank Transfer,2024-12-09 10:07:27,2094.71
10320,10320,Credit Card,2024-11-11 09:41:52,3751.16
10321,10321,PayPal,2025-10-15 20:14:42,2676.81
10322,10322,Credit Card,2025-11-13 07:02:15,1571.04
10323,10323,Credit Card,2024-09-30 12:18:24,1268.46
10324,10324,Credit Card,2025-12-27 06:24:25,3746.77
10325,10325,Cash,2025-03-04 02:54:13,284.79
10326,10326,Cash,2025-11-19 08:43:04,2952.49
10327,10327,Bank Transfer,2026-05-02 05:05:44,3079.02
10328,10328,Credit Card,2026-01-09 23:21:25,829.62
10329,10329,Credit Card,2025-07-14 16:24:39,768.51
10330,10330,PayPal,2026-06-01 12:58:43,1420.84
10331,10331,PayPal,2025-11-30 09:17:50,1083.22
10332,10332,Bank Transfer,2025-04-13 01:49:41,70.57
10333,10333,Bank Transfer,2024-11-16 11:34:56,849.54
10334,10334,Bank Transfer,2025-02-06 03:02:34,1922.84
10335,10335,Bank Transfer,2026-05-09 04:26:03,1533.55
10336,10336,PayPal,2026-01-26 00:05:24,1356.52
10337,10337,PayPal,2026-05-20 04:28:15,296.85
10338,10338,Bank Transfer,2026-07-21 10:39:28,2178.47
10339,10339,Credit Card,2025-07-20 00:50:47,1909.42
10340,10340,Credit Card,2024-11-10 20:14:50,140.14
10341,10341,PayPal,2024-09-11 18:31:46,3696.96
10342,10342,PayPal,2026-06-05 10:45:35,1212.7
10343,10343,PayPal,2024-11-08 08:52:16,4162.98
10344,10344,PayPal,2025-01-02 15:04:26,406.21
10345,10345,PayPal,2025-12-21 17:51:43,752.82
10346,10346,Cash,2025-10-07 02:28:18,1400.26
10347,10347,Bank Transfer,2025-05-17 21:00:15,1736.4
10348,10348,Cash,2024-11-18 15:18:05,71.0
10349,10349,Bank Transfer,2025-04-23 18:09:47,1896.33
10350,10350,Cash,2024-11-04 01:54:21,2934.87
10351,10351,Cash,2025-02-17 05:51:30,3026.74
10352,10352,Bank Transfer,2024-10-05 16:52:27,3442.52
10353,10353,Bank Transfer,2025-04-14 13:55:29,943.56
10354,10354,Credit Card,2024-10-25 16:47:17,3297.96
10355,10355,Cash,2026-06-18 11:42:23,861.39
10356,10356,Credit Card,2026-08-01 21:23:33,400.93
10357,10357,PayPal,2024-12-14 02:11:13,375.2
10358,10358,Cash,2025-01-18 14:03:39,3017.67
10359,10359,Bank Transfer,2025-02-16 03:45:14,771.32
10360,10360,PayPal,2026-03-15 04:41:45,3364.53
10361,10361,Bank Transfer,2024-10-24 17:56:11,2760.37
10362,10362,Bank Transfer,2026-06-08 17:43:48,1775.3
10363,10363,Credit Card,2025-04-15 03:03:05,1887.54
10364,10364,Cash,2024-09-03 04:48:21,3885.84
10365,10365,Bank Transfer,2024-10-16 19:40:34,1514.56
10366,10366,Credit Card,2025-12-30 18:59:26,1615.23
10367,10367,Cash,2026-06-26 00:00:36,3272.84
10368,10368,PayPal,2026-07-27 04:55:58,1774.96
10369,10369,Bank Transfer,2025-07-21 05:13:21,2086.93
10370,10370,Credit Card,2025-05-26 15:12:53,599.38
10371,10371,PayPal,2024-08-23 03:43:03,241.61
10372,10372,Credit Card,2026-04-10 21:49:52,1651.45
10373,10373,Credit Card,2026-05-28 01:38:29,3600.62
10374,10374,Bank Transfer,2024-11-17 02:02:30,677.75
10375,10375,Bank Transfer,2025-06-11 06:04:51,4583.22
10376,10376,Cash,2026-01-30 11:31:38,903.72
10377,10377,Bank Transfer,2025-10-06 03:08:22,147.0
10378,10378,PayPal,2024-10-02 04:52:53,2270.94
10379,10379,PayPal,2025-06-30 20:23:48,3278.5
10380,10380,Bank Transfer,2024-09-06 22:15:57,863.72
10381,10381,Bank Transfer,2025-11-16 13:41:13,1159.8
10382,10382,Bank Transfer,2026-06-30 16:02:24,3111.39
10383,10383,PayPal,2026-07-30 03:21:24,2217.84
10384,10384,Bank Transfer,2025-12-10 05:17:37,2718.44
10385,10385,Cash,2026-05-31 00:13:45,1943.7
10386,10386,Bank Transfer,2026-01-05 22:12:51,1094.96
10387,10387,Bank Transfer,2026-01-03 07:15:19,1059.61
10388,10388,PayPal,2026-07-14 23:20:53,2149.8
10389,10389,Bank Transfer,2025-05-12 23:31:22,4514.15
10390,10390,Credit Card,2025-05-12 15:29:49,3275.4
10391,10391,Credit Card,2026-03-11 18:52:23,1619.6
10392,10392,PayPal,2025-09-21 01:09:57,513.72
10393,10393,Credit Card,2025-12-08 13:16:59,4533.44
10394,10394,Credit Card,2026-02-12 01:51:52,2220.39
10395,10395,Credit Card,2025-12-26 22:20:14,1626.71
10396,10396,PayPal,2025-01-06 23:43:49,608.48
10397,10397,PayPal,2025-04-10 01:45:34,3235.61
10398,10398,PayPal,2026-04-15 02:00:31,1742.56
10399,10399,PayPal,2025-12-31 19:09:47,913.54
10400,10400,Bank Transfer,2025-08-28 04:08:19,1790.76
10401,10401,Cash,2025-11-30 07:58:05,2838.98
10402,10402,Bank Transfer,2026-04-25 15:20:05,2985.89
10403,10403,Bank Transfer,2024-11-09 08:43:23,1783.26
10404,10404,Cash,2026-04-24 14:25:14,93.78
10405,10405,Credit Card,2025-03-06 21:50:49,2454.48
10406,10406,Bank Transfer,2026-05-08 22:51:51,1012.2
10407,10407,PayPal,2024-11-16 01:17:23,2566.26
10408,10408,Bank Transfer,2024-10-13 20:17:53,3129.94
10409,10409,Bank Transfer,2025-03-10 15:52:43,1163.4
10410,10410,Cash,2026-04-15 04:22:57,2960.32
10411,10411,Cash,2025-04-04 19:25:47,1716.54
10412,10412,Cash,2026-01-11 22:41:38,3541.99
10413,10413,Credit Card,2026-02-19 22:21:57,862.3
10414,10414,Cash,2024-09-28 15:23:52,1765.58
10415,10415,Bank Transfer,2025-12-04 14:09:32,456.48
10416,10416,Cash,2025-04-14 22:28:39,577.66
10417,10417,PayPal,2025-08-28 15:32:44,863.01
10418,10418,PayPal,2024-11-28 07:05:38,408.71
10419,10419,Bank Transfer,2026-06-24 03:07:06,2130.0
10420,10420,Credit Card,2025-10-03 13:00:37,704.56
10421,10421,Credit Card,2024-12-09 20:58:12,624.75
10422,10422,Bank Transfer,2025-03-04 13:15:11,1463.68
10423,10423,Bank Transfer,2026-02-09 08:16:24,1187.49
10424,10424,Credit Card,2024-09-09 23:51:54,1025.16
10425,10425,Bank Transfer,2025-12-21 18:14:41,583.12
10426,10426,Bank Transfer,2026-04-26 07:56:31,1560.58
10427,10427,Credit Card,2025-10-17 10:15:35,2693.2
10428,10428,PayPal,2025-11-12 01:38:59,4050.36
10429,10429,Credit Card,2024-11-18 18:01:04,248.79
10430,10430,PayPal,2024-10-08 19:29:35,771.32
10431,10431,Cash,2025-09-07 15:50:55,3775.88
10432,10432,Bank Transfer,2025-11-29 16:58:19,614.61
10433,10433,Credit Card,2025-03-04 08:31:31,2657.65
10434,10434,Credit Card,2024-12-18 08:44:11,2271.58
10435,10435,PayPal,2024-08-12 09:37:24,326.82
10436,10436,Credit Card,2025-05-15 23:42:36,3638.79
10437,10437,Cash,2026-07-03 18:15:09,271.34
10438,10438,Credit Card,2025-11-05 20:15:13,360.37
10439,10439,Credit Card,2026-05-06 10:19:50,1339.65
10440,10440,Cash,2025-01-17 00:28:26,658.68
10441,10441,Cash,2024-11-02 09:18:01,3263.58
10442,10442,Cash,2025-01-14 21:51:10,2335.39
10443,10443,PayPal,2024-12-31 09:33:17,4980.11
10444,10444,Bank Transfer,2024-08-12 20:06:46,1701.41
10445,10445,Cash,2026-02-06 18:30:25,1879.08
10446,10446,Bank Transfer,2025-05-31 02:14:57,2108.74
10447,10447,Bank Transfer,2025-11-08 10:53:25,1242.17
10448,10448,Cash,2025-08-13 21:59:23,2372.74
10449,10449,PayPal,2025-12-26 22:13:09,2598.04
10450,10450,Bank Transfer,2026-07-30 04:51:36,1708.02
10451,10451,Cash,2025-03-03 06:25:54,3500.96
10452,10452,PayPal,2025-09-18 00:52:48,227.16
10453,10453,PayPal,2025-12-30 07:48:41,4861.75
10454,10454,PayPal,2024-08-12 11:46:45,2945.46
10455,10455,PayPal,2024-11-18 15:51:55,1707.8
10456,10456,Cash,2026-07-16 08:10:38,1595.74
10457,10457,Credit Card,2026-02-22 23:06:45,1635.72
10458,10458,Bank Transfer,2026-05-22 10:06:40,582.97
10459,10459,Bank Transfer,2024-12-05 08:21:33,3715.15
10460,10460,Credit Card,2025-08-17 02:04:07,81.5
10461,10461,Bank Transfer,2026-04-02 01:19:18,1298.13
10462,10462,Bank Transfer,2025-06-19 18:22:11,2446.14
10463,10463,Credit Card,2025-01-13 19:02:48,117.32
10464,10464,Credit Card,2025-10-08 00:28:48,3885.59
10465,10465,Cash,2025-01-19 03:46:19,2369.02
10466,10466,Cash,2026-03-14 20:47:00,974.05
10467,10467,PayPal,2025-06-20 06:00:07,64.18
10468,10468,Bank Transfer,2026-01-27 20:59:01,3911.06
10469,10469,Bank Transfer,2026-01-04 17:26:00,1962.64
10470,10470,Credit Card,2025-12-03 20:17:55,1603.84
10471,10471,Cash,2025-02-09 22:23:39,1082.7
10472,10472,Bank Transfer,2024-11-27 04:05:40,1596.04
10473,10473,Credit Card,2024-12-31 07:38:10,1719.34
10474,10474,Cash,2025-08-10 13:17:57,3561.3
10475,10475,PayPal,2026-02-14 10:23:40,1340.38
10476,10476,Cash,2026-02-24 01:33:01,2676.44
10477,10477,PayPal,2025-02-07 12:47:41,2761.93
10478,10478,Credit Card,2026-03-12 19:29:27,2213.12
10479,10479,Credit Card,2026-07-02 22:56:00,2068.07
10480,10480,Credit Card,2025-11-05 13:59:13,3534.63
10481,10481,Cash,2025-07-22 16:54:53,366.86
10482,10482,Cash,2025-11-03 17:39:29,1659.26
10483,10483,PayPal,2026-06-30 12:32:06,603.11
10484,10484,Bank Transfer,2025-11-19 05:32:55,3351.54
10485,10485,Bank Transfer,2026-05-13 14:29:18,344.99
10486,10486,Credit Card,2024-09-15 09:28:09,788.92
10487,10487,Bank Transfer,2026-03-17 10:29:18,1374.84
10488,10488,Cash,2025-09-30 10:06:33,2935.37
10489,10489,Bank Transfer,2024-11-26 21:24:56,2092.5
10490,10490,Credit Card,2026-05-28 08:59:13,185.28
10491,10491,Bank Transfer,2026-06-12 06:39:28,1554.53
10492,10492,Credit Card,2025-11-07 02:44:01,3014.47
10493,10493,PayPal,2025-07-11 17:18:13,23.36
10494,10494,Cash,2026-07-23 03:17:59,40.08
10495,10495,Bank Transfer,2026-05-22 00:51:28,3573.49
10496,10496,Cash,2026-02-26 05:35:03,1223.58
10497,10497,Bank Transfer,2026-01-17 11:33:36,734.39
10498,10498,Credit Card,2025-03-20 07:35:54,795.42
10499,10499,Bank Transfer,2025-10-24 08:41:23,2433.1
10500,10500,Bank Transfer,2024-11-15 21:25:25,3919.7
10501,10501,PayPal,2024-10-24 17:23:07,197.6
10502,10502,Credit Card,2024-10-09 00:53:32,1309.42
10503,10503,Credit Card,2025-08-26 23:26:14,1585.11
10504,10504,PayPal,2024-09-05 21:43:33,438.15
10505,10505,Cash,2025-10-13 06:22:20,613.17
10506,10506,Cash,2026-02-18 22:26:50,1938.64
10507,10507,PayPal,2025-12-10 15:55:48,1296.73
10508,10508,PayPal,2026-06-29 13:19:49,966.83
10509,10509,Bank Transfer,2025-09-11 03:05:56,1363.36
10510,10510,Cash,2026-03-19 12:51:24,260.1
10511,10511,PayPal,2026-02-06 19:27:24,95.8
10512,10512,Bank Transfer,2025-09-26 20:26:24,1692.45
10513,10513,Credit Card,2025-02-08 00:55:38,1881.72
10514,10514,Credit Card,2026-04-05 16:32:58,1340.68
10515,10515,Credit Card,2025-09-12 13:39:04,1692.05
10516,10516,Cash,2025-02-27 23:20:21,4053.24
10517,10517,Bank Transfer,2024-10-31 11:01:21,3995.67
10518,10518,Cash,2025-03-31 08:17:41,2960.56
10519,10519,Bank Transfer,2026-05-11 10:21:38,2034.66
10520,10520,Cash,2024-10-07 03:31:06,2609.99
10521,10521,Credit Card,2024-09-07 05:25:10,1961.53
10522,10522,PayPal,2024-11-05 10:40:05,2505.39
10523,10523,Credit Card,2024-12-06 23:47:35,914.04
10524,10524,PayPal,2024-09-23 09:38:01,3377.94
10525,10525,Cash,2026-05-08 23:32:48,15.84
10526,10526,Bank Transfer,2025-09-23 20:39:43,2144.08
10527,10527,PayPal,2025-08-24 01:23:38,2273.41
10528,10528,Credit Card,2024-08-27 17:28:43,3464.96
10529,10529,Bank Transfer,2025-11-20 08:31:31,532.4
10530,10530,Cash,2025-08-07 11:59:45,3976.07
10531,10531,PayPal,2026-04-30 07:56:43,627.31
10532,10532,PayPal,2025-01-23 22:55:24,414.72
10533,10533,Bank Transfer,2025-05-20 19:48:34,4540.27
10534,10534,PayPal,2026-05-02 13:07:55,1633.56
10535,10535,PayPal,2025-07-15 23:55:02,1497.64
10536,10536,Cash,2024-08-30 01:53:33,1096.89
10537,10537,Bank Transfer,2025-07-18 23:03:53,1313.01
10538,10538,Credit Card,2025-01-15 12:39:11,2616.94
10539,10539,Cash,2025-10-25 17:41:19,2951.36
10540,10540,Credit Card,2025-03-26 03:00:17,653.13
10541,10541,PayPal,2025-12-20 11:35:57,105.78
10542,10542,Credit Card,2026-07-21 06:18:35,2705.59
10543,10543,Cash,2025-03-17 21:20:22,839.27
10544,10544,Credit Card,2026-05-10 12:20:47,424.77
10545,10545,Credit Card,2025-02-05 05:09:07,235.32
10546,10546,Cash,2025-08-20 18:46:30,4531.1
10547,10547,Bank Transfer,2025-02-02 17:38:05,1411.19
10548,10548,PayPal,2025-06-13 04:55:26,168.92
10549,10549,Cash,2025-02-08 15:04:41,2642.28
10550,10550,Credit Card,2025-05-22 18:52:21,804.0
10551,10551,Credit Card,2026-04-19 17:03:08,2014.25
10552,10552,Credit Card,2026-04-27 07:00:58,1060.6
10553,10553,Cash,2026-08-06 11:30:33,3459.0
10554,10554,PayPal,2025-08-02 06:43:24,1641.09
10555,10555,Credit Card,2024-10-16 06:32:47,353.7
10556,10556,Credit Card,2025-10-17 22:09:34,1154.5
10557,10557,Cash,2026-06-26 03:32:55,3182.91
10558,10558,PayPal,2026-04-07 00:54:40,2178.28
10559,10559,PayPal,2026-06-09 20:05:35,1867.48
10560,10560,Cash,2025-03-14 02:16:42,804.26
10561,10561,Cash,2026-07-23 07:32:51,2895.43
10562,10562,PayPal,2025-10-19 18:27:09,3049.48
10563,10563,PayPal,2025-03-12 05:58:33,688.77
10564,10564,Cash,2025-05-16 18:26:44,471.5
10565,10565,Cash,2025-10-15 19:11:52,152.07
10566,10566,Credit Card,2025-12-02 22:53:04,73.5
10567,10567,Credit Card,2026-07-15 18:24:05,1716.05
10568,10568,Credit Card,2024-12-15 14:20:35,3117.27
10569,10569,Bank Transfer,2024-10-02 13:57:44,1261.28
10570,10570,Credit Card,2026-06-09 06:29:51,375.47
10571,10571,Cash,2025-09-04 05:21:51,2082.52
10572,10572,Cash,2024-10-08 21:54:49,3179.93
10573,10573,Cash,2024-08-25 06:08:25,2843.01
10574,10574,Bank Transfer,2026-01-08 02:24:18,165.86
10575,10575,Credit Card,2026-02-15 23:00:35,2681.67
10576,10576,Bank Transfer,2025-07-27 02:25:23,1284.02
10577,10577,Credit Card,2026-01-11 15:31:05,3158.41
10578,10578,Cash,2025-09-05 08:32:39,2213.71
10579,10579,Bank Transfer,2024-09-01 04:48:12,213.07
10580,10580,Bank Transfer,2024-10-05 00:46:27,1423.39
10581,10581,Cash,2025-07-18 20:27:31,1236.93
10582,10582,Cash,2024-11-14 15:57:09,3002.69
10583,10583,Cash,2025-04-07 13:39:39,3210.21
10584,10584,Credit Card,2025-09-17 21:31:31,2144.39
10585,10585,PayPal,2025-12-11 10:37:43,2373.63
10586,10586,Bank Transfer,2026-01-14 11:51:11,723.0
10587,10587,Bank Transfer,2026-05-27 05:46:32,2275.73
10588,10588,Cash,2026-03-11 12:33:28,2573.3
10589,10589,PayPal,2025-04-12 00:37:05,1702.26
10590,10590,Cash,2025-05-16 02:19:46,2676.86
10591,10591,Credit Card,2026-05-02 08:24:01,1815.69
10592,10592,PayPal,2024-10-22 19:04:37,2102.0
10593,10593,Cash,2024-10-25 16:29:55,2235.38
10594,10594,Cash,2026-05-01 18:02:20,2401.87
10595,10595,Credit Card,2025-10-28 21:26:16,2444.6
10596,10596,PayPal,2026-03-18 21:36:35,1130.46
10597,10597,Credit Card,2024-11-03 04:57:25,1425.02
10598,10598,Bank Transfer,2025-03-08 08:05:20,297.42
10599,10599,Credit Card,2024-12-08 01:07:15,55.36
10600,10600,Credit Card,2025-03-04 20:47:11,223.68
10601,10601,Credit Card,2025-11-17 13:27:57,58.68
10602,10602,PayPal,2026-03-30 21:07:57,4320.17
10603,10603,PayPal,2024-09-08 11:11:41,1338.99
10604,10604,Bank Transfer,2026-01-12 14:48:06,3347.79
10605,10605,PayPal,2024-09-27 18:33:51,2711.17
10606,10606,Bank Transfer,2025-12-31 01:37:11,20.04
10607,10607,Credit Card,2025-01-01 18:36:06,2918.93
10608,10608,Credit Card,2026-07-20 20:35:54,2673.85
10609,10609,PayPal,2025-12-01 09:36:34,438.6
10610,10610,Credit Card,2025-04-16 16:58:16,152.07
10611,10611,Credit Card,2025-12-17 08:25:31,3139.12
10612,10612,Bank Transfer,2025-08-15 06:06:10,2622.55
10613,10613,Credit Card,2024-12-14 00:17:24,1647.89
10614,10614,Bank Transfer,2026-02-28 17:18:46,2127.38
10615,10615,Cash,2025-03-08 17:17:54,1083.72
10616,10616,Cash,2025-08-22 03:00:01,426.41
10617,10617,Credit Card,2024-11-03 17:56:44,2200.81
10618,10618,Credit Card,2024-08-17 12:15:55,2730.2
10619,10619,PayPal,2025-09-21 14:46:14,638.43
10620,10620,Cash,2025-02-16 11:25:05,971.95
10621,10621,Credit Card,2024-10-26 11:14:12,1416.32
10622,10622,Bank Transfer,2025-06-15 07:10:12,1056.69
10623,10623,Bank Transfer,2026-01-17 14:36:20,2706.96
10624,10624,PayPal,2024-09-28 20:07:35,1117.35
10625,10625,PayPal,2026-01-22 14:11:38,137.07
10626,10626,Cash,2025-09-02 13:21:55,2910.27
10627,10627,Bank Transfer,2025-05-17 09:57:36,731.84
10628,10628,Bank Transfer,2024-11-30 02:50:45,1852.2
10629,10629,Cash,2025-08-07 23:06:41,1239.32
10630,10630,Bank Transfer,2026-06-28 16:32:38,4518.55
10631,10631,Cash,2025-04-07 02:47:12,3927.6
10632,10632,Bank Transfer,2026-01-30 20:52:10,354.99
10633,10633,Credit Card,2025-10-19 19:37:34,397.72
10634,10634,Cash,2025-05-21 21:08:29,2027.32
10635,10635,Bank Transfer,2025-07-15 05:32:57,1934.93
10636,10636,Cash,2025-07-01 14:52:17,3220.41
10637,10637,Cash,2025-10-01 02:36:35,1386.31
10638,10638,Cash,2025-09-13 22:47:25,2064.1
10639,10639,Cash,2024-08-31 10:34:31,980.43
10640,10640,Bank Transfer,2026-05-10 02:02:57,3061.68
10641,10641,Bank Transfer,2025-08-20 00:34:54,153.69
10642,10642,PayPal,2024-09-04 15:19:35,681.39
10643,10643,Bank Transfer,2024-12-18 00:50:26,426.12
10644,10644,PayPal,2024-10-18 14:02:10,2078.22
10645,10645,Cash,2026-02-05 04:01:35,276.18
10646,10646,PayPal,2025-12-16 02:42:06,1506.7
10647,10647,Bank Transfer,2025-12-08 23:54:37,2428.43
10648,10648,Cash,2024-09-18 20:55:35,571.52
10649,10649,Credit Card,2026-03-20 00:29:21,1787.52
10650,10650,Credit Card,2024-11-27 21:48:06,1984.02
10651,10651,Credit Card,2025-04-01 00:58:03,175.98
10652,10652,Credit Card,2024-11-06 10:11:09,2517.55
10653,10653,Credit Card,2025-03-28 11:42:31,1814.61
10654,10654,Cash,2026-04-14 02:41:36,172.35
10655,10655,Cash,2026-04-01 02:41:17,3279.77
10656,10656,Cash,2026-02-28 18:29:34,2295.2
10657,10657,Cash,2026-01-10 17:57:20,148.42
10658,10658,Cash,2026-05-19 02:29:17,865.35
10659,10659,Bank Transfer,2025-04-15 19:52:14,1320.04
10660,10660,Bank Transfer,2026-06-03 06:25:05,175.16
10661,10661,Credit Card,2026-06-09 18:30:51,1253.37
10662,10662,Cash,2025-01-14 16:44:32,335.72
10663,10663,Bank Transfer,2024-08-31 03:30:54,1444.96
10664,10664,Cash,2025-02-24 18:43:30,1083.72
10665,10665,PayPal,2025-04-17 18:34:43,185.28
10666,10666,PayPal,2025-07-02 11:16:05,317.34
10667,10667,PayPal,2025-12-29 21:44:35,1440.06
10668,10668,Cash,2026-05-09 06:43:28,899.14
10669,10669,Bank Transfer,2026-05-14 11:41:54,696.57
10670,10670,Credit Card,2025-10-26 03:03:54,4230.02
10671,10671,Cash,2026-01-19 04:52:55,2402.47
10672,10672,PayPal,2025-05-15 03:21:31,847.46
10673,10673,Cash,2025-05-31 00:28:04,1836.51
10674,10674,Credit Card,2025-09-24 03:37:25,3556.49
10675,10675,Cash,2025-03-31 14:11:16,1062.76
10676,10676,Credit Card,2024-11-30 08:25:56,119.02
10677,10677,Cash,2025-12-10 06:32:40,708.62
10678,10678,PayPal,2026-06-05 09:52:47,270.43
10679,10679,Credit Card,2026-05-22 01:48:31,3104.25
10680,10680,Credit Card,2025-12-14 15:33:09,486.69
10681,10681,PayPal,2024-10-29 04:18:39,169.96
10682,10682,PayPal,2025-03-30 19:55:56,143.7
10683,10683,Cash,2025-07-17 11:22:47,1548.95
10684,10684,Credit Card,2026-07-31 23:26:02,1600.71
10685,10685,Bank Transfer,2026-06-29 06:56:26,1087.68
10686,10686,Bank Transfer,2025-04-08 08:23:12,1642.38
10687,10687,Credit Card,2025-09-21 08:57:51,12.31
10688,10688,Bank Transfer,2026-06-28 03:47:24,1814.4
10689,10689,PayPal,2025-12-06 14:41:35,1456.15
10690,10690,Credit Card,2025-10-15 07:06:36,1404.88
10691,10691,Bank Transfer,2025-12-26 10:53:02,618.21
10692,10692,Cash,2024-08-23 05:31:08,322.3
10693,10693,Bank Transfer,2025-06-17 23:27:52,1480.11
10694,10694,Credit Card,2026-05-08 17:18:50,2503.59
10695,10695,Cash,2025-03-14 00:01:45,2466.79
10696,10696,Cash,2024-12-02 18:59:35,4231.62
10697,10697,Bank Transfer,2025-12-24 09:51:24,2189.01
10698,10698,Credit Card,2026-02-14 19:32:30,1094.36
10699,10699,Cash,2026-08-03 07:02:03,585.98
10700,10700,Bank Transfer,2025-09-30 22:22:28,27.68
10701,10701,PayPal,2026-06-27 11:33:47,388.35
10702,10702,Bank Transfer,2025-07-12 11:43:12,693.26
10703,10703,Credit Card,2025-09-20 09:40:43,2528.51
10704,10704,Credit Card,2026-01-10 22:10:53,2750.47
10705,10705,Cash,2025-02-25 09:55:37,744.14
10706,10706,PayPal,2024-11-20 16:49:19,1574.73
10707,10707,Cash,2024-09-01 12:46:37,4047.01
10708,10708,Cash,2026-03-30 02:46:36,750.4
10709,10709,Bank Transfer,2026-02-16 10:15:54,1143.36
10710,10710,PayPal,2026-06-18 08:03:36,1711.63
10711,10711,PayPal,2026-06-19 22:25:12,2883.52
10712,10712,Credit Card,2025-07-31 12:58:22,801.86
10713,10713,Cash,2024-10-17 06:17:08,3247.89
10714,10714,Bank Transfer,2025-11-13 14:16:42,901.4
10715,10715,Bank Transfer,2026-02-07 08:54:08,268.16
10716,10716,Cash,2025-03-15 11:18:37,1491.52
10717,10717,Bank Transfer,2025-11-13 22:37:59,254.94
10718,10718,Credit Card,2026-04-04 14:43:06,2044.05
10719,10719,Cash,2025-04-13 18:35:18,634.0
10720,10720,Credit Card,2026-03-24 20:55:38,301.87
10721,10721,Cash,2024-12-31 20:59:15,2280.74
10722,10722,Bank Transfer,2026-06-02 12:49:05,2413.55
10723,10723,PayPal,2025-07-28 16:59:59,2175.93
10724,10724,Credit Card,2026-02-25 07:41:29,2107.46
10725,10725,Credit Card,2026-06-12 13:07:50,4437.95
10726,10726,Credit Card,2025-10-11 15:44:51,2221.3
10727,10727,Cash,2025-07-13 18:05:44,2082.68
10728,10728,Cash,2024-10-03 01:02:15,2372.44
10729,10729,Credit Card,2025-08-24 10:40:57,92.64
10730,10730,Cash,2026-04-26 03:54:53,798.26
10731,10731,Cash,2025-06-22 20:27:45,517.05
10732,10732,Credit Card,2024-09-24 08:01:27,3324.54
10733,10733,Bank Transfer,2025-06-03 09:30:16,1660.36
10734,10734,PayPal,2024-08-27 04:42:41,3007.45
10735,10735,Bank Transfer,2025-05-24 15:15:34,1608.34
10736,10736,Bank Transfer,2026-02-02 23:42:16,2151.62
10737,10737,Credit Card,2025-02-17 09:42:10,1349.78
10738,10738,Credit Card,2024-11-15 22:00:51,1603.19
10739,10739,Bank Transfer,2026-02-13 17:07:12,2156.78
10740,10740,Bank Transfer,2025-01-15 23:24:44,1477.28
10741,10741,PayPal,2024-11-01 11:16:01,2907.76
10742,10742,Cash,2025-01-31 19:36:01,2495.45
10743,10743,Credit Card,2025-10-04 06:31:33,1588.94
10744,10744,Cash,2025-04-27 19:31:04,301.8
10745,10745,Credit Card,2025-12-31 18:16:30,1633.76
10746,10746,Credit Card,2026-02-24 20:29:55,332.97
10747,10747,Cash,2025-06-21 22:04:11,223.68
10748,10748,Credit Card,2026-03-21 20:00:21,2381.68
10749,10749,PayPal,2024-10-30 10:40:23,1901.84
10750,10750,Bank Transfer,2025-07-29 19:10:04,3192.32
10751,10751,Cash,2026-06-13 16:00:19,1137.48
10752,10752,Bank Transfer,2025-05-30 14:29:52,636.28
10753,10753,Bank Transfer,2024-11-28 06:00:53,469.77
10754,10754,Credit Card,2025-10-19 05:43:18,1317.3
10755,10755,Cash,2026-06-16 18:56:14,1749.95
10756,10756,Bank Transfer,2025-11-10 10:41:26,488.33
10757,10757,PayPal,2024-11-01 12:31:02,1835.05
10758,10758,Cash,2026-04-21 03:00:14,1388.45
10759,10759,Cash,2026-05-29 05:30:08,3975.83
10760,10760,PayPal,2025-02-09 05:39:16,1406.99
10761,10761,PayPal,2026-05-30 15:24:50,2994.82
10762,10762,Bank Transfer,2025-03-30 18:30:44,1927.66
10763,10763,PayPal,2025-11-15 07:49:42,141.14
10764,10764,Bank Transfer,2025-05-17 08:31:00,3415.14
10765,10765,Bank Transfer,2026-05-06 15:44:05,1033.55
10766,10766,Bank Transfer,2026-04-04 11:55:43,3290.12
10767,10767,Cash,2026-07-06 01:28:03,836.31
10768,10768,Cash,2026-04-02 18:48:22,1184.37
10769,10769,Cash,2026-06-07 10:41:24,2827.29
10770,10770,Credit Card,2024-08-23 11:51:07,3060.79
10771,10771,Cash,2026-06-14 20:59:01,2898.06
10772,10772,Credit Card,2026-07-08 15:05:06,2480.39
10773,10773,Cash,2026-03-24 09:11:49,1443.88
10774,10774,Cash,2026-04-13 13:28:28,1240.11
10775,10775,Cash,2025-12-17 14:40:29,2675.67
10776,10776,Bank Transfer,2024-10-09 23:57:39,2488.16
10777,10777,PayPal,2025-01-25 09:37:02,3085.22
10778,10778,Credit Card,2025-08-13 11:08:03,279.53
10779,10779,Bank Transfer,2024-10-30 13:00:50,3715.76
10780,10780,Cash,2025-02-23 06:36:49,2077.96
10781,10781,Credit Card,2026-04-06 11:47:51,3078.04
10782,10782,Cash,2025-04-15 05:24:00,640.56
10783,10783,PayPal,2026-03-27 09:31:59,181.43
10784,10784,Cash,2025-10-12 17:12:26,4744.21
10785,10785,Bank Transfer,2025-11-15 22:40:33,2074.85
10786,10786,Credit Card,2025-06-13 18:16:32,568.48
10787,10787,Credit Card,2025-08-31 22:22:04,417.69
10788,10788,Cash,2026-04-11 23:30:54,1477.65
10789,10789,Bank Transfer,2026-03-06 15:58:28,327.12
10790,10790,PayPal,2025-04-06 18:51:25,2817.74
10791,10791,Cash,2024-10-09 02:28:32,3123.51
10792,10792,PayPal,2026-06-27 16:56:16,3024.0
10793,10793,PayPal,2024-09-04 17:19:18,226.55
10794,10794,PayPal,2024-12-11 15:03:51,809.75
10795,10795,Credit Card,2025-04-08 13:42:14,2194.88
10796,10796,Cash,2024-12-12 00:41:10,531.66
10797,10797,Credit Card,2026-01-27 00:20:38,90.12
10798,10798,Cash,2026-05-19 20:25:51,1132.24
10799,10799,PayPal,2025-03-09 09:56:27,57.76
10800,10800,Bank Transfer,2025-11-13 07:20:59,64.72
10801,10801,Cash,2026-04-27 12:28:00,709.05
10802,10802,Cash,2026-05-03 00:04:20,1718.28
10803,10803,PayPal,2025-08-12 02:13:08,598.23
10804,10804,Bank Transfer,2025-10-19 16:14:53,192.54
10805,10805,Bank Transfer,2025-10-03 13:19:07,2373.85
10806,10806,PayPal,2025-05-08 04:53:56,2273.7
10807,10807,Bank Transfer,2025-04-04 17:56:39,571.52
10808,10808,PayPal,2024-08-19 02:09:04,716.8
10809,10809,Cash,2026-07-29 18:02:32,211.56
10810,10810,Credit Card,2025-03-13 11:58:52,1759.23
10811,10811,Bank Transfer,2024-11-13 05:40:01,1535.8
10812,10812,Bank Transfer,2024-11-22 01:51:26,2756.1
10813,10813,PayPal,2026-04-19 10:29:10,2834.22
10814,10814,Bank Transfer,2024-12-17 13:19:47,3211.15
10815,10815,PayPal,2025-03-20 07:05:00,284.37
10816,10816,PayPal,2026-03-06 08:20:56,428.55
10817,10817,PayPal,2026-02-18 22:10:56,676.51
10818,10818,PayPal,2026-08-01 20:43:43,1717.08
10819,10819,PayPal,2025-03-02 08:33:30,1370.97
10820,10820,Bank Transfer,2024-11-03 22:19:14,2437.66
10821,10821,PayPal,2025-03-05 18:43:45,3138.7
10822,10822,Cash,2026-01-20 05:23:45,548.32
10823,10823,PayPal,2025-01-07 19:54:26,514.27
10824,10824,PayPal,2025-07-29 04:54:50,1005.35
10825,10825,PayPal,2026-04-18 21:17:20,1280.59
10826,10826,PayPal,2026-01-03 03:25:02,1919.46
10827,10827,Credit Card,2025-08-17 14:32:18,3781.64
10828,10828,Bank Transfer,2024-09-02 17:14:53,118.38
10829,10829,PayPal,2026-01-16 18:41:00,988.47
10830,10830,Credit Card,2025-04-14 06:26:10,2123.88
10831,10831,PayPal,2025-10-31 09:22:55,301.8
10832,10832,PayPal,2025-07-17 20:23:03,1457.83
10833,10833,Bank Transfer,2026-03-01 03:59:12,2717.1
10834,10834,Bank Transfer,2026-04-27 09:03:56,1207.46
10835,10835,Credit Card,2025-08-13 03:02:43,256.32
10836,10836,Cash,2025-12-26 09:15:36,549.96
10837,10837,Credit Card,2025-10-15 04:19:01,1731.4
10838,10838,Credit Card,2026-06-03 08:48:54,411.24
10839,10839,Bank Transfer,2025-01-18 15:01:23,592.7
10840,10840,Bank Transfer,2024-12-14 17:03:16,1836.05
10841,10841,Cash,2024-11-15 12:40:30,4367.72
10842,10842,PayPal,2025-12-16 21:13:13,24.62
10843,10843,Credit Card,2024-10-28 16:46:04,3132.23
10844,10844,Credit Card,2025-05-03 07:52:50,2029.74
10845,10845,Credit Card,2025-11-07 22:12:13,1423.9
10846,10846,Bank Transfer,2024-10-15 03:04:12,1983.68
10847,10847,Credit Card,2026-02-24 22:09:03,4852.21
10848,10848,Cash,2025-10-22 23:06:20,624.28
10849,10849,Bank Transfer,2024-08-29 09:21:56,2369.79
10850,10850,PayPal,2026-02-08 18:49:11,5544.63
10851,10851,Credit Card,2024-11-15 06:20:39,1497.34
10852,10852,Credit Card,2025-05-11 07:50:11,944.24
10853,10853,Cash,2025-03-06 02:14:14,3292.05
10854,10854,Bank Transfer,2025-07-11 02:37:48,899.68
10855,10855,PayPal,2025-10-04 05:44:29,729.91
10856,10856,Credit Card,2025-03-29 20:04:07,958.53
10857,10857,Cash,2024-08-20 17:38:19,798.13
10858,10858,Bank Transfer,2026-07-13 00:47:47,103.68
10859,10859,Credit Card,2025-12-21 19:40:33,82.93
10860,10860,PayPal,2024-08-27 20:18:15,2660.52
10861,10861,Bank Transfer,2026-07-09 08:38:38,2090.61
10862,10862,Cash,2026-04-12 05:03:41,4967.43
10863,10863,Credit Card,2026-01-22 05:39:03,1558.94
10864,10864,Credit Card,2024-09-01 08:50:13,1622.61
10865,10865,Cash,2024-11-19 11:21:25,1235.87
10866,10866,Cash,2025-04-26 22:02:18,1327.78
10867,10867,Bank Transfer,2025-12-04 18:14:30,2806.55
10868,10868,Bank Transfer,2025-01-04 17:36:47,565.62
10869,10869,Bank Transfer,2026-05-10 20:09:00,2610.41
10870,10870,Cash,2025-04-18 19:43:23,2993.14
10871,10871,Credit Card,2025-04-30 18:21:40,235.32
10872,10872,PayPal,2025-01-28 15:27:01,995.28
10873,10873,Bank Transfer,2026-04-24 02:22:06,2222.55
10874,10874,Credit Card,2025-09-23 01:49:47,998.46
10875,10875,Credit Card,2026-04-13 11:18:03,2176.91
10876,10876,PayPal,2024-10-24 20:16:12,1398.28
10877,10877,Credit Card,2024-10-09 11:21:13,2095.75
10878,10878,Bank Transfer,2024-09-12 02:44:37,1810.9
10879,10879,Cash,2025-02-06 06:28:12,3177.38
10880,10880,Cash,2026-02-05 13:18:29,881.49
10881,10881,PayPal,2024-08-29 11:45:26,1624.88
10882,10882,Credit Card,2026-03-19 17:27:02,4142.29
10883,10883,PayPal,2025-01-22 18:27:12,459.4
10884,10884,Credit Card,2026-01-17 20:38:07,2365.63
10885,10885,Credit Card,2024-11-07 23:30:28,1601.88
10886,10886,Cash,2025-08-02 18:44:21,2081.1
10887,10887,Bank Transfer,2026-02-14 06:28:28,901.06
10888,10888,Cash,2025-05-30 00:20:04,2612.4
10889,10889,PayPal,2024-10-18 02:13:04,346.8
10890,10890,PayPal,2025-03-06 09:35:36,242.19
10891,10891,PayPal,2024-08-08 10:05:26,1754.86
10892,10892,Credit Card,2025-10-09 17:49:30,502.66
10893,10893,Bank Transfer,2025-10-02 12:06:10,423.12
10894,10894,Cash,2026-06-25 16:41:11,2805.61
10895,10895,Credit Card,2025-02-26 02:55:19,2200.39
10896,10896,Bank Transfer,2026-05-11 19:34:42,1417.24
10897,10897,Credit Card,2025-08-28 10:41:24,3586.24
10898,10898,Credit Card,2026-05-14 14:00:09,1359.06
10899,10899,PayPal,2025-05-24 21:47:16,3119.79
10900,10900,Cash,2025-06-16 20:39:14,1198.4
10901,10901,Credit Card,2026-04-03 04:12:14,60.08
10902,10902,Cash,2026-02-19 07:13:59,3359.44
10903,10903,Credit Card,2025-10-09 14:24:15,1621.25
10904,10904,PayPal,2025-05-03 11:45:35,1520.54
10905,10905,PayPal,2025-12-28 11:21:41,2842.59
10906,10906,Bank Transfer,2025-07-28 23:17:07,235.32
10907,10907,Credit Card,2024-12-17 17:11:39,4305.94
10908,10908,PayPal,2026-05-02 18:31:22,1272.63
10909,10909,Cash,2024-11-09 21:15:26,2018.79
10910,10910,Credit Card,2024-10-15 12:58:21,2527.47
10911,10911,PayPal,2026-04-14 04:31:56,2721.63
10912,10912,Cash,2025-06-09 06:41:16,1073.01
10913,10913,Credit Card,2025-05-21 18:57:56,1493.32
10914,10914,Bank Transfer,2026-02-07 06:12:59,1225.01
10915,10915,Cash,2025-09-03 15:02:10,1617.6
10916,10916,Bank Transfer,2026-02-01 00:19:15,1681.22
10917,10917,PayPal,2025-07-11 12:32:17,1303.01
10918,10918,Bank Transfer,2025-12-16 16:47:55,980.73
10919,10919,Cash,2024-10-18 11:56:07,4306.63
10920,10920,Cash,2026-01-02 21:37:56,960.24
10921,10921,Bank Transfer,2025-09-28 11:27:24,256.72
10922,10922,PayPal,2025-12-12 00:50:45,1914.11
10923,10923,Credit Card,2024-11-29 15:48:08,1306.76
10924,10924,Cash,2025-08-19 11:13:10,1736.65
10925,10925,Cash,2026-03-20 20:12:49,1951.59
10926,10926,Credit Card,2026-04-04 22:01:13,265.76
10927,10927,PayPal,2026-02-16 02:55:23,3426.27
10928,10928,Bank Transfer,2025-05-27 10:41:44,2198.86
10929,10929,Bank Transfer,2024-09-14 02:31:34,141.14
10930,10930,Credit Card,2024-12-07 23:44:50,370.56
10931,10931,Credit Card,2026-02-26 14:55:26,995.46
10932,10932,Credit Card,2026-07-19 05:19:40,1106.02
10933,10933,Bank Transfer,2026-04-09 04:23:39,1011.54
10934,10934,Cash,2024-12-16 04:55:14,797.32
10935,10935,Credit Card,2026-07-26 15:53:44,77.48
10936,10936,PayPal,2025-11-18 16:20:42,1784.99
10937,10937,Cash,2026-04-26 06:43:38,1252.02
10938,10938,Cash,2026-02-08 22:49:56,564.38
10939,10939,Credit Card,2024-12-21 01:59:47,557.7
10940,10940,Cash,2025-01-22 01:39:46,2169.94
10941,10941,Credit Card,2025-12-02 06:03:49,241.52
10942,10942,Credit Card,2026-02-16 17:10:33,2674.02
10943,10943,PayPal,2024-11-07 04:47:08,2791.72
10944,10944,PayPal,2025-09-08 00:22:19,2364.49
10945,10945,Credit Card,2024-08-08 03:36:31,1239.41
10946,10946,PayPal,2025-02-16 02:02:12,2590.04
10947,10947,Cash,2026-01-28 17:26:56,3266.36
10948,10948,Cash,2025-09-30 23:17:26,475.64
10949,10949,PayPal,2025-04-06 22:09:44,925.88
10950,10950,Bank Transfer,2025-09-05 11:28:30,305.07
10951,10951,Bank Transfer,2026-02-07 09:53:22,1281.48
10952,10952,Cash,2024-11-14 14:53:24,3161.87
10953,10953,Cash,2026-02-11 21:19:14,3574.61
10954,10954,Credit Card,2026-03-26 02:19:35,356.73
10955,10955,Bank Transfer,2025-12-13 06:12:09,2698.96
10956,10956,Bank Transfer,2025-11-01 11:41:51,1820.85
10957,10957,Cash,2025-10-17 23:40:42,2455.48
10958,10958,Cash,2024-12-02 08:26:48,714.51
10959,10959,PayPal,2025-08-06 06:42:23,4162.64
10960,10960,Cash,2026-07-26 03:50:51,1623.11
10961,10961,Bank Transfer,2025-05-27 04:48:05,1626.53
10962,10962,Cash,2024-10-18 11:07:50,535.82
10963,10963,Credit Card,2025-02-24 10:09:41,2091.71
10964,10964,Credit Card,2024-08-11 01:35:11,3556.92
10965,10965,Bank Transfer,2024-10-05 11:13:54,2759.34
10966,10966,Bank Transfer,2024-09-29 15:03:42,3648.41
10967,10967,Credit Card,2024-10-05 02:31:29,3943.85
10968,10968,PayPal,2026-07-11 01:48:43,2269.69
10969,10969,Credit Card,2025-07-09 12:08:02,92.34
10970,10970,PayPal,2025-02-25 02:42:23,1341.08
10971,10971,Bank Transfer,2026-02-05 17:43:13,1501.0
10972,10972,Cash,2025-07-11 20:11:15,478.82
10973,10973,Credit Card,2025-11-25 20:40:28,2007.77
10974,10974,Cash,2024-11-16 07:37:19,3394.56
10975,10975,Cash,2025-11-05 13:48:54,1186.89
10976,10976,Bank Transfer,2025-11-14 08:40:55,1119.24
10977,10977,PayPal,2026-05-28 04:14:06,2288.87
10978,10978,Credit Card,2026-03-15 15:03:05,1692.11
10979,10979,PayPal,2024-11-29 00:04:53,1898.21
10980,10980,Cash,2024-12-03 22:43:54,3205.68
10981,10981,Credit Card,2025-11-23 15:21:48,1249.43
10982,10982,Credit Card,2026-05-30 11:36:50,3720.49
10983,10983,Cash,2025-08-13 12:22:55,2022.29
10984,10984,PayPal,2026-03-03 05:08:13,3157.86
10985,10985,Credit Card,2025-06-14 09:12:41,1719.28
10986,10986,PayPal,2026-04-06 10:21:48,526.52
10987,10987,Cash,2024-11-10 02:56:59,300.1
10988,10988,Cash,2025-08-08 19:03:56,944.58
10989,10989,Bank Transfer,2026-03-30 04:54:41,563.01
10990,10990,Credit Card,2025-08-17 07:38:38,1057.23
10991,10991,Cash,2026-07-10 02:24:58,2239.13
10992,10992,Bank Transfer,2025-07-05 14:50:50,1172.0
10993,10993,Cash,2024-09-25 15:44:42,1465.37
10994,10994,Cash,2024-12-16 17:45:43,3332.69
10995,10995,Credit Card,2025-08-04 16:29:47,2872.47
10996,10996,PayPal,2024-09-23 21:48:30,3427.76
10997,10997,Credit Card,2025-10-20 07:27:28,1213.19
10998,10998,Credit Card,2025-12-13 13:06:55,1041.72
10999,10999,Cash,2025-07-03 13:56:13,592.15
11000,11000,Cash,2026-06-19 06:19:56,1186.82
11001,11001,Cash,2024-11-15 15:27:26,1180.68
11002,11002,PayPal,2025-05-06 07:50:22,1337.05
11003,11003,Bank Transfer,2025-03-28 23:01:06,520.82
11004,11004,Bank Transfer,2026-02-01 05:06:40,4345.52
11005,11005,PayPal,2025-08-12 19:48:16,4169.18
11006,11006,Credit Card,2026-03-14 16:01:22,1667.29
11007,11007,Cash,2025-04-28 21:27:52,173.42
11008,11008,PayPal,2026-02-26 03:48:46,3045.27
11009,11009,Cash,2025-11-18 03:01:10,2392.93
11010,11010,PayPal,2026-03-10 22:42:49,3758.07
11011,11011,Cash,2025-05-27 06:55:36,241.29
11012,11012,PayPal,2026-04-01 01:56:20,617.24
11013,11013,Cash,2025-06-07 16:06:02,1096.28
11014,11014,Cash,2025-01-03 13:53:09,964.7
11015,11015,Cash,2026-03-16 03:06:02,3207.77
11016,11016,Cash,2025-11-10 10:45:06,1363.5
11017,11017,Credit Card,2025-02-15 08:51:52,1334.24
11018,11018,Cash,2025-10-05 20:39:46,2818.83
11019,11019,Credit Card,2025-12-22 20:50:03,1976.23
11020,11020,Cash,2024-11-17 18:39:47,1768.56
11021,11021,PayPal,2025-09-25 07:26:21,1801.35
11022,11022,Credit Card,2025-03-19 02:28:58,2847.4
11023,11023,Credit Card,2025-02-02 01:48:20,2978.37
11024,11024,Cash,2026-05-01 21:31:33,298.94
11025,11025,Bank Transfer,2024-09-29 20:22:06,1032.16
11026,11026,Bank Transfer,2026-01-21 12:48:46,148.25
11027,11027,Credit Card,2026-07-26 16:39:30,161.16
11028,11028,Bank Transfer,2025-05-20 12:52:31,925.51
11029,11029,Cash,2024-11-11 06:58:44,1027.18
11030,11030,PayPal,2026-03-17 00:25:07,2569.78
11031,11031,PayPal,2025-04-30 09:43:07,857.11
11032,11032,Credit Card,2025-11-23 21:40:50,688.86
11033,11033,PayPal,2025-04-01 20:41:06,207.14
11034,11034,Bank Transfer,2025-03-13 18:01:51,173.4
11035,11035,Cash,2026-06-06 02:15:04,1361.75
11036,11036,Credit Card,2024-11-24 06:50:29,1016.81
11037,11037,Bank Transfer,2025-09-23 12:23:24,2931.16
11038,11038,Cash,2024-12-31 06:14:36,1118.58
11039,11039,Credit Card,2025-04-29 18:57:27,614.98
11040,11040,Cash,2025-04-29 01:22:15,77.48
11041,11041,Credit Card,2026-05-27 09:35:27,547.04
11042,11042,PayPal,2025-02-16 17:22:25,2346.63
11043,11043,Credit Card,2025-09-07 20:21:49,1678.14
11044,11044,Cash,2025-07-21 20:23:53,865.15
11045,11045,Bank Transfer,2025-08-18 15:33:42,726.98
11046,11046,Credit Card,2026-07-23 08:46:47,4788.45
11047,11047,Bank Transfer,2026-03-24 19:50:18,1312.05
11048,11048,Cash,2026-01-24 16:33:33,1565.45
11049,11049,PayPal,2025-08-02 05:25:09,732.99
11050,11050,Credit Card,2025-05-22 23:35:22,3155.26
11051,11051,Credit Card,2026-06-22 10:48:02,3151.2
11052,11052,Credit Card,2026-05-12 04:58:30,2956.46
11053,11053,Credit Card,2025-04-12 04:05:03,1827.99
11054,11054,PayPal,2025-06-24 17:50:47,2195.68
11055,11055,Bank Transfer,2025-04-17 19:07:03,3157.82
11056,11056,PayPal,2025-07-04 15:30:26,2417.11
11057,11057,Cash,2025-10-16 19:56:43,1466.32
11058,11058,PayPal,2024-11-08 01:11:11,621.66
11059,11059,Bank Transfer,2025-06-19 18:26:53,948.53
11060,11060,Credit Card,2025-06-07 11:52:43,548.4
11061,11061,Bank Transfer,2024-09-10 19:40:22,1781.34
11062,11062,Cash,2025-08-23 07:07:24,4367.66
11063,11063,Bank Transfer,2026-03-26 12:35:41,141.14
11064,11064,Bank Transfer,2026-06-26 11:32:38,2778.04
11065,11065,PayPal,2024-11-14 22:25:05,1176.27
11066,11066,Cash,2024-12-03 10:45:33,184.12
11067,11067,PayPal,2026-08-05 10:02:53,1699.08
11068,11068,Credit Card,2026-02-15 13:20:15,798.33
11069,11069,Credit Card,2024-10-19 09:51:11,385.27
11070,11070,PayPal,2025-10-15 04:22:34,3138.35
11071,11071,Cash,2025-08-12 02:28:41,1281.86
11072,11072,Cash,2025-05-22 22:07:21,736.87
11073,11073,Credit Card,2026-07-18 21:34:03,1305.34
11074,11074,Cash,2025-07-15 17:25:20,2796.67
11075,11075,PayPal,2025-04-06 22:20:29,1054.98
11076,11076,Credit Card,2025-07-25 20:10:46,1324.52
11077,11077,Bank Transfer,2026-04-18 09:22:52,2217.93
11078,11078,Bank Transfer,2024-09-02 23:17:12,1160.1
11079,11079,Bank Transfer,2026-04-06 16:32:20,2251.74
11080,11080,Credit Card,2026-05-20 06:06:24,681.18
11081,11081,Credit Card,2026-06-14 12:19:09,4477.35
11082,11082,PayPal,2025-08-01 12:49:32,2545.83
11083,11083,Credit Card,2026-06-09 20:53:43,1321.5
11084,11084,Cash,2025-04-23 04:16:01,3649.34
11085,11085,Cash,2025-08-22 00:55:26,2678.16
11086,11086,Bank Transfer,2025-10-03 06:38:41,1601.44
11087,11087,Credit Card,2025-04-14 05:51:18,1611.0
11088,11088,PayPal,2024-11-08 03:09:29,805.23
11089,11089,Bank Transfer,2026-06-24 20:22:54,272.72
11090,11090,Bank Transfer,2025-11-10 10:02:12,156.07
11091,11091,Cash,2025-10-03 12:15:20,1091.03
11092,11092,Credit Card,2026-05-03 16:55:30,1075.68
11093,11093,Bank Transfer,2026-01-27 20:20:50,504.8
11094,11094,Bank Transfer,2025-12-03 15:43:06,2015.71
11095,11095,Bank Transfer,2024-10-24 01:18:51,1790.68
11096,11096,Bank Transfer,2026-07-07 02:14:11,211.56
11097,11097,Cash,2025-11-16 07:56:04,1483.53
11098,11098,Bank Transfer,2026-06-02 03:41:55,567.84
11099,11099,Credit Card,2025-10-25 02:12:19,411.24
11100,11100,Credit Card,2025-01-18 14:37:16,662.32
11101,11101,Cash,2025-05-16 19:06:29,2134.86
11102,11102,Cash,2025-09-07 16:33:34,893.26
11103,11103,Credit Card,2025-10-15 08:08:56,2861.08
11104,11104,PayPal,2024-11-14 06:14:23,2977.57
11105,11105,Bank Transfer,2026-01-18 01:06:40,1489.02
11106,11106,Cash,2025-10-24 03:04:09,2301.43
11107,11107,PayPal,2025-03-10 01:30:58,486.11
11108,11108,PayPal,2024-09-12 20:17:58,2049.4
11109,11109,Credit Card,2024-08-26 19:45:17,3796.6
11110,11110,Cash,2025-07-11 18:10:41,1766.79
11111,11111,PayPal,2026-01-22 03:20:58,1075.92
11112,11112,PayPal,2025-09-06 04:36:31,1321.89
11113,11113,Cash,2025-04-04 01:41:40,2012.66
11114,11114,PayPal,2026-06-06 12:59:30,1722.24
11115,11115,PayPal,2025-01-28 11:23:13,1357.27
11116,11116,PayPal,2026-03-19 16:28:50,4908.98
11117,11117,Credit Card,2024-11-08 09:14:31,584.28
11118,11118,PayPal,2025-11-19 12:11:50,482.87
11119,11119,Bank Transfer,2025-08-16 11:40:56,2259.07
11120,11120,Cash,2026-01-24 13:09:33,4486.95
11121,11121,PayPal,2026-03-07 18:27:16,1500.43
11122,11122,Credit Card,2026-06-20 00:50:13,834.84
11123,11123,PayPal,2025-07-04 13:30:55,3280.92
11124,11124,PayPal,2025-12-24 06:45:34,1713.53
11125,11125,PayPal,2025-05-29 12:35:23,639.56
11126,11126,Bank Transfer,2024-09-27 05:01:03,2334.53
11127,11127,Bank Transfer,2024-08-30 02:54:11,2529.72
11128,11128,Bank Transfer,2025-02-15 14:23:27,4421.6
11129,11129,Bank Transfer,2026-03-05 14:05:33,1217.01
11130,11130,Credit Card,2025-09-05 11:28:58,1938.94
11131,11131,PayPal,2025-07-16 11:31:58,852.68
11132,11132,Cash,2025-11-06 18:04:37,3408.11
11133,11133,Credit Card,2025-01-09 03:35:45,2623.13
11134,11134,Bank Transfer,2025-04-07 19:42:01,39.64
11135,11135,Credit Card,2026-06-07 15:03:58,414.28
11136,11136,Bank Transfer,2025-08-26 11:49:27,868.42
11137,11137,Cash,2025-11-08 06:35:15,1661.17
11138,11138,Bank Transfer,2026-07-17 18:08:34,156.2
11139,11139,Cash,2025-04-02 17:37:01,1790.07
11140,11140,Credit Card,2026-03-12 01:53:43,1883.13
11141,11141,Credit Card,2024-08-06 18:07:56,1784.59
11142,11142,Bank Transfer,2026-01-02 10:32:26,851.08
11143,11143,Cash,2025-08-21 16:07:54,2823.36
11144,11144,Bank Transfer,2024-11-03 05:37:52,1168.18
11145,11145,Bank Transfer,2024-09-19 08:12:52,2204.42
11146,11146,Credit Card,2025-04-11 01:14:46,457.23
11147,11147,Bank Transfer,2025-08-07 03:35:45,3054.27
11148,11148,PayPal,2025-06-04 21:36:05,160.86
11149,11149,Bank Transfer,2026-07-31 23:46:29,434.84
11150,11150,Credit Card,2025-06-27 23:25:37,2362.68
11151,11151,Bank Transfer,2025-03-05 03:06:58,588.01
11152,11152,Cash,2025-07-24 08:42:36,1772.47
11153,11153,Cash,2025-12-20 14:45:58,2819.2
11154,11154,Cash,2025-12-10 08:03:49,2225.28
11155,11155,Bank Transfer,2026-01-07 01:19:54,682.36
11156,11156,Cash,2026-04-03 18:29:51,1485.96
11157,11157,Credit Card,2026-02-12 16:45:42,1056.36
11158,11158,Bank Transfer,2024-10-27 15:03:12,2335.23
11159,11159,PayPal,2026-05-26 09:14:09,448.14
11160,11160,Credit Card,2025-05-26 08:41:58,3238.91
11161,11161,Cash,2026-05-11 13:31:44,1963.46
11162,11162,Credit Card,2026-06-29 06:13:02,3942.71
11163,11163,PayPal,2024-11-27 23:26:30,849.16
11164,11164,Credit Card,2025-03-31 01:13:42,821.55
11165,11165,Credit Card,2025-02-23 00:42:54,3051.54
11166,11166,Cash,2025-04-04 00:50:26,2966.42
11167,11167,Credit Card,2024-10-11 01:57:39,2533.92
11168,11168,Cash,2025-12-03 09:39:48,1484.91
11169,11169,Credit Card,2025-07-15 21:24:44,1205.76
11170,11170,PayPal,2026-06-12 20:26:03,633.64
11171,11171,Bank Transfer,2025-12-20 05:27:50,375.34
11172,11172,PayPal,2026-05-18 15:58:03,2493.04
11173,11173,Credit Card,2026-01-09 17:01:53,1344.27
11174,11174,Credit Card,2025-12-13 19:31:33,1339.89
11175,11175,PayPal,2026-06-08 19:54:43,1805.59
11176,11176,Credit Card,2025-05-02 00:53:47,3362.73
11177,11177,PayPal,2025-02-08 17:16:24,733.7
11178,11178,PayPal,2025-08-15 05:33:43,760.35
11179,11179,Credit Card,2026-06-06 15:54:10,2829.2
11180,11180,Bank Transfer,2026-01-21 06:54:16,2836.5
11181,11181,PayPal,2025-01-29 07:24:38,1653.59
11182,11182,Credit Card,2025-09-30 04:12:20,2900.33
11183,11183,Credit Card,2025-06-08 04:08:54,2881.76
11184,11184,PayPal,2025-09-19 17:50:41,1767.4
11185,11185,Bank Transfer,2025-09-03 09:23:02,2098.13
11186,11186,Cash,2024-11-23 08:29:04,3817.19
11187,11187,Bank Transfer,2024-10-10 08:27:34,1098.63
11188,11188,Cash,2025-02-10 23:38:32,3468.66
11189,11189,Bank Transfer,2024-11-19 21:35:25,1448.38
11190,11190,PayPal,2025-12-10 16:40:32,931.89
11191,11191,PayPal,2026-06-14 20:11:55,647.58
11192,11192,Cash,2026-02-28 22:48:19,2882.12
11193,11193,Bank Transfer,2024-11-02 16:32:18,993.1
11194,11194,Credit Card,2025-11-19 07:59:59,416.13
11195,11195,Bank Transfer,2026-04-23 13:14:36,651.3
11196,11196,PayPal,2026-02-24 09:02:22,3033.3
11197,11197,Bank Transfer,2025-09-28 00:21:44,689.65
11198,11198,Bank Transfer,2024-09-11 05:41:59,459.18
11199,11199,Credit Card,2025-06-15 03:16:53,5374.85
11200,11200,Cash,2026-04-24 06:56:49,2303.72
11201,11201,PayPal,2025-04-12 19:43:31,827.41
11202,11202,Cash,2025-04-18 02:36:33,3151.39
11203,11203,Bank Transfer,2024-12-14 00:08:57,462.74
11204,11204,Credit Card,2025-07-28 09:58:24,2303.07
11205,11205,Bank Transfer,2025-04-04 01:37:04,2618.42
11206,11206,Cash,2026-03-17 11:01:04,3490.85
11207,11207,PayPal,2025-08-20 06:20:02,452.9
11208,11208,Cash,2026-05-29 16:49:53,3257.74
11209,11209,Bank Transfer,2026-04-23 08:19:03,1825.69
11210,11210,Cash,2024-09-11 21:47:24,3980.54
11211,11211,Credit Card,2026-07-01 02:06:40,3073.14
11212,11212,Cash,2024-12-17 08:15:45,2194.75
11213,11213,Credit Card,2025-04-29 08:44:51,1087.68
11214,11214,Bank Transfer,2025-02-26 02:06:51,2891.88
11215,11215,PayPal,2024-12-06 11:53:27,3514.12
11216,11216,Bank Transfer,2025-03-25 20:50:37,1873.89
11217,11217,Cash,2026-04-16 11:56:36,2670.58
11218,11218,PayPal,2025-10-25 04:41:24,1761.38
11219,11219,PayPal,2025-09-02 13:40:29,67.25
11220,11220,Credit Card,2025-08-17 01:46:21,3261.17
11221,11221,PayPal,2024-10-15 03:38:13,4086.73
11222,11222,PayPal,2026-06-29 12:28:55,780.91
11223,11223,PayPal,2026-03-06 02:36:22,2879.02
11224,11224,Bank Transfer,2025-10-27 14:39:52,3111.07
11225,11225,Bank Transfer,2026-01-13 12:18:49,2346.88
11226,11226,Bank Transfer,2026-02-01 21:56:04,2937.25
11227,11227,PayPal,2025-12-26 00:42:13,1884.3
11228,11228,Credit Card,2024-08-13 19:09:25,2991.69
11229,11229,Credit Card,2024-11-24 21:01:19,2037.62
11230,11230,Credit Card,2026-03-28 00:35:52,1187.61
11231,11231,PayPal,2025-09-17 09:04:51,2533.78
11232,11232,Credit Card,2026-01-10 05:23:37,2534.28
11233,11233,PayPal,2025-07-14 08:54:22,399.12
11234,11234,PayPal,2025-01-24 15:10:08,894.43
11235,11235,Bank Transfer,2025-09-02 22:58:25,2112.87
11236,11236,PayPal,2026-02-13 19:40:45,700.6
11237,11237,PayPal,2026-05-06 11:15:41,1319.0
11238,11238,Cash,2024-11-19 06:57:57,1808.27
11239,11239,Bank Transfer,2026-01-20 08:10:16,1872.25
11240,11240,PayPal,2025-07-07 18:11:01,635.94
11241,11241,Cash,2026-02-01 10:23:51,534.38
11242,11242,Bank Transfer,2025-08-10 16:47:21,241.52
11243,11243,Cash,2025-08-05 12:25:46,3751.5
11244,11244,Bank Transfer,2025-04-14 03:18:15,1448.74
11245,11245,PayPal,2024-10-04 19:30:22,2718.52
11246,11246,Bank Transfer,2026-04-26 14:01:03,2515.66
11247,11247,Bank Transfer,2026-03-29 23:24:05,512.89
11248,11248,PayPal,2025-02-24 20:08:25,2395.62
11249,11249,Bank Transfer,2024-10-16 14:00:44,5089.14
11250,11250,Cash,2025-04-12 19:46:21,151.87
11251,11251,Credit Card,2025-02-22 12:49:16,1953.92
11252,11252,Bank Transfer,2026-06-05 04:00:12,2256.12
11253,11253,Credit Card,2024-09-18 02:23:14,4171.91
11254,11254,Credit Card,2026-07-07 10:46:36,997.44
11255,11255,Credit Card,2024-10-06 12:29:06,470.45
11256,11256,Cash,2025-08-22 18:28:46,1480.34
11257,11257,Cash,2025-11-21 19:34:25,5736.99
11258,11258,Bank Transfer,2026-07-19 18:34:42,1782.36
11259,11259,Bank Transfer,2025-02-07 09:58:24,4601.29
11260,11260,Cash,2025-02-20 03:19:37,1354.02
11261,11261,Credit Card,2025-06-07 04:02:33,1773.72
11262,11262,Cash,2024-11-28 18:07:42,2752.93
11263,11263,Credit Card,2026-07-16 13:02:18,1915.28
11264,11264,Cash,2025-12-02 00:50:08,2587.58
11265,11265,Bank Transfer,2024-08-17 22:19:07,2270.84
11266,11266,PayPal,2026-06-07 23:03:37,404.78
11267,11267,Cash,2025-11-04 10:21:58,3528.37
11268,11268,Cash,2025-01-02 10:26:55,2812.96
11269,11269,Cash,2025-05-08 13:28:03,1775.93
11270,11270,PayPal,2024-10-27 18:06:16,2136.83
11271,11271,Credit Card,2024-11-08 14:23:29,944.5
11272,11272,PayPal,2026-05-27 10:27:07,921.39
11273,11273,Credit Card,2025-06-21 18:43:35,4557.44
11274,11274,Credit Card,2024-11-19 13:19:05,1341.67
11275,11275,Cash,2025-12-31 16:10:10,944.21
11276,11276,Cash,2024-09-24 11:02:16,1068.22
11277,11277,Cash,2026-02-17 07:08:56,1483.66
11278,11278,Bank Transfer,2025-05-15 18:47:08,569.52
11279,11279,Bank Transfer,2024-10-12 09:30:18,240.46
11280,11280,PayPal,2024-11-21 18:26:47,284.0
11281,11281,PayPal,2025-02-27 01:22:04,191.6
11282,11282,Credit Card,2025-08-02 21:30:54,325.53
11283,11283,Credit Card,2026-07-18 23:52:52,3728.34
11284,11284,Bank Transfer,2025-03-17 04:51:55,2633.22
11285,11285,Cash,2024-10-11 04:19:34,2057.03
11286,11286,PayPal,2025-05-25 11:09:10,2818.98
11287,11287,Bank Transfer,2025-09-28 11:01:12,3461.95
11288,11288,Bank Transfer,2026-07-03 22:50:19,1462.52
11289,11289,Credit Card,2024-12-04 08:34:19,2501.84
11290,11290,PayPal,2026-01-22 06:02:10,139.56
11291,11291,Credit Card,2024-11-07 12:00:40,1569.26
11292,11292,Credit Card,2024-12-12 09:02:20,1774.34
11293,11293,PayPal,2025-03-27 02:59:20,5008.4
11294,11294,PayPal,2024-08-08 23:47:07,2725.5
11295,11295,Cash,2024-12-23 21:55:57,2501.64
11296,11296,Credit Card,2026-05-26 20:28:33,3215.49
11297,11297,PayPal,2024-12-08 02:34:02,1873.12
11298,11298,Credit Card,2026-02-27 06:36:20,3413.47
11299,11299,Credit Card,2026-08-06 08:36:42,2004.17
11300,11300,PayPal,2024-10-23 06:35:03,1621.32
11301,11301,Bank Transfer,2026-01-17 18:47:27,627.47
11302,11302,Bank Transfer,2025-02-27 05:52:53,209.34
11303,11303,Cash,2025-01-08 03:41:46,831.03
11304,11304,PayPal,2024-11-21 23:20:42,333.16
11305,11305,Cash,2025-06-16 23:55:12,479.51
11306,11306,Cash,2025-05-27 11:59:28,410.79
11307,11307,Credit Card,2024-10-14 00:37:47,999.56
11308,11308,PayPal,2025-05-05 05:51:58,1286.14
11309,11309,Cash,2025-07-16 02:26:02,2046.28
11310,11310,Cash,2025-03-13 13:41:05,3286.88
11311,11311,Cash,2026-01-27 04:16:20,601.86
11312,11312,PayPal,2026-06-29 19:42:00,416.13
11313,11313,PayPal,2025-01-10 19:06:32,1373.76
11314,11314,Credit Card,2026-04-14 00:11:51,3226.72
11315,11315,Credit Card,2025-02-10 18:46:17,3197.74
11316,11316,Cash,2025-05-28 10:34:26,814.26
11317,11317,Bank Transfer,2026-02-25 11:39:05,1280.76
11318,11318,Cash,2026-05-21 17:11:29,192.83
11319,11319,Bank Transfer,2025-06-26 22:51:59,1095.56
11320,11320,Credit Card,2026-07-22 04:28:11,2595.66
11321,11321,PayPal,2025-04-13 09:48:23,2645.5
11322,11322,PayPal,2024-11-21 08:42:29,3415.52
11323,11323,Bank Transfer,2026-04-04 19:11:50,128.08
11324,11324,Cash,2025-11-12 23:42:19,2900.74
11325,11325,PayPal,2024-12-23 16:21:12,537.8
11326,11326,Cash,2025-12-20 08:07:05,3452.18
11327,11327,Bank Transfer,2025-04-24 18:15:23,2113.04
11328,11328,PayPal,2025-08-19 02:04:42,1213.86
11329,11329,Bank Transfer,2026-02-26 11:10:37,658.88
11330,11330,PayPal,2026-03-07 20:50:12,2349.85
11331,11331,Cash,2024-08-27 18:57:10,1535.96
11332,11332,Bank Transfer,2025-03-27 03:55:37,2399.6
11333,11333,PayPal,2026-05-15 05:55:25,2981.48
11334,11334,PayPal,2026-01-24 15:15:12,3391.32
11335,11335,Bank Transfer,2025-07-01 04:26:21,900.66
11336,11336,Cash,2024-12-15 19:29:53,1791.74
11337,11337,Credit Card,2026-04-30 21:17:57,1284.05
11338,11338,PayPal,2025-04-25 18:45:36,1014.62
11339,11339,Cash,2024-11-30 12:45:43,2076.79
11340,11340,PayPal,2025-12-24 19:35:38,120.44
11341,11341,Credit Card,2025-10-07 12:30:22,95.8
11342,11342,Credit Card,2025-09-24 03:07:06,212.93
11343,11343,PayPal,2024-08-07 15:32:16,1187.05
11344,11344,Bank Transfer,2024-12-01 21:28:25,1802.21
11345,11345,Credit Card,2026-07-09 13:36:09,4137.26
11346,11346,Bank Transfer,2025-09-14 22:29:11,3931.66
11347,11347,Bank Transfer,2024-09-25 01:54:53,2357.17
11348,11348,Bank Transfer,2025-11-15 01:03:22,2182.76
11349,11349,Credit Card,2025-06-13 19:15:44,1339.04
11350,11350,PayPal,2025-01-25 08:40:10,1265.98
11351,11351,Cash,2026-06-29 18:39:20,417.3
11352,11352,Credit Card,2025-01-19 11:48:20,3136.34
11353,11353,Bank Transfer,2025-12-27 02:26:19,2996.39
11354,11354,Bank Transfer,2025-08-12 17:10:35,958.6
11355,11355,PayPal,2024-11-24 12:48:27,731.84
11356,11356,PayPal,2025-05-22 05:44:31,2068.52
11357,11357,Bank Transfer,2025-08-24 03:55:04,568.74
11358,11358,Bank Transfer,2025-05-22 17:26:05,1495.25
11359,11359,Bank Transfer,2025-09-13 15:34:54,1568.35
11360,11360,PayPal,2026-01-25 19:55:39,2963.81
11361,11361,Cash,2025-03-30 20:40:59,1128.9
11362,11362,Bank Transfer,2025-11-26 19:59:39,57.76
11363,11363,Bank Transfer,2025-10-21 15:58:36,350.11
11364,11364,Bank Transfer,2025-04-06 21:55:40,734.76
11365,11365,PayPal,2025-02-22 17:43:09,653.48
11366,11366,Cash,2025-05-13 10:23:12,721.41
11367,11367,Cash,2026-07-20 04:35:33,2922.8
11368,11368,Cash,2025-02-24 16:35:39,1827.44
11369,11369,Cash,2025-10-22 09:23:03,2990.52
11370,11370,Cash,2025-06-28 14:25:06,1896.24
11371,11371,Bank Transfer,2024-11-30 06:23:28,4376.97
11372,11372,Credit Card,2026-05-23 19:02:47,1218.74
11373,11373,Cash,2024-09-26 14:33:53,3338.19
11374,11374,Credit Card,2025-08-11 16:59:08,2408.36
11375,11375,Bank Transfer,2025-11-17 19:40:48,4056.27
11376,11376,Credit Card,2025-04-07 03:33:22,2067.78
11377,11377,PayPal,2025-11-30 04:15:18,2768.85
11378,11378,Bank Transfer,2025-04-11 05:09:36,1027.15
11379,11379,Bank Transfer,2026-04-25 14:33:21,1746.21
11380,11380,Credit Card,2025-07-10 12:35:56,471.5
11381,11381,Cash,2025-04-24 22:58:06,336.38
11382,11382,Bank Transfer,2025-11-22 23:40:39,1411.9
11383,11383,PayPal,2026-05-21 02:35:24,439.18
11384,11384,Cash,2026-05-24 01:49:34,2058.11
11385,11385,Bank Transfer,2025-11-25 21:36:45,318.6
11386,11386,PayPal,2024-09-27 21:52:00,2577.08
11387,11387,Bank Transfer,2026-01-28 00:36:39,1918.99
11388,11388,Cash,2025-11-24 16:03:19,872.37
11389,11389,Cash,2025-06-05 01:23:46,2080.16
11390,11390,Credit Card,2024-08-14 00:55:43,322.3
11391,11391,Cash,2025-06-22 05:21:59,721.34
11392,11392,Bank Transfer,2025-04-24 18:56:53,801.86
11393,11393,Cash,2025-07-25 01:01:00,1608.89
11394,11394,PayPal,2025-03-08 14:09:10,832.56
11395,11395,Bank Transfer,2024-10-21 15:00:48,325.53
11396,11396,Cash,2025-06-26 17:30:25,1119.24
11397,11397,Cash,2025-09-22 05:52:47,3878.87
11398,11398,Bank Transfer,2026-05-08 21:28:07,466.4
11399,11399,Credit Card,2025-09-16 10:50:42,1066.12
11400,11400,Cash,2026-03-24 08:10:18,326.69
11401,11401,Bank Transfer,2024-10-26 14:49:16,2695.26
11402,11402,Credit Card,2025-04-13 12:43:40,2617.54
11403,11403,Bank Transfer,2025-08-16 01:36:35,1662.7
11404,11404,Credit Card,2025-03-08 00:17:16,386.58
11405,11405,Cash,2026-07-01 02:10:57,2823.62
11406,11406,Credit Card,2024-10-26 09:39:59,5779.16
11407,11407,Credit Card,2025-01-08 17:03:35,1462.03
11408,11408,Credit Card,2026-05-01 03:25:54,1900.29
11409,11409,PayPal,2026-05-10 16:00:15,1223.73
11410,11410,PayPal,2025-10-08 05:45:05,841.46
11411,11411,Bank Transfer,2024-11-24 13:01:36,435.48
11412,11412,PayPal,2026-05-27 02:38:00,1444.81
11413,11413,PayPal,2026-03-13 01:54:25,2200.88
11414,11414,Cash,2024-08-13 15:04:28,2796.01
11415,11415,Credit Card,2024-08-22 14:05:47,3741.82
11416,11416,Bank Transfer,2025-05-12 17:24:21,24.93
11417,11417,Credit Card,2025-04-14 19:53:35,573.42
11418,11418,Cash,2026-04-27 18:17:16,541.18
11419,11419,Cash,2024-12-16 07:14:35,3461.54
11420,11420,Cash,2026-03-12 12:51:54,4151.9
11421,11421,PayPal,2026-02-02 05:33:21,454.39
11422,11422,Bank Transfer,2024-08-06 20:31:04,427.34
11423,11423,Credit Card,2024-10-15 08:22:46,607.48
11424,11424,Bank Transfer,2026-07-21 03:25:34,1447.67
11425,11425,Bank Transfer,2026-01-05 09:44:07,292.92
11426,11426,Bank Transfer,2026-05-20 14:01:48,1671.42
11427,11427,Credit Card,2025-01-14 03:22:48,1360.76
11428,11428,Cash,2026-03-12 19:14:14,3463.84
11429,11429,Cash,2025-12-24 19:40:29,2357.77
11430,11430,PayPal,2025-09-17 05:02:11,2803.16
11431,11431,Bank Transfer,2026-02-14 01:33:01,744.36
11432,11432,Credit Card,2026-06-01 15:14:12,4907.98
11433,11433,Cash,2026-02-27 05:15:53,2566.46
11434,11434,Bank Transfer,2025-11-21 10:30:35,292.34
11435,11435,Cash,2024-08-31 19:59:19,5187.85
11436,11436,PayPal,2024-08-16 19:37:27,2137.62
11437,11437,PayPal,2026-04-01 01:36:16,3737.93
11438,11438,PayPal,2024-10-17 07:01:31,549.53
11439,11439,Credit Card,2025-08-13 17:55:26,1917.15
11440,11440,Bank Transfer,2024-12-19 13:42:48,1387.04
11441,11441,Credit Card,2024-10-04 07:41:37,2220.11
11442,11442,PayPal,2026-02-08 22:36:42,1400.46
11443,11443,PayPal,2026-07-24 04:34:40,577.77
11444,11444,Credit Card,2025-07-20 15:55:28,1748.35
11445,11445,Cash,2024-09-21 10:57:30,403.69
11446,11446,PayPal,2024-11-01 01:03:58,2182.64
11447,11447,Cash,2025-07-05 23:48:08,1748.3
11448,11448,Bank Transfer,2025-05-30 00:29:35,721.92
11449,11449,Credit Card,2025-01-31 17:50:26,3607.95
11450,11450,Credit Card,2026-06-30 20:58:05,1352.28
11451,11451,Credit Card,2024-10-28 07:47:22,92.64
11452,11452,Cash,2024-12-23 00:18:57,2237.11
11453,11453,Bank Transfer,2025-05-03 14:09:50,933.05
11454,11454,PayPal,2025-02-27 19:08:42,1386.26
11455,11455,Credit Card,2024-09-10 23:20:23,1077.09
11456,11456,Cash,2026-04-11 14:17:15,2502.66
11457,11457,PayPal,2025-07-08 12:43:06,3716.06
11458,11458,PayPal,2026-06-05 09:13:10,2174.78
11459,11459,Cash,2025-08-05 17:27:32,125.44
11460,11460,Credit Card,2025-09-19 06:58:41,577.98
11461,11461,PayPal,2026-04-05 02:45:13,1779.46
11462,11462,Cash,2026-06-29 04:29:42,3755.72
11463,11463,Credit Card,2025-03-01 17:09:36,2447.38
11464,11464,Bank Transfer,2024-08-29 19:57:48,2049.38
11465,11465,Cash,2026-03-09 17:45:41,880.89
11466,11466,PayPal,2024-11-03 17:10:19,3166.78
11467,11467,Credit Card,2025-12-27 04:12:10,201.2
11468,11468,Credit Card,2025-10-03 12:51:39,598.62
11469,11469,Bank Transfer,2025-08-03 04:34:47,1313.94
11470,11470,PayPal,2024-08-10 03:19:32,998.46
11471,11471,Cash,2026-03-09 12:11:27,2008.77
11472,11472,Cash,2025-12-03 02:26:13,989.24
11473,11473,Bank Transfer,2024-08-28 06:17:21,468.91
11474,11474,Bank Transfer,2026-03-20 10:43:30,486.18
11475,11475,Credit Card,2026-01-22 10:23:39,3188.78
11476,11476,Cash,2025-08-24 22:14:24,2385.08
11477,11477,PayPal,2025-10-08 20:38:01,819.39
11478,11478,Bank Transfer,2025-04-19 00:40:01,2693.24
11479,11479,PayPal,2025-06-19 23:36:10,1719.16
11480,11480,Credit Card,2025-09-14 18:42:22,3775.79
11481,11481,Credit Card,2025-12-21 22:57:02,1426.07
11482,11482,Bank Transfer,2025-06-15 09:26:53,326.13
11483,11483,Cash,2026-07-29 05:52:59,1365.98
11484,11484,Bank Transfer,2026-05-23 14:53:25,2169.81
11485,11485,Cash,2024-11-24 00:06:06,3109.95
11486,11486,Credit Card,2024-09-10 06:26:51,292.4
11487,11487,Credit Card,2026-05-04 01:38:47,3181.99
11488,11488,Credit Card,2025-01-27 12:05:36,40.91
11489,11489,Credit Card,2025-08-30 21:27:39,3121.81
11490,11490,Bank Transfer,2024-10-12 07:31:10,2711.84
11491,11491,Credit Card,2025-05-19 11:07:50,1667.56
11492,11492,Cash,2025-04-15 10:11:33,10.02
11493,11493,Credit Card,2026-02-28 20:59:43,1439.72
11494,11494,Credit Card,2025-06-28 22:56:48,1732.0
11495,11495,Bank Transfer,2025-04-04 12:03:15,1405.92
11496,11496,Bank Transfer,2026-03-08 23:53:11,2555.28
11497,11497,Cash,2026-07-26 21:10:19,341.36
11498,11498,Cash,2025-08-01 03:13:24,3585.57
11499,11499,Credit Card,2025-01-12 19:42:36,733.26
11500,11500,Bank Transfer,2024-10-11 03:01:43,1825.45
11501,11501,Credit Card,2026-01-07 07:23:26,2721.78
11502,11502,Cash,2026-08-02 06:42:23,561.38
11503,11503,Bank Transfer,2024-10-15 01:20:37,1709.49
11504,11504,Bank Transfer,2025-06-08 02:26:24,1433.7
11505,11505,Cash,2025-03-09 17:20:34,1681.25
11506,11506,PayPal,2026-03-21 02:13:45,2521.35
11507,11507,Bank Transfer,2025-04-30 09:25:41,2316.66
11508,11508,Credit Card,2024-09-03 04:17:05,1847.73
11509,11509,Cash,2025-12-17 03:16:56,1732.81
11510,11510,Bank Transfer,2026-05-30 00:02:39,1096.97
11511,11511,Cash,2025-11-14 08:24:18,3080.88
11512,11512,Credit Card,2024-12-21 10:00:02,2540.76
11513,11513,Bank Transfer,2025-08-18 02:03:05,1890.63
11514,11514,Cash,2026-04-22 05:41:06,1904.36
11515,11515,Cash,2025-08-06 16:30:32,290.69
11516,11516,PayPal,2026-06-27 23:06:00,3407.44
11517,11517,Bank Transfer,2025-08-10 12:57:07,2698.53
11518,11518,Bank Transfer,2025-04-05 13:10:59,213.85
11519,11519,PayPal,2024-08-23 03:15:35,204.1
11520,11520,Cash,2026-03-26 10:17:10,1436.27
11521,11521,Bank Transfer,2024-12-02 06:01:24,2216.93
11522,11522,Credit Card,2025-01-03 19:04:08,2611.16
11523,11523,Cash,2024-12-17 16:14:09,856.32
11524,11524,Bank Transfer,2024-09-20 01:08:35,568.9
11525,11525,PayPal,2025-06-05 22:42:12,1915.28
11526,11526,Bank Transfer,2025-05-08 15:46:59,3150.09
11527,11527,Cash,2025-05-23 09:43:26,1315.43
11528,11528,Cash,2025-06-04 13:12:53,2623.05
11529,11529,PayPal,2025-02-24 14:05:02,809.71
11530,11530,Bank Transfer,2025-05-02 00:20:33,2471.05
11531,11531,Cash,2025-11-01 11:06:27,5021.0
11532,11532,PayPal,2024-09-21 11:31:50,1282.96
11533,11533,PayPal,2025-08-02 17:40:55,2394.62
11534,11534,Bank Transfer,2025-12-09 02:30:10,618.57
11535,11535,PayPal,2024-10-04 18:44:28,1222.69
11536,11536,Cash,2025-08-12 02:28:40,1337.25
11537,11537,Cash,2026-02-20 14:44:01,3576.31
11538,11538,PayPal,2025-08-19 06:09:48,1258.27
11539,11539,Bank Transfer,2024-09-17 13:07:44,963.19
11540,11540,Bank Transfer,2025-10-18 21:40:17,581.58
11541,11541,Cash,2025-07-03 09:32:08,1715.5
11542,11542,Bank Transfer,2024-10-13 21:04:45,274.16
11543,11543,PayPal,2026-07-14 03:05:46,3187.56
11544,11544,Credit Card,2024-08-07 00:21:04,181.34
11545,11545,Bank Transfer,2026-04-13 11:41:08,805.35
11546,11546,PayPal,2024-11-13 14:23:25,3559.65
11547,11547,Bank Transfer,2025-10-11 02:11:28,1734.78
11548,11548,Cash,2026-04-07 16:28:20,1041.66
11549,11549,PayPal,2024-08-16 18:26:33,4208.54
11550,11550,Bank Transfer,2025-04-25 00:01:34,35.76
11551,11551,Cash,2025-07-02 11:25:51,557.98
11552,11552,Cash,2026-07-20 21:44:46,2692.86
11553,11553,Bank Transfer,2026-04-24 22:56:01,1187.82
11554,11554,Bank Transfer,2024-09-10 06:20:18,1019.54
11555,11555,Credit Card,2025-03-10 23:09:52,1899.74
11556,11556,Cash,2026-03-24 20:14:35,781.58
11557,11557,Cash,2026-01-22 18:38:35,1348.05
11558,11558,Bank Transfer,2025-10-24 11:11:44,3828.93
11559,11559,Credit Card,2024-11-08 11:36:32,1400.44
11560,11560,PayPal,2026-03-11 14:17:24,2133.56
11561,11561,Cash,2025-02-21 13:48:30,1359.42
11562,11562,Bank Transfer,2024-11-14 18:04:49,83.04
11563,11563,Credit Card,2026-04-09 16:07:48,1732.41
11564,11564,Bank Transfer,2025-07-24 08:53:17,3368.29
11565,11565,Credit Card,2025-08-24 12:33:01,576.82
11566,11566,Cash,2025-03-27 08:08:49,3524.33
11567,11567,Cash,2025-12-15 11:28:42,1538.32
11568,11568,Cash,2026-05-23 20:40:58,850.92
11569,11569,Credit Card,2025-01-06 14:45:11,1184.03
11570,11570,Cash,2024-09-20 06:43:21,2325.36
11571,11571,Cash,2024-09-10 04:14:20,3332.69
11572,11572,PayPal,2026-01-05 10:28:57,3220.12
11573,11573,Bank Transfer,2026-05-02 02:02:46,934.67
11574,11574,Bank Transfer,2026-02-21 21:59:31,2085.81
11575,11575,PayPal,2026-07-16 18:58:55,1024.58
11576,11576,Bank Transfer,2025-07-19 02:52:12,1635.04
11577,11577,Bank Transfer,2024-09-16 07:24:25,1150.0
11578,11578,Cash,2025-08-08 19:12:23,1227.63
11579,11579,Bank Transfer,2024-08-31 06:42:28,1385.23
11580,11580,Credit Card,2026-02-16 17:35:07,1324.2
11581,11581,Cash,2024-10-20 14:25:02,2682.15
11582,11582,PayPal,2026-03-03 09:35:14,957.87
11583,11583,Cash,2024-10-11 15:13:58,2526.63
11584,11584,Cash,2024-12-21 23:52:27,2520.19
11585,11585,PayPal,2024-12-04 23:18:06,3912.26
11586,11586,Bank Transfer,2025-11-04 07:30:37,1276.86
11587,11587,Credit Card,2025-07-18 20:51:47,505.32
11588,11588,PayPal,2024-09-09 21:23:03,3097.55
11589,11589,Credit Card,2024-10-13 08:52:36,2053.58
11590,11590,Bank Transfer,2025-08-22 10:42:53,3241.91
11591,11591,Bank Transfer,2026-04-05 13:25:52,1954.05
11592,11592,Bank Transfer,2025-07-02 11:13:25,2978.36
11593,11593,Bank Transfer,2025-04-23 14:10:54,2176.23
11594,11594,PayPal,2025-06-08 03:11:46,1276.23
11595,11595,PayPal,2024-11-30 08:30:32,733.72
11596,11596,Bank Transfer,2026-04-26 03:10:55,1020.39
11597,11597,Credit Card,2026-04-19 06:07:05,2687.23
11598,11598,PayPal,2025-05-27 16:27:00,624.62
11599,11599,PayPal,2025-07-12 06:04:03,1777.29
11600,11600,Credit Card,2025-12-24 13:33:59,605.4
11601,11601,Cash,2026-05-31 00:41:04,2302.95
11602,11602,Credit Card,2025-10-30 09:27:28,68.18
11603,11603,Credit Card,2024-09-29 19:35:52,2514.03
11604,11604,PayPal,2026-02-09 10:39:47,1219.99
11605,11605,Bank Transfer,2025-09-29 19:38:38,2193.58
11606,11606,PayPal,2026-06-20 02:21:04,975.86
11607,11607,Credit Card,2025-07-18 16:48:27,529.51
11608,11608,Bank Transfer,2024-09-23 21:25:51,563.01
11609,11609,Bank Transfer,2025-10-27 07:08:28,798.11
11610,11610,Bank Transfer,2024-12-03 15:42:18,2543.57
11611,11611,PayPal,2025-08-12 09:55:02,1499.08
11612,11612,PayPal,2024-11-24 14:46:57,854.68
11613,11613,Cash,2025-05-26 03:11:14,58.56
11614,11614,PayPal,2026-01-25 07:09:47,134.14
11615,11615,Cash,2024-12-15 14:32:50,1637.33
11616,11616,PayPal,2025-05-02 20:37:31,1540.25
11617,11617,Cash,2026-01-30 21:46:10,2244.2
11618,11618,Credit Card,2025-07-25 09:44:34,1207.92
11619,11619,PayPal,2025-08-14 00:25:02,2209.82
11620,11620,Cash,2025-12-21 20:37:55,582.18
11621,11621,Credit Card,2024-10-01 12:03:46,1614.9
11622,11622,PayPal,2025-07-22 23:17:21,2028.0
11623,11623,PayPal,2025-09-05 15:32:25,493.73
11624,11624,Credit Card,2025-02-22 07:24:22,311.27
11625,11625,Credit Card,2025-10-11 13:37:30,4041.73
11626,11626,Cash,2026-04-02 01:44:41,2385.18
11627,11627,Bank Transfer,2025-01-11 04:36:11,2157.15
11628,11628,PayPal,2025-07-04 13:49:24,1399.59
11629,11629,Cash,2025-12-25 11:19:44,299.96
11630,11630,Cash,2024-10-14 18:23:02,2129.86
11631,11631,Cash,2025-11-09 09:52:04,2936.05
11632,11632,Bank Transfer,2025-03-18 12:19:10,1188.19
11633,11633,Credit Card,2025-08-21 03:15:06,2514.52
11634,11634,Bank Transfer,2025-03-15 06:16:20,1514.79
11635,11635,PayPal,2024-09-03 00:29:47,468.64
11636,11636,Credit Card,2025-10-31 06:18:21,152.07
11637,11637,Cash,2024-10-11 12:45:28,1588.17
11638,11638,Bank Transfer,2026-02-21 07:36:22,497.73
11639,11639,Cash,2025-03-11 17:07:55,1621.72
11640,11640,Cash,2025-05-21 01:55:14,1640.61
11641,11641,Cash,2026-06-16 15:55:55,385.18
11642,11642,PayPal,2026-05-06 23:16:22,3363.47
11643,11643,Credit Card,2024-10-11 16:25:10,879.7
11644,11644,Credit Card,2025-01-05 12:53:17,3190.03
11645,11645,Credit Card,2025-04-28 04:42:11,4082.53
11646,11646,PayPal,2025-07-31 07:07:44,819.72
11647,11647,PayPal,2026-04-28 09:01:16,1976.71
11648,11648,Cash,2026-01-24 03:23:03,527.71
11649,11649,Cash,2025-06-26 17:02:12,1688.84
11650,11650,Cash,2026-07-08 05:10:06,1295.37
11651,11651,Credit Card,2025-10-18 12:48:22,358.94
11652,11652,PayPal,2024-10-08 02:19:14,256.72
11653,11653,Cash,2025-02-25 13:48:29,743.64
11654,11654,PayPal,2026-05-03 11:08:06,3371.0
11655,11655,Credit Card,2026-05-17 10:39:20,2398.86
11656,11656,Credit Card,2025-11-20 20:17:54,2154.81
11657,11657,PayPal,2025-07-10 04:30:49,2783.08
11658,11658,PayPal,2026-01-12 02:53:50,1652.56
11659,11659,PayPal,2026-01-22 09:47:24,1374.54
11660,11660,Credit Card,2024-12-21 04:03:00,4155.94
11661,11661,PayPal,2025-01-10 20:14:52,1334.44
11662,11662,PayPal,2025-12-05 03:19:38,653.64
11663,11663,Bank Transfer,2025-08-07 17:50:23,3353.94
11664,11664,Credit Card,2025-05-02 20:52:52,4668.9
11665,11665,PayPal,2024-08-31 14:25:21,371.18
11666,11666,Credit Card,2026-04-05 09:41:00,1680.22
11667,11667,Cash,2026-01-08 18:46:09,960.46
11668,11668,Credit Card,2025-10-22 03:24:06,1202.79
11669,11669,PayPal,2026-06-21 06:35:36,446.63
11670,11670,Cash,2026-05-18 03:37:02,57.76
11671,11671,PayPal,2025-02-04 03:00:28,365.63
11672,11672,Bank Transfer,2025-07-18 12:18:54,120.16
11673,11673,Bank Transfer,2026-02-06 16:11:40,2064.9
11674,11674,Cash,2025-09-07 18:34:19,310.71
11675,11675,Bank Transfer,2025-12-06 15:15:46,680.55
11676,11676,Credit Card,2026-03-11 08:15:50,175.53
11677,11677,Credit Card,2026-02-21 19:56:12,1521.11
11678,11678,PayPal,2025-05-18 04:27:32,1459.65
11679,11679,Bank Transfer,2026-03-30 07:11:33,3122.85
11680,11680,Cash,2025-03-09 05:09:00,3524.38
11681,11681,PayPal,2025-08-13 09:26:56,4414.45
11682,11682,Cash,2024-08-13 13:17:10,2151.96
11683,11683,Bank Transfer,2026-06-19 17:45:39,1842.79
11684,11684,Bank Transfer,2024-09-10 16:15:21,814.26
11685,11685,Cash,2024-10-09 15:32:10,1363.59
11686,11686,Credit Card,2025-03-15 05:05:08,1946.12
11687,11687,Credit Card,2025-01-29 21:42:56,4393.48
11688,11688,PayPal,2025-08-15 19:42:38,277.92
11689,11689,Bank Transfer,2026-07-22 00:27:27,2069.4
11690,11690,Cash,2025-02-26 13:25:27,1130.09
11691,11691,Bank Transfer,2025-08-23 02:47:07,411.24
11692,11692,Bank Transfer,2026-03-24 17:31:59,1227.81
11693,11693,PayPal,2026-05-11 08:34:08,2370.33
11694,11694,PayPal,2025-12-11 06:58:21,1591.99
11695,11695,PayPal,2024-11-24 23:08:59,2802.66
11696,11696,PayPal,2024-11-26 03:44:16,1709.65
11697,11697,PayPal,2026-01-06 23:36:50,1425.93
11698,11698,Bank Transfer,2024-11-20 14:51:43,568.84
11699,11699,Cash,2025-02-07 00:46:13,2612.41
11700,11700,PayPal,2026-04-25 22:22:14,2171.27
11701,11701,Credit Card,2026-03-10 14:35:20,1652.69
11702,11702,Cash,2025-07-21 15:59:14,73.4
11703,11703,PayPal,2026-03-26 11:56:14,852.48
11704,11704,Cash,2024-08-25 14:31:41,1418.85
11705,11705,Cash,2025-06-20 04:56:37,2523.69
11706,11706,PayPal,2026-06-29 09:36:47,2250.75
11707,11707,Credit Card,2025-01-23 20:38:29,2825.24
11708,11708,Bank Transfer,2025-01-03 23:22:31,1294.8
11709,11709,Bank Transfer,2025-09-09 17:17:30,2017.2
11710,11710,PayPal,2025-01-18 18:36:48,2598.08
11711,11711,Cash,2025-04-25 01:26:27,2045.96
11712,11712,Credit Card,2025-08-24 05:00:17,727.66
11713,11713,Bank Transfer,2025-04-03 23:46:21,877.95
11714,11714,PayPal,2026-06-23 14:49:48,227.16
11715,11715,Bank Transfer,2025-02-16 18:14:35,3740.46
11716,11716,PayPal,2024-11-27 05:39:53,2784.62
11717,11717,Credit Card,2025-07-17 00:07:30,1505.82
11718,11718,Credit Card,2025-09-16 18:32:12,3511.06
11719,11719,Credit Card,2024-12-25 14:09:34,563.01
11720,11720,Bank Transfer,2025-05-06 15:02:57,1297.97
11721,11721,PayPal,2024-12-20 05:54:53,1081.83
11722,11722,Bank Transfer,2025-02-16 14:18:46,378.88
11723,11723,Credit Card,2026-03-03 10:52:11,798.87
11724,11724,Bank Transfer,2024-09-23 06:18:08,2449.23
11725,11725,Cash,2025-02-13 16:12:07,677.87
11726,11726,Cash,2026-05-10 00:32:25,131.09
11727,11727,Cash,2024-11-02 14:36:13,3741.88
11728,11728,Credit Card,2024-10-29 01:56:17,2178.32
11729,11729,Bank Transfer,2025-09-26 23:19:49,759.36
11730,11730,Credit Card,2025-05-29 05:04:00,2144.65
11731,11731,Credit Card,2025-09-06 17:13:34,437.98
11732,11732,Credit Card,2025-08-18 03:32:02,1860.65
11733,11733,PayPal,2025-03-22 21:51:30,1349.21
11734,11734,Cash,2025-06-18 20:43:18,1778.85
11735,11735,Bank Transfer,2025-02-25 13:47:36,3624.2
11736,11736,PayPal,2025-11-07 18:04:48,2095.84
11737,11737,Credit Card,2026-03-17 04:03:14,3707.37
11738,11738,PayPal,2024-12-12 07:11:11,2827.51
11739,11739,Cash,2025-07-02 19:23:16,58.51
11740,11740,Bank Transfer,2025-08-06 05:36:20,1000.83
11741,11741,Cash,2026-01-12 22:16:50,2260.42
11742,11742,Credit Card,2025-09-07 06:01:04,1805.33
11743,11743,PayPal,2025-11-07 22:12:35,519.55
11744,11744,PayPal,2025-09-10 09:32:42,952.87
11745,11745,Bank Transfer,2025-12-27 05:53:16,1479.62
11746,11746,PayPal,2026-07-08 02:09:10,1647.72
11747,11747,Bank Transfer,2026-06-26 05:36:26,3519.85
11748,11748,Credit Card,2025-11-24 07:24:26,120.76
11749,11749,Credit Card,2025-11-09 21:18:36,1987.71
11750,11750,Cash,2024-12-15 17:56:00,512.32
11751,11751,Cash,2025-09-08 09:08:42,4175.19
11752,11752,Credit Card,2025-04-20 07:32:37,2915.99
11753,11753,PayPal,2026-05-15 07:17:31,570.27
11754,11754,PayPal,2024-08-30 13:41:11,1478.28
11755,11755,PayPal,2025-02-16 02:37:54,861.09
11756,11756,PayPal,2024-09-04 02:50:30,3602.07
11757,11757,Cash,2025-07-10 22:10:08,1847.62
11758,11758,Credit Card,2025-05-17 20:52:44,520.26
11759,11759,PayPal,2025-08-13 16:59:02,2145.74
11760,11760,PayPal,2026-01-07 21:11:39,963.16
11761,11761,Bank Transfer,2024-08-21 11:22:02,3727.61
11762,11762,PayPal,2025-10-07 13:34:12,3276.67
11763,11763,PayPal,2024-09-20 16:11:53,4906.08
11764,11764,PayPal,2026-07-02 04:09:19,1401.78
11765,11765,Cash,2024-11-17 22:37:55,231.04
11766,11766,PayPal,2025-12-20 18:47:33,2182.76
11767,11767,PayPal,2026-06-11 01:38:11,1451.16
11768,11768,Bank Transfer,2025-02-24 20:40:31,1218.26
11769,11769,Cash,2026-04-20 00:40:55,339.69
11770,11770,Bank Transfer,2024-11-20 21:17:24,2438.91
11771,11771,Credit Card,2024-09-03 18:52:36,1102.32
11772,11772,Cash,2026-05-23 19:36:09,2359.35
11773,11773,PayPal,2025-10-21 19:55:53,3309.84
11774,11774,Cash,2026-05-16 20:37:02,1796.26
11775,11775,Cash,2025-05-17 12:57:31,1970.42
11776,11776,PayPal,2025-03-30 23:29:24,414.72
11777,11777,Credit Card,2025-12-19 15:16:36,878.21
11778,11778,Bank Transfer,2024-12-16 06:55:34,402.4
11779,11779,Cash,2026-04-09 18:58:17,1749.34
11780,11780,Bank Transfer,2025-09-18 01:26:01,690.28
11781,11781,Bank Transfer,2026-08-01 17:01:05,1476.96
11782,11782,Credit Card,2024-10-05 19:26:31,58.51
11783,11783,PayPal,2025-07-09 13:31:37,1750.41
11784,11784,Bank Transfer,2026-05-28 18:08:54,266.83
11785,11785,Credit Card,2025-03-22 17:38:51,1835.24
11786,11786,Cash,2025-04-15 23:47:24,1069.16
11787,11787,Bank Transfer,2025-10-20 17:44:33,56.56
11788,11788,Credit Card,2026-05-07 08:59:16,811.11
11789,11789,Cash,2024-09-09 20:46:44,5396.37
11790,11790,Bank Transfer,2024-08-07 11:07:01,547.26
11791,11791,Credit Card,2024-09-29 18:54:10,4861.58
11792,11792,PayPal,2025-02-02 00:34:42,2948.51
11793,11793,Credit Card,2025-07-16 10:25:38,1068.76
11794,11794,Cash,2025-07-25 00:08:20,331.2
11795,11795,PayPal,2025-06-04 16:42:40,2867.08
11796,11796,Cash,2025-10-23 12:04:33,441.58
11797,11797,Credit Card,2025-02-05 02:05:19,823.2
11798,11798,Credit Card,2026-02-02 07:58:56,443.43
11799,11799,Credit Card,2025-07-28 08:12:42,698.39
11800,11800,PayPal,2025-06-17 12:40:24,1710.12
11801,11801,Cash,2025-12-10 00:47:05,459.91
11802,11802,PayPal,2025-08-12 20:46:22,2594.7
11803,11803,PayPal,2025-10-07 09:00:04,954.53
11804,11804,PayPal,2025-03-12 01:32:08,3234.61
11805,11805,PayPal,2025-04-22 17:46:34,161.16
11806,11806,Cash,2025-05-06 01:54:19,1052.0
11807,11807,Cash,2026-04-23 22:57:52,1066.2
11808,11808,PayPal,2024-09-05 17:48:48,1642.43
11809,11809,Cash,2024-08-07 23:27:46,997.36
11810,11810,Credit Card,2025-11-23 15:44:17,894.76
11811,11811,Cash,2026-05-05 06:06:46,3000.87
11812,11812,Bank Transfer,2025-03-05 06:32:52,3698.02
11813,11813,PayPal,2026-04-03 14:42:20,1087.6
11814,11814,Credit Card,2025-06-06 23:23:36,3961.48
11815,11815,Bank Transfer,2025-12-03 06:59:09,893.1
11816,11816,PayPal,2026-02-03 11:34:35,2760.44
11817,11817,Bank Transfer,2025-07-18 08:15:28,973.11
11818,11818,Bank Transfer,2026-08-03 21:44:00,2674.44
11819,11819,Credit Card,2025-05-26 18:35:40,769.8
11820,11820,PayPal,2026-06-19 05:20:40,1433.82
11821,11821,Bank Transfer,2024-11-22 16:33:35,1306.94
11822,11822,PayPal,2024-10-21 23:12:15,2922.24
11823,11823,PayPal,2026-01-21 13:14:57,2054.73
11824,11824,PayPal,2026-03-19 15:43:25,1482.02
11825,11825,Cash,2025-10-27 17:00:35,4245.19
11826,11826,Bank Transfer,2025-02-17 22:25:20,986.92
11827,11827,Cash,2025-07-04 00:15:11,756.48
11828,11828,Bank Transfer,2024-09-28 23:37:50,4870.21
11829,11829,Credit Card,2025-07-31 10:41:30,1467.32
11830,11830,Cash,2025-02-09 09:22:26,1071.64
11831,11831,PayPal,2025-08-11 19:04:10,80.43
11832,11832,Cash,2026-04-20 08:47:18,1664.13
11833,11833,Credit Card,2025-06-29 16:09:52,1281.59
11834,11834,PayPal,2024-09-06 14:55:21,2267.72
11835,11835,PayPal,2026-03-06 15:27:41,303.74
11836,11836,Bank Transfer,2025-11-04 09:58:20,1036.43
11837,11837,PayPal,2025-12-30 14:07:58,2043.22
11838,11838,Bank Transfer,2025-02-04 01:09:21,1943.21
11839,11839,Credit Card,2025-05-06 02:12:46,139.1
11840,11840,Cash,2025-08-19 01:50:04,452.18
11841,11841,Bank Transfer,2026-06-06 18:08:31,123.53
11842,11842,Credit Card,2024-09-21 21:11:16,517.61
11843,11843,PayPal,2025-10-09 09:21:34,762.38
11844,11844,Bank Transfer,2025-01-29 22:47:48,1175.53
11845,11845,Bank Transfer,2024-09-29 11:02:13,2439.18
11846,11846,PayPal,2025-05-10 08:27:03,2039.92
11847,11847,PayPal,2024-10-24 17:10:41,1598.23
11848,11848,Credit Card,2024-08-06 11:25:01,156.07
11849,11849,Credit Card,2026-01-11 22:46:44,3717.07
11850,11850,Credit Card,2025-06-26 12:47:11,4002.53
11851,11851,Cash,2025-11-20 00:54:08,1999.77
11852,11852,Cash,2025-03-20 22:45:21,2150.08
11853,11853,Cash,2025-11-07 20:46:39,1672.81
11854,11854,Credit Card,2025-05-19 05:04:17,1385.61
11855,11855,Cash,2026-02-04 12:25:39,671.16
11856,11856,PayPal,2026-03-25 09:57:24,3111.64
11857,11857,Credit Card,2026-06-14 17:23:39,1647.99
11858,11858,Cash,2024-10-27 03:48:28,2046.69
11859,11859,Bank Transfer,2025-10-05 09:44:28,1935.27
11860,11860,PayPal,2024-09-19 04:30:08,644.49
11861,11861,Credit Card,2025-11-25 15:54:07,3226.06
11862,11862,PayPal,2026-03-16 09:27:01,1468.75
11863,11863,Cash,2025-06-16 16:44:45,690.59
11864,11864,PayPal,2026-01-22 23:13:18,1697.65
11865,11865,Cash,2025-12-11 18:07:02,1510.56
11866,11866,Cash,2024-09-17 18:52:42,3660.57
11867,11867,PayPal,2025-08-09 16:52:44,671.91
11868,11868,Cash,2025-05-03 19:41:41,1870.43
11869,11869,Credit Card,2024-10-17 18:34:47,1432.8
11870,11870,PayPal,2024-12-22 14:23:09,653.22
11871,11871,PayPal,2025-04-17 12:07:16,1895.41
11872,11872,Bank Transfer,2026-01-28 12:23:00,2634.51
11873,11873,Cash,2024-08-14 16:29:49,4117.16
11874,11874,PayPal,2026-02-07 01:06:28,123.4
11875,11875,PayPal,2026-04-10 20:30:23,501.76
11876,11876,Bank Transfer,2025-05-29 12:32:28,2778.44
11877,11877,Credit Card,2025-11-19 06:25:28,333.42
11878,11878,Credit Card,2026-07-12 20:52:33,2232.34
11879,11879,Bank Transfer,2026-03-28 20:29:39,1009.82
11880,11880,PayPal,2025-06-25 14:21:12,1638.51
11881,11881,Credit Card,2025-07-18 02:32:07,3036.77
11882,11882,Credit Card,2025-03-11 02:29:23,873.57
11883,11883,Cash,2025-07-20 02:45:53,1095.19
11884,11884,PayPal,2026-03-30 04:41:20,1723.83
11885,11885,Cash,2025-06-29 14:16:03,365.63
11886,11886,PayPal,2025-08-21 07:29:37,2664.02
11887,11887,Cash,2025-10-28 20:32:31,578.49
11888,11888,Cash,2025-04-24 02:14:45,3339.95
11889,11889,Bank Transfer,2026-05-14 10:10:43,2769.44
11890,11890,Bank Transfer,2025-07-23 15:49:16,1211.64
11891,11891,Cash,2025-10-07 05:41:24,480.92
11892,11892,Credit Card,2024-10-07 11:41:52,19.37
11893,11893,PayPal,2025-07-21 20:09:51,1330.12
11894,11894,Bank Transfer,2025-11-04 02:22:03,1032.82
11895,11895,PayPal,2025-12-03 14:27:06,300.48
11896,11896,Cash,2024-12-03 21:38:20,2283.22
11897,11897,Credit Card,2026-06-18 07:44:08,524.83
11898,11898,Bank Transfer,2026-06-03 15:40:32,1874.0
11899,11899,Credit Card,2025-11-28 00:28:20,2088.65
11900,11900,Bank Transfer,2026-03-31 11:22:42,424.77
11901,11901,Bank Transfer,2025-05-06 02:40:57,1355.47
11902,11902,Credit Card,2025-02-24 19:00:30,2088.55
11903,11903,PayPal,2026-05-16 06:36:59,3469.14
11904,11904,PayPal,2025-10-23 08:49:32,4749.3
11905,11905,Bank Transfer,2024-12-27 16:21:35,1242.88
11906,11906,Credit Card,2024-10-19 13:09:03,2742.43
11907,11907,PayPal,2024-08-27 02:58:36,211.56
11908,11908,PayPal,2026-05-12 20:55:08,4368.52
11909,11909,Bank Transfer,2025-07-10 15:00:33,1848.08
11910,11910,Credit Card,2025-04-17 06:54:25,385.18
11911,11911,PayPal,2026-05-04 00:47:26,3749.07
11912,11912,PayPal,2026-03-02 21:49:57,1608.66
11913,11913,PayPal,2026-06-12 06:42:41,2054.85
11914,11914,Bank Transfer,2024-12-30 10:53:10,1450.68
11915,11915,Cash,2025-01-25 12:16:25,1905.84
11916,11916,Bank Transfer,2025-06-27 23:01:45,3727.19
11917,11917,Cash,2026-05-06 21:17:45,1497.8
11918,11918,Cash,2026-07-10 02:56:36,1498.4
11919,11919,Bank Transfer,2025-11-09 12:03:17,2162.68
11920,11920,PayPal,2025-07-12 20:17:03,1062.18
11921,11921,Bank Transfer,2025-12-16 10:20:55,1168.41
11922,11922,PayPal,2025-12-01 17:34:14,1967.3
11923,11923,Credit Card,2024-09-23 11:04:10,632.1
11924,11924,Cash,2026-01-16 14:28:26,2868.82
11925,11925,Cash,2026-03-13 14:18:07,1856.44
11926,11926,PayPal,2024-10-18 16:21:38,1926.23
11927,11927,PayPal,2024-12-04 19:50:44,256.44
11928,11928,Bank Transfer,2025-11-09 22:17:35,3399.28
11929,11929,Bank Transfer,2025-04-03 11:22:00,483.28
11930,11930,PayPal,2026-01-25 11:42:46,708.12
11931,11931,Cash,2025-01-27 02:34:55,1007.25
11932,11932,Credit Card,2025-07-24 21:10:43,2093.14
11933,11933,Credit Card,2024-08-08 22:22:31,2734.84
11934,11934,Cash,2026-07-15 21:45:40,2059.13
11935,11935,Cash,2025-08-10 11:54:21,2588.86
11936,11936,Cash,2025-07-14 00:58:53,2733.49
11937,11937,Cash,2026-07-28 01:45:28,1025.24
11938,11938,PayPal,2025-05-11 02:00:12,279.53
11939,11939,Bank Transfer,2024-09-03 17:58:51,1090.46
11940,11940,PayPal,2025-09-03 21:27:01,3624.39
11941,11941,Credit Card,2025-11-15 13:43:06,2246.86
11942,11942,Bank Transfer,2025-01-09 08:51:57,519.79
11943,11943,PayPal,2025-11-13 02:53:59,1187.4
11944,11944,Cash,2025-07-10 02:43:20,2277.2
11945,11945,Bank Transfer,2025-09-05 09:28:09,737.62
11946,11946,PayPal,2024-12-06 06:50:44,577.98
11947,11947,PayPal,2025-05-02 09:59:14,3161.96
11948,11948,Cash,2025-07-04 10:37:06,1815.4
11949,11949,Cash,2025-09-29 00:59:58,2208.85
11950,11950,Bank Transfer,2026-05-04 00:58:26,2938.19
11951,11951,PayPal,2025-10-22 22:19:58,1547.5
11952,11952,Cash,2025-10-10 12:56:59,1355.02
11953,11953,PayPal,2026-02-04 23:09:55,1906.05
11954,11954,Cash,2026-02-26 03:39:23,417.0
11955,11955,Cash,2026-05-08 03:53:13,1517.34
11956,11956,Bank Transfer,2025-03-22 23:41:35,866.0
11957,11957,Cash,2026-01-22 21:31:14,3830.56
11958,11958,Cash,2026-04-22 03:43:42,3306.58
11959,11959,Credit Card,2026-06-09 12:43:34,1445.45
11960,11960,Cash,2025-01-11 03:04:37,534.61
11961,11961,Credit Card,2025-08-04 14:03:14,1467.3
11962,11962,Credit Card,2025-10-06 06:02:12,1546.9
11963,11963,Credit Card,2024-12-01 10:11:51,333.58
11964,11964,Cash,2026-03-12 06:04:30,1036.89
11965,11965,Cash,2026-08-01 00:46:57,341.36
11966,11966,Credit Card,2025-02-15 18:11:51,1194.82
11967,11967,Credit Card,2026-02-21 18:56:52,441.88
11968,11968,Bank Transfer,2026-06-08 08:13:32,2847.7
11969,11969,Bank Transfer,2025-01-21 04:20:13,686.25
11970,11970,Cash,2026-07-25 14:42:25,1497.69
11971,11971,Cash,2024-11-05 08:09:15,1110.21
11972,11972,Credit Card,2026-01-24 11:47:33,2081.39
11973,11973,PayPal,2024-08-30 06:59:10,1984.83
11974,11974,PayPal,2026-04-26 19:49:25,1771.62
11975,11975,Credit Card,2024-09-20 18:39:05,4521.59
11976,11976,PayPal,2024-10-21 18:13:17,1920.48
11977,11977,PayPal,2025-01-09 19:48:27,105.78
11978,11978,PayPal,2025-07-01 21:26:50,1221.87
11979,11979,Cash,2025-12-07 14:28:11,134.5
11980,11980,Bank Transfer,2025-03-17 06:49:31,732.64
11981,11981,Credit Card,2025-10-03 15:02:38,305.3
11982,11982,Cash,2024-11-24 16:13:16,2757.66
11983,11983,Credit Card,2025-07-12 22:28:44,3299.73
11984,11984,Bank Transfer,2024-08-18 09:02:33,264.1
11985,11985,Bank Transfer,2026-01-18 08:34:57,3045.48
11986,11986,Credit Card,2024-09-12 16:27:13,2605.69
11987,11987,Credit Card,2024-08-06 08:40:29,1638.08
11988,11988,Credit Card,2025-11-01 09:31:02,482.02
11989,11989,PayPal,2025-08-22 02:21:26,2222.92
11990,11990,PayPal,2026-08-01 18:30:53,543.71
11991,11991,Cash,2026-08-05 15:32:40,1720.97
11992,11992,Cash,2025-06-24 20:47:52,1510.59
11993,11993,Bank Transfer,2025-03-20 04:08:28,838.59
11994,11994,Cash,2024-10-04 20:47:24,3083.99
11995,11995,Cash,2026-05-01 23:36:10,825.71
11996,11996,PayPal,2024-12-02 11:01:39,66.13
11997,11997,Credit Card,2025-09-17 20:27:58,260.1
11998,11998,Bank Transfer,2024-12-06 04:04:52,1346.01
11999,11999,Bank Transfer,2025-08-06 14:35:20,249.68
12000,12000,PayPal,2024-11-30 09:12:39,2798.91
12001,12001,Credit Card,2025-03-29 06:39:01,854.68
12002,12002,PayPal,2025-02-25 14:58:26,512.24
12003,12003,Cash,2026-06-05 21:24:23,3935.73
12004,12004,Cash,2025-01-14 18:07:58,1181.09
12005,12005,PayPal,2025-08-18 23:01:26,674.96
12006,12006,PayPal,2026-03-09 22:02:19,1938.83
12007,12007,Cash,2025-01-29 12:38:36,634.62
12008,12008,Credit Card,2024-11-25 19:06:16,756.73
12009,12009,Cash,2025-07-22 10:19:06,2451.14
12010,12010,Credit Card,2025-04-21 17:10:00,533.66
12011,12011,PayPal,2025-07-27 12:30:53,3058.36
12012,12012,Cash,2025-07-26 22:39:46,1199.38
12013,12013,Cash,2025-10-04 20:23:03,2372.22
12014,12014,Bank Transfer,2024-08-26 16:30:30,3399.01
12015,12015,Bank Transfer,2025-07-03 00:47:05,74.79
12016,12016,Credit Card,2025-12-10 23:56:07,1383.31
12017,12017,Bank Transfer,2024-09-06 11:03:24,1358.7
12018,12018,Credit Card,2025-05-27 21:17:46,1743.72
12019,12019,Credit Card,2025-07-10 15:43:16,2521.72
12020,12020,Bank Transfer,2025-11-18 02:44:46,469.4
12021,12021,PayPal,2025-04-14 10:49:50,413.88
12022,12022,PayPal,2024-11-03 23:05:25,1797.49
12023,12023,PayPal,2026-04-13 09:17:14,1170.1
12024,12024,Cash,2025-08-28 16:48:25,439.13
12025,12025,Bank Transfer,2025-09-22 01:11:09,2502.95
12026,12026,Cash,2025-03-27 12:37:13,2641.44
12027,12027,Cash,2024-08-06 15:38:31,701.01
12028,12028,PayPal,2026-07-09 12:49:51,2081.88
12029,12029,PayPal,2026-07-15 01:04:36,2726.2
12030,12030,Credit Card,2024-12-31 19:54:33,1585.21
12031,12031,Bank Transfer,2026-04-18 01:07:54,4062.96
12032,12032,Bank Transfer,2025-06-02 00:06:32,347.59
12033,12033,Bank Transfer,2026-07-06 08:23:15,1018.56
12034,12034,PayPal,2026-04-09 21:04:11,1750.71
12035,12035,PayPal,2026-06-11 06:41:01,1763.19
12036,12036,Cash,2024-09-26 08:20:24,603.84
12037,12037,Cash,2026-06-05 03:00:55,1110.74
12038,12038,Bank Transfer,2024-12-06 15:46:26,2975.17
12039,12039,Credit Card,2025-12-26 02:02:11,2520.43
12040,12040,Cash,2024-10-29 00:37:40,2653.27
12041,12041,PayPal,2024-10-30 18:00:48,1968.24
12042,12042,PayPal,2026-05-13 00:15:06,2439.31
12043,12043,Credit Card,2025-10-12 11:41:52,427.55
12044,12044,Credit Card,2025-06-21 05:20:34,2990.55
12045,12045,Cash,2026-03-12 03:30:26,2369.77
12046,12046,Bank Transfer,2024-10-10 02:59:07,3609.56
12047,12047,Cash,2025-08-15 18:31:03,1901.58
12048,12048,Cash,2025-10-29 20:00:31,1404.8
12049,12049,Credit Card,2025-11-03 11:51:53,1575.14
12050,12050,Credit Card,2025-10-29 01:38:12,1902.95
12051,12051,Credit Card,2026-02-07 09:36:19,2372.51
12052,12052,Cash,2024-11-28 13:34:55,4020.52
12053,12053,Bank Transfer,2024-12-01 09:16:44,4046.79
12054,12054,Credit Card,2025-06-09 02:14:44,2893.53
12055,12055,Cash,2026-06-09 05:54:27,1933.42
12056,12056,Cash,2024-10-31 10:08:41,3262.15
12057,12057,Credit Card,2026-06-18 03:56:48,1581.2
12058,12058,Cash,2025-08-18 17:33:04,256.16
12059,12059,Cash,2025-09-06 15:22:46,1106.57
12060,12060,Bank Transfer,2025-10-08 07:11:45,3197.73
12061,12061,Credit Card,2025-09-13 12:16:53,1704.0
12062,12062,Cash,2025-02-10 13:41:58,209.16
12063,12063,PayPal,2026-04-23 13:47:45,1871.85
12064,12064,PayPal,2024-10-26 02:15:09,3383.88
12065,12065,Bank Transfer,2024-11-18 13:51:52,1549.11
12066,12066,Cash,2024-11-12 09:31:04,2125.48
12067,12067,Credit Card,2025-03-12 06:49:43,467.08
12068,12068,Bank Transfer,2025-08-02 02:06:12,2834.8
12069,12069,Bank Transfer,2025-11-09 12:45:27,569.43
12070,12070,PayPal,2026-07-19 15:02:29,2794.52
12071,12071,Bank Transfer,2026-04-11 11:51:08,2692.92
12072,12072,PayPal,2025-05-04 11:35:52,2070.71
12073,12073,PayPal,2026-06-16 00:00:26,415.96
12074,12074,Credit Card,2026-05-08 11:42:32,863.44
12075,12075,Bank Transfer,2024-12-19 10:49:03,92.34
12076,12076,Bank Transfer,2025-04-12 03:40:13,446.55
12077,12077,PayPal,2024-09-01 01:34:00,1408.55
12078,12078,Credit Card,2025-06-24 07:30:54,3150.76
12079,12079,Cash,2026-07-27 10:05:14,3030.39
12080,12080,PayPal,2025-06-08 02:04:44,1757.74
12081,12081,Bank Transfer,2025-07-10 09:40:20,2944.65
12082,12082,Cash,2024-08-26 01:04:48,186.86
12083,12083,PayPal,2025-01-12 07:57:52,2381.28
12084,12084,Cash,2025-07-26 03:16:33,1690.78
12085,12085,Bank Transfer,2024-10-18 14:11:43,643.04
12086,12086,Bank Transfer,2025-12-29 02:43:46,843.85
12087,12087,PayPal,2025-08-13 01:31:33,1900.62
12088,12088,Bank Transfer,2026-05-07 20:03:03,700.22
12089,12089,Credit Card,2026-05-27 11:10:07,2674.94
12090,12090,Bank Transfer,2025-05-12 21:22:23,1954.78
12091,12091,PayPal,2026-07-06 14:19:51,292.39
12092,12092,PayPal,2026-06-21 14:57:46,379.68
12093,12093,PayPal,2026-07-18 23:17:43,1855.8
12094,12094,Credit Card,2025-12-05 23:12:26,2191.01
12095,12095,PayPal,2025-11-14 18:16:54,1565.28
12096,12096,Bank Transfer,2025-06-24 23:14:18,273.89
12097,12097,Cash,2025-10-05 22:04:52,2798.8
12098,12098,Bank Transfer,2025-05-31 17:25:03,3433.19
12099,12099,Bank Transfer,2026-05-03 17:48:50,760.29
12100,12100,Credit Card,2026-02-09 12:36:59,136.36
12101,12101,Bank Transfer,2025-04-09 04:14:57,3206.36
12102,12102,Credit Card,2025-08-15 16:00:40,2972.16
12103,12103,Cash,2025-11-23 20:57:49,2101.7
12104,12104,Credit Card,2026-02-08 21:52:22,2054.62
12105,12105,PayPal,2024-08-27 17:14:15,613.93
12106,12106,Bank Transfer,2024-09-20 19:26:28,2472.07
12107,12107,Credit Card,2025-02-17 05:01:30,2902.62
12108,12108,PayPal,2025-07-06 23:02:21,691.92
12109,12109,Credit Card,2025-08-12 23:21:31,2617.5
12110,12110,Bank Transfer,2025-08-21 05:03:58,2399.74
12111,12111,Cash,2025-08-12 02:14:34,1026.4
12112,12112,Bank Transfer,2025-12-03 00:45:50,2978.85
12113,12113,Bank Transfer,2025-11-24 14:44:07,10.56
12114,12114,Cash,2026-07-22 02:55:47,1631.59
12115,12115,Bank Transfer,2025-06-06 20:04:10,2653.88
12116,12116,PayPal,2026-05-14 01:13:16,51.23
12117,12117,PayPal,2026-02-26 11:55:23,1065.57
12118,12118,Bank Transfer,2025-10-17 02:52:04,1932.68
12119,12119,Cash,2025-07-19 16:41:26,373.41
12120,12120,Credit Card,2026-03-27 15:37:29,3600.15
12121,12121,Credit Card,2025-01-04 00:25:37,2034.88
12122,12122,Cash,2025-07-13 03:27:09,2740.7
12123,12123,Credit Card,2024-08-26 13:17:59,279.81
12124,12124,Credit Card,2025-04-15 02:47:44,851.07
12125,12125,PayPal,2026-02-05 09:31:09,1914.17
12126,12126,PayPal,2026-01-09 13:25:43,463.63
12127,12127,Bank Transfer,2026-04-07 08:32:06,711.39
12128,12128,PayPal,2024-09-30 05:35:41,1680.64
12129,12129,PayPal,2026-07-07 14:38:53,1895.55
12130,12130,Cash,2026-07-24 06:03:10,134.04
12131,12131,PayPal,2025-08-20 02:52:31,3614.85
12132,12132,Cash,2025-03-24 13:01:20,1121.63
12133,12133,Credit Card,2025-07-22 23:02:26,1599.01
12134,12134,PayPal,2026-01-10 06:10:34,1825.44
12135,12135,PayPal,2025-10-10 21:34:06,282.18
12136,12136,PayPal,2024-08-13 15:44:57,452.92
12137,12137,Cash,2024-10-16 09:41:35,1530.96
12138,12138,Bank Transfer,2025-03-12 20:28:32,3428.33
12139,12139,PayPal,2026-04-25 01:26:14,1747.05
12140,12140,Bank Transfer,2025-12-15 02:38:51,1248.39
12141,12141,PayPal,2025-01-23 13:40:18,2205.15
12142,12142,Credit Card,2026-01-13 04:42:36,844.42
12143,12143,PayPal,2025-05-04 02:46:11,180.66
12144,12144,Cash,2024-08-14 08:18:09,1812.44
12145,12145,Cash,2025-02-12 05:39:38,2083.05
12146,12146,PayPal,2025-01-30 05:55:25,2353.36
12147,12147,PayPal,2025-07-19 01:18:20,819.48
12148,12148,Cash,2026-07-24 03:24:01,2245.44
12149,12149,Credit Card,2024-12-30 05:16:08,933.51
12150,12150,PayPal,2024-11-27 11:55:42,2653.65
12151,12151,Cash,2025-04-09 05:55:10,3286.01
12152,12152,Cash,2025-01-20 21:06:16,1920.74
12153,12153,Cash,2026-01-20 20:28:43,1771.57
12154,12154,Cash,2025-03-01 19:04:37,445.87
12155,12155,PayPal,2025-08-08 20:54:10,1053.04
12156,12156,PayPal,2025-04-26 19:44:59,207.36
12157,12157,PayPal,2026-06-09 20:48:33,739.1
12158,12158,PayPal,2025-05-26 07:09:31,148.25
12159,12159,Bank Transfer,2026-04-24 00:44:54,2836.41
12160,12160,Bank Transfer,2025-11-28 02:25:33,282.28
12161,12161,PayPal,2024-11-03 01:29:26,2100.48
12162,12162,Credit Card,2025-01-05 22:22:26,244.87
12163,12163,Cash,2026-05-30 14:52:17,1467.54
12164,12164,Bank Transfer,2026-04-26 06:57:18,322.92
12165,12165,Credit Card,2025-01-12 07:37:47,553.74
12166,12166,Bank Transfer,2025-02-19 14:20:33,1556.67
12167,12167,PayPal,2025-09-19 13:21:39,783.32
12168,12168,Cash,2026-08-02 21:52:45,3866.6
12169,12169,Bank Transfer,2026-07-06 23:31:02,1563.93
12170,12170,Bank Transfer,2025-10-05 09:30:19,2133.46
12171,12171,PayPal,2026-02-15 21:19:37,496.55
12172,12172,PayPal,2025-10-17 07:12:22,3193.99
12173,12173,Cash,2024-11-25 00:26:07,1729.32
12174,12174,PayPal,2024-08-18 02:12:59,785.42
12175,12175,PayPal,2025-09-26 03:06:57,1499.08
12176,12176,Cash,2026-07-04 14:54:54,697.02
12177,12177,Bank Transfer,2026-06-19 03:35:46,2491.98
12178,12178,Cash,2026-08-05 07:17:29,891.48
12179,12179,Credit Card,2025-10-08 01:40:10,2715.65
12180,12180,Credit Card,2025-11-02 13:09:36,1111.15
12181,12181,Bank Transfer,2026-02-25 02:28:13,236.76
12182,12182,Cash,2025-02-09 10:06:42,120.42
12183,12183,Credit Card,2026-06-11 22:09:57,1630.79
12184,12184,Bank Transfer,2025-11-03 04:58:29,3329.72
12185,12185,Bank Transfer,2026-05-11 19:51:47,4422.54
12186,12186,Credit Card,2026-05-07 08:15:51,1683.75
12187,12187,PayPal,2025-05-28 19:17:06,3444.7
12188,12188,PayPal,2025-05-15 07:50:24,4645.1
12189,12189,PayPal,2026-07-27 17:17:40,2171.28
12190,12190,Credit Card,2024-08-11 18:32:23,5274.56
12191,12191,Credit Card,2025-04-10 06:38:12,1837.11
12192,12192,Credit Card,2025-09-28 06:06:29,2799.91
12193,12193,PayPal,2024-11-06 22:43:32,2936.9
12194,12194,Bank Transfer,2025-06-17 18:46:47,916.01
12195,12195,Cash,2026-03-26 23:05:33,1608.2
12196,12196,Bank Transfer,2026-06-24 23:29:04,2390.78
12197,12197,Cash,2025-09-30 09:20:56,410.83
12198,12198,Bank Transfer,2025-09-21 08:21:34,1527.47
12199,12199,PayPal,2025-06-14 23:34:16,828.6
12200,12200,Bank Transfer,2025-10-23 02:24:19,132.88
12201,12201,Cash,2025-12-15 05:48:05,4248.97
12202,12202,Cash,2025-12-04 12:58:40,1702.48
12203,12203,Credit Card,2026-01-20 15:16:14,564.56
12204,12204,Credit Card,2024-11-27 14:52:17,2122.18
12205,12205,Credit Card,2025-04-24 11:03:44,851.24
12206,12206,Credit Card,2026-08-01 16:37:45,2742.97
12207,12207,Bank Transfer,2026-02-19 09:11:53,2894.68
12208,12208,Credit Card,2025-12-09 03:29:24,3497.35
12209,12209,Bank Transfer,2026-05-22 07:12:13,1225.56
12210,12210,Bank Transfer,2025-06-17 15:05:37,2996.43
12211,12211,Credit Card,2026-02-22 11:32:10,3890.22
12212,12212,Bank Transfer,2025-01-30 06:30:36,1528.5
12213,12213,Cash,2025-01-17 00:27:52,819.48
12214,12214,Bank Transfer,2025-03-21 11:02:35,360.69
12215,12215,Bank Transfer,2024-09-10 09:46:09,2560.11
12216,12216,Credit Card,2024-12-31 02:41:57,1649.98
12217,12217,Cash,2025-11-02 04:49:48,58.51
12218,12218,Bank Transfer,2025-08-31 01:23:50,237.82
12219,12219,Cash,2025-08-01 00:06:45,136.74
12220,12220,Credit Card,2025-05-16 12:10:10,2765.24
12221,12221,Credit Card,2025-01-11 19:55:49,1913.43
12222,12222,PayPal,2025-07-14 18:45:23,976.37
12223,12223,Cash,2025-01-06 14:01:10,2116.23
12224,12224,PayPal,2025-06-18 13:55:03,468.64
12225,12225,Credit Card,2026-01-15 01:33:55,1009.68
12226,12226,Bank Transfer,2025-02-13 05:00:43,1810.77
12227,12227,Cash,2026-02-23 17:09:34,1473.49
12228,12228,Bank Transfer,2025-08-07 23:54:32,2723.1
12229,12229,PayPal,2026-01-15 14:49:22,902.74
12230,12230,Credit Card,2025-05-14 08:58:48,2727.41
12231,12231,PayPal,2026-06-26 08:33:05,81.82
12232,12232,Cash,2025-05-14 01:26:09,2749.96
12233,12233,Bank Transfer,2025-10-14 15:27:56,1799.08
12234,12234,Credit Card,2026-03-14 07:15:47,1442.75
12235,12235,PayPal,2026-03-15 01:53:07,720.74
12236,12236,PayPal,2025-05-09 05:28:22,4588.73
12237,12237,Credit Card,2025-01-02 05:39:08,1231.94
12238,12238,Cash,2025-09-09 15:29:01,2531.68
12239,12239,PayPal,2025-05-26 09:28:23,1001.89
12240,12240,Cash,2024-09-25 14:13:16,2854.16
12241,12241,Cash,2026-05-05 04:46:40,2995.65
12242,12242,Credit Card,2026-05-14 14:52:47,605.4
12243,12243,Cash,2024-09-29 01:59:04,4278.63
12244,12244,Credit Card,2024-11-01 18:12:51,616.08
12245,12245,PayPal,2025-07-07 00:29:54,1961.96
12246,12246,Bank Transfer,2025-01-27 11:51:57,339.92
12247,12247,Credit Card,2026-07-04 10:33:08,2133.54
12248,12248,PayPal,2024-08-20 08:17:27,502.68
12249,12249,Credit Card,2026-02-05 22:03:18,1673.26
12250,12250,PayPal,2026-06-13 03:16:09,1599.81
12251,12251,Credit Card,2025-03-15 04:45:59,1439.35
12252,12252,PayPal,2025-04-09 06:38:48,2426.67
12253,12253,Credit Card,2026-03-17 10:23:21,2548.58
12254,12254,Cash,2025-08-11 04:13:57,817.4
12255,12255,Bank Transfer,2025-02-01 20:30:24,1034.62
12256,12256,Credit Card,2026-01-23 08:33:02,1375.91
12257,12257,PayPal,2025-11-20 09:45:33,579.87
12258,12258,Credit Card,2025-01-25 13:28:57,667.22
12259,12259,Bank Transfer,2025-01-22 14:16:39,1470.01
12260,12260,Cash,2024-12-03 06:53:53,2198.67
12261,12261,Bank Transfer,2025-10-06 02:33:12,540.52
12262,12262,PayPal,2024-09-22 09:58:15,5197.24
12263,12263,PayPal,2026-06-06 21:57:39,520.26
12264,12264,PayPal,2024-11-15 23:07:47,2478.77
12265,12265,Credit Card,2026-02-04 14:31:54,214.76
12266,12266,Bank Transfer,2024-11-04 16:01:36,1984.68
12267,12267,Cash,2025-12-04 00:12:38,1900.97
12268,12268,Cash,2025-02-06 00:10:04,1441.48
12269,12269,Credit Card,2026-06-22 16:18:49,723.8
12270,12270,Bank Transfer,2026-02-19 23:38:24,1617.7
12271,12271,Bank Transfer,2024-11-23 08:30:44,1018.51
12272,12272,Cash,2024-08-22 01:14:45,868.81
12273,12273,Credit Card,2026-06-06 16:44:51,4167.98
12274,12274,Bank Transfer,2024-08-28 15:54:11,1448.78
12275,12275,Credit Card,2024-12-20 02:38:47,1307.28
12276,12276,Cash,2025-03-13 10:57:26,1212.54
12277,12277,PayPal,2025-07-23 21:07:39,651.06
12278,12278,Credit Card,2026-07-05 19:25:02,2846.36
12279,12279,Credit Card,2026-03-10 15:30:13,175.53
12280,12280,Cash,2025-12-03 05:18:44,2264.07
12281,12281,Credit Card,2024-10-29 00:00:58,1542.53
12282,12282,PayPal,2024-12-25 20:31:06,2189.02
12283,12283,PayPal,2026-08-04 22:00:52,1357.75
12284,12284,Bank Transfer,2025-01-25 05:49:07,1305.62
12285,12285,Credit Card,2025-03-21 18:19:35,2894.37
12286,12286,Credit Card,2025-12-28 20:38:24,656.72
12287,12287,Credit Card,2025-07-05 03:10:32,1195.17
12288,12288,PayPal,2025-06-28 19:48:38,4827.44
12289,12289,Cash,2025-09-24 20:18:12,1521.2
12290,12290,PayPal,2025-12-31 11:43:53,1661.39
12291,12291,Credit Card,2024-10-01 21:41:52,996.66
12292,12292,Bank Transfer,2026-01-15 05:14:13,241.01
12293,12293,PayPal,2024-09-09 02:51:58,833.58
12294,12294,Cash,2024-12-02 02:26:28,680.15
12295,12295,Credit Card,2024-12-17 03:38:57,2150.41
12296,12296,PayPal,2025-11-12 08:06:08,38.64
12297,12297,Credit Card,2025-05-14 13:39:27,2919.34
12298,12298,Bank Transfer,2025-08-04 20:10:36,1702.15
12299,12299,Bank Transfer,2026-03-20 20:34:14,2035.43
12300,12300,Credit Card,2024-09-15 09:00:39,3841.97
12301,12301,Credit Card,2025-03-16 12:04:17,3060.39
12302,12302,Bank Transfer,2026-04-26 16:27:13,1413.87
12303,12303,PayPal,2025-03-17 14:17:54,2114.93
12304,12304,Credit Card,2025-03-01 13:26:40,562.8
12305,12305,Bank Transfer,2025-11-09 13:16:02,4794.26
12306,12306,Credit Card,2025-04-11 20:40:44,3833.36
12307,12307,Cash,2026-03-18 10:22:26,1785.32
12308,12308,Credit Card,2026-04-12 06:50:19,2761.18
12309,12309,Cash,2026-07-24 07:03:15,1003.35
12310,12310,Credit Card,2025-03-30 17:49:19,1201.51
12311,12311,Bank Transfer,2025-11-01 09:14:05,1323.54
12312,12312,Cash,2025-10-20 06:03:19,1794.51
12313,12313,PayPal,2025-06-20 14:28:01,744.69
12314,12314,Cash,2026-06-21 05:33:23,177.24
12315,12315,Credit Card,2026-06-08 16:15:15,3742.39
12316,12316,Cash,2026-05-26 02:04:43,4594.97
12317,12317,PayPal,2024-12-26 04:23:33,365.58
12318,12318,PayPal,2025-08-05 03:27:15,676.02
12319,12319,Credit Card,2024-10-10 13:56:32,681.39
12320,12320,Bank Transfer,2025-05-21 20:07:36,1622.61
12321,12321,Credit Card,2025-05-20 11:59:02,883.74
12322,12322,PayPal,2025-05-02 13:04:50,3377.75
12323,12323,Bank Transfer,2024-09-05 06:22:45,5313.9
12324,12324,Credit Card,2025-07-10 13:42:57,1364.95
12325,12325,Credit Card,2025-10-24 12:38:26,1294.11
12326,12326,PayPal,2025-08-24 16:06:58,1432.35
12327,12327,Cash,2026-07-12 20:33:57,2610.37
12328,12328,PayPal,2025-09-07 19:08:27,190.09
12329,12329,Cash,2024-11-13 10:25:19,473.69
12330,12330,PayPal,2025-03-27 03:38:16,2539.54
12331,12331,PayPal,2026-01-30 02:24:12,2278.22
12332,12332,PayPal,2025-12-23 06:34:33,1761.14
12333,12333,PayPal,2024-12-03 19:50:10,545.12
12334,12334,PayPal,2025-11-27 08:49:52,2537.13
12335,12335,Credit Card,2025-11-19 13:12:25,1518.51
12336,12336,Credit Card,2025-12-13 19:47:04,1895.05
12337,12337,PayPal,2026-02-25 17:48:47,2298.67
12338,12338,Credit Card,2026-02-17 07:17:47,175.16
12339,12339,Bank Transfer,2026-03-23 01:33:29,435.48
12340,12340,Credit Card,2025-06-06 14:57:26,1929.39
12341,12341,Bank Transfer,2026-03-04 21:12:37,2578.54
12342,12342,Cash,2026-02-22 23:32:30,1035.96
12343,12343,Credit Card,2026-05-16 15:54:18,615.59
12344,12344,Bank Transfer,2024-12-21 04:09:40,3566.6
12345,12345,Bank Transfer,2025-02-20 00:14:17,20.04
12346,12346,PayPal,2026-08-04 09:28:39,2328.58
12347,12347,Cash,2025-07-19 15:31:01,4283.09
12348,12348,Cash,2025-10-14 07:57:51,1489.73
12349,12349,Bank Transfer,2025-08-05 22:45:21,3626.86
12350,12350,Bank Transfer,2024-12-05 12:23:32,1450.37
12351,12351,Credit Card,2025-03-17 16:40:00,1481.65
12352,12352,Credit Card,2025-02-12 21:32:30,327.12
12353,12353,Bank Transfer,2025-05-02 19:50:28,2067.36
12354,12354,Cash,2026-05-02 09:59:11,2533.0
12355,12355,Cash,2025-08-14 22:27:04,5178.16
12356,12356,PayPal,2025-12-05 12:43:13,497.73
12357,12357,PayPal,2024-12-27 19:51:51,2833.78
12358,12358,Bank Transfer,2025-06-17 12:05:14,2879.87
12359,12359,Credit Card,2024-10-30 16:16:48,1787.37
12360,12360,Bank Transfer,2026-06-25 23:00:56,3280.34
12361,12361,Cash,2024-09-02 04:26:58,3420.22
12362,12362,Bank Transfer,2025-11-28 15:09:23,1887.02
12363,12363,Credit Card,2024-09-28 22:27:18,2015.09
12364,12364,Credit Card,2026-05-15 22:08:25,1864.92
12365,12365,Credit Card,2026-04-29 06:50:22,2013.04
12366,12366,Credit Card,2026-03-15 02:57:11,1315.2
12367,12367,PayPal,2025-09-06 07:29:05,2039.12
12368,12368,Cash,2024-10-13 12:40:51,2273.24
12369,12369,Credit Card,2026-06-25 12:50:20,1737.45
12370,12370,Cash,2024-11-17 12:22:06,2745.6
12371,12371,PayPal,2026-07-11 00:45:00,2566.06
12372,12372,PayPal,2025-09-14 23:24:52,611.24
12373,12373,Bank Transfer,2024-12-31 06:43:32,19.37
12374,12374,Bank Transfer,2025-04-14 15:37:30,544.15
12375,12375,Credit Card,2025-01-16 00:40:49,1488.4
12376,12376,PayPal,2025-06-10 06:07:11,2660.66
12377,12377,Bank Transfer,2025-08-06 09:26:57,1087.68
12378,12378,Cash,2026-06-27 01:27:50,637.32
12379,12379,Cash,2026-04-21 18:20:49,731.76
12380,12380,Cash,2026-03-14 02:09:08,2021.78
12381,12381,Bank Transfer,2026-01-07 01:43:38,476.42
12382,12382,Credit Card,2026-03-16 10:58:24,1873.1
12383,12383,Bank Transfer,2026-01-11 09:28:36,1193.7
12384,12384,Cash,2025-07-22 17:43:43,1085.51
12385,12385,PayPal,2025-12-10 22:11:54,1476.76
12386,12386,Cash,2024-11-12 06:16:33,872.09
12387,12387,Bank Transfer,2025-03-04 22:59:02,1457.1
12388,12388,Credit Card,2024-10-20 18:08:11,1350.46
12389,12389,Bank Transfer,2024-12-19 09:19:58,147.0
12390,12390,PayPal,2025-11-21 18:37:48,296.85
12391,12391,Cash,2025-11-17 15:30:42,5903.53
12392,12392,Credit Card,2025-01-12 04:52:41,332.76
12393,12393,Cash,2026-04-13 22:26:23,3103.85
12394,12394,Bank Transfer,2026-05-01 19:22:10,624.86
12395,12395,Bank Transfer,2026-03-26 17:26:46,1343.57
12396,12396,Cash,2025-03-05 21:57:31,1409.69
12397,12397,PayPal,2025-10-29 08:03:33,2985.16
12398,12398,Cash,2025-12-16 04:56:03,3961.27
12399,12399,PayPal,2024-10-21 17:46:33,483.1
12400,12400,Cash,2024-11-04 19:22:07,3740.97
12401,12401,Bank Transfer,2025-04-03 07:54:00,753.91
12402,12402,Credit Card,2025-06-13 03:54:02,1641.31
12403,12403,Cash,2025-06-24 13:31:56,1840.68
12404,12404,Bank Transfer,2024-11-08 20:11:45,1870.35
12405,12405,Credit Card,2025-04-19 07:54:18,1917.2
12406,12406,Cash,2025-11-01 01:03:36,3692.99
12407,12407,Bank Transfer,2026-04-11 15:01:01,2254.49
12408,12408,Credit Card,2025-02-10 19:16:31,710.29
12409,12409,Credit Card,2026-07-30 09:59:42,1809.35
12410,12410,Bank Transfer,2024-12-28 21:17:11,3270.12
12411,12411,Credit Card,2025-09-18 21:17:07,139.1
12412,12412,PayPal,2024-12-06 11:50:37,2161.72
12413,12413,Cash,2026-07-08 01:25:54,1991.93
12414,12414,Cash,2026-02-05 04:31:57,2640.57
12415,12415,PayPal,2025-10-10 00:05:05,2133.6
12416,12416,Cash,2025-05-18 15:51:34,1961.15
12417,12417,Bank Transfer,2025-06-04 08:44:39,2571.51
12418,12418,Bank Transfer,2026-05-26 16:59:48,346.84
12419,12419,Cash,2025-12-30 03:45:13,3698.91
12420,12420,Credit Card,2025-06-20 19:54:25,850.17
12421,12421,PayPal,2025-08-06 00:10:05,1371.73
12422,12422,Cash,2026-01-25 08:59:31,2101.82
12423,12423,Cash,2025-04-03 17:30:39,3003.27
12424,12424,Bank Transfer,2024-09-01 03:20:03,2851.17
12425,12425,Credit Card,2024-12-15 07:26:46,1475.77
12426,12426,Bank Transfer,2026-05-01 13:30:40,1467.72
12427,12427,Bank Transfer,2026-03-08 14:21:11,2678.35
12428,12428,Cash,2026-03-23 22:15:20,1144.82
12429,12429,PayPal,2026-05-04 01:59:00,1196.32
12430,12430,Credit Card,2024-10-15 05:13:26,762.4
12431,12431,Cash,2026-03-28 10:14:09,1261.29
12432,12432,PayPal,2025-03-14 21:21:59,1860.18
12433,12433,Cash,2025-03-14 06:45:01,1388.81
12434,12434,Credit Card,2026-04-11 21:15:13,1024.37
12435,12435,Credit Card,2025-10-10 11:24:02,2494.63
12436,12436,Cash,2024-12-22 15:21:55,2202.33
12437,12437,Credit Card,2024-09-04 00:34:30,4331.72
12438,12438,PayPal,2025-10-01 15:06:52,2890.9
12439,12439,Cash,2026-05-11 00:39:52,101.38
12440,12440,PayPal,2025-06-29 00:25:55,1482.22
12441,12441,PayPal,2025-07-04 17:25:28,753.16
12442,12442,Cash,2026-03-20 13:15:56,386.87
12443,12443,Credit Card,2025-02-21 22:50:18,1227.97
12444,12444,Credit Card,2025-11-03 05:52:13,1660.91
12445,12445,PayPal,2026-04-13 09:36:55,3336.64
12446,12446,Credit Card,2024-11-20 01:30:12,556.5
12447,12447,PayPal,2025-06-02 03:43:08,2181.36
12448,12448,Bank Transfer,2025-12-29 04:05:02,2892.43
12449,12449,Bank Transfer,2026-05-21 18:48:36,3905.72
12450,12450,Bank Transfer,2025-01-17 09:00:42,163.64
12451,12451,Bank Transfer,2026-04-28 05:01:23,117.15
12452,12452,Credit Card,2026-02-07 05:05:42,1566.55
12453,12453,PayPal,2025-10-06 10:25:54,3187.86
12454,12454,Bank Transfer,2025-01-25 19:01:59,512.95
12455,12455,Bank Transfer,2026-04-04 08:41:47,1917.02
12456,12456,PayPal,2025-10-09 18:19:54,644.6
12457,12457,Cash,2025-11-12 03:06:08,3566.39
12458,12458,Bank Transfer,2024-12-16 18:17:57,2998.54
12459,12459,Bank Transfer,2025-07-22 03:29:26,1645.04
12460,12460,Bank Transfer,2026-02-13 22:36:33,1715.86
12461,12461,Credit Card,2026-04-16 18:05:36,445.92
12462,12462,Cash,2024-10-17 21:26:42,4117.04
12463,12463,PayPal,2025-10-15 13:22:37,278.85
12464,12464,Credit Card,2024-12-05 02:57:23,2685.54
12465,12465,PayPal,2024-10-23 21:21:24,561.38
12466,12466,Cash,2025-07-16 15:41:18,2498.27
12467,12467,PayPal,2024-10-11 19:03:08,3140.53
12468,12468,Credit Card,2026-06-12 05:14:51,3928.25
12469,12469,PayPal,2026-07-02 17:07:34,543.84
12470,12470,Bank Transfer,2026-08-01 01:57:03,1917.25
12471,12471,PayPal,2026-02-15 01:42:52,857.12
12472,12472,PayPal,2025-07-16 20:55:43,490.73
12473,12473,Cash,2026-07-20 20:43:21,2599.12
12474,12474,Cash,2025-02-10 15:19:18,682.36
12475,12475,PayPal,2024-09-13 20:01:31,548.32
12476,12476,Credit Card,2025-03-22 19:49:34,925.7
12477,12477,Cash,2025-03-27 23:40:00,1689.11
12478,12478,Cash,2025-08-27 08:10:44,809.06
12479,12479,Cash,2025-02-02 10:04:37,1971.35
12480,12480,Credit Card,2025-02-10 19:26:13,806.63
12481,12481,Cash,2024-12-23 13:48:23,2574.37
12482,12482,Credit Card,2024-12-20 18:41:47,2116.33
12483,12483,Credit Card,2025-12-11 08:42:59,300.1
12484,12484,PayPal,2024-11-20 10:51:22,2983.06
12485,12485,Bank Transfer,2025-02-04 13:28:30,375.43
12486,12486,Bank Transfer,2025-05-22 01:23:07,1417.24
12487,12487,Bank Transfer,2025-10-09 10:08:38,532.47
12488,12488,Credit Card,2025-06-19 04:45:38,3684.77
12489,12489,Credit Card,2026-03-23 02:39:37,662.26
12490,12490,Credit Card,2025-05-03 21:08:41,406.04
12491,12491,Credit Card,2026-06-18 07:09:53,151.87
12492,12492,Cash,2024-09-30 23:25:30,2098.88
12493,12493,Cash,2026-04-01 02:37:13,1228.01
12494,12494,Cash,2024-09-26 13:39:28,1636.3
12495,12495,PayPal,2025-05-09 15:30:23,360.14
12496,12496,Bank Transfer,2025-06-23 16:22:07,2227.26
12497,12497,PayPal,2025-12-24 02:26:26,292.14
12498,12498,Bank Transfer,2025-08-12 18:24:52,3333.04
12499,12499,Credit Card,2026-02-03 18:11:58,1507.8
12500,12500,PayPal,2024-08-15 14:47:19,2074.3
12501,12501,Cash,2025-04-23 12:07:02,2030.58
12502,12502,Bank Transfer,2025-02-19 12:09:52,2250.44
12503,12503,PayPal,2026-07-31 09:56:50,3653.23
12504,12504,Credit Card,2025-05-30 01:33:31,3687.51
12505,12505,Bank Transfer,2024-09-18 01:19:58,423.12
12506,12506,Bank Transfer,2025-08-08 09:51:41,986.86
12507,12507,Cash,2025-01-24 20:56:47,587.88
12508,12508,Credit Card,2025-03-19 01:39:57,2106.63
12509,12509,Credit Card,2026-04-14 06:33:23,910.59
12510,12510,Credit Card,2024-11-10 00:00:21,1083.44
12511,12511,Credit Card,2025-08-04 02:00:41,1957.59
12512,12512,Credit Card,2024-10-16 00:04:30,450.06
12513,12513,Credit Card,2025-10-06 00:02:51,1655.75
12514,12514,Credit Card,2025-09-26 13:06:06,957.64
12515,12515,Credit Card,2024-08-10 14:10:11,1769.24
12516,12516,Cash,2024-10-25 06:17:34,1457.9
12517,12517,PayPal,2024-10-27 11:18:30,1114.02
12518,12518,Credit Card,2025-01-13 04:35:25,656.81
12519,12519,Cash,2025-02-05 09:57:47,420.3
12520,12520,Credit Card,2026-03-09 01:26:21,1462.2
12521,12521,PayPal,2026-04-25 12:25:27,2618.84
12522,12522,Cash,2025-02-20 06:59:14,3080.13
12523,12523,Cash,2026-01-26 20:54:50,4141.98
12524,12524,Cash,2024-08-20 03:57:44,4122.85
12525,12525,Credit Card,2025-10-11 07:59:43,836.55
12526,12526,PayPal,2025-06-20 23:13:31,2027.78
12527,12527,Bank Transfer,2025-08-23 02:08:09,759.03
12528,12528,Bank Transfer,2024-09-09 21:23:58,279.81
12529,12529,Cash,2026-01-16 11:55:05,1014.74
12530,12530,PayPal,2025-12-23 23:56:23,2643.89
12531,12531,Bank Transfer,2025-05-23 13:16:48,141.96
12532,12532,PayPal,2025-07-23 12:52:52,3412.06
12533,12533,PayPal,2025-12-14 12:57:37,1804.41
12534,12534,Bank Transfer,2025-01-19 21:54:30,925.32
12535,12535,Cash,2024-09-21 14:03:45,1375.65
12536,12536,Cash,2025-05-27 12:22:39,602.04
12537,12537,PayPal,2024-10-28 06:20:24,1173.44
12538,12538,Bank Transfer,2025-01-03 22:04:52,1703.12
12539,12539,Bank Transfer,2025-05-13 03:14:49,2071.35
12540,12540,Credit Card,2025-07-12 19:54:58,1383.76
12541,12541,Bank Transfer,2025-07-17 21:43:12,672.21
12542,12542,Credit Card,2024-08-17 06:34:37,1125.91
12543,12543,Bank Transfer,2026-07-20 09:24:05,50.46
12544,12544,Cash,2025-05-09 10:25:47,1398.56
12545,12545,Cash,2025-09-07 02:36:46,2685.34
12546,12546,PayPal,2025-03-25 01:22:32,1264.4
12547,12547,Cash,2025-11-16 03:51:12,1937.79
12548,12548,Credit Card,2025-02-13 19:28:38,3341.3
12549,12549,Bank Transfer,2025-01-15 12:38:12,1433.4
12550,12550,Cash,2024-10-11 07:26:38,2196.38
12551,12551,Cash,2024-12-19 03:47:06,4334.18
12552,12552,Credit Card,2024-11-28 05:13:18,2619.05
12553,12553,Cash,2025-09-14 08:04:56,2397.39
12554,12554,Cash,2025-04-14 12:02:18,1021.77
12555,12555,Bank Transfer,2025-01-03 00:51:50,277.92
12556,12556,Cash,2024-11-12 07:00:12,2334.81
12557,12557,Cash,2025-03-20 23:21:38,1729.07
12558,12558,Cash,2025-08-25 02:08:02,437.98
12559,12559,Cash,2024-11-13 11:34:24,2335.63
12560,12560,Bank Transfer,2025-05-14 21:13:30,3308.28
12561,12561,Cash,2025-10-27 11:12:14,821.67
12562,12562,Bank Transfer,2025-01-08 23:48:44,2858.42
12563,12563,PayPal,2026-06-19 07:47:42,1603.6
12564,12564,Credit Card,2026-04-16 09:25:01,187.76
12565,12565,Credit Card,2026-03-26 10:41:36,1731.56
12566,12566,Cash,2025-09-14 16:15:24,331.13
12567,12567,Cash,2024-09-15 07:07:21,3863.26
12568,12568,Bank Transfer,2026-06-30 21:25:05,1814.5
12569,12569,PayPal,2024-09-17 05:00:26,743.93
12570,12570,PayPal,2026-08-06 13:29:27,1466.7
12571,12571,Credit Card,2026-07-07 21:28:14,634.22
12572,12572,PayPal,2025-12-25 10:21:53,1965.26
12573,12573,Bank Transfer,2026-03-24 12:20:24,1329.87
12574,12574,Credit Card,2025-02-08 16:35:05,3463.36
12575,12575,Cash,2025-03-18 18:29:15,1648.35
12576,12576,Cash,2025-11-17 09:27:39,2487.77
12577,12577,PayPal,2026-06-23 02:09:03,3420.33
12578,12578,PayPal,2024-09-08 07:30:34,1937.65
12579,12579,Credit Card,2025-07-31 01:36:38,1470.48
12580,12580,Cash,2024-12-23 14:44:54,168.38
12581,12581,Cash,2025-02-16 08:02:21,1407.72
12582,12582,PayPal,2025-08-16 01:13:50,1083.72
12583,12583,PayPal,2026-08-04 03:17:09,2387.66
12584,12584,Cash,2026-06-01 20:58:59,3364.86
12585,12585,PayPal,2025-02-07 13:44:14,2287.45
12586,12586,PayPal,2025-10-31 23:10:55,2739.07
12587,12587,Bank Transfer,2026-07-02 15:16:15,968.32
12588,12588,Bank Transfer,2025-03-13 23:45:05,1247.55
12589,12589,Cash,2025-04-22 23:23:16,2025.9
12590,12590,PayPal,2025-03-04 05:39:59,924.76
12591,12591,Cash,2025-06-20 21:56:16,3675.25
12592,12592,Credit Card,2025-09-20 11:53:39,1103.43
12593,12593,Credit Card,2024-11-12 22:22:13,4298.88
12594,12594,Cash,2024-09-09 15:01:51,2372.97
12595,12595,Bank Transfer,2025-02-02 22:50:55,1244.68
12596,12596,Cash,2025-10-23 03:12:02,1659.56
12597,12597,PayPal,2026-02-25 00:42:22,3414.22
12598,12598,Bank Transfer,2024-10-08 11:45:21,39.64
12599,12599,Cash,2025-07-30 23:14:56,2043.08
12600,12600,Cash,2025-04-07 08:12:03,1960.62
12601,12601,Bank Transfer,2024-09-18 11:25:41,4528.52
12602,12602,PayPal,2024-12-14 20:24:17,579.14
12603,12603,PayPal,2026-02-28 21:01:12,366.19
12604,12604,Bank Transfer,2025-03-18 00:44:22,1454.64
12605,12605,Credit Card,2026-03-17 09:19:17,2101.94
12606,12606,Bank Transfer,2025-08-31 20:37:42,886.42
12607,12607,Cash,2025-04-01 02:44:11,1886.0
12608,12608,Bank Transfer,2025-07-06 03:45:33,896.28
12609,12609,Cash,2026-05-29 00:50:18,1786.78
12610,12610,PayPal,2025-10-22 04:59:59,2203.98
12611,12611,Bank Transfer,2025-08-28 08:47:42,2941.74
12612,12612,PayPal,2024-08-15 02:06:15,2332.35
12613,12613,Bank Transfer,2026-03-21 22:49:42,1562.62
12614,12614,PayPal,2025-11-02 20:27:22,1358.38
12615,12615,PayPal,2026-06-30 21:29:14,4876.72
12616,12616,Cash,2026-01-25 04:16:02,424.77
12617,12617,Cash,2026-04-06 10:00:15,2048.23
12618,12618,Cash,2024-09-06 01:58:13,312.14
12619,12619,PayPal,2026-05-04 09:46:06,2158.0
12620,12620,Credit Card,2026-05-30 21:51:56,1534.58
12621,12621,Bank Transfer,2024-11-19 11:06:52,622.85
12622,12622,Cash,2026-03-01 22:36:09,1839.82
12623,12623,PayPal,2024-12-02 12:14:02,1696.84
12624,12624,Bank Transfer,2024-12-21 08:37:54,4458.5
12625,12625,Credit Card,2025-12-15 06:36:35,2386.11
12626,12626,Bank Transfer,2025-02-07 20:02:13,1632.27
12627,12627,PayPal,2026-01-14 15:46:02,501.12
12628,12628,Bank Transfer,2025-11-15 13:29:11,2843.02
12629,12629,Bank Transfer,2025-04-29 07:27:51,2470.86
12630,12630,Cash,2024-11-14 13:15:31,1994.62
12631,12631,Cash,2024-12-07 22:41:16,3759.32
12632,12632,Credit Card,2025-08-05 04:41:01,359.42
12633,12633,PayPal,2025-06-24 00:01:19,3323.4
12634,12634,Cash,2025-09-10 16:29:06,2928.79
12635,12635,Bank Transfer,2025-08-11 05:54:10,5018.46
12636,12636,Cash,2026-01-14 21:26:03,1353.03
12637,12637,Cash,2025-03-10 23:15:40,1247.88
12638,12638,Bank Transfer,2026-05-09 01:14:25,2053.9
12639,12639,Bank Transfer,2025-10-08 04:00:33,1631.84
12640,12640,PayPal,2026-05-28 03:16:22,1343.68
12641,12641,Bank Transfer,2025-05-01 04:47:03,2491.24
12642,12642,PayPal,2026-03-02 13:46:05,2161.76
12643,12643,Bank Transfer,2024-09-22 23:43:34,2713.63
12644,12644,PayPal,2024-09-03 22:43:58,1342.4
12645,12645,Credit Card,2025-12-08 14:29:26,2580.82
12646,12646,Cash,2026-07-07 18:46:36,314.08
12647,12647,Bank Transfer,2024-09-24 05:58:49,2401.02
12648,12648,Bank Transfer,2026-01-31 19:53:30,2557.1
12649,12649,Bank Transfer,2025-03-07 06:32:21,686.92
12650,12650,Bank Transfer,2026-03-18 13:40:50,1871.37
12651,12651,Cash,2025-03-30 05:46:15,1981.12
12652,12652,PayPal,2026-04-05 02:41:25,2331.65
12653,12653,Bank Transfer,2025-08-04 10:48:03,403.88
12654,12654,Bank Transfer,2025-12-26 02:53:49,2854.61
12655,12655,Credit Card,2025-07-05 13:00:23,376.73
12656,12656,Cash,2026-07-30 18:35:38,2594.64
12657,12657,Credit Card,2026-02-21 15:11:31,3419.06
12658,12658,PayPal,2025-08-22 07:22:59,113.61
12659,12659,PayPal,2025-05-11 08:22:11,3542.83
12660,12660,Credit Card,2025-09-19 09:29:41,3304.75
12661,12661,Bank Transfer,2025-11-24 03:36:07,109.44
12662,12662,Credit Card,2025-03-13 18:11:26,2309.55
12663,12663,Bank Transfer,2026-03-30 12:32:47,2109.57
12664,12664,Credit Card,2024-10-30 22:26:40,2232.57
12665,12665,Bank Transfer,2025-03-04 09:38:58,1266.63
12666,12666,Credit Card,2026-03-08 03:48:33,2391.72
12667,12667,Cash,2026-04-29 13:24:19,1649.97
12668,12668,PayPal,2025-08-28 12:05:13,58.56
12669,12669,Cash,2026-04-06 04:23:20,4054.99
12670,12670,Cash,2026-02-26 17:24:38,1325.27
12671,12671,Cash,2026-05-17 19:19:20,3030.76
12672,12672,Cash,2025-05-05 09:37:30,2487.6
12673,12673,PayPal,2025-06-29 21:21:29,863.41
12674,12674,Cash,2024-12-23 11:44:33,2901.28
12675,12675,Credit Card,2026-03-18 08:33:22,2530.67
12676,12676,Credit Card,2025-03-14 03:57:19,219.54
12677,12677,Cash,2026-02-19 10:54:24,3487.39
12678,12678,Cash,2025-06-15 09:49:27,1295.12
12679,12679,Bank Transfer,2024-10-28 00:03:49,2367.43
12680,12680,Credit Card,2026-05-02 17:22:15,3574.73
12681,12681,Bank Transfer,2026-04-17 09:10:53,881.83
12682,12682,Cash,2026-06-09 15:32:11,4028.74
12683,12683,Bank Transfer,2026-01-13 22:43:40,2200.62
12684,12684,Credit Card,2025-12-25 13:01:12,3444.3
12685,12685,Bank Transfer,2025-02-26 11:24:11,2595.2
12686,12686,Bank Transfer,2026-01-03 15:52:05,2589.09
12687,12687,Cash,2024-08-13 19:11:18,2258.82
12688,12688,Cash,2025-11-11 23:13:20,373.83
12689,12689,Credit Card,2026-06-14 00:53:02,1049.31
12690,12690,PayPal,2026-01-17 04:23:53,3945.18
12691,12691,Bank Transfer,2026-01-15 07:17:28,1624.36
12692,12692,PayPal,2025-10-04 16:59:40,1601.43
12693,12693,Bank Transfer,2024-12-19 22:25:29,1217.56
12694,12694,Credit Card,2026-02-05 15:34:09,2134.05
12695,12695,Bank Transfer,2026-04-20 16:24:15,3713.65
12696,12696,Credit Card,2025-02-24 22:47:10,1038.7
12697,12697,Cash,2024-10-13 10:55:03,1191.1
12698,12698,Bank Transfer,2025-04-30 14:35:34,234.04
12699,12699,Bank Transfer,2024-09-30 23:20:18,2131.3
12700,12700,Credit Card,2025-06-09 20:49:39,931.13
12701,12701,Bank Transfer,2024-08-22 19:24:47,211.56
12702,12702,Bank Transfer,2026-01-24 05:07:30,1180.1
12703,12703,Bank Transfer,2025-03-31 22:06:10,2141.35
12704,12704,Credit Card,2024-09-20 00:09:59,3313.31
12705,12705,Cash,2025-03-24 23:59:07,685.24
12706,12706,Cash,2025-11-20 10:17:22,492.01
12707,12707,Cash,2025-02-01 11:43:18,2124.41
12708,12708,Cash,2025-06-01 22:34:09,4225.4
12709,12709,PayPal,2024-12-17 22:47:56,2301.77
12710,12710,PayPal,2024-08-16 15:14:50,2489.84
12711,12711,PayPal,2026-04-21 11:42:27,1455.97
12712,12712,Credit Card,2024-09-02 02:18:55,587.7
12713,12713,Cash,2026-02-05 07:23:17,1426.34
12714,12714,Cash,2025-09-03 03:43:13,2419.28
12715,12715,PayPal,2026-01-11 15:49:57,1890.17
12716,12716,Cash,2024-09-18 00:19:40,226.64
12717,12717,Bank Transfer,2025-10-14 11:05:15,2846.56
12718,12718,PayPal,2026-04-13 02:14:49,685.13
12719,12719,Bank Transfer,2026-06-28 02:56:57,761.3
12720,12720,Cash,2025-06-04 02:26:19,3029.92
12721,12721,Bank Transfer,2026-03-26 22:19:40,1719.25
12722,12722,Bank Transfer,2025-02-28 11:46:09,840.02
12723,12723,PayPal,2026-05-04 13:17:55,1239.82
12724,12724,Cash,2024-09-14 19:34:26,1583.02
12725,12725,Credit Card,2025-03-17 18:05:55,279.53
12726,12726,Credit Card,2024-09-05 20:11:39,939.46
12727,12727,Cash,2025-06-01 11:54:12,347.45
12728,12728,Credit Card,2026-01-22 04:46:26,640.92
12729,12729,PayPal,2024-09-04 21:41:48,481.34
12730,12730,Credit Card,2025-06-06 10:04:09,1980.5
12731,12731,Cash,2025-07-29 14:33:53,940.99
12732,12732,Cash,2025-08-11 13:37:45,542.84
12733,12733,Cash,2026-04-19 12:40:21,1026.08
12734,12734,Credit Card,2025-05-12 10:32:53,1920.48
12735,12735,Cash,2025-02-07 03:06:04,2891.66
12736,12736,PayPal,2025-11-07 08:16:20,672.21
12737,12737,Cash,2025-04-13 12:04:23,2236.04
12738,12738,Credit Card,2025-06-02 20:43:31,1060.06
12739,12739,Credit Card,2025-11-18 14:30:14,1086.97
12740,12740,Bank Transfer,2025-02-19 02:22:11,578.01
12741,12741,Bank Transfer,2025-09-12 06:09:29,558.92
12742,12742,Bank Transfer,2025-01-01 09:43:48,20.04
12743,12743,PayPal,2025-07-16 02:32:31,1154.02
12744,12744,Bank Transfer,2025-06-04 23:12:40,793.44
12745,12745,Credit Card,2025-01-27 06:35:49,1423.46
12746,12746,Cash,2026-05-29 18:05:52,632.56
12747,12747,Bank Transfer,2025-04-25 18:08:19,3984.48
12748,12748,Bank Transfer,2025-01-25 05:43:18,989.61
12749,12749,Bank Transfer,2026-04-05 22:38:25,643.67
12750,12750,Bank Transfer,2025-07-27 11:26:37,370.56
12751,12751,Bank Transfer,2024-09-12 15:38:41,2372.69
12752,12752,Credit Card,2024-10-30 05:51:51,653.64
12753,12753,Credit Card,2026-01-31 22:22:57,347.41
12754,12754,PayPal,2025-09-30 17:46:44,2266.34
12755,12755,PayPal,2025-11-22 13:13:06,3503.33
12756,12756,Credit Card,2025-03-12 12:17:12,1293.75
12757,12757,Bank Transfer,2025-01-15 02:14:36,3626.89
12758,12758,PayPal,2026-07-21 17:20:27,3016.79
12759,12759,Bank Transfer,2025-07-24 06:11:27,1066.72
12760,12760,Bank Transfer,2024-09-06 18:42:45,4594.96
12761,12761,Cash,2025-05-16 11:59:56,1690.89
12762,12762,Credit Card,2025-01-29 08:55:55,147.16
12763,12763,Bank Transfer,2025-07-11 20:34:59,2098.08
12764,12764,Cash,2026-06-01 02:26:15,3718.29
12765,12765,PayPal,2024-11-08 03:32:54,1357.85
12766,12766,PayPal,2024-11-20 13:39:32,249.68
12767,12767,Cash,2025-02-23 05:39:40,1082.85
12768,12768,Bank Transfer,2026-03-06 06:59:05,570.96
12769,12769,PayPal,2026-05-05 00:05:21,120.23
12770,12770,Cash,2024-11-19 07:09:00,648.97
12771,12771,PayPal,2024-10-08 16:51:55,192.83
12772,12772,Bank Transfer,2025-08-09 12:05:14,3462.22
12773,12773,Credit Card,2025-03-16 19:32:01,334.61
12774,12774,Credit Card,2025-03-20 10:59:57,3777.61
12775,12775,Cash,2025-01-17 04:29:30,2082.0
12776,12776,Credit Card,2026-06-26 17:09:41,1144.5
12777,12777,PayPal,2024-08-10 20:34:01,6126.23
12778,12778,Credit Card,2026-05-05 12:56:08,3388.73
12779,12779,PayPal,2025-01-02 15:17:56,1042.13
12780,12780,Credit Card,2025-03-26 23:34:56,3726.29
12781,12781,Cash,2025-11-28 17:38:59,1345.52
12782,12782,Credit Card,2025-09-26 08:04:15,1084.52
12783,12783,Cash,2025-06-16 02:51:26,1882.84
12784,12784,Bank Transfer,2025-04-04 16:54:40,3837.69
12785,12785,Bank Transfer,2025-01-22 12:20:08,1454.86
12786,12786,Credit Card,2026-01-17 07:38:36,1371.19
12787,12787,Cash,2025-12-21 02:10:21,2291.91
12788,12788,Cash,2026-06-01 19:06:49,27.68
12789,12789,Credit Card,2024-12-07 12:00:09,261.02
12790,12790,Bank Transfer,2024-11-15 19:36:03,348.1
12791,12791,PayPal,2025-03-17 14:37:57,3533.6
12792,12792,PayPal,2025-07-21 11:51:38,143.28
12793,12793,Credit Card,2025-03-07 12:04:38,1401.81
12794,12794,Cash,2024-11-20 00:23:49,1087.68
12795,12795,PayPal,2025-11-04 09:34:33,2516.79
12796,12796,Credit Card,2025-11-12 18:01:35,523.6
12797,12797,PayPal,2025-08-12 23:03:10,1599.62
12798,12798,Bank Transfer,2024-09-28 19:28:44,2284.43
12799,12799,Cash,2026-04-02 20:52:24,3070.57
12800,12800,Bank Transfer,2026-01-15 21:59:52,1206.14
12801,12801,Cash,2025-09-20 08:22:00,1379.13
12802,12802,Cash,2025-02-26 03:08:10,1286.41
12803,12803,PayPal,2025-04-04 11:49:52,1558.88
12804,12804,PayPal,2024-12-14 13:29:03,2733.54
12805,12805,Bank Transfer,2024-12-24 13:13:23,677.72
12806,12806,Bank Transfer,2025-12-08 05:44:48,3679.53
12807,12807,Cash,2026-03-27 05:58:07,2543.68
12808,12808,PayPal,2026-06-14 04:45:48,2210.98
12809,12809,Bank Transfer,2025-09-07 12:51:27,860.13
12810,12810,Cash,2025-05-27 18:23:01,288.64
12811,12811,Bank Transfer,2026-01-13 04:33:33,2677.78
12812,12812,Cash,2024-10-06 01:39:37,68.18
12813,12813,Cash,2025-08-29 07:42:57,1121.81
12814,12814,Cash,2026-01-28 07:20:57,1266.29
12815,12815,Bank Transfer,2026-04-09 08:05:09,434.84
12816,12816,Bank Transfer,2025-09-13 03:27:56,3511.72
12817,12817,Credit Card,2024-11-17 23:05:59,939.88
12818,12818,Bank Transfer,2026-06-18 08:43:44,621.37
12819,12819,Bank Transfer,2025-12-09 02:42:30,2924.88
12820,12820,Cash,2025-10-18 10:28:02,159.3
12821,12821,PayPal,2025-08-17 16:14:31,2164.94
12822,12822,Credit Card,2025-01-12 06:33:06,652.35
12823,12823,Cash,2024-08-13 14:28:45,1938.08
12824,12824,Bank Transfer,2026-03-04 14:58:47,2404.75
12825,12825,PayPal,2026-04-26 09:09:52,2567.73
12826,12826,Credit Card,2025-02-04 05:55:05,1989.28
12827,12827,PayPal,2025-08-17 14:06:39,29.34
12828,12828,Bank Transfer,2026-06-12 05:19:45,1849.97
12829,12829,Cash,2025-07-05 18:39:16,3506.68
12830,12830,Bank Transfer,2026-06-22 21:45:32,563.28
12831,12831,Credit Card,2025-07-08 10:35:48,1723.78
12832,12832,PayPal,2025-03-24 07:38:30,1237.5
12833,12833,Cash,2026-03-23 13:44:28,1768.95
12834,12834,Credit Card,2025-06-02 16:15:42,1426.91
12835,12835,PayPal,2025-06-29 16:42:51,693.68
12836,12836,Bank Transfer,2025-03-22 08:38:40,992.36
12837,12837,PayPal,2026-06-03 13:06:27,2437.93
12838,12838,Credit Card,2024-11-22 15:42:28,1191.54
12839,12839,Cash,2025-04-18 03:22:39,2274.78
12840,12840,Credit Card,2025-06-06 16:29:25,691.74
12841,12841,Cash,2025-01-17 00:35:15,84.98
12842,12842,PayPal,2024-08-16 15:54:13,1576.15
12843,12843,Cash,2025-12-20 02:58:00,405.0
12844,12844,PayPal,2025-06-09 19:48:01,2491.18
12845,12845,Bank Transfer,2025-04-22 04:03:47,618.45
12846,12846,Bank Transfer,2026-07-02 06:09:21,3302.62
12847,12847,Credit Card,2026-06-08 01:35:48,2048.01
12848,12848,Bank Transfer,2024-09-28 10:40:27,988.95
12849,12849,PayPal,2025-08-20 14:33:39,2563.23
12850,12850,Credit Card,2025-05-03 20:21:32,3341.19
12851,12851,PayPal,2025-05-20 07:24:09,2462.69
12852,12852,Bank Transfer,2026-07-18 14:22:54,1505.96
12853,12853,PayPal,2026-03-09 18:57:28,577.77
12854,12854,Cash,2025-04-05 02:29:33,2589.44
12855,12855,Cash,2024-09-06 16:52:30,3918.27
12856,12856,Credit Card,2024-11-11 03:59:19,3516.24
12857,12857,Credit Card,2025-04-05 15:11:45,2310.52
12858,12858,PayPal,2026-07-18 21:36:12,192.59
12859,12859,Credit Card,2024-08-21 13:29:23,425.64
12860,12860,Cash,2025-05-03 19:42:23,1429.75
12861,12861,Cash,2025-09-13 06:35:39,1842.55
12862,12862,PayPal,2024-12-20 06:20:12,2074.68
12863,12863,PayPal,2026-03-09 05:26:12,1026.12
12864,12864,PayPal,2026-02-28 07:27:29,1211.45
12865,12865,Cash,2026-03-06 19:37:44,1724.16
12866,12866,Credit Card,2026-02-26 03:25:00,3361.52
12867,12867,Cash,2025-03-06 17:59:33,293.54
12868,12868,Bank Transfer,2025-10-05 10:34:17,2313.04
12869,12869,Bank Transfer,2026-06-23 23:39:21,976.26
12870,12870,Cash,2026-07-22 15:49:17,2278.67
12871,12871,Credit Card,2026-05-12 13:37:28,1650.95
12872,12872,Bank Transfer,2025-05-17 21:09:24,3676.45
12873,12873,Bank Transfer,2025-10-06 12:44:49,1441.71
12874,12874,PayPal,2025-12-25 00:27:51,517.5
12875,12875,Bank Transfer,2026-07-16 13:47:12,1007.36
12876,12876,PayPal,2026-05-11 06:04:01,1366.6
12877,12877,PayPal,2025-10-13 17:20:17,1706.4
12878,12878,Bank Transfer,2026-07-09 17:12:09,143.7
12879,12879,Credit Card,2025-08-30 07:53:49,2165.37
12880,12880,PayPal,2025-09-20 14:45:05,3575.85
12881,12881,Cash,2025-10-09 00:43:27,965.7
12882,12882,Credit Card,2024-12-08 15:04:09,73.4
12883,12883,Bank Transfer,2026-07-24 03:11:27,2284.08
12884,12884,PayPal,2025-01-23 19:09:53,2353.89
12885,12885,Cash,2025-09-19 00:24:29,81.5
12886,12886,Credit Card,2025-03-08 23:16:13,1071.88
12887,12887,Credit Card,2025-03-05 09:50:04,213.85
12888,12888,Bank Transfer,2026-05-29 04:53:33,773.16
12889,12889,Cash,2025-04-18 21:27:32,1136.92
12890,12890,Bank Transfer,2025-02-11 03:55:41,1907.21
12891,12891,Credit Card,2025-01-18 16:54:27,3472.86
12892,12892,Bank Transfer,2026-05-07 06:41:25,834.0
12893,12893,Credit Card,2025-09-29 00:09:46,310.32
12894,12894,PayPal,2025-03-27 12:38:57,4918.61
12895,12895,PayPal,2024-10-02 15:19:47,353.89
12896,12896,PayPal,2025-09-20 02:35:20,4480.03
12897,12897,Credit Card,2024-11-24 19:31:57,914.54
12898,12898,Credit Card,2025-03-30 22:06:12,1912.85
12899,12899,PayPal,2026-04-08 05:25:06,6255.37
12900,12900,Cash,2025-11-14 12:41:50,1753.16
12901,12901,PayPal,2024-12-26 02:15:00,180.07
12902,12902,Credit Card,2025-04-20 16:17:45,431.38
12903,12903,Credit Card,2024-10-26 04:07:08,891.58
12904,12904,Bank Transfer,2026-04-12 18:22:42,1239.52
12905,12905,PayPal,2025-01-08 17:26:26,774.09
12906,12906,Cash,2026-01-10 22:58:45,3264.24
12907,12907,Cash,2025-12-19 14:17:45,388.35
12908,12908,Cash,2024-10-06 02:05:38,486.18
12909,12909,Bank Transfer,2025-07-07 15:05:06,404.68
12910,12910,Cash,2024-09-10 18:32:33,1973.07
12911,12911,Cash,2025-02-08 15:00:09,3836.54
12912,12912,Credit Card,2025-07-05 01:24:09,865.42
12913,12913,Bank Transfer,2024-11-24 21:38:57,975.0
12914,12914,PayPal,2025-07-25 03:47:20,722.26
12915,12915,Credit Card,2026-01-16 17:21:40,2580.0
12916,12916,Credit Card,2026-05-10 07:35:25,1669.37
12917,12917,Cash,2025-03-18 03:22:18,842.36
12918,12918,PayPal,2024-10-06 06:48:04,2458.01
12919,12919,Credit Card,2025-09-29 00:10:17,228.09
12920,12920,Bank Transfer,2025-01-18 23:43:34,2451.36
12921,12921,PayPal,2024-12-10 17:10:21,2677.12
12922,12922,Credit Card,2026-04-14 22:41:16,1463.68
12923,12923,Bank Transfer,2025-08-08 21:43:46,739.02
12924,12924,Bank Transfer,2024-10-16 16:52:11,235.32
12925,12925,Bank Transfer,2026-07-17 12:57:25,772.86
12926,12926,PayPal,2024-12-15 23:27:44,1720.0
12927,12927,PayPal,2025-02-01 09:38:27,413.65
12928,12928,Cash,2025-03-12 07:31:20,1736.62
12929,12929,PayPal,2026-06-03 20:43:39,2330.46
12930,12930,Credit Card,2025-11-22 02:13:38,618.61
12931,12931,Credit Card,2025-01-29 18:01:14,39.05
12932,12932,Credit Card,2024-09-19 12:36:25,2685.05
12933,12933,Credit Card,2025-04-14 16:50:19,1238.34
12934,12934,Credit Card,2024-11-02 10:23:38,1467.33
12935,12935,Cash,2024-08-20 00:27:46,2462.06
12936,12936,Cash,2024-08-26 12:11:50,2526.69
12937,12937,Cash,2025-10-09 05:59:44,940.76
12938,12938,Bank Transfer,2025-01-01 20:26:15,118.33
12939,12939,Credit Card,2026-05-31 07:15:07,4093.61
12940,12940,Credit Card,2025-12-04 17:30:41,1518.41
12941,12941,Bank Transfer,2025-03-09 08:53:10,2563.87
12942,12942,Cash,2025-06-28 21:14:25,2746.67
12943,12943,Bank Transfer,2025-07-22 11:23:42,674.24
12944,12944,PayPal,2026-03-31 00:04:44,376.98
12945,12945,Cash,2025-07-05 07:37:05,2928.41
12946,12946,Cash,2025-08-11 19:44:36,2201.58
12947,12947,Cash,2025-08-04 02:26:53,2024.23
12948,12948,Credit Card,2025-01-31 16:28:25,2971.99
12949,12949,Credit Card,2025-06-08 09:42:51,911.28
12950,12950,Credit Card,2025-07-30 10:29:32,109.04
12951,12951,Bank Transfer,2025-09-08 03:48:31,2135.79
12952,12952,Credit Card,2024-10-18 05:08:22,4506.15
12953,12953,PayPal,2025-03-13 02:02:54,3302.6
12954,12954,Bank Transfer,2026-04-05 13:38:56,190.09
12955,12955,Credit Card,2025-01-23 19:41:38,966.68
12956,12956,Cash,2025-11-12 09:24:41,331.2
12957,12957,Credit Card,2024-11-21 12:43:00,1489.56
12958,12958,Bank Transfer,2026-05-04 06:21:47,640.92
12959,12959,PayPal,2024-10-23 17:52:59,1733.06
12960,12960,Cash,2025-05-12 06:49:58,893.56
12961,12961,Credit Card,2025-11-02 19:03:24,1021.7
12962,12962,Bank Transfer,2024-10-11 21:27:29,4087.05
12963,12963,Cash,2025-06-13 02:22:35,36.79
12964,12964,Credit Card,2026-05-30 03:04:50,1839.42
12965,12965,Cash,2025-01-31 23:31:01,624.28
12966,12966,Credit Card,2025-08-03 12:49:38,1698.04
12967,12967,PayPal,2025-05-13 15:03:28,326.13
12968,12968,Cash,2026-02-24 22:46:34,1635.39
12969,12969,Bank Transfer,2024-09-12 05:49:25,648.24
12970,12970,Cash,2025-02-15 09:57:23,1250.38
12971,12971,PayPal,2026-07-03 02:54:09,2220.79
12972,12972,PayPal,2024-10-07 18:08:29,4907.26
12973,12973,PayPal,2024-09-22 00:37:38,2843.13
12974,12974,Bank Transfer,2026-02-27 00:19:18,867.06
12975,12975,Cash,2025-04-29 16:19:38,1609.8
12976,12976,Cash,2026-07-12 13:31:24,1874.56
12977,12977,Bank Transfer,2025-03-22 14:05:28,50.69
12978,12978,Credit Card,2026-04-29 06:59:38,1688.65
12979,12979,Cash,2025-03-29 18:18:28,3865.12
12980,12980,PayPal,2025-04-01 09:14:49,331.2
12981,12981,Bank Transfer,2025-09-30 23:53:28,1215.88
12982,12982,Credit Card,2025-10-21 10:19:37,2876.26
12983,12983,Credit Card,2025-12-22 21:15:43,1299.54
12984,12984,PayPal,2025-12-28 18:57:58,2643.31
12985,12985,Credit Card,2024-12-24 10:25:05,2810.04
12986,12986,PayPal,2024-09-27 06:46:16,61.56
12987,12987,Credit Card,2026-06-03 02:38:33,1448.3
12988,12988,Credit Card,2025-04-05 22:56:18,3208.48
12989,12989,Bank Transfer,2025-02-03 22:14:50,3689.78
12990,12990,Cash,2025-02-04 06:34:57,2087.17
12991,12991,PayPal,2025-08-20 12:01:10,1301.43
12992,12992,Bank Transfer,2026-02-11 14:36:12,536.86
12993,12993,Bank Transfer,2024-11-16 11:48:09,4165.36
12994,12994,Bank Transfer,2024-09-02 05:45:04,227.78
12995,12995,Bank Transfer,2025-03-14 01:43:25,2495.23
12996,12996,Bank Transfer,2025-05-13 18:34:05,1389.54
12997,12997,Credit Card,2025-04-05 03:20:19,1586.77
12998,12998,Credit Card,2024-12-27 01:12:38,996.84
12999,12999,Bank Transfer,2025-01-31 13:24:53,750.98
13000,13000,Bank Transfer,2024-12-30 18:00:51,4528.32
13001,13001,Credit Card,2025-05-22 06:38:00,4089.25
13002,13002,Cash,2025-12-11 12:47:55,3139.53
13003,13003,PayPal,2026-04-21 12:01:26,2917.21
13004,13004,PayPal,2024-10-02 07:57:08,551.61
13005,13005,Cash,2024-12-29 07:01:27,2392.72
13006,13006,Cash,2026-02-03 22:44:01,2585.91
13007,13007,Bank Transfer,2026-05-03 08:53:05,3461.61
13008,13008,Cash,2024-08-25 18:39:54,2418.1
13009,13009,Bank Transfer,2025-09-25 21:13:36,978.2
13010,13010,Cash,2024-12-01 05:35:23,456.48
13011,13011,Credit Card,2025-01-01 15:03:31,1267.69
13012,13012,PayPal,2024-10-14 12:14:13,811.0
13013,13013,PayPal,2025-01-12 20:05:42,2328.76
13014,13014,Credit Card,2025-09-06 23:51:13,785.72
13015,13015,PayPal,2024-08-27 08:28:56,1955.86
13016,13016,PayPal,2025-06-18 22:45:44,1106.31
13017,13017,PayPal,2025-05-05 03:21:56,78.78
13018,13018,PayPal,2024-09-20 17:57:06,2354.27
13019,13019,Bank Transfer,2025-06-20 17:05:18,3333.7
13020,13020,Bank Transfer,2025-09-18 07:11:11,2287.45
13021,13021,Bank Transfer,2024-08-09 18:01:19,1840.24
13022,13022,Cash,2024-10-12 04:43:51,311.17
13023,13023,PayPal,2025-12-12 13:35:50,855.4
13024,13024,Credit Card,2024-11-03 06:14:10,769.43
13025,13025,Credit Card,2025-02-17 19:41:13,2421.4
13026,13026,Bank Transfer,2025-10-08 12:36:12,1426.72
13027,13027,Credit Card,2024-09-24 12:20:21,820.77
13028,13028,Bank Transfer,2025-10-29 21:35:14,2879.36
13029,13029,Cash,2026-05-25 08:09:04,518.85
13030,13030,Bank Transfer,2026-01-05 06:13:37,2341.39
13031,13031,Bank Transfer,2026-03-29 02:20:28,2367.35
13032,13032,PayPal,2026-02-14 23:50:09,39.64
13033,13033,PayPal,2025-04-26 12:25:40,3120.88
13034,13034,PayPal,2026-03-01 03:12:35,3233.01
13035,13035,Bank Transfer,2026-07-08 09:51:20,2959.09
13036,13036,Bank Transfer,2025-07-05 02:42:11,1836.78
13037,13037,Bank Transfer,2025-09-08 04:00:46,2628.72
13038,13038,Credit Card,2026-04-20 01:18:58,1934.93
13039,13039,Credit Card,2025-03-05 01:49:19,1376.99
13040,13040,Cash,2026-02-13 12:57:27,1395.85
13041,13041,Cash,2025-08-23 02:54:23,1618.76
13042,13042,PayPal,2025-03-12 00:50:22,1983.28
13043,13043,Cash,2025-06-22 14:20:38,1238.3
13044,13044,Cash,2025-05-19 19:18:49,2744.23
13045,13045,Credit Card,2025-02-01 10:01:42,3428.22
13046,13046,Cash,2025-03-05 23:37:02,1132.31
13047,13047,Bank Transfer,2026-06-03 00:46:36,1197.07
13048,13048,Cash,2025-11-02 09:54:40,3535.65
13049,13049,PayPal,2025-03-15 09:06:21,161.46
13050,13050,Cash,2025-02-28 05:48:10,1100.65
13051,13051,PayPal,2026-05-24 21:02:15,2103.21
13052,13052,Cash,2024-11-12 23:48:14,1006.31
13053,13053,PayPal,2026-02-18 02:59:43,436.3
13054,13054,Cash,2026-07-27 14:19:17,1412.98
13055,13055,PayPal,2024-11-19 02:13:43,2966.48
13056,13056,PayPal,2025-05-21 18:11:34,971.39
13057,13057,PayPal,2025-09-15 15:40:26,1470.0
13058,13058,PayPal,2026-05-04 18:28:43,3511.42
13059,13059,Credit Card,2025-03-28 22:49:02,606.82
13060,13060,Credit Card,2025-03-17 22:33:30,2007.59
13061,13061,PayPal,2025-02-28 05:28:01,1095.35
13062,13062,Cash,2025-03-10 18:02:29,821.67
13063,13063,PayPal,2025-07-10 07:09:32,432.71
13064,13064,Cash,2025-04-04 21:15:56,931.5
13065,13065,Cash,2026-08-02 13:10:18,566.52
13066,13066,Bank Transfer,2025-10-24 11:11:01,1857.44
13067,13067,Bank Transfer,2026-02-19 13:31:03,161.46
13068,13068,Bank Transfer,2024-09-14 23:27:06,1539.04
13069,13069,Cash,2025-12-20 07:48:43,2399.04
13070,13070,Credit Card,2026-05-04 14:47:27,1837.97
13071,13071,PayPal,2025-09-26 02:58:29,1562.11
13072,13072,Bank Transfer,2025-03-14 19:46:36,2171.89
13073,13073,Bank Transfer,2025-09-06 18:18:36,482.02
13074,13074,Cash,2025-12-09 20:44:52,196.27
13075,13075,Bank Transfer,2024-09-24 03:12:01,3250.64
13076,13076,PayPal,2026-03-04 15:57:26,1579.17
13077,13077,Cash,2024-08-06 23:44:27,1185.66
13078,13078,PayPal,2024-10-18 09:25:36,1108.65
13079,13079,PayPal,2025-01-10 06:58:24,790.28
13080,13080,Bank Transfer,2026-02-01 06:44:47,375.12
13081,13081,Cash,2025-02-03 14:38:03,1105.71
13082,13082,Credit Card,2025-12-06 20:11:47,165.86
13083,13083,PayPal,2024-09-11 13:11:41,1019.28
13084,13084,Credit Card,2026-06-07 13:12:05,3417.66
13085,13085,Bank Transfer,2025-08-24 23:46:53,1575.38
13086,13086,Cash,2024-09-29 06:16:30,2382.07
13087,13087,PayPal,2025-12-28 23:51:29,1829.44
13088,13088,Cash,2026-01-29 12:36:22,1616.44
13089,13089,PayPal,2024-09-04 05:54:49,2197.02
13090,13090,Cash,2026-05-23 23:52:35,1108.86
13091,13091,Cash,2026-06-04 20:14:04,1093.42
13092,13092,Credit Card,2024-12-31 19:01:25,2857.09
13093,13093,Bank Transfer,2026-06-07 06:13:01,231.04
13094,13094,PayPal,2026-02-24 05:01:02,4749.38
13095,13095,Bank Transfer,2024-08-19 03:43:11,3174.25
13096,13096,Credit Card,2026-02-05 16:04:01,1988.3
13097,13097,Credit Card,2024-09-24 11:48:57,2284.46
13098,13098,PayPal,2024-09-04 02:39:51,675.68
13099,13099,Bank Transfer,2025-07-17 17:57:16,691.56
13100,13100,Cash,2024-09-09 11:43:58,2408.18
13101,13101,Credit Card,2026-07-23 05:44:19,1812.42
13102,13102,Bank Transfer,2025-07-20 01:33:33,943.0
13103,13103,Cash,2024-11-02 11:33:01,508.23
13104,13104,PayPal,2026-08-02 21:08:25,1463.01
13105,13105,PayPal,2024-09-15 03:32:50,3418.62
13106,13106,Credit Card,2025-05-29 20:25:13,2991.76
13107,13107,Cash,2025-09-01 20:20:06,1577.29
13108,13108,PayPal,2024-12-20 12:56:34,3408.94
13109,13109,Cash,2024-08-10 13:32:11,4032.78
13110,13110,PayPal,2025-05-26 16:34:30,2750.23
13111,13111,Bank Transfer,2025-11-20 03:30:39,1129.47
13112,13112,Bank Transfer,2024-08-17 14:31:17,1502.86
13113,13113,Cash,2025-05-10 07:31:46,2325.47
13114,13114,Cash,2025-12-22 00:47:17,1494.06
13115,13115,PayPal,2025-08-20 20:11:04,1623.73
13116,13116,Bank Transfer,2025-09-09 07:55:06,911.09
13117,13117,Credit Card,2024-12-02 07:08:02,2458.38
13118,13118,Bank Transfer,2026-03-23 02:40:09,2163.41
13119,13119,Cash,2026-05-26 17:45:39,1588.27
13120,13120,Bank Transfer,2025-08-18 14:04:46,4543.83
13121,13121,PayPal,2025-10-11 15:20:56,272.72
13122,13122,Credit Card,2025-11-21 09:15:47,1468.53
13123,13123,PayPal,2026-05-22 09:05:38,1334.75
13124,13124,PayPal,2025-08-06 01:06:13,1458.56
13125,13125,Bank Transfer,2025-02-09 12:25:09,1644.54
13126,13126,Credit Card,2025-03-22 11:22:26,2832.22
13127,13127,Cash,2025-04-06 04:47:22,2157.55
13128,13128,Credit Card,2025-12-01 23:06:55,775.27
13129,13129,Cash,2026-01-31 17:44:04,3646.09
13130,13130,Bank Transfer,2024-12-17 13:11:12,2217.32
13131,13131,PayPal,2026-03-31 05:45:10,976.42
13132,13132,Cash,2025-08-02 05:57:57,2921.17
13133,13133,Cash,2024-08-23 10:42:57,948.76
13134,13134,Credit Card,2025-12-30 02:09:29,1328.56
13135,13135,Credit Card,2024-12-27 03:42:10,4495.42
13136,13136,Cash,2024-08-09 23:09:35,662.19
13137,13137,PayPal,2025-12-06 05:35:13,2303.3
13138,13138,Credit Card,2025-03-17 21:26:52,3573.07
13139,13139,PayPal,2024-09-26 09:53:10,1540.45
13140,13140,Cash,2024-11-14 11:49:46,2692.38
13141,13141,PayPal,2024-08-20 11:01:45,1348.48
13142,13142,Credit Card,2025-06-20 16:19:54,1118.12
13143,13143,Bank Transfer,2025-10-07 04:59:53,260.1
13144,13144,Bank Transfer,2025-05-12 16:01:27,828.6
13145,13145,Credit Card,2025-12-08 09:23:57,813.39
13146,13146,PayPal,2026-05-16 13:58:32,3004.67
13147,13147,Credit Card,2026-04-02 23:02:11,465.87
13148,13148,PayPal,2024-09-01 00:51:35,5488.86
13149,13149,Bank Transfer,2025-12-25 23:42:03,1407.55
13150,13150,Bank Transfer,2026-01-17 13:41:45,1533.16
13151,13151,Cash,2025-05-25 15:50:43,1448.37
13152,13152,Bank Transfer,2025-02-14 22:41:31,120.76
13153,13153,Credit Card,2026-01-30 23:11:11,3377.94
13154,13154,Credit Card,2025-11-16 23:25:19,527.05
13155,13155,Bank Transfer,2026-07-22 07:52:19,1421.82
13156,13156,PayPal,2024-09-20 15:10:50,2535.01
13157,13157,Cash,2026-03-20 02:18:07,2194.47
13158,13158,Credit Card,2025-04-27 04:38:03,1866.78
13159,13159,Credit Card,2026-03-17 01:26:25,456.48
13160,13160,Credit Card,2025-04-30 16:49:57,303.74
13161,13161,PayPal,2024-10-07 14:51:06,2386.19
13162,13162,Credit Card,2025-09-16 22:32:56,651.06
13163,13163,Cash,2025-04-30 02:21:12,1872.52
13164,13164,PayPal,2024-12-11 18:58:05,2491.32
13165,13165,Bank Transfer,2024-09-26 12:10:14,5964.47
13166,13166,Cash,2024-12-04 02:58:47,2543.04
13167,13167,Bank Transfer,2025-08-22 00:21:30,2089.47
13168,13168,Cash,2026-06-06 19:40:46,2570.4
13169,13169,Credit Card,2024-11-15 20:06:20,1767.12
13170,13170,Credit Card,2025-04-24 05:14:03,3091.92
13171,13171,Credit Card,2024-11-28 03:23:12,242.19
13172,13172,Credit Card,2024-12-16 22:24:05,1349.06
13173,13173,Bank Transfer,2024-11-10 03:00:58,187.56
13174,13174,Cash,2026-06-17 04:29:25,2290.24
13175,13175,Bank Transfer,2026-02-02 11:07:16,818.42
13176,13176,Credit Card,2025-03-04 14:08:38,1376.03
13177,13177,Cash,2025-08-17 22:46:56,3105.34
13178,13178,Cash,2025-03-13 19:32:53,1326.52
13179,13179,Cash,2025-03-17 16:04:21,1280.96
13180,13180,PayPal,2025-07-27 10:37:37,241.52
13181,13181,PayPal,2026-03-19 03:53:10,1768.0
13182,13182,PayPal,2026-06-14 02:31:18,1196.9
13183,13183,Bank Transfer,2025-02-03 09:48:18,2724.96
13184,13184,Credit Card,2025-08-11 14:48:20,280.14
13185,13185,Cash,2025-08-17 08:56:46,134.08
13186,13186,Credit Card,2025-10-13 17:27:13,2859.5
13187,13187,Bank Transfer,2025-12-05 20:13:45,1576.22
13188,13188,PayPal,2026-03-23 14:26:48,3116.46
13189,13189,Credit Card,2026-04-04 07:27:52,2015.65
13190,13190,Credit Card,2025-09-25 02:02:57,2319.99
13191,13191,Bank Transfer,2026-07-31 16:37:51,1881.62
13192,13192,Bank Transfer,2026-07-08 03:09:44,2209.13
13193,13193,PayPal,2025-06-21 04:52:21,2114.92
13194,13194,PayPal,2024-12-12 13:11:39,1393.28
13195,13195,Cash,2025-03-16 19:03:13,1426.95
13196,13196,Bank Transfer,2025-08-18 07:54:10,571.4
13197,13197,Credit Card,2024-11-23 07:11:41,1336.7
13198,13198,Cash,2025-04-04 09:22:47,1279.23
13199,13199,Credit Card,2024-10-05 13:05:15,3712.62
13200,13200,PayPal,2026-04-28 02:10:48,2402.8
13201,13201,Bank Transfer,2025-09-17 00:27:27,146.2
13202,13202,PayPal,2025-12-29 10:31:52,2034.28
13203,13203,PayPal,2024-12-01 13:28:05,587.04
13204,13204,Bank Transfer,2025-12-25 04:37:41,1177.2
13205,13205,Cash,2025-11-19 02:22:02,1034.97
13206,13206,Credit Card,2025-09-18 13:18:05,3763.44
13207,13207,Bank Transfer,2025-09-09 12:10:59,1506.25
13208,13208,Bank Transfer,2025-07-15 06:39:01,2531.0
13209,13209,PayPal,2026-02-07 09:03:48,1067.32
13210,13210,Cash,2025-03-02 06:39:25,2474.46
13211,13211,Credit Card,2025-07-03 16:33:56,2438.64
13212,13212,Cash,2026-01-07 01:50:04,1736.2
13213,13213,PayPal,2026-06-29 07:22:36,1619.67
13214,13214,PayPal,2026-05-10 04:15:40,1575.6
13215,13215,Cash,2025-04-11 05:34:41,2845.46
13216,13216,Bank Transfer,2025-01-01 18:12:43,212.93
13217,13217,Bank Transfer,2025-11-29 00:30:45,4877.06
13218,13218,Bank Transfer,2026-01-08 18:27:36,476.19
13219,13219,Cash,2024-10-27 17:44:30,437.98
13220,13220,Bank Transfer,2025-03-23 13:22:06,2826.34
13221,13221,Cash,2024-10-09 08:19:28,412.34
13222,13222,PayPal,2025-07-30 10:16:09,1274.88
13223,13223,Bank Transfer,2026-02-13 08:51:07,950.39
13224,13224,Bank Transfer,2026-04-13 15:04:10,1772.59
13225,13225,Cash,2025-11-14 19:31:13,5589.23
13226,13226,Cash,2025-12-03 23:24:15,4135.71
13227,13227,PayPal,2026-03-17 13:16:45,2744.72
13228,13228,Cash,2025-10-14 00:30:41,2210.69
13229,13229,Bank Transfer,2025-10-01 12:57:19,167.56
13230,13230,Credit Card,2024-09-28 03:30:25,2951.38
13231,13231,PayPal,2025-05-03 17:22:45,1912.43
13232,13232,PayPal,2025-10-29 04:08:17,1003.92
13233,13233,Cash,2024-12-12 14:15:33,957.64
13234,13234,PayPal,2024-09-18 07:08:20,1009.14
13235,13235,PayPal,2025-08-14 08:19:55,2520.89
13236,13236,PayPal,2024-09-02 20:19:08,4632.79
13237,13237,Bank Transfer,2024-12-20 08:34:37,2074.82
13238,13238,PayPal,2026-05-26 17:57:59,854.47
13239,13239,Credit Card,2025-05-13 14:14:54,761.86
13240,13240,PayPal,2025-06-13 12:38:18,1211.64
13241,13241,Credit Card,2026-02-09 00:29:20,990.77
13242,13242,Bank Transfer,2025-06-03 12:20:22,700.3
13243,13243,Cash,2024-08-29 04:28:31,2675.75
13244,13244,PayPal,2026-05-14 15:35:04,909.48
13245,13245,Bank Transfer,2025-07-14 17:02:53,2744.08
13246,13246,Cash,2026-02-19 16:04:38,1975.13
13247,13247,PayPal,2025-08-06 10:12:28,199.87
13248,13248,Bank Transfer,2025-12-12 20:35:10,513.72
13249,13249,PayPal,2024-10-24 11:39:14,475.6
13250,13250,Cash,2026-07-13 23:45:50,1991.75
13251,13251,Cash,2025-06-20 12:30:26,1773.67
13252,13252,Credit Card,2025-05-13 01:11:43,1420.58
13253,13253,Cash,2024-08-24 12:49:26,739.99
13254,13254,Credit Card,2025-01-17 10:20:11,2021.76
13255,13255,Bank Transfer,2026-02-12 12:02:38,2391.7
13256,13256,Bank Transfer,2024-12-16 11:43:55,881.54
13257,13257,Credit Card,2025-05-11 06:36:23,1194.99
13258,13258,Credit Card,2024-08-17 08:04:40,2273.39
13259,13259,Cash,2025-08-06 22:08:59,2245.96
13260,13260,PayPal,2025-05-09 06:30:34,919.52
13261,13261,PayPal,2025-05-07 21:42:21,1358.7
13262,13262,Credit Card,2025-11-02 23:47:12,3047.56
13263,13263,PayPal,2025-10-20 07:09:42,43.92
13264,13264,PayPal,2025-09-09 16:14:58,3295.67
13265,13265,Bank Transfer,2024-12-05 00:31:01,1980.85
13266,13266,Bank Transfer,2025-08-22 13:02:36,1778.43
13267,13267,Cash,2026-04-23 10:57:33,657.41
13268,13268,Cash,2026-01-13 08:54:07,2473.03
13269,13269,Bank Transfer,2026-03-06 18:16:13,797.36
13270,13270,Bank Transfer,2025-12-21 09:12:04,2964.1
13271,13271,PayPal,2026-03-07 12:47:38,1757.11
13272,13272,Cash,2026-04-12 22:44:48,1130.19
13273,13273,PayPal,2026-08-02 09:04:54,985.46
13274,13274,Bank Transfer,2025-03-02 17:25:38,2828.99
13275,13275,Bank Transfer,2026-06-07 02:46:50,241.01
13276,13276,Credit Card,2025-04-18 07:07:16,387.2
13277,13277,Cash,2026-02-18 07:24:54,2124.98
13278,13278,Credit Card,2026-07-29 19:05:13,3170.24
13279,13279,Cash,2025-01-12 10:09:20,2424.48
13280,13280,PayPal,2024-09-19 02:36:50,423.65
13281,13281,Bank Transfer,2025-04-26 11:52:30,1781.18
13282,13282,Credit Card,2026-04-16 17:09:57,3242.43
13283,13283,Credit Card,2025-06-29 07:41:36,1641.68
13284,13284,Cash,2025-12-10 02:39:10,602.6
13285,13285,Cash,2026-06-18 16:29:53,5286.68
13286,13286,Credit Card,2026-07-10 07:51:48,1473.97
13287,13287,PayPal,2025-02-15 00:20:47,2318.56
13288,13288,Cash,2024-10-04 22:38:21,1957.45
13289,13289,Cash,2024-08-16 06:31:15,4024.31
13290,13290,Bank Transfer,2026-03-01 12:30:59,2222.82
13291,13291,Credit Card,2026-07-17 19:28:18,2672.88
13292,13292,Bank Transfer,2025-06-10 18:28:02,256.62
13293,13293,Cash,2026-07-08 21:24:03,2683.84
13294,13294,Credit Card,2025-05-26 07:09:14,1648.79
13295,13295,Bank Transfer,2025-06-17 10:25:46,3895.48
13296,13296,Credit Card,2025-02-05 21:25:52,2251.46
13297,13297,Bank Transfer,2024-12-27 09:14:55,2469.08
13298,13298,Cash,2024-11-21 20:50:54,417.69
13299,13299,PayPal,2025-02-28 03:43:30,3074.53
13300,13300,Cash,2026-05-26 00:26:13,563.28
13301,13301,Credit Card,2025-04-05 13:44:17,2888.23
13302,13302,Credit Card,2025-02-07 14:04:52,328.32
13303,13303,Cash,2025-02-28 15:36:58,3160.45
13304,13304,Credit Card,2025-02-02 22:31:14,1423.22
13305,13305,Bank Transfer,2025-09-06 01:23:58,1263.01
13306,13306,Credit Card,2026-04-11 18:22:52,1799.79
13307,13307,PayPal,2026-05-26 21:14:24,3548.17
13308,13308,PayPal,2024-11-19 00:16:03,344.99
13309,13309,Bank Transfer,2024-10-21 11:40:51,584.45
13310,13310,Cash,2024-11-28 09:31:44,2789.96
13311,13311,Cash,2025-01-16 14:54:19,901.29
13312,13312,PayPal,2025-03-24 23:06:11,3998.01
13313,13313,Credit Card,2024-12-08 08:34:39,1481.69
13314,13314,Credit Card,2024-09-30 08:27:57,2061.44
13315,13315,Cash,2026-04-18 20:59:40,1728.15
13316,13316,Bank Transfer,2025-06-14 01:42:34,1916.39
13317,13317,Bank Transfer,2026-01-21 19:44:07,1543.6
13318,13318,Credit Card,2025-03-08 16:00:33,73.58
13319,13319,Credit Card,2026-07-29 07:47:25,4609.41
13320,13320,Bank Transfer,2025-12-24 07:50:06,1478.2
13321,13321,PayPal,2025-09-26 17:05:11,2047.32
13322,13322,Credit Card,2024-10-15 17:54:42,2951.26
13323,13323,Bank Transfer,2026-04-21 17:11:23,2246.22
13324,13324,Cash,2026-07-04 07:09:18,86.7
13325,13325,Credit Card,2024-09-21 12:52:50,385.32
13326,13326,PayPal,2026-04-08 06:27:40,3014.45
13327,13327,Cash,2025-02-18 01:54:26,1540.66
13328,13328,Credit Card,2026-06-08 14:22:02,1697.6
13329,13329,PayPal,2025-11-10 16:47:31,1735.01
13330,13330,Bank Transfer,2025-01-28 12:20:02,2621.14
13331,13331,Cash,2024-09-21 14:03:19,3126.29
13332,13332,PayPal,2025-01-07 14:22:09,528.59
13333,13333,Cash,2024-10-02 17:09:17,227.78
13334,13334,Cash,2024-09-08 17:04:39,39.05
13335,13335,Cash,2025-10-31 04:13:00,2203.14
13336,13336,Bank Transfer,2025-12-06 19:08:57,2480.76
13337,13337,Credit Card,2026-06-10 03:06:45,2210.8
13338,13338,Cash,2024-09-10 22:41:20,849.02
13339,13339,Bank Transfer,2026-03-18 15:18:10,2391.52
13340,13340,PayPal,2025-10-02 09:25:56,385.66
13341,13341,PayPal,2024-12-06 10:11:16,2695.76
13342,13342,Bank Transfer,2024-08-31 19:59:31,1688.94
13343,13343,PayPal,2025-05-26 12:16:51,1842.83
13344,13344,Credit Card,2026-01-16 18:30:43,3007.98
13345,13345,PayPal,2024-08-28 14:37:28,1946.27
13346,13346,Bank Transfer,2025-07-10 14:00:31,809.06
13347,13347,PayPal,2025-02-17 03:41:01,1747.6
13348,13348,Bank Transfer,2026-01-27 16:25:49,3189.65
13349,13349,PayPal,2025-07-11 07:46:01,2463.7
13350,13350,PayPal,2025-07-14 18:10:14,2816.85
13351,13351,Cash,2026-05-07 07:20:42,1346.29
13352,13352,Bank Transfer,2026-05-23 12:42:37,672.21
13353,13353,Credit Card,2025-03-13 20:39:34,3979.56
13354,13354,Cash,2026-01-04 09:41:49,2121.83
13355,13355,Credit Card,2025-05-29 04:29:20,2935.18
13356,13356,Cash,2024-09-19 02:25:00,1338.77
13357,13357,Bank Transfer,2024-09-08 07:51:31,1470.2
13358,13358,PayPal,2025-05-08 07:04:34,582.05
13359,13359,PayPal,2026-04-04 23:38:56,1932.67
13360,13360,Bank Transfer,2026-07-13 21:38:28,2611.96
13361,13361,Bank Transfer,2026-06-27 00:25:10,1849.31
13362,13362,Bank Transfer,2025-03-13 14:37:33,1175.18
13363,13363,Cash,2025-03-18 10:57:17,93.43
13364,13364,Bank Transfer,2024-09-06 05:36:06,1709.12
13365,13365,PayPal,2025-08-19 05:07:16,3823.87
13366,13366,PayPal,2026-06-29 08:51:28,124.28
13367,13367,PayPal,2025-11-13 23:27:53,3362.01
13368,13368,Credit Card,2026-03-04 16:40:39,903.52
13369,13369,Bank Transfer,2025-03-09 01:53:25,4671.75
13370,13370,Credit Card,2025-03-31 19:28:42,141.96
13371,13371,PayPal,2026-07-18 21:45:43,671.5
13372,13372,Bank Transfer,2025-02-21 12:56:17,2229.18
13373,13373,Bank Transfer,2025-03-18 04:00:37,3701.81
13374,13374,Cash,2026-07-23 12:57:28,19.37
13375,13375,Cash,2025-08-01 08:27:37,1062.93
13376,13376,Bank Transfer,2025-01-18 01:03:10,975.07
13377,13377,PayPal,2025-07-06 23:59:17,526.52
13378,13378,Credit Card,2025-05-25 16:09:24,2092.11
13379,13379,Cash,2026-05-25 04:32:56,1764.75
13380,13380,Cash,2025-05-25 03:47:33,3047.61
13381,13381,Credit Card,2026-06-05 10:42:50,1343.61
13382,13382,Bank Transfer,2025-04-21 14:58:00,1866.51
13383,13383,Cash,2026-02-08 15:27:20,3298.69
13384,13384,Credit Card,2025-02-24 20:32:58,1002.03
13385,13385,Cash,2025-06-10 11:07:41,891.22
13386,13386,PayPal,2025-03-02 18:44:12,2723.67
13387,13387,Credit Card,2025-02-16 23:36:17,381.48
13388,13388,Bank Transfer,2025-03-31 22:41:16,3235.16
13389,13389,Cash,2024-11-03 00:46:15,505.68
13390,13390,Credit Card,2024-10-19 19:22:39,118.38
13391,13391,Cash,2025-08-05 23:27:26,2395.21
13392,13392,PayPal,2024-12-09 22:05:59,1007.85
13393,13393,Bank Transfer,2025-01-06 22:57:40,1741.32
13394,13394,PayPal,2024-10-09 01:35:08,812.83
13395,13395,Bank Transfer,2025-06-05 08:53:59,3482.0
13396,13396,PayPal,2025-06-01 11:18:04,2508.14
13397,13397,Bank Transfer,2025-04-09 23:25:37,1398.02
13398,13398,Cash,2026-03-23 07:09:32,679.14
13399,13399,Credit Card,2024-08-10 11:54:37,2782.45
13400,13400,Cash,2026-07-09 06:16:57,930.44
13401,13401,Bank Transfer,2024-11-12 08:41:58,1949.53
13402,13402,Credit Card,2026-02-08 16:16:24,1602.96
13403,13403,PayPal,2024-12-21 20:24:37,993.6
13404,13404,PayPal,2026-05-30 11:08:40,202.5
13405,13405,Cash,2025-01-23 18:06:46,1628.24
13406,13406,Cash,2025-12-09 10:16:06,2241.94
13407,13407,PayPal,2026-04-25 02:34:50,3888.52
13408,13408,Cash,2024-12-29 17:11:44,1502.67
13409,13409,Credit Card,2024-11-04 02:40:08,1458.13
13410,13410,Cash,2024-10-27 12:45:38,1929.79
13411,13411,Bank Transfer,2025-04-19 05:55:19,4688.95
13412,13412,Credit Card,2024-09-15 13:29:07,1053.17
13413,13413,PayPal,2025-09-03 23:48:04,272.72
13414,13414,PayPal,2026-05-31 10:12:01,2249.58
13415,13415,PayPal,2025-02-25 00:20:43,3571.64
13416,13416,Cash,2024-09-23 12:48:41,641.83
13417,13417,PayPal,2025-11-26 14:20:10,747.87
13418,13418,Bank Transfer,2025-08-17 03:59:53,1499.82
13419,13419,Credit Card,2026-07-27 10:39:25,4635.44
13420,13420,Bank Transfer,2024-10-06 05:12:45,1912.52
13421,13421,PayPal,2025-12-23 00:59:43,2648.64
13422,13422,Credit Card,2025-09-01 03:37:52,1213.59
13423,13423,Cash,2026-06-01 01:55:02,2824.6
13424,13424,Credit Card,2025-09-29 17:57:26,1522.85
13425,13425,Cash,2024-09-10 12:43:15,2768.0
13426,13426,Cash,2025-10-04 02:24:18,1854.33
13427,13427,PayPal,2026-03-17 15:30:08,571.52
13428,13428,Cash,2026-01-03 01:01:32,4201.44
13429,13429,Bank Transfer,2025-07-03 13:59:15,1539.21
13430,13430,Cash,2025-11-08 20:03:34,2528.94
13431,13431,PayPal,2024-12-05 18:29:59,428.89
13432,13432,Bank Transfer,2025-10-14 07:28:11,2935.79
13433,13433,Bank Transfer,2025-01-24 02:51:16,2135.61
13434,13434,Cash,2026-04-18 23:05:26,1264.97
13435,13435,PayPal,2025-02-07 14:11:40,338.03
13436,13436,Cash,2025-07-28 11:42:36,632.53
13437,13437,PayPal,2025-04-08 05:47:03,570.4
13438,13438,Bank Transfer,2025-04-27 05:14:26,86.7
13439,13439,Cash,2025-10-27 15:11:16,1280.85
13440,13440,Bank Transfer,2024-09-12 15:01:54,259.6
13441,13441,PayPal,2024-11-04 19:54:15,1222.4
13442,13442,Bank Transfer,2026-04-13 14:11:08,1111.22
13443,13443,Bank Transfer,2026-04-20 00:48:33,893.26
13444,13444,PayPal,2025-07-16 01:18:25,2687.78
13445,13445,Bank Transfer,2026-04-09 03:01:48,734.66
13446,13446,Cash,2026-07-12 09:52:05,2764.84
13447,13447,Credit Card,2026-05-22 10:53:01,2564.7
13448,13448,Credit Card,2026-04-08 03:48:03,446.33
13449,13449,Cash,2026-03-08 04:35:55,1207.7
13450,13450,Credit Card,2026-04-29 06:56:47,2168.54
13451,13451,Credit Card,2025-09-07 04:31:24,964.56
13452,13452,Bank Transfer,2024-08-20 00:34:39,1653.33
13453,13453,Cash,2025-12-11 14:36:34,1463.66
13454,13454,Bank Transfer,2025-12-24 19:16:01,2701.95
13455,13455,Bank Transfer,2026-03-20 18:56:26,2322.9
13456,13456,PayPal,2025-01-31 07:32:39,2218.64
13457,13457,Cash,2025-09-04 15:06:48,2905.11
13458,13458,PayPal,2026-01-08 20:45:53,2623.59
13459,13459,Cash,2026-03-01 07:02:53,60.22
13460,13460,Bank Transfer,2025-03-21 15:39:35,1696.62
13461,13461,PayPal,2025-10-21 22:57:06,3422.7
13462,13462,PayPal,2025-12-20 01:54:28,1197.39
13463,13463,PayPal,2025-04-06 08:17:25,1476.03
13464,13464,Cash,2024-08-26 10:17:49,2059.65
13465,13465,Bank Transfer,2026-02-19 13:21:23,1456.74
13466,13466,PayPal,2025-12-15 23:50:28,1548.35
13467,13467,Bank Transfer,2025-02-22 23:47:03,4011.07
13468,13468,Cash,2024-09-10 16:50:15,2560.64
13469,13469,Cash,2025-07-07 02:32:49,2858.29
13470,13470,Bank Transfer,2026-03-10 04:56:52,626.3
13471,13471,Credit Card,2025-05-30 07:11:20,3188.05
13472,13472,Cash,2025-10-31 16:29:11,2517.11
13473,13473,Cash,2025-08-12 09:03:20,3408.27
13474,13474,PayPal,2026-04-14 15:57:04,2785.59
13475,13475,Bank Transfer,2026-04-19 16:57:03,2886.09
13476,13476,PayPal,2025-08-31 22:47:45,1624.16
13477,13477,Bank Transfer,2025-07-06 23:19:12,951.3
13478,13478,Cash,2025-02-18 13:14:26,2610.65
13479,13479,Cash,2025-10-31 02:06:06,2307.15
13480,13480,Credit Card,2024-08-27 06:54:21,1081.11
13481,13481,PayPal,2025-06-17 10:04:38,2816.76
13482,13482,PayPal,2026-07-18 17:00:32,720.28
13483,13483,Bank Transfer,2025-09-16 05:33:21,4760.8
13484,13484,Bank Transfer,2026-01-02 03:46:01,2080.14
13485,13485,Credit Card,2026-04-21 15:11:21,228.24
13486,13486,PayPal,2024-12-02 05:29:14,1335.32
13487,13487,PayPal,2026-03-06 16:37:22,379.12
13488,13488,Bank Transfer,2025-07-29 12:24:34,2839.82
13489,13489,PayPal,2025-04-14 03:12:58,1213.59
13490,13490,Credit Card,2025-11-13 11:38:55,342.48
13491,13491,Bank Transfer,2026-05-26 01:34:08,3212.16
13492,13492,Credit Card,2026-02-28 16:18:57,203.64
13493,13493,Cash,2024-10-19 02:40:54,917.89
13494,13494,Cash,2024-09-19 19:03:26,276.62
13495,13495,Credit Card,2026-02-16 06:58:26,1998.86
13496,13496,Bank Transfer,2025-03-28 14:20:58,1775.69
13497,13497,PayPal,2024-09-11 22:27:46,581.64
13498,13498,Cash,2025-09-12 02:33:00,2657.64
13499,13499,Credit Card,2025-06-07 08:29:02,1570.63
13500,13500,Credit Card,2025-09-07 04:53:41,1944.56
13501,13501,Credit Card,2026-04-19 06:19:28,1602.53
13502,13502,PayPal,2024-08-16 10:10:50,3895.66
13503,13503,Cash,2025-01-23 12:39:33,2212.7
13504,13504,PayPal,2024-11-24 21:46:50,2217.85
13505,13505,PayPal,2025-03-13 03:26:30,3054.35
13506,13506,Bank Transfer,2025-08-31 09:50:23,1824.29
13507,13507,Cash,2024-09-03 11:11:19,2483.68
13508,13508,Cash,2026-02-27 20:21:03,1740.21
13509,13509,Credit Card,2026-03-23 19:55:27,386.58
13510,13510,PayPal,2025-08-27 00:52:11,1981.58
13511,13511,Credit Card,2025-04-23 19:39:20,2812.63
13512,13512,Cash,2024-11-10 16:04:58,2929.09
13513,13513,Cash,2024-10-16 03:44:45,969.2
13514,13514,Cash,2025-11-13 10:49:16,3339.34
13515,13515,Cash,2025-02-28 07:23:08,1707.12
13516,13516,PayPal,2025-04-03 01:30:58,180.07
13517,13517,PayPal,2025-09-22 16:38:39,501.76
13518,13518,Cash,2025-11-25 17:51:56,2073.3
13519,13519,Credit Card,2026-01-02 01:40:20,159.3
13520,13520,Cash,2026-02-23 15:23:37,1101.87
13521,13521,Credit Card,2026-03-28 04:18:45,327.12
13522,13522,Bank Transfer,2025-10-28 02:17:59,103.57
13523,13523,PayPal,2026-01-14 19:35:46,1000.83
13524,13524,PayPal,2025-02-12 00:54:48,1571.73
13525,13525,PayPal,2026-07-29 14:23:51,895.98
13526,13526,PayPal,2026-04-26 13:16:18,665.7
13527,13527,Cash,2025-06-09 07:08:18,1201.7
13528,13528,Credit Card,2026-04-07 14:52:06,1652.36
13529,13529,Credit Card,2026-02-12 01:17:04,2835.46
13530,13530,Cash,2025-06-06 14:28:33,828.6
13531,13531,Cash,2026-02-12 12:45:12,2275.59
13532,13532,Bank Transfer,2025-09-08 13:50:05,2678.73
13533,13533,Credit Card,2025-05-09 05:54:15,1351.81
13534,13534,PayPal,2026-05-23 03:58:56,909.84
13535,13535,Bank Transfer,2025-02-15 17:55:35,782.13
13536,13536,PayPal,2026-02-12 12:55:57,1851.93
13537,13537,Cash,2026-01-10 01:17:37,987.18
13538,13538,PayPal,2024-10-24 18:12:36,1392.77
13539,13539,PayPal,2026-03-28 06:52:36,29.28
13540,13540,PayPal,2026-03-27 05:17:06,3383.45
13541,13541,PayPal,2025-08-12 11:17:27,847.19
13542,13542,PayPal,2025-02-20 17:01:39,1627.15
13543,13543,Credit Card,2024-09-02 15:18:15,378.6
13544,13544,Credit Card,2024-09-07 00:49:11,409.74
13545,13545,Cash,2025-03-01 22:47:38,2061.57
13546,13546,Bank Transfer,2024-10-23 17:21:19,2474.84
13547,13547,Credit Card,2025-07-05 06:38:47,1427.13
13548,13548,Bank Transfer,2026-01-22 17:52:45,1638.9
13549,13549,Credit Card,2024-11-07 06:50:43,2177.73
13550,13550,Credit Card,2025-02-25 21:36:25,2031.38
13551,13551,Cash,2025-02-02 11:55:40,2638.35
13552,13552,Cash,2025-03-08 19:11:42,2116.78
13553,13553,Cash,2025-11-04 18:32:41,1122.76
13554,13554,Bank Transfer,2025-12-04 15:55:21,666.99
13555,13555,Bank Transfer,2025-09-01 06:04:09,2103.97
13556,13556,Credit Card,2024-12-15 22:36:39,2185.45
13557,13557,PayPal,2025-10-01 10:51:28,1132.46
13558,13558,Cash,2026-02-27 10:56:45,1664.05
13559,13559,Bank Transfer,2025-11-12 11:01:52,166.79
13560,13560,Credit Card,2026-03-17 13:46:55,3178.82
13561,13561,Cash,2025-02-14 15:05:58,3226.61
13562,13562,PayPal,2024-08-15 20:13:42,4097.94
13563,13563,PayPal,2025-12-08 19:33:05,1866.2
13564,13564,Cash,2026-01-29 20:20:44,847.05
13565,13565,Bank Transfer,2024-09-29 22:07:13,2559.08
13566,13566,Cash,2024-08-06 14:01:43,1948.42
13567,13567,Cash,2025-03-08 20:01:42,2005.61
13568,13568,Credit Card,2025-05-21 07:05:29,2395.84
13569,13569,Cash,2026-05-15 19:02:40,2450.74
13570,13570,Credit Card,2025-10-28 20:13:12,2314.1
13571,13571,Bank Transfer,2024-12-12 04:46:51,3091.89
13572,13572,Credit Card,2025-03-17 03:10:21,2473.44
13573,13573,Bank Transfer,2024-12-03 18:57:21,2315.39
13574,13574,Credit Card,2025-04-03 04:41:46,1000.83
13575,13575,Credit Card,2024-08-25 00:40:18,893.1
13576,13576,Bank Transfer,2025-11-23 10:43:58,756.36
13577,13577,Credit Card,2024-08-24 19:14:52,1935.73
13578,13578,Cash,2025-12-03 18:01:11,342.62
13579,13579,PayPal,2025-12-07 18:14:26,283.92
13580,13580,Credit Card,2025-06-19 15:35:51,2030.42
13581,13581,PayPal,2026-01-24 09:55:03,4398.35
13582,13582,PayPal,2024-11-03 09:52:47,1351.74
13583,13583,PayPal,2025-04-22 09:14:00,2852.15
13584,13584,Bank Transfer,2025-08-24 16:28:46,2629.75
13585,13585,Bank Transfer,2025-11-23 05:00:36,2109.34
13586,13586,Cash,2025-03-24 21:22:47,3022.82
13587,13587,Cash,2026-04-21 18:45:16,1051.23
13588,13588,PayPal,2025-01-24 23:42:14,1490.23
13589,13589,Bank Transfer,2025-02-24 17:44:52,1508.38
13590,13590,Credit Card,2024-08-22 00:20:45,304.39
13591,13591,Cash,2024-09-12 04:23:20,1591.8
13592,13592,Cash,2024-11-06 16:00:55,657.6
13593,13593,Cash,2025-01-20 21:52:38,2179.8
13594,13594,Cash,2025-12-17 07:51:19,2771.09
13595,13595,PayPal,2026-03-26 04:59:20,283.76
13596,13596,Bank Transfer,2025-03-29 11:40:50,2764.43
13597,13597,Credit Card,2025-05-20 00:14:41,424.63
13598,13598,PayPal,2025-10-23 04:51:45,4841.65
13599,13599,Bank Transfer,2025-04-10 22:40:53,3096.1
13600,13600,Bank Transfer,2024-09-11 09:16:58,4936.18
13601,13601,Bank Transfer,2025-10-22 15:23:01,1460.93
13602,13602,Bank Transfer,2026-06-11 03:28:12,1968.18
13603,13603,Bank Transfer,2025-03-19 02:47:45,3088.36
13604,13604,PayPal,2025-03-28 09:34:14,1463.08
13605,13605,Credit Card,2025-03-06 01:08:55,481.56
13606,13606,Cash,2024-10-31 02:16:53,943.89
13607,13607,Credit Card,2026-07-05 14:09:32,1191.79
13608,13608,Credit Card,2025-09-22 22:40:55,4157.29
13609,13609,Bank Transfer,2025-10-15 18:22:22,1005.79
13610,13610,PayPal,2025-11-07 13:20:47,1120.94
13611,13611,Credit Card,2024-09-22 09:07:53,2372.85
13612,13612,PayPal,2025-12-29 14:06:58,2960.36
13613,13613,Bank Transfer,2026-05-22 17:50:13,356.73
13614,13614,Credit Card,2025-05-02 12:31:09,403.88
13615,13615,Bank Transfer,2025-02-25 07:09:00,1393.38
13616,13616,Credit Card,2025-10-12 17:38:58,1326.75
13617,13617,Bank Transfer,2025-10-20 00:37:12,1342.65
13618,13618,Bank Transfer,2024-12-25 11:58:15,923.77
13619,13619,Bank Transfer,2025-03-04 17:39:55,1307.32
13620,13620,PayPal,2025-12-11 17:44:17,3629.42
13621,13621,Cash,2025-07-30 18:24:16,3711.86
13622,13622,PayPal,2025-01-27 15:43:52,329.31
13623,13623,Credit Card,2026-02-07 06:41:23,3170.28
13624,13624,Cash,2025-10-17 19:28:25,596.25
13625,13625,PayPal,2025-02-11 06:32:46,92.06
13626,13626,Credit Card,2025-01-01 10:38:34,1719.82
13627,13627,Credit Card,2025-07-10 16:40:11,3191.59
13628,13628,Bank Transfer,2025-12-01 02:09:04,722.5
13629,13629,Bank Transfer,2024-11-16 05:31:15,1257.67
13630,13630,Bank Transfer,2026-06-19 10:40:19,2186.56
13631,13631,Bank Transfer,2026-04-12 23:49:56,1525.14
13632,13632,PayPal,2024-08-26 00:39:42,1393.04
13633,13633,PayPal,2026-04-26 03:35:58,566.52
13634,13634,Cash,2026-02-13 17:37:01,2739.5
13635,13635,PayPal,2024-10-06 18:21:54,2276.68
13636,13636,PayPal,2025-10-16 02:55:54,3290.75
13637,13637,Cash,2026-02-04 19:23:19,2060.6
13638,13638,Cash,2025-02-10 04:36:45,136.36
13639,13639,Credit Card,2025-06-15 06:02:26,1845.0
13640,13640,PayPal,2026-03-24 14:55:46,46.19
13641,13641,Bank Transfer,2025-02-19 19:51:28,10.56
13642,13642,Cash,2025-07-30 10:24:15,3767.28
13643,13643,PayPal,2026-03-18 15:35:32,969.42
13644,13644,PayPal,2026-02-08 21:17:06,1526.84
13645,13645,Credit Card,2025-12-22 00:15:03,1364.72
13646,13646,PayPal,2026-05-13 21:30:21,2758.88
13647,13647,Cash,2024-11-08 15:13:36,380.18
13648,13648,PayPal,2025-07-04 23:27:04,1939.82
13649,13649,Bank Transfer,2024-10-25 16:52:35,1586.8
13650,13650,Credit Card,2025-05-30 05:36:04,1053.04
13651,13651,Credit Card,2025-06-27 04:47:27,17.52
13652,13652,Bank Transfer,2024-10-26 06:22:58,446.36
13653,13653,Credit Card,2026-02-05 18:13:41,1473.78
13654,13654,Credit Card,2025-07-15 06:58:34,3218.69
13655,13655,PayPal,2025-05-15 14:13:50,2093.56
13656,13656,Cash,2026-01-13 19:26:58,772.35
13657,13657,PayPal,2025-11-14 03:54:05,3458.13
13658,13658,Bank Transfer,2025-01-20 07:28:28,852.82
13659,13659,Cash,2026-08-01 19:01:52,2530.92
13660,13660,PayPal,2025-11-30 16:10:20,156.2
13661,13661,PayPal,2024-08-16 21:15:27,1457.32
13662,13662,Credit Card,2025-08-12 18:54:49,1602.86
13663,13663,Credit Card,2024-08-25 09:42:41,1828.7
13664,13664,Cash,2025-08-30 14:31:03,2198.44
13665,13665,PayPal,2024-08-30 13:47:39,1744.9
13666,13666,Bank Transfer,2024-08-11 13:03:48,40.08
13667,13667,Cash,2026-03-02 17:23:25,577.81
13668,13668,Cash,2026-07-17 14:07:47,3075.13
13669,13669,Credit Card,2025-11-18 16:23:51,1461.34
13670,13670,PayPal,2026-05-30 18:00:59,1257.04
13671,13671,Cash,2024-12-27 04:10:26,2326.73
13672,13672,Credit Card,2026-06-28 10:18:06,2657.89
13673,13673,PayPal,2025-11-24 00:05:26,1054.52
13674,13674,PayPal,2025-07-13 19:04:52,1260.5
13675,13675,Credit Card,2026-01-12 00:52:13,2314.7
13676,13676,Credit Card,2025-12-14 21:34:36,2529.7
13677,13677,PayPal,2026-05-22 17:32:15,2294.41
13678,13678,Credit Card,2024-09-09 04:35:58,1534.42
13679,13679,Cash,2026-01-15 18:12:26,3306.3
13680,13680,PayPal,2026-06-05 01:52:19,581.52
13681,13681,Credit Card,2024-10-12 09:17:44,1682.25
13682,13682,Cash,2024-08-20 15:21:26,3028.49
13683,13683,Cash,2025-04-14 16:02:32,2140.28
13684,13684,PayPal,2026-01-05 21:18:48,2373.17
13685,13685,PayPal,2026-07-20 06:04:26,3597.07
13686,13686,PayPal,2025-06-29 20:41:31,1285.48
13687,13687,PayPal,2025-09-28 16:51:18,1403.62
13688,13688,Credit Card,2025-12-25 19:12:22,4819.42
13689,13689,Cash,2025-01-25 05:12:13,1776.76
13690,13690,Bank Transfer,2024-12-22 11:45:27,889.56
13691,13691,Bank Transfer,2025-11-13 17:10:14,2129.59
13692,13692,Bank Transfer,2024-11-09 02:44:23,1447.08
13693,13693,Bank Transfer,2026-06-28 19:21:10,1713.94
13694,13694,Bank Transfer,2025-10-10 01:55:37,1990.53
13695,13695,PayPal,2024-11-25 10:40:57,1074.14
13696,13696,Cash,2024-12-03 21:32:03,2682.15
13697,13697,PayPal,2026-07-16 13:30:11,2377.87
13698,13698,Bank Transfer,2026-06-12 01:22:21,365.63
13699,13699,PayPal,2025-03-11 13:59:50,995.7
13700,13700,Credit Card,2025-09-25 09:32:41,2522.48
13701,13701,Bank Transfer,2025-05-06 00:40:35,2806.34
13702,13702,Credit Card,2024-11-17 02:49:14,1462.31
13703,13703,PayPal,2024-09-27 16:50:38,600.44
13704,13704,Cash,2026-03-04 13:48:57,1020.61
13705,13705,Cash,2026-04-30 12:21:29,117.02
13706,13706,Cash,2025-07-25 04:56:49,1889.38
13707,13707,PayPal,2025-12-03 03:58:44,4504.63
13708,13708,Credit Card,2026-04-22 03:07:03,4628.44
13709,13709,Bank Transfer,2025-02-17 14:34:05,2485.19
13710,13710,Credit Card,2024-12-20 00:35:01,1398.58
13711,13711,Cash,2025-04-26 15:31:22,1776.14
13712,13712,Bank Transfer,2024-09-05 04:30:46,2590.27
13713,13713,Cash,2025-12-09 16:20:05,462.93
13714,13714,PayPal,2026-05-15 01:19:22,951.2
13715,13715,PayPal,2026-04-26 05:22:39,3536.76
13716,13716,PayPal,2024-10-20 08:40:41,2455.66
13717,13717,Bank Transfer,2024-08-13 16:30:15,841.71
13718,13718,Cash,2025-02-05 08:36:07,2991.53
13719,13719,Cash,2024-10-24 08:32:03,3148.33
13720,13720,Cash,2024-10-18 09:54:25,1877.27
13721,13721,PayPal,2026-08-03 05:52:32,1963.47
13722,13722,Bank Transfer,2026-05-24 03:37:47,981.8
13723,13723,PayPal,2026-02-18 16:54:42,1228.87
13724,13724,Bank Transfer,2025-02-24 06:20:42,167.56
13725,13725,Credit Card,2024-08-27 18:07:17,123.4
13726,13726,PayPal,2025-04-10 01:05:43,1724.75
13727,13727,PayPal,2024-12-17 11:01:01,2864.34
13728,13728,Cash,2026-06-11 03:50:55,2543.34
13729,13729,Credit Card,2025-03-30 08:59:53,195.67
13730,13730,Credit Card,2025-05-06 09:53:33,921.35
13731,13731,Bank Transfer,2026-03-04 01:57:33,1860.53
13732,13732,PayPal,2026-03-14 19:34:14,2146.79
13733,13733,Cash,2025-12-26 10:23:30,2799.49
13734,13734,PayPal,2026-05-29 00:35:23,1379.96
13735,13735,Cash,2024-11-14 19:40:12,4245.5
13736,13736,Credit Card,2025-11-03 00:13:53,913.23
13737,13737,Bank Transfer,2025-01-07 17:18:30,998.92
13738,13738,PayPal,2026-02-27 15:51:31,3842.22
13739,13739,Bank Transfer,2024-12-30 05:11:26,2056.97
13740,13740,PayPal,2024-08-27 19:02:38,1447.62
13741,13741,Bank Transfer,2025-06-23 17:22:01,2399.57
13742,13742,PayPal,2024-11-12 18:37:55,1231.36
13743,13743,Cash,2025-06-13 22:56:48,857.0
13744,13744,PayPal,2025-04-23 11:05:56,1817.72
13745,13745,Cash,2025-06-22 10:09:34,2284.02
13746,13746,Credit Card,2024-12-29 12:23:02,853.11
13747,13747,Cash,2025-01-24 13:18:14,1298.19
13748,13748,Bank Transfer,2026-07-25 15:36:07,2773.73
13749,13749,PayPal,2025-06-07 20:43:54,352.08
13750,13750,Credit Card,2025-04-30 02:55:28,1834.37
13751,13751,Credit Card,2026-01-28 14:01:44,70.57
13752,13752,PayPal,2025-12-30 13:26:51,2338.88
13753,13753,Bank Transfer,2025-09-02 07:22:29,916.75
13754,13754,Credit Card,2025-08-05 05:00:52,2422.35
13755,13755,Cash,2026-02-12 12:14:57,321.72
13756,13756,Credit Card,2026-07-05 15:57:34,3144.93
13757,13757,Credit Card,2025-03-13 13:03:30,671.04
13758,13758,Credit Card,2025-08-18 05:58:19,431.25
13759,13759,PayPal,2026-07-11 16:24:04,1505.39
13760,13760,Cash,2026-01-17 07:43:00,677.12
13761,13761,Bank Transfer,2025-11-08 21:23:15,2054.37
13762,13762,Bank Transfer,2026-07-12 18:40:22,1842.43
13763,13763,PayPal,2024-09-21 09:16:17,2291.0
13764,13764,Cash,2025-12-01 21:20:11,1901.53
13765,13765,Credit Card,2024-10-28 19:06:37,920.54
13766,13766,Credit Card,2026-03-26 09:16:17,2826.82
13767,13767,Cash,2026-02-11 03:41:23,2714.31
13768,13768,Cash,2025-08-05 22:52:38,415.18
13769,13769,Credit Card,2025-06-14 17:14:50,1610.89
13770,13770,Bank Transfer,2024-12-02 02:05:10,1324.8
13771,13771,PayPal,2024-11-29 09:45:42,1449.69
13772,13772,Cash,2024-12-25 22:36:52,2117.0
13773,13773,Cash,2024-10-04 06:34:34,3077.91
13774,13774,Credit Card,2025-09-13 22:50:14,1370.23
13775,13775,Cash,2025-01-29 05:45:26,2957.76
13776,13776,Credit Card,2025-09-16 06:11:27,2613.27
13777,13777,Bank Transfer,2025-08-01 09:40:14,2363.33
13778,13778,PayPal,2024-12-16 06:45:59,109.44
13779,13779,Cash,2025-01-30 15:00:11,1185.16
13780,13780,Cash,2025-07-27 04:34:30,553.55
13781,13781,Credit Card,2024-09-19 23:40:07,58.56
13782,13782,Bank Transfer,2025-01-20 14:47:07,673.75
13783,13783,Cash,2025-09-10 06:02:33,1439.19
13784,13784,PayPal,2026-04-14 07:27:30,110.72
13785,13785,Bank Transfer,2025-05-07 14:33:23,1740.86
13786,13786,Credit Card,2025-04-09 18:41:33,1248.72
13787,13787,Cash,2025-02-25 18:43:40,2945.04
13788,13788,Cash,2024-11-09 04:10:16,3440.5
13789,13789,Cash,2024-11-07 10:18:52,1123.29
13790,13790,PayPal,2025-07-30 14:59:15,1487.65
13791,13791,Credit Card,2024-12-28 21:55:53,311.04
13792,13792,Cash,2025-12-17 04:53:51,2673.08
13793,13793,Credit Card,2025-09-15 02:00:15,1978.38
13794,13794,Credit Card,2025-12-26 23:56:52,2235.8
13795,13795,PayPal,2025-09-26 10:32:15,1543.86
13796,13796,Bank Transfer,2024-12-24 02:02:36,2816.94
13797,13797,Cash,2026-07-12 15:14:29,135.2
13798,13798,Bank Transfer,2025-12-27 12:15:55,446.63
13799,13799,Bank Transfer,2025-08-05 11:53:15,326.82
13800,13800,Cash,2026-05-11 15:28:17,3035.26
13801,13801,Bank Transfer,2025-03-07 05:19:30,1982.76
13802,13802,PayPal,2024-09-21 12:21:23,113.61
13803,13803,Cash,2025-01-15 19:40:24,4107.17
13804,13804,PayPal,2025-08-02 02:07:07,1569.19
13805,13805,Credit Card,2025-11-09 12:50:10,4772.21
13806,13806,Credit Card,2026-06-06 21:10:31,2816.6
13807,13807,Cash,2024-08-16 21:43:55,414.2
13808,13808,Credit Card,2026-02-13 17:40:18,605.83
13809,13809,Bank Transfer,2024-11-23 07:38:07,3844.45
13810,13810,Bank Transfer,2025-03-12 20:24:58,2116.13
13811,13811,Bank Transfer,2025-02-05 12:53:31,862.42
13812,13812,PayPal,2025-06-29 01:40:59,424.77
13813,13813,Credit Card,2025-08-14 11:51:09,676.66
13814,13814,Bank Transfer,2024-09-05 22:48:56,1270.87
13815,13815,Bank Transfer,2025-09-11 00:06:11,5505.38
13816,13816,Bank Transfer,2024-11-02 20:32:04,2258.54
13817,13817,Bank Transfer,2025-10-18 18:26:46,499.44
13818,13818,Bank Transfer,2025-11-05 20:21:00,1199.12
13819,13819,Bank Transfer,2026-05-10 19:13:29,120.76
13820,13820,PayPal,2025-03-26 16:55:34,2405.77
13821,13821,Cash,2025-01-26 07:39:00,742.36
13822,13822,PayPal,2025-03-19 05:56:51,1670.89
13823,13823,Bank Transfer,2025-10-21 01:57:47,213.0
13824,13824,Cash,2026-02-25 03:22:06,703.52
13825,13825,Cash,2025-07-22 17:46:53,1996.21
13826,13826,Cash,2025-10-09 22:52:08,1213.59
13827,13827,Credit Card,2026-02-09 13:13:34,1114.73
13828,13828,PayPal,2025-10-08 23:47:15,1539.12
13829,13829,Cash,2024-08-21 14:15:33,3403.11
13830,13830,Credit Card,2024-08-19 01:59:43,152.81
13831,13831,PayPal,2026-03-09 08:06:12,2621.62
13832,13832,PayPal,2024-08-15 18:59:42,906.28
13833,13833,Credit Card,2024-12-25 18:16:53,1374.43
13834,13834,PayPal,2025-03-30 09:17:51,2770.04
13835,13835,PayPal,2025-09-27 07:36:20,3065.38
13836,13836,Bank Transfer,2025-11-01 20:02:26,3295.75
13837,13837,Bank Transfer,2025-01-30 07:05:37,2161.89
13838,13838,PayPal,2024-12-26 13:51:39,2968.45
13839,13839,Cash,2024-10-28 05:54:35,3419.12
13840,13840,Cash,2025-05-13 05:11:03,142.88
13841,13841,Bank Transfer,2025-08-14 16:19:22,411.21
13842,13842,Credit Card,2025-09-19 18:35:38,1946.89
13843,13843,Bank Transfer,2025-09-11 04:18:36,562.69
13844,13844,Cash,2025-03-07 19:14:35,958.5
13845,13845,Cash,2025-11-04 20:31:41,3921.55
13846,13846,Cash,2025-11-14 23:49:40,1809.84
13847,13847,Bank Transfer,2025-08-16 20:22:30,2615.09
13848,13848,Credit Card,2025-11-11 12:28:23,1907.92
13849,13849,Bank Transfer,2025-01-01 17:58:53,2141.57
13850,13850,Credit Card,2025-11-01 09:52:51,486.28
13851,13851,Bank Transfer,2026-01-05 06:30:08,4333.43
13852,13852,Bank Transfer,2025-04-23 19:14:41,2389.81
13853,13853,Cash,2025-08-14 17:23:56,2524.37
13854,13854,PayPal,2025-02-25 08:54:27,3729.72
13855,13855,PayPal,2025-03-04 20:08:47,2653.29
13856,13856,Credit Card,2025-08-22 09:38:48,303.75
13857,13857,Bank Transfer,2026-04-09 20:22:01,2575.49
13858,13858,PayPal,2026-04-27 04:49:37,1886.44
13859,13859,Credit Card,2025-11-14 22:01:15,4105.31
13860,13860,PayPal,2025-11-15 11:54:37,1113.22
13861,13861,Credit Card,2026-05-15 22:12:25,1264.11
13862,13862,Cash,2025-12-02 20:34:37,31.81
13863,13863,Bank Transfer,2025-01-26 05:47:27,3344.15
13864,13864,Cash,2025-10-23 05:13:34,447.86
13865,13865,Credit Card,2025-03-07 19:32:53,1889.27
13866,13866,Bank Transfer,2025-05-21 16:05:50,3492.93
13867,13867,Bank Transfer,2025-10-07 14:44:57,1300.0
13868,13868,Bank Transfer,2026-03-05 15:28:38,2476.2
13869,13869,PayPal,2025-07-12 04:27:03,785.54
13870,13870,Cash,2026-03-27 16:36:43,494.18
13871,13871,Bank Transfer,2024-09-26 17:16:13,2089.16
13872,13872,Credit Card,2025-01-08 10:36:46,1468.81
13873,13873,Bank Transfer,2026-02-11 21:29:02,384.24
13874,13874,Bank Transfer,2025-11-07 21:17:57,1920.13
13875,13875,Bank Transfer,2026-03-21 13:28:12,1209.49
13876,13876,Cash,2024-11-20 17:16:38,735.56
13877,13877,PayPal,2026-04-26 22:40:35,505.74
13878,13878,Bank Transfer,2024-09-13 07:42:13,1233.66
13879,13879,Credit Card,2025-01-23 18:47:41,904.99
13880,13880,Cash,2024-11-12 21:11:10,1760.89
13881,13881,Bank Transfer,2024-11-28 13:38:37,1186.61
13882,13882,PayPal,2024-09-17 21:03:24,1943.9
13883,13883,PayPal,2025-08-10 13:27:05,2430.66
13884,13884,Bank Transfer,2025-07-08 06:21:48,1283.44
13885,13885,Cash,2025-06-08 07:31:15,1597.66
13886,13886,Bank Transfer,2024-12-26 20:35:20,3570.24
13887,13887,Bank Transfer,2025-11-01 07:44:00,2660.74
13888,13888,Bank Transfer,2026-05-13 08:22:10,3408.77
13889,13889,PayPal,2026-01-18 03:46:45,2964.7
13890,13890,Bank Transfer,2025-01-31 23:48:56,1879.08
13891,13891,Credit Card,2026-07-10 20:46:19,897.64
13892,13892,Cash,2024-11-05 06:30:26,1934.03
13893,13893,Credit Card,2025-01-04 21:50:16,1247.2
13894,13894,Bank Transfer,2025-03-31 09:42:23,312.14
13895,13895,Credit Card,2026-03-31 12:10:59,1557.08
13896,13896,PayPal,2026-07-01 12:01:27,3169.94
13897,13897,PayPal,2025-03-06 20:03:33,547.78
13898,13898,PayPal,2025-09-24 02:48:59,1413.92
13899,13899,Bank Transfer,2024-08-25 22:35:49,2497.8
13900,13900,PayPal,2025-12-05 05:03:43,3490.43
13901,13901,Bank Transfer,2025-09-14 04:20:20,1310.07
13902,13902,Credit Card,2024-11-07 15:21:30,1731.4
13903,13903,Bank Transfer,2025-02-12 05:03:13,2604.34
13904,13904,PayPal,2025-08-17 21:25:35,4200.99
13905,13905,Credit Card,2026-04-26 20:57:46,2126.12
13906,13906,Credit Card,2024-12-25 16:09:06,1236.42
13907,13907,Bank Transfer,2024-11-14 11:05:30,1465.8
13908,13908,Bank Transfer,2025-11-23 15:01:17,3239.18
13909,13909,Bank Transfer,2025-09-02 10:30:33,1249.37
13910,13910,PayPal,2024-12-20 14:24:16,1497.69
13911,13911,Bank Transfer,2026-01-01 22:53:28,2094.22
13912,13912,Credit Card,2025-09-22 03:36:18,1132.37
13913,13913,PayPal,2025-12-29 09:49:10,3747.4
13914,13914,PayPal,2025-07-05 00:44:14,235.19
13915,13915,PayPal,2025-10-27 12:50:45,931.74
13916,13916,PayPal,2024-11-04 05:55:56,2771.51
13917,13917,Credit Card,2025-07-14 01:26:34,1946.2
13918,13918,Bank Transfer,2026-07-10 07:11:19,684.96
13919,13919,Bank Transfer,2025-07-21 08:29:08,2316.92
13920,13920,Credit Card,2026-07-02 04:51:40,2997.77
13921,13921,Bank Transfer,2026-01-14 11:15:46,2598.32
13922,13922,Bank Transfer,2025-11-10 15:32:00,311.17
13923,13923,Bank Transfer,2024-08-21 19:49:48,441.85
13924,13924,Cash,2025-07-17 06:30:35,2427.98
13925,13925,Credit Card,2026-04-04 23:04:20,1825.5
13926,13926,Bank Transfer,2026-06-28 04:19:18,2607.87
13927,13927,Credit Card,2025-04-15 04:42:01,303.75
13928,13928,Credit Card,2025-04-07 12:47:17,1753.55
13929,13929,Bank Transfer,2024-09-07 02:45:49,1745.48
13930,13930,Bank Transfer,2024-10-21 11:42:38,1299.47
13931,13931,PayPal,2025-06-20 08:27:25,1014.22
13932,13932,Cash,2026-08-03 15:03:45,1879.08
13933,13933,PayPal,2026-04-23 14:32:23,2172.59
13934,13934,PayPal,2025-08-08 09:34:27,1126.51
13935,13935,Bank Transfer,2024-10-27 04:33:38,909.6
13936,13936,Cash,2026-01-11 02:48:44,2825.88
13937,13937,Credit Card,2025-12-10 05:11:12,84.98
13938,13938,Bank Transfer,2025-09-09 03:04:10,624.3
13939,13939,Credit Card,2025-01-28 06:57:31,1188.57
13940,13940,Bank Transfer,2025-01-01 20:26:54,907.4
13941,13941,Cash,2025-06-04 02:22:29,360.37
13942,13942,Bank Transfer,2026-06-29 03:33:02,2353.16
13943,13943,Credit Card,2025-08-01 09:22:19,1687.32
13944,13944,Credit Card,2026-03-27 03:49:38,3868.7
13945,13945,PayPal,2024-10-17 18:18:07,160.23
13946,13946,Bank Transfer,2025-01-16 20:14:20,1074.32
13947,13947,Credit Card,2024-10-03 12:51:06,2373.27
13948,13948,PayPal,2026-05-15 09:29:33,847.0
13949,13949,Cash,2026-02-06 20:21:48,1742.87
13950,13950,Credit Card,2025-06-20 00:24:24,1355.52
13951,13951,Cash,2024-11-26 02:37:30,375.7
13952,13952,Cash,2024-08-27 22:26:09,2384.28
13953,13953,Credit Card,2026-05-02 11:04:24,2772.39
13954,13954,Bank Transfer,2024-09-27 23:00:01,1129.23
13955,13955,PayPal,2024-12-07 23:38:07,3172.57
13956,13956,PayPal,2025-12-26 13:42:30,2940.61
13957,13957,Bank Transfer,2025-08-28 15:58:33,667.08
13958,13958,Bank Transfer,2025-02-24 00:56:27,1252.12
13959,13959,Credit Card,2025-12-31 05:27:58,994.53
13960,13960,PayPal,2024-09-30 23:25:04,3191.74
13961,13961,Cash,2024-09-08 19:56:01,2578.44
13962,13962,Bank Transfer,2025-07-19 11:57:20,1412.5
13963,13963,Credit Card,2025-04-24 23:19:45,346.84
13964,13964,Cash,2025-03-11 12:56:18,3393.7
13965,13965,Credit Card,2025-05-02 08:37:09,1717.74
13966,13966,Bank Transfer,2025-03-31 10:55:24,1446.15
13967,13967,Credit Card,2025-03-15 05:01:58,1933.25
13968,13968,Bank Transfer,2026-07-03 04:36:19,1443.23
13969,13969,Bank Transfer,2026-06-01 23:51:09,2853.19
13970,13970,Credit Card,2025-08-22 09:48:52,2703.2
13971,13971,Credit Card,2026-04-07 16:44:53,109.04
13972,13972,Cash,2025-04-01 14:03:10,141.14
13973,13973,Credit Card,2025-10-15 01:11:48,1919.4
13974,13974,PayPal,2026-07-20 13:15:30,213.0
13975,13975,PayPal,2025-11-22 21:42:56,161.16
13976,13976,Bank Transfer,2025-09-30 14:34:16,2301.68
13977,13977,Cash,2024-09-04 22:30:50,1822.83
13978,13978,Bank Transfer,2026-01-22 11:07:44,3745.96
13979,13979,Credit Card,2026-07-01 10:03:47,1030.5
13980,13980,Cash,2024-12-13 05:57:43,1956.76
13981,13981,Bank Transfer,2025-11-08 06:52:55,499.44
13982,13982,Bank Transfer,2026-06-22 01:31:09,1627.3
13983,13983,Cash,2024-09-22 13:55:17,2451.54
13984,13984,Bank Transfer,2026-02-03 08:41:27,2470.46
13985,13985,Bank Transfer,2025-12-09 12:06:02,4442.61
13986,13986,Bank Transfer,2025-02-08 07:34:57,483.45
13987,13987,PayPal,2024-11-30 14:27:57,1105.31
13988,13988,Credit Card,2026-02-14 06:20:35,3524.1
13989,13989,Credit Card,2026-06-17 18:11:04,2275.01
13990,13990,Credit Card,2024-11-07 08:21:24,370.5
13991,13991,Bank Transfer,2025-11-16 04:14:19,1431.35
13992,13992,Credit Card,2025-04-15 21:18:32,2149.97
13993,13993,PayPal,2025-07-27 08:12:24,2557.44
13994,13994,Cash,2024-11-05 05:34:44,1756.52
13995,13995,Bank Transfer,2025-05-31 10:04:41,1386.06
13996,13996,Credit Card,2024-11-21 00:19:50,3015.46
13997,13997,Credit Card,2025-05-06 15:27:10,2267.02
13998,13998,Cash,2024-11-03 03:23:21,1552.98
13999,13999,Credit Card,2025-08-04 16:13:29,1307.88
14000,14000,Bank Transfer,2024-09-28 02:15:21,2688.21
14001,14001,Credit Card,2026-01-09 00:56:02,1460.82
14002,14002,Credit Card,2025-06-02 10:06:58,1639.82
14003,14003,Credit Card,2024-10-08 12:31:30,3439.24
14004,14004,Credit Card,2024-10-30 14:40:28,172.95
14005,14005,Credit Card,2025-12-21 04:02:07,1419.43
14006,14006,Credit Card,2024-11-27 06:42:03,1215.31
14007,14007,PayPal,2026-07-11 14:22:28,1905.93
14008,14008,Credit Card,2026-04-27 21:15:35,1770.47
14009,14009,Credit Card,2025-04-23 13:11:01,3389.84
14010,14010,Credit Card,2025-10-17 13:50:51,3247.97
14011,14011,PayPal,2026-01-27 15:33:34,1452.91
14012,14012,PayPal,2024-12-15 16:38:26,3943.59
14013,14013,Cash,2024-08-27 00:37:26,251.78
14014,14014,Credit Card,2026-05-16 21:06:30,2908.08
14015,14015,Cash,2024-09-21 18:03:14,773.16
14016,14016,Bank Transfer,2026-07-22 12:30:06,4723.13
14017,14017,Bank Transfer,2025-04-04 17:30:46,1038.24
14018,14018,Credit Card,2025-08-23 02:40:42,1358.38
14019,14019,Cash,2026-05-26 12:43:27,186.42
14020,14020,Credit Card,2024-12-10 04:11:14,615.48
14021,14021,PayPal,2025-10-29 18:33:44,1031.57
14022,14022,PayPal,2025-05-22 17:17:36,2768.11
14023,14023,Cash,2026-05-12 00:31:02,608.3
14024,14024,Bank Transfer,2024-11-27 15:23:05,1096.89
14025,14025,Cash,2025-06-23 21:52:13,1379.34
14026,14026,PayPal,2025-12-09 09:10:33,429.52
14027,14027,Credit Card,2025-11-08 19:04:41,2860.7
14028,14028,Credit Card,2025-11-30 09:23:48,2151.92
14029,14029,PayPal,2026-01-11 22:22:24,1433.25
14030,14030,Cash,2026-06-03 16:56:24,2162.88
14031,14031,Credit Card,2025-03-05 19:37:02,1898.61
14032,14032,Credit Card,2025-06-10 23:26:56,629.82
14033,14033,Cash,2025-01-26 18:30:32,1662.63
14034,14034,Cash,2025-03-18 07:15:40,2193.29
14035,14035,Credit Card,2025-07-18 02:44:35,2091.43
14036,14036,Credit Card,2025-12-21 21:24:09,2774.93
14037,14037,Credit Card,2024-12-05 20:02:52,3055.15
14038,14038,Bank Transfer,2025-01-02 19:59:20,3890.12
14039,14039,Bank Transfer,2025-09-02 06:11:28,2263.27
14040,14040,Bank Transfer,2025-06-22 23:02:01,4019.25
14041,14041,Cash,2025-04-08 20:27:38,3282.98
14042,14042,Credit Card,2026-05-30 14:39:05,3681.43
14043,14043,Cash,2025-12-05 00:57:31,1081.35
14044,14044,PayPal,2024-08-18 02:22:48,3839.96
14045,14045,Cash,2025-01-09 07:47:54,1019.75
14046,14046,Cash,2024-12-27 20:12:48,1836.07
14047,14047,Bank Transfer,2024-09-13 06:46:50,945.75
14048,14048,Bank Transfer,2024-09-06 17:56:18,1096.5
14049,14049,Cash,2024-12-21 11:26:19,1433.52
14050,14050,Credit Card,2025-12-07 21:43:02,2324.19
14051,14051,Cash,2026-05-15 15:08:36,160.56
14052,14052,Bank Transfer,2025-05-29 02:10:18,1216.89
14053,14053,Bank Transfer,2026-02-18 00:13:59,2464.96
14054,14054,Credit Card,2025-04-04 13:11:16,2334.17
14055,14055,PayPal,2024-12-09 02:43:42,331.2
14056,14056,PayPal,2024-09-01 19:10:52,1189.32
14057,14057,Cash,2025-04-17 16:12:49,664.9
14058,14058,Bank Transfer,2024-08-13 07:25:03,2708.13
14059,14059,Credit Card,2026-05-30 07:35:49,907.68
14060,14060,Credit Card,2026-05-14 14:08:50,3152.14
14061,14061,Bank Transfer,2026-04-24 06:36:16,2270.44
14062,14062,PayPal,2024-10-12 05:41:07,2275.92
14063,14063,Credit Card,2024-12-09 12:26:10,1397.25
14064,14064,Cash,2024-08-12 19:45:15,3689.96
14065,14065,Cash,2025-11-04 02:37:48,2406.6
14066,14066,PayPal,2024-09-11 04:54:33,2316.49
14067,14067,PayPal,2025-12-17 19:33:09,1410.06
14068,14068,Cash,2025-06-19 05:34:40,3403.37
14069,14069,Bank Transfer,2025-05-23 15:40:11,1681.4
14070,14070,Cash,2025-07-02 02:22:42,3532.66
14071,14071,Cash,2024-12-29 01:21:09,3562.94
14072,14072,Bank Transfer,2025-05-08 08:01:35,325.53
14073,14073,Bank Transfer,2025-01-06 18:43:43,1053.04
14074,14074,PayPal,2024-09-02 18:33:41,80.43
14075,14075,Credit Card,2025-05-27 00:52:04,1828.09
14076,14076,Credit Card,2026-06-08 07:39:26,2107.94
14077,14077,PayPal,2026-07-27 05:02:42,1168.56
14078,14078,Bank Transfer,2025-12-22 23:44:55,2013.65
14079,14079,Credit Card,2025-01-30 21:26:02,346.63
14080,14080,Cash,2025-12-28 11:05:16,235.51
14081,14081,Cash,2026-06-23 15:38:11,2299.07
14082,14082,PayPal,2026-07-18 20:46:31,190.54
14083,14083,PayPal,2024-09-26 15:27:20,1658.24
14084,14084,Bank Transfer,2026-04-30 11:41:37,1169.56
14085,14085,Credit Card,2025-08-17 17:53:48,730.35
14086,14086,PayPal,2026-02-17 07:30:59,4040.35
14087,14087,Bank Transfer,2024-08-29 15:14:57,931.66
14088,14088,Cash,2024-08-25 20:21:24,929.58
14089,14089,Bank Transfer,2024-11-20 01:48:12,1694.16
14090,14090,Bank Transfer,2025-04-21 14:12:53,1751.81
14091,14091,Cash,2025-06-15 10:19:48,940.76
14092,14092,Cash,2025-10-31 15:46:37,2138.54
14093,14093,Bank Transfer,2024-12-31 06:30:46,2803.22
14094,14094,Bank Transfer,2026-03-12 12:37:54,961.29
14095,14095,PayPal,2026-04-21 01:28:09,1298.55
14096,14096,PayPal,2026-03-01 08:51:30,1073.43
14097,14097,PayPal,2024-09-14 17:52:22,2294.46
14098,14098,Bank Transfer,2025-01-04 02:51:51,976.6
14099,14099,Bank Transfer,2025-01-22 14:45:36,485.81
14100,14100,Bank Transfer,2024-11-12 11:56:17,2842.97
14101,14101,PayPal,2025-04-02 18:01:18,696.98
14102,14102,PayPal,2026-07-12 15:02:30,1484.11
14103,14103,Cash,2026-02-19 02:09:48,109.44
14104,14104,Cash,2024-10-29 09:45:37,1658.82
14105,14105,Credit Card,2026-03-25 18:18:42,1570.48
14106,14106,Bank Transfer,2025-11-19 16:09:29,1181.88
14107,14107,Credit Card,2024-11-20 06:38:19,1428.68
14108,14108,Cash,2025-03-22 19:25:23,4915.34
14109,14109,Cash,2025-02-09 04:19:29,2934.92
14110,14110,Credit Card,2025-01-04 06:04:23,3125.63
14111,14111,PayPal,2024-11-11 05:15:06,3090.13
14112,14112,Bank Transfer,2026-05-06 19:50:03,625.36
14113,14113,PayPal,2025-11-11 02:22:42,2584.23
14114,14114,Bank Transfer,2025-05-02 08:52:32,3509.63
14115,14115,Cash,2025-01-15 02:39:27,2449.92
14116,14116,Cash,2025-01-14 02:03:53,213.67
14117,14117,Bank Transfer,2025-02-05 14:53:04,780.02
14118,14118,PayPal,2024-12-18 03:34:17,2583.29
14119,14119,Credit Card,2026-06-02 21:33:53,1069.72
14120,14120,Cash,2026-03-12 02:15:06,1635.58
14121,14121,Cash,2025-03-17 11:50:31,766.86
14122,14122,PayPal,2024-10-19 14:39:14,2727.1
14123,14123,Cash,2024-10-15 14:21:40,3214.59
14124,14124,Credit Card,2024-11-20 01:48:54,771.95
14125,14125,Credit Card,2025-05-25 04:02:41,269.0
14126,14126,Credit Card,2026-05-29 04:05:47,367.29
14127,14127,Credit Card,2025-10-25 00:46:02,3691.08
14128,14128,Credit Card,2025-08-26 14:16:18,838.59
14129,14129,Credit Card,2025-03-24 04:47:21,1550.66
14130,14130,Cash,2025-06-23 11:36:16,2477.97
14131,14131,Cash,2026-07-29 22:37:41,663.78
14132,14132,Cash,2025-04-03 02:26:53,404.99
14133,14133,Bank Transfer,2026-04-16 01:47:28,671.04
14134,14134,Credit Card,2026-07-20 15:38:12,1136.25
14135,14135,PayPal,2026-05-24 23:42:49,417.3
14136,14136,PayPal,2024-10-16 21:12:17,2593.4
14137,14137,Cash,2024-12-08 05:39:43,1437.9
14138,14138,Bank Transfer,2025-04-20 00:18:20,811.63
14139,14139,Bank Transfer,2025-08-16 21:41:22,3091.32
14140,14140,Cash,2025-01-07 19:04:53,2382.31
14141,14141,Credit Card,2025-10-27 13:16:20,2287.52
14142,14142,Bank Transfer,2025-05-18 15:30:29,1950.46
14143,14143,Bank Transfer,2026-08-04 17:09:50,1935.5
14144,14144,Credit Card,2025-08-03 11:13:52,4095.35
14145,14145,Credit Card,2025-07-17 00:04:58,1938.33
14146,14146,Bank Transfer,2026-04-12 11:58:49,2484.1
14147,14147,Cash,2026-07-31 13:05:22,1015.71
14148,14148,PayPal,2025-01-24 11:37:58,518.14
14149,14149,PayPal,2024-08-27 14:37:29,1050.17
14150,14150,PayPal,2026-03-01 22:42:57,499.36
14151,14151,Cash,2025-02-11 20:17:28,2345.45
14152,14152,Credit Card,2025-04-18 23:13:45,1704.35
14153,14153,Bank Transfer,2026-07-29 00:47:50,684.73
14154,14154,Credit Card,2025-05-28 21:02:22,620.5
14155,14155,PayPal,2025-01-19 06:11:53,601.76
14156,14156,Cash,2025-04-10 11:24:10,605.72
14157,14157,Credit Card,2024-11-27 07:19:03,384.36
14158,14158,Cash,2025-07-08 04:09:42,1706.23
14159,14159,Cash,2024-11-21 02:24:06,2449.12
14160,14160,Bank Transfer,2026-05-13 03:58:25,680.13
14161,14161,PayPal,2024-08-26 20:51:59,3141.97
14162,14162,Cash,2025-04-29 08:30:09,2567.15
14163,14163,Cash,2024-12-30 11:13:07,110.72
14164,14164,Bank Transfer,2025-09-09 20:52:43,1465.66
14165,14165,PayPal,2025-09-02 20:30:09,1548.76
14166,14166,Cash,2026-02-04 00:38:48,2319.83
14167,14167,Bank Transfer,2024-12-14 06:00:18,2918.11
14168,14168,Bank Transfer,2024-11-17 20:52:05,2230.55
14169,14169,PayPal,2026-06-18 04:30:50,2043.3
14170,14170,Bank Transfer,2024-11-16 21:18:17,3537.0
14171,14171,Credit Card,2026-05-08 01:50:59,2612.76
14172,14172,Bank Transfer,2025-05-03 10:06:38,2817.95
14173,14173,PayPal,2025-11-28 17:53:21,3081.92
14174,14174,Bank Transfer,2025-08-02 05:01:29,2886.52
14175,14175,Credit Card,2024-08-10 02:41:45,836.85
14176,14176,Bank Transfer,2024-10-31 07:39:00,933.51
14177,14177,Cash,2025-05-19 07:04:41,3066.81
14178,14178,PayPal,2024-12-18 04:52:21,1655.06
14179,14179,PayPal,2025-04-14 06:45:56,428.64
14180,14180,PayPal,2026-03-13 18:27:04,1299.0
14181,14181,PayPal,2024-11-25 10:34:48,4113.37
14182,14182,PayPal,2025-01-10 23:34:20,1085.88
14183,14183,Bank Transfer,2025-10-24 17:10:30,2455.58
14184,14184,PayPal,2025-06-07 12:20:48,2384.01
14185,14185,PayPal,2024-09-22 22:00:14,1922.51
14186,14186,Cash,2026-07-01 15:03:13,502.15
14187,14187,Bank Transfer,2026-04-29 22:17:35,2542.96
14188,14188,Cash,2025-06-17 05:03:59,788.16
14189,14189,PayPal,2026-02-12 00:17:22,207.36
14190,14190,PayPal,2024-11-25 16:33:26,1613.84
14191,14191,Bank Transfer,2026-06-13 17:20:19,1526.98
14192,14192,PayPal,2026-04-02 13:11:33,2313.84
14193,14193,Credit Card,2025-04-15 10:48:10,80.73
14194,14194,PayPal,2025-08-16 23:49:31,385.32
14195,14195,Credit Card,2024-09-04 16:09:09,464.9
14196,14196,Bank Transfer,2025-02-09 20:12:39,1133.58
14197,14197,PayPal,2025-12-16 17:58:18,2140.92
14198,14198,Bank Transfer,2025-07-05 14:55:36,2030.79
14199,14199,PayPal,2025-08-13 18:21:32,971.61
14200,14200,Bank Transfer,2025-08-29 01:20:44,811.29
14201,14201,Bank Transfer,2026-04-21 15:25:49,1217.01
14202,14202,Bank Transfer,2025-09-19 22:22:26,1669.44
14203,14203,PayPal,2026-06-02 16:30:55,2460.77
14204,14204,PayPal,2026-07-20 01:34:41,1881.21
14205,14205,Cash,2026-03-16 00:38:06,1581.25
14206,14206,Cash,2026-04-24 15:01:17,2447.98
14207,14207,PayPal,2025-06-04 18:18:06,1324.76
14208,14208,Credit Card,2026-05-21 10:36:02,2973.06
14209,14209,Bank Transfer,2024-11-02 10:31:48,963.87
14210,14210,Cash,2026-04-23 19:32:42,1596.23
14211,14211,Cash,2025-10-24 04:59:29,2762.99
14212,14212,Credit Card,2025-03-24 23:39:36,3391.47
14213,14213,Cash,2024-11-08 13:02:50,1811.48
14214,14214,Credit Card,2025-03-20 17:04:22,267.91
14215,14215,Bank Transfer,2024-10-07 16:23:04,1579.93
14216,14216,PayPal,2026-04-28 11:36:53,813.39
14217,14217,Bank Transfer,2025-12-09 08:53:50,524.36
14218,14218,Bank Transfer,2025-03-20 16:40:57,1559.33
14219,14219,Cash,2024-11-20 04:48:23,737.46
14220,14220,Credit Card,2026-01-27 23:12:43,3057.47
14221,14221,Credit Card,2025-07-17 00:50:24,1969.17
14222,14222,PayPal,2025-01-28 20:17:17,2521.33
14223,14223,Cash,2026-03-03 18:03:11,546.03
14224,14224,PayPal,2026-07-23 06:07:56,314.52
14225,14225,PayPal,2024-09-14 19:35:16,897.7
14226,14226,Cash,2024-11-01 08:16:17,1132.77
14227,14227,PayPal,2024-12-14 06:04:51,2992.56
14228,14228,Cash,2025-09-30 17:13:42,2741.99
14229,14229,Cash,2025-03-13 19:09:41,1805.3
14230,14230,PayPal,2024-12-17 17:30:27,753.03
14231,14231,Bank Transfer,2025-07-18 02:16:15,4148.23
14232,14232,Bank Transfer,2024-08-14 07:59:43,3077.21
14233,14233,Bank Transfer,2026-04-05 11:44:19,2481.85
14234,14234,Credit Card,2026-04-18 04:13:54,3196.68
14235,14235,Credit Card,2024-09-11 22:49:13,859.06
14236,14236,Cash,2025-09-27 06:52:33,1979.56
14237,14237,Credit Card,2025-04-21 03:56:14,3322.09
14238,14238,Credit Card,2025-08-19 18:28:39,1594.77
14239,14239,Credit Card,2026-01-17 15:27:34,5835.74
14240,14240,PayPal,2025-01-29 17:26:10,1523.0
14241,14241,Credit Card,2024-09-25 23:33:34,2267.38
14242,14242,PayPal,2025-10-23 15:56:26,614.64
14243,14243,Credit Card,2025-10-02 14:22:53,958.6
14244,14244,PayPal,2025-04-18 08:10:42,1139.16
14245,14245,Bank Transfer,2025-03-17 21:24:24,1863.45
14246,14246,Credit Card,2025-10-28 10:51:39,2861.83
14247,14247,PayPal,2026-06-17 00:53:45,568.74
14248,14248,Cash,2026-07-28 19:23:33,764.33
14249,14249,Credit Card,2025-04-20 00:03:23,83.59
14250,14250,PayPal,2025-03-09 17:52:51,826.23
14251,14251,Credit Card,2026-06-06 14:30:09,3235.31
14252,14252,Bank Transfer,2025-07-12 10:33:17,958.85
14253,14253,Bank Transfer,2026-01-09 13:54:48,2076.78
14254,14254,Bank Transfer,2025-08-11 13:31:20,282.11
14255,14255,Credit Card,2025-03-28 06:28:22,579.28
14256,14256,Cash,2025-11-12 21:02:48,1764.65
14257,14257,PayPal,2024-11-08 10:50:52,3653.64
14258,14258,Credit Card,2025-12-30 02:02:12,1926.42
14259,14259,PayPal,2024-11-19 01:47:39,1411.81
14260,14260,Bank Transfer,2025-07-27 00:43:49,263.26
14261,14261,Bank Transfer,2025-08-13 02:48:47,1584.26
14262,14262,Bank Transfer,2025-09-16 23:39:38,2046.28
14263,14263,PayPal,2025-06-23 02:46:35,839.43
14264,14264,Cash,2026-05-10 16:15:37,1587.78
14265,14265,Cash,2025-08-13 15:59:52,1060.27
14266,14266,Bank Transfer,2025-11-20 16:47:24,2491.22
14267,14267,Bank Transfer,2024-12-14 18:45:58,1711.1
14268,14268,Bank Transfer,2025-04-19 12:28:16,108.71
14269,14269,Bank Transfer,2025-07-25 01:45:32,4332.35
14270,14270,PayPal,2025-11-06 21:53:12,2641.88
14271,14271,Cash,2024-12-28 21:22:09,955.15
14272,14272,Bank Transfer,2026-01-07 12:45:49,3071.18
14273,14273,Bank Transfer,2025-07-29 15:38:29,505.88
14274,14274,Bank Transfer,2025-09-30 04:29:57,4685.34
14275,14275,Cash,2026-05-13 03:15:18,3186.21
14276,14276,Credit Card,2025-11-15 04:35:36,1290.75
14277,14277,Bank Transfer,2026-02-17 05:15:41,1248.09
14278,14278,PayPal,2025-02-23 22:24:51,855.56
14279,14279,PayPal,2024-12-08 07:42:59,2288.84
14280,14280,PayPal,2025-01-10 20:05:16,2205.1
14281,14281,Credit Card,2025-01-10 11:15:03,1479.41
14282,14282,PayPal,2026-02-16 07:37:21,2238.99
14283,14283,Cash,2026-05-02 22:17:56,1261.64
14284,14284,Cash,2025-04-25 04:21:26,2985.36
14285,14285,PayPal,2025-07-01 04:51:58,2150.61
14286,14286,Bank Transfer,2025-03-02 15:52:56,1704.87
14287,14287,Bank Transfer,2025-09-17 11:51:50,2807.08
14288,14288,Cash,2025-08-24 13:20:05,3719.33
14289,14289,PayPal,2025-12-19 17:08:06,18.35
14290,14290,Credit Card,2026-07-19 01:28:05,400.56
14291,14291,Cash,2025-04-05 18:09:06,3139.71
14292,14292,Cash,2025-02-13 18:40:55,1391.55
14293,14293,Cash,2025-04-03 17:16:55,2053.45
14294,14294,PayPal,2026-01-22 13:22:28,379.68
14295,14295,Credit Card,2025-12-24 15:49:55,2312.84
14296,14296,PayPal,2025-12-12 12:47:19,838.59
14297,14297,Cash,2025-08-21 16:38:56,3255.73
14298,14298,Bank Transfer,2024-12-23 00:45:33,1917.12
14299,14299,Credit Card,2025-07-22 23:10:26,2717.94
14300,14300,Bank Transfer,2025-02-16 23:36:10,4145.3
14301,14301,PayPal,2025-11-27 07:03:54,2445.71
14302,14302,PayPal,2025-12-22 00:33:27,3165.5
14303,14303,Bank Transfer,2025-03-24 08:46:20,3033.66
14304,14304,Bank Transfer,2025-10-09 03:41:28,2733.71
14305,14305,Credit Card,2025-07-14 17:47:06,377.39
14306,14306,Cash,2026-06-08 16:57:48,2531.91
14307,14307,Credit Card,2025-08-19 23:33:48,3468.34
14308,14308,Credit Card,2025-07-16 10:58:58,1806.11
14309,14309,Credit Card,2025-01-26 03:24:50,3211.54
14310,14310,PayPal,2025-02-14 21:15:30,201.75
14311,14311,Cash,2026-07-01 01:55:38,2037.92
14312,14312,Credit Card,2025-09-08 03:14:27,3743.06
14313,14313,Cash,2024-08-07 07:03:25,691.84
14314,14314,Credit Card,2025-03-20 04:38:08,1596.67
14315,14315,Bank Transfer,2025-01-20 04:48:37,99.72
14316,14316,Credit Card,2025-12-17 01:23:44,1187.01
14317,14317,PayPal,2025-10-23 07:59:22,1035.34
14318,14318,Bank Transfer,2025-05-19 07:13:30,3653.99
14319,14319,Cash,2024-09-20 11:33:07,648.24
14320,14320,Credit Card,2026-04-12 01:16:56,2507.18
14321,14321,PayPal,2026-08-01 19:54:00,900.23
14322,14322,PayPal,2026-04-24 04:09:09,866.0
14323,14323,Credit Card,2026-08-02 10:13:29,1212.52
14324,14324,Credit Card,2026-06-10 10:00:13,1869.34
14325,14325,Cash,2025-02-23 07:09:09,783.53
14326,14326,PayPal,2025-10-09 16:01:16,1964.07
14327,14327,Cash,2025-12-21 07:55:10,1051.74
14328,14328,Credit Card,2026-08-01 03:39:06,427.34
14329,14329,Credit Card,2024-11-24 17:52:12,1579.54
14330,14330,Cash,2026-06-22 22:01:55,3498.69
14331,14331,Credit Card,2024-09-29 19:13:10,2148.25
14332,14332,Bank Transfer,2025-07-08 15:59:28,694.94
14333,14333,PayPal,2025-10-29 17:39:20,2007.71
14334,14334,PayPal,2025-08-29 22:50:02,14.64
14335,14335,PayPal,2025-05-26 15:50:06,3160.41
14336,14336,PayPal,2024-10-13 00:50:17,705.57
14337,14337,Cash,2026-05-16 12:01:57,933.18
14338,14338,Credit Card,2026-06-04 17:05:14,4747.27
14339,14339,Cash,2025-10-05 14:55:19,2379.2
14340,14340,Credit Card,2025-05-07 19:04:42,773.48
14341,14341,Credit Card,2026-02-11 05:37:57,1422.41
14342,14342,Credit Card,2025-09-29 19:59:10,136.74
14343,14343,Bank Transfer,2025-02-13 14:34:37,84.19
14344,14344,Cash,2025-08-10 11:17:32,2889.59
14345,14345,PayPal,2025-02-09 18:42:45,3682.91
14346,14346,PayPal,2024-09-23 02:22:58,2693.82
14347,14347,Credit Card,2026-04-01 06:21:37,5189.98
14348,14348,Credit Card,2025-11-18 10:14:35,792.59
14349,14349,Cash,2026-03-11 13:23:41,1088.03
14350,14350,Credit Card,2025-09-10 03:29:33,2856.76
14351,14351,Cash,2026-05-02 11:36:23,4068.18
14352,14352,Bank Transfer,2026-02-11 06:50:52,2586.45
14353,14353,Bank Transfer,2026-05-12 07:37:57,380.18
14354,14354,PayPal,2026-03-27 00:10:52,1490.41
14355,14355,Bank Transfer,2026-02-24 11:22:18,958.63
14356,14356,Credit Card,2026-01-26 18:57:25,3302.85
14357,14357,Bank Transfer,2026-02-17 14:02:08,2764.72
14358,14358,PayPal,2025-10-19 11:51:42,2710.29
14359,14359,PayPal,2025-12-10 11:18:35,2346.58
14360,14360,Credit Card,2025-01-21 20:27:11,841.46
14361,14361,PayPal,2025-02-02 04:32:53,3070.43
14362,14362,Credit Card,2026-06-11 10:39:51,2192.38
14363,14363,Credit Card,2026-05-06 21:13:45,646.32
14364,14364,PayPal,2026-04-19 19:43:19,1994.72
14365,14365,PayPal,2024-08-14 06:20:11,606.14
14366,14366,Cash,2025-03-17 14:32:12,843.24
14367,14367,Credit Card,2026-02-18 19:27:26,940.94
14368,14368,Bank Transfer,2025-09-05 23:37:42,292.4
14369,14369,Bank Transfer,2025-02-18 11:11:53,479.44
14370,14370,Cash,2025-01-27 15:14:53,2113.71
14371,14371,Cash,2025-08-29 18:16:00,1114.45
14372,14372,Credit Card,2025-03-28 04:04:20,937.28
14373,14373,Credit Card,2025-09-13 12:55:41,2260.37
14374,14374,Credit Card,2026-06-09 00:09:26,745.6
14375,14375,Bank Transfer,2025-03-06 03:09:41,3994.05
14376,14376,Credit Card,2026-08-03 11:24:16,3441.35
14377,14377,PayPal,2026-07-26 13:23:16,457.79
14378,14378,Cash,2024-10-12 01:50:42,2245.03
14379,14379,Credit Card,2026-07-30 11:20:54,2520.73
14380,14380,PayPal,2025-06-03 13:59:31,249.68
14381,14381,Bank Transfer,2025-03-26 20:08:15,516.06
14382,14382,Credit Card,2026-07-01 01:16:36,1970.92
14383,14383,Bank Transfer,2026-01-25 08:26:24,1560.64
14384,14384,Bank Transfer,2025-04-25 23:19:59,667.16
14385,14385,Bank Transfer,2025-07-05 17:56:20,421.68
14386,14386,Credit Card,2026-02-10 10:23:25,2215.6
14387,14387,Cash,2026-04-29 05:53:10,4153.49
14388,14388,Bank Transfer,2025-06-16 21:14:01,2624.16
14389,14389,Cash,2025-11-29 21:05:43,596.74
14390,14390,Bank Transfer,2026-03-01 04:38:31,747.96
14391,14391,Bank Transfer,2025-01-14 01:52:59,2759.07
14392,14392,Cash,2024-09-14 09:23:48,1201.02
14393,14393,Credit Card,2026-05-25 07:55:34,1730.0
14394,14394,PayPal,2025-05-25 23:14:36,1988.09
14395,14395,Credit Card,2026-01-14 10:30:45,1426.67
14396,14396,Bank Transfer,2024-12-04 22:02:47,1738.92
14397,14397,Bank Transfer,2024-09-16 04:41:17,3346.23
14398,14398,Cash,2026-01-21 13:20:40,1493.33
14399,14399,Cash,2025-05-07 17:46:43,1941.79
14400,14400,Cash,2025-01-12 11:28:00,2341.88
14401,14401,Bank Transfer,2024-09-15 23:23:34,460.98
14402,14402,Credit Card,2025-04-23 08:00:35,1189.11
14403,14403,PayPal,2026-02-14 17:07:53,2079.53
14404,14404,Bank Transfer,2024-08-31 17:57:49,1583.93
14405,14405,Cash,2025-03-28 22:17:45,2816.77
14406,14406,PayPal,2025-07-11 01:23:59,1683.3
14407,14407,Cash,2024-08-15 20:49:22,2458.26
14408,14408,PayPal,2026-03-29 03:09:09,1512.04
14409,14409,Credit Card,2025-08-23 19:34:11,2034.61
14410,14410,Bank Transfer,2026-02-08 04:57:40,1506.62
14411,14411,PayPal,2025-06-14 05:22:42,608.78
14412,14412,Cash,2025-10-06 18:47:58,175.53
14413,14413,Credit Card,2026-04-16 17:53:25,2438.93
14414,14414,Cash,2025-06-10 05:29:44,1462.31
14415,14415,Credit Card,2025-05-28 12:18:39,1010.58
14416,14416,Credit Card,2025-02-17 08:40:01,1955.79
14417,14417,Bank Transfer,2025-10-24 12:49:00,1586.87
14418,14418,Bank Transfer,2025-10-11 03:36:29,539.46
14419,14419,Cash,2026-01-21 20:46:19,2274.6
14420,14420,Cash,2025-10-07 01:13:48,475.6
14421,14421,PayPal,2026-07-17 08:17:27,441.78
14422,14422,Cash,2026-04-04 04:14:13,1866.36
14423,14423,Bank Transfer,2025-12-02 09:12:40,600.2
14424,14424,Cash,2026-06-17 17:35:23,159.3
14425,14425,Cash,2024-12-15 18:02:38,1913.39
14426,14426,PayPal,2026-04-02 20:37:12,685.4
14427,14427,Credit Card,2025-04-14 20:49:09,300.1
14428,14428,PayPal,2026-01-15 12:27:36,2213.01
14429,14429,Bank Transfer,2025-05-08 23:38:36,3567.12
14430,14430,Cash,2026-01-09 14:24:54,1206.24
14431,14431,PayPal,2025-02-16 16:09:31,3762.12
14432,14432,Bank Transfer,2026-04-25 12:12:12,2110.31
14433,14433,Cash,2026-08-02 01:45:43,1999.02
14434,14434,Bank Transfer,2025-08-07 11:20:50,2496.16
14435,14435,Credit Card,2024-08-10 17:25:23,3317.14
14436,14436,Credit Card,2025-04-14 14:57:53,2162.23
14437,14437,Credit Card,2024-08-11 11:26:11,1810.1
14438,14438,Cash,2026-03-21 21:38:13,852.82
14439,14439,PayPal,2026-04-02 00:06:31,2483.51
14440,14440,Credit Card,2025-03-30 06:14:32,4038.28
14441,14441,PayPal,2024-10-27 03:20:55,2382.69
14442,14442,Bank Transfer,2025-08-11 23:34:31,556.4
14443,14443,Cash,2025-07-03 11:01:10,2607.66
14444,14444,Credit Card,2026-01-30 23:46:45,2420.36
14445,14445,PayPal,2024-12-28 17:17:26,2640.82
14446,14446,Credit Card,2024-08-25 19:19:05,402.42
14447,14447,Cash,2025-07-23 01:00:30,432.85
14448,14448,PayPal,2025-09-03 09:00:35,47.9
14449,14449,Cash,2024-10-05 13:29:10,1356.84
14450,14450,PayPal,2025-05-04 20:24:51,2243.54
14451,14451,Bank Transfer,2024-09-09 22:01:34,610.6
14452,14452,Bank Transfer,2026-05-10 01:08:45,1146.84
14453,14453,PayPal,2026-08-03 21:39:40,2526.31
14454,14454,Credit Card,2025-04-16 07:57:00,2694.88
14455,14455,Credit Card,2025-09-25 16:43:44,438.21
14456,14456,Bank Transfer,2026-05-25 20:10:27,1738.25
14457,14457,Cash,2026-06-11 06:23:48,50.66
14458,14458,PayPal,2024-08-23 06:57:01,4055.44
14459,14459,PayPal,2025-07-22 02:53:05,242.19
14460,14460,PayPal,2026-03-21 14:01:09,3477.81
14461,14461,Cash,2025-04-20 18:33:00,369.55
14462,14462,Cash,2025-09-22 11:48:11,1793.19
14463,14463,PayPal,2026-07-28 18:35:19,466.48
14464,14464,Bank Transfer,2025-03-05 12:42:23,1814.81
14465,14465,PayPal,2025-03-07 16:51:54,2518.53
14466,14466,Bank Transfer,2026-04-16 21:24:38,1587.07
14467,14467,Credit Card,2025-02-03 05:30:47,1440.48
14468,14468,Credit Card,2025-06-11 04:44:52,1002.64
14469,14469,Cash,2025-07-25 01:49:16,743.7
14470,14470,PayPal,2025-01-23 05:37:17,4215.84
14471,14471,Credit Card,2025-08-24 15:34:53,2417.73
14472,14472,PayPal,2025-03-19 07:51:28,3733.58
14473,14473,Bank Transfer,2025-01-26 14:45:29,3316.38
14474,14474,Bank Transfer,2025-10-20 03:51:37,1449.24
14475,14475,Credit Card,2024-10-26 09:00:41,427.8
14476,14476,Cash,2025-09-25 17:54:02,99.0
14477,14477,PayPal,2024-08-25 11:44:15,1065.35
14478,14478,Bank Transfer,2025-09-28 16:56:17,4001.06
14479,14479,PayPal,2024-09-06 22:34:17,813.7
14480,14480,Credit Card,2025-09-14 05:55:38,2075.83
14481,14481,Credit Card,2024-08-25 09:51:24,2909.62
14482,14482,Bank Transfer,2026-06-13 11:56:52,3689.24
14483,14483,Bank Transfer,2025-03-28 21:24:49,1002.48
14484,14484,Bank Transfer,2024-11-08 12:38:55,2711.93
14485,14485,PayPal,2026-04-06 16:42:23,1757.83
14486,14486,Bank Transfer,2025-05-10 01:20:50,3879.03
14487,14487,Bank Transfer,2024-08-29 04:08:22,2126.7
14488,14488,Cash,2025-10-17 02:39:45,576.15
14489,14489,Credit Card,2026-02-25 17:16:47,1022.14
14490,14490,Bank Transfer,2024-09-01 14:29:19,3005.79
14491,14491,Bank Transfer,2025-03-21 20:15:11,2011.95
14492,14492,Bank Transfer,2025-09-27 14:54:44,3603.14
14493,14493,Credit Card,2025-02-23 21:20:41,2287.77
14494,14494,PayPal,2025-02-11 07:02:10,720.22
14495,14495,Credit Card,2026-07-15 17:31:21,569.58
14496,14496,Bank Transfer,2025-09-25 05:49:23,860.13
14497,14497,PayPal,2026-06-10 10:06:44,1392.72
14498,14498,PayPal,2026-01-01 07:42:09,4221.85
14499,14499,PayPal,2024-12-24 02:34:28,1491.35
14500,14500,Cash,2026-06-27 01:40:20,1091.29
14501,14501,Bank Transfer,2025-10-07 14:44:21,1450.01
14502,14502,Bank Transfer,2026-01-06 18:23:10,1822.2
14503,14503,Credit Card,2026-01-02 05:10:28,1546.01
14504,14504,Bank Transfer,2024-11-04 18:25:12,748.02
14505,14505,Bank Transfer,2026-05-13 10:22:55,1816.6
14506,14506,Cash,2026-05-23 13:58:41,2491.6
14507,14507,Bank Transfer,2025-06-09 15:50:44,2542.04
14508,14508,Bank Transfer,2026-02-05 22:56:12,1605.18
14509,14509,Cash,2025-12-22 00:07:51,2776.4
14510,14510,Bank Transfer,2025-08-25 07:54:03,3033.88
14511,14511,Credit Card,2025-10-14 06:23:59,1711.31
14512,14512,Bank Transfer,2025-01-02 17:36:39,403.88
14513,14513,PayPal,2024-09-03 19:37:52,1903.62
14514,14514,Bank Transfer,2025-05-29 21:37:15,2113.48
14515,14515,PayPal,2026-06-08 19:01:13,672.83
14516,14516,Cash,2025-10-24 19:15:59,1998.99
14517,14517,Credit Card,2024-10-09 08:28:12,911.09
14518,14518,Bank Transfer,2024-12-24 01:47:55,1253.07
14519,14519,Bank Transfer,2025-11-11 02:27:23,1735.03
14520,14520,PayPal,2024-10-07 06:04:05,2638.49
14521,14521,Cash,2026-03-17 05:53:07,1188.56
14522,14522,Credit Card,2025-10-18 03:36:19,820.98
14523,14523,PayPal,2025-07-08 08:00:35,968.81
14524,14524,PayPal,2024-12-15 22:16:29,3081.97
14525,14525,Cash,2024-09-09 02:51:49,852.82
14526,14526,PayPal,2025-01-26 13:15:20,14.64
14527,14527,Bank Transfer,2026-05-22 03:59:10,2668.52
14528,14528,Cash,2025-10-18 04:15:51,1521.33
14529,14529,Cash,2024-10-20 21:21:02,100.6
14530,14530,Bank Transfer,2026-02-24 10:25:39,268.16
14531,14531,PayPal,2025-06-02 08:08:50,3188.8
14532,14532,Bank Transfer,2025-10-07 18:39:03,2069.23
14533,14533,Credit Card,2024-08-10 11:40:55,1291.79
14534,14534,Cash,2024-11-28 17:59:41,151.44
14535,14535,PayPal,2025-07-24 20:59:08,1400.44
14536,14536,Bank Transfer,2025-05-31 08:00:31,1655.92
14537,14537,Bank Transfer,2025-09-25 22:25:21,2009.73
14538,14538,Bank Transfer,2024-10-20 23:39:24,3662.32
14539,14539,Bank Transfer,2025-09-16 15:25:03,931.24
14540,14540,PayPal,2025-05-25 21:05:31,1094.98
14541,14541,Credit Card,2026-06-24 11:10:57,1554.48
14542,14542,Credit Card,2026-01-06 04:50:11,1991.48
14543,14543,PayPal,2026-07-13 19:42:17,2214.44
14544,14544,Bank Transfer,2025-10-19 01:16:51,2841.86
14545,14545,PayPal,2025-08-31 10:51:48,1236.19
14546,14546,PayPal,2025-05-09 08:09:49,865.61
14547,14547,Bank Transfer,2025-03-09 06:34:21,160.23
14548,14548,Bank Transfer,2025-11-25 07:40:26,946.11
14549,14549,PayPal,2025-02-28 13:02:10,1800.7
14550,14550,Cash,2024-10-28 12:52:24,3868.38
14551,14551,Cash,2025-01-02 08:51:35,1999.92
14552,14552,PayPal,2025-12-11 10:32:15,696.61
14553,14553,Bank Transfer,2025-07-19 15:06:01,345.9
14554,14554,Cash,2025-02-03 05:25:50,1704.9
14555,14555,Bank Transfer,2026-03-11 07:21:08,1624.52
14556,14556,Cash,2025-11-20 03:03:36,2394.78
14557,14557,Bank Transfer,2025-12-29 14:44:01,3107.52
14558,14558,Bank Transfer,2026-05-30 01:21:24,1690.96
14559,14559,Cash,2024-11-07 15:19:05,1577.01
14560,14560,Credit Card,2026-01-26 20:43:28,4730.38
14561,14561,Credit Card,2024-11-23 19:21:25,2754.57
14562,14562,Cash,2024-12-18 18:46:06,1275.78
14563,14563,Bank Transfer,2025-09-12 23:37:05,1858.31
14564,14564,Cash,2025-09-19 10:33:08,2292.48
14565,14565,Cash,2025-01-02 05:50:45,3490.3
14566,14566,PayPal,2026-03-22 03:59:21,361.0
14567,14567,Credit Card,2026-01-13 06:28:36,1368.51
14568,14568,Bank Transfer,2026-01-09 05:51:49,410.19
14569,14569,PayPal,2024-11-20 10:27:38,1959.72
14570,14570,Credit Card,2026-03-05 22:50:55,2752.38
14571,14571,Cash,2025-02-25 23:06:00,712.83
14572,14572,Cash,2025-03-15 17:19:33,1501.43
14573,14573,PayPal,2025-08-24 03:12:04,2703.44
14574,14574,Credit Card,2025-09-01 09:00:39,1836.6
14575,14575,PayPal,2026-04-22 09:51:52,1752.13
14576,14576,Cash,2026-04-05 21:05:50,1313.94
14577,14577,Cash,2024-08-06 16:37:08,1962.36
14578,14578,PayPal,2025-12-02 12:31:57,2787.6
14579,14579,PayPal,2025-06-01 22:56:30,2369.35
14580,14580,Bank Transfer,2025-05-01 11:53:22,2201.08
14581,14581,Credit Card,2025-05-07 08:05:14,3818.53
14582,14582,Bank Transfer,2026-04-08 09:05:44,1015.12
14583,14583,Bank Transfer,2026-02-14 03:18:28,1758.58
14584,14584,Credit Card,2025-04-10 05:48:24,2659.32
14585,14585,Credit Card,2025-02-27 15:28:13,2510.13
14586,14586,PayPal,2026-06-24 13:37:58,1416.13
14587,14587,Cash,2025-12-01 20:56:01,328.32
14588,14588,Credit Card,2024-09-07 19:38:51,960.24
14589,14589,Credit Card,2025-10-22 00:25:34,661.04
14590,14590,Cash,2026-06-09 02:54:22,2052.5
14591,14591,PayPal,2025-02-28 19:27:04,1641.55
14592,14592,Bank Transfer,2024-08-30 05:58:13,1268.71
14593,14593,Bank Transfer,2024-09-10 20:06:12,2618.32
14594,14594,Cash,2025-06-22 12:23:37,614.61
14595,14595,Bank Transfer,2024-10-23 17:10:19,1161.53
14596,14596,Credit Card,2024-12-27 06:59:16,3989.24
14597,14597,Credit Card,2026-01-01 00:37:07,337.84
14598,14598,Credit Card,2025-02-23 04:45:20,2790.0
14599,14599,Credit Card,2024-09-28 19:27:38,908.24
14600,14600,Bank Transfer,2025-11-12 13:38:22,1948.86
14601,14601,Cash,2025-02-28 16:52:10,673.94
14602,14602,Credit Card,2026-02-19 19:40:00,1429.83
14603,14603,Cash,2024-10-28 08:49:33,1945.18
14604,14604,Bank Transfer,2025-07-09 06:45:43,1477.28
14605,14605,Cash,2025-08-07 15:03:39,1804.92
14606,14606,Bank Transfer,2025-05-11 02:28:53,760.36
14607,14607,Credit Card,2025-02-27 08:02:13,1833.75
14608,14608,PayPal,2026-03-17 13:42:10,2881.47
14609,14609,Bank Transfer,2024-08-13 07:37:31,618.88
14610,14610,Credit Card,2024-12-07 22:33:53,806.18
14611,14611,Bank Transfer,2025-04-06 06:00:24,403.88
14612,14612,Cash,2025-01-05 12:33:20,2609.36
14613,14613,Bank Transfer,2024-09-21 14:40:52,2088.38
14614,14614,PayPal,2025-06-26 17:00:02,1364.72
14615,14615,PayPal,2025-09-09 05:24:03,1634.58
14616,14616,PayPal,2026-07-04 04:50:03,1114.92
14617,14617,Bank Transfer,2025-01-21 16:50:44,258.03
14618,14618,Credit Card,2025-12-06 11:38:56,2224.35
14619,14619,PayPal,2025-07-11 23:51:14,3192.55
14620,14620,Cash,2026-06-29 13:03:12,3821.39
14621,14621,Bank Transfer,2025-07-15 03:01:17,878.6
14622,14622,PayPal,2025-04-19 11:03:55,1340.14
14623,14623,Bank Transfer,2026-01-12 02:24:22,4152.17
14624,14624,Credit Card,2025-11-26 21:01:12,3579.51
14625,14625,Credit Card,2026-05-29 05:25:59,346.63
14626,14626,PayPal,2024-11-15 03:52:50,1677.9
14627,14627,Cash,2026-07-23 05:14:18,2821.93
14628,14628,Bank Transfer,2025-05-12 02:01:40,3691.33
14629,14629,PayPal,2025-08-20 22:37:38,1008.48
14630,14630,Cash,2026-04-21 16:28:01,167.56
14631,14631,Bank Transfer,2025-12-28 23:03:18,1220.12
14632,14632,Credit Card,2024-09-28 01:46:18,751.88
14633,14633,Bank Transfer,2024-08-30 11:17:30,2088.46
14634,14634,Credit Card,2025-09-13 03:31:59,1249.11
14635,14635,Bank Transfer,2026-05-01 23:46:18,1034.8
14636,14636,PayPal,2025-09-09 03:18:16,1646.44
14637,14637,PayPal,2024-08-06 10:14:28,1503.06
14638,14638,Credit Card,2024-11-03 04:21:31,31.81
14639,14639,Credit Card,2026-04-22 19:13:39,583.85
14640,14640,Credit Card,2025-01-23 10:26:18,3764.63
14641,14641,Cash,2026-04-04 08:47:44,1556.2
14642,14642,Bank Transfer,2026-03-08 00:09:10,2477.15
14643,14643,Credit Card,2026-03-07 22:01:45,3684.14
14644,14644,Cash,2025-05-04 18:48:54,60.08
14645,14645,PayPal,2025-08-17 06:06:00,1094.25
14646,14646,Credit Card,2026-06-11 15:13:01,1664.3
14647,14647,Cash,2025-11-27 00:43:59,998.88
14648,14648,Bank Transfer,2026-04-04 12:44:26,1648.28
14649,14649,Bank Transfer,2026-01-23 18:05:55,2976.75
14650,14650,Credit Card,2024-11-08 19:52:33,417.0
14651,14651,Cash,2025-11-25 14:20:29,653.38
14652,14652,Credit Card,2026-01-23 00:16:34,997.35
14653,14653,PayPal,2025-11-27 11:28:57,1394.04
14654,14654,PayPal,2024-09-21 04:58:31,617.63
14655,14655,Credit Card,2026-01-20 02:51:01,1782.86
14656,14656,Credit Card,2025-10-26 11:59:17,1292.61
14657,14657,Bank Transfer,2026-04-22 05:34:02,1733.09
14658,14658,PayPal,2026-06-05 10:08:00,1071.53
14659,14659,PayPal,2024-12-03 19:43:05,556.52
14660,14660,PayPal,2025-09-17 18:07:33,605.4
14661,14661,Bank Transfer,2025-11-08 09:43:52,1129.47
14662,14662,Bank Transfer,2025-05-31 02:08:42,2470.28
14663,14663,Cash,2026-02-28 10:51:12,1352.12
14664,14664,PayPal,2026-04-28 05:53:00,686.65
14665,14665,PayPal,2025-05-17 16:16:37,3411.53
14666,14666,PayPal,2025-05-08 05:02:26,460.41
14667,14667,PayPal,2026-01-24 16:20:04,2112.94
14668,14668,PayPal,2026-05-29 08:57:01,2003.12
14669,14669,Bank Transfer,2025-10-11 15:45:19,3631.79
14670,14670,Credit Card,2025-04-17 13:50:02,1151.56
14671,14671,Bank Transfer,2024-11-14 17:50:53,2762.6
14672,14672,Credit Card,2025-09-25 08:57:14,3274.25
14673,14673,Cash,2025-02-09 02:38:30,1679.74
14674,14674,Cash,2025-01-08 21:51:11,458.43
14675,14675,Cash,2026-04-07 04:34:40,860.41
14676,14676,Bank Transfer,2026-02-22 02:28:59,2573.21
14677,14677,Cash,2024-11-26 10:15:37,2228.24
14678,14678,Cash,2025-04-25 12:23:57,1815.64
14679,14679,Bank Transfer,2025-04-05 20:36:10,1107.44
14680,14680,Credit Card,2026-05-17 23:29:51,2108.01
14681,14681,Credit Card,2025-12-13 06:35:38,520.26
14682,14682,Credit Card,2025-03-17 14:27:02,1807.53
14683,14683,PayPal,2025-02-12 04:15:17,835.68
14684,14684,Bank Transfer,2024-11-13 16:47:58,3172.93
14685,14685,Bank Transfer,2025-10-10 22:20:33,2453.07
14686,14686,Cash,2025-07-21 01:19:07,984.03
14687,14687,PayPal,2024-11-20 02:14:23,1405.06
14688,14688,Credit Card,2026-03-04 11:48:23,168.45
14689,14689,Cash,2024-09-11 15:57:07,1867.77
14690,14690,PayPal,2024-08-14 23:56:50,1097.7
14691,14691,Cash,2024-12-04 12:47:08,381.47
14692,14692,Cash,2025-06-21 08:21:24,415.19
14693,14693,PayPal,2025-01-25 15:45:12,770.76
14694,14694,PayPal,2024-09-10 06:31:05,2280.96
14695,14695,Bank Transfer,2025-02-13 05:54:59,2670.74
14696,14696,Cash,2025-06-28 01:56:10,895.09
14697,14697,Cash,2025-10-24 03:26:12,18.35
14698,14698,PayPal,2025-12-22 19:28:10,816.62
14699,14699,Bank Transfer,2026-02-03 03:32:26,4741.47
14700,14700,Bank Transfer,2026-07-21 23:14:05,902.04
14701,14701,Bank Transfer,2025-08-19 02:22:39,3448.43
14702,14702,Cash,2025-11-02 07:32:17,497.73
14703,14703,Credit Card,2026-03-08 12:54:37,1489.52
14704,14704,Bank Transfer,2024-11-09 19:25:50,425.36
14705,14705,PayPal,2025-11-18 03:42:56,2266.62
14706,14706,Bank Transfer,2024-10-17 04:57:12,2554.13
14707,14707,Cash,2025-09-20 15:03:24,1551.54
14708,14708,Credit Card,2025-02-24 15:27:40,1796.93
14709,14709,Cash,2025-12-12 17:59:22,429.52
14710,14710,PayPal,2025-08-16 23:47:42,263.26
14711,14711,PayPal,2026-04-16 13:47:55,3058.37
14712,14712,Credit Card,2025-12-02 00:15:12,1388.13
14713,14713,Credit Card,2024-11-21 07:54:15,838.54
14714,14714,Cash,2026-07-07 03:05:38,892.72
14715,14715,PayPal,2024-11-25 11:32:04,956.75
14716,14716,Cash,2025-03-15 15:11:56,3214.47
14717,14717,Cash,2025-04-18 01:44:36,1798.2
14718,14718,Cash,2026-02-27 15:16:04,409.74
14719,14719,Cash,2024-11-30 08:55:26,1902.35
14720,14720,Credit Card,2025-11-06 14:32:56,1569.69
14721,14721,Credit Card,2025-02-07 14:38:54,568.74
14722,14722,Cash,2024-08-25 16:02:05,1644.29
14723,14723,Cash,2025-08-01 01:16:18,1368.61
14724,14724,Bank Transfer,2026-05-09 21:58:40,1921.29
14725,14725,Credit Card,2024-10-27 01:15:30,3009.75
14726,14726,Bank Transfer,2024-08-31 11:57:28,1831.81
14727,14727,PayPal,2025-02-27 18:51:51,2784.9
14728,14728,Credit Card,2024-08-16 11:40:24,1826.13
14729,14729,Bank Transfer,2025-04-05 12:21:32,1606.59
14730,14730,Bank Transfer,2026-03-31 16:59:12,1196.64
14731,14731,PayPal,2024-08-13 11:42:13,5535.4
14732,14732,Cash,2025-04-03 05:21:28,1290.15
14733,14733,Credit Card,2024-12-03 19:45:02,570.93
14734,14734,PayPal,2026-04-10 09:09:35,5580.35
14735,14735,PayPal,2025-01-15 14:43:43,2437.82
14736,14736,Bank Transfer,2025-07-29 23:17:16,641.35
14737,14737,Bank Transfer,2025-02-01 07:46:45,2792.1
14738,14738,PayPal,2026-04-18 13:35:30,1902.93
14739,14739,Cash,2025-09-28 13:30:16,4717.43
14740,14740,PayPal,2025-11-20 07:19:47,4383.98
14741,14741,Cash,2025-09-30 22:55:22,2185.88
14742,14742,Credit Card,2025-04-08 07:25:58,1262.37
14743,14743,Cash,2025-09-20 01:35:36,1688.22
14744,14744,Cash,2026-01-19 02:45:24,2268.09
14745,14745,Credit Card,2026-06-23 15:56:01,2679.38
14746,14746,Credit Card,2026-05-26 15:04:48,691.27
14747,14747,Credit Card,2024-08-21 10:26:53,2885.99
14748,14748,Bank Transfer,2025-03-28 14:47:53,1481.26
14749,14749,Credit Card,2025-01-25 15:33:23,2157.12
14750,14750,Credit Card,2024-12-01 17:44:30,3641.68
14751,14751,Bank Transfer,2025-07-31 07:04:23,830.12
14752,14752,Cash,2025-11-17 05:47:32,566.2
14753,14753,PayPal,2024-09-23 10:58:45,2258.74
14754,14754,Bank Transfer,2025-09-14 07:17:00,2120.02
14755,14755,PayPal,2026-04-01 11:10:52,1975.79
14756,14756,PayPal,2025-10-18 08:15:18,2175.41
14757,14757,PayPal,2026-07-22 13:29:43,1732.9
14758,14758,Cash,2025-06-30 22:41:28,551.41
14759,14759,Credit Card,2024-09-27 12:36:58,5150.63
14760,14760,Credit Card,2026-04-01 09:18:59,1343.05
14761,14761,Credit Card,2025-05-03 01:16:12,2364.39
14762,14762,Cash,2025-06-12 07:56:33,1303.3
14763,14763,PayPal,2025-08-27 18:18:44,5180.24
14764,14764,Credit Card,2026-05-26 19:12:18,4014.72
14765,14765,Cash,2025-11-08 18:33:11,2101.55
14766,14766,Cash,2026-06-08 17:04:15,1011.54
14767,14767,Credit Card,2026-07-25 00:31:45,1211.34
14768,14768,Bank Transfer,2026-05-02 06:57:11,542.68
14769,14769,Credit Card,2025-11-27 11:12:08,3715.93
14770,14770,Bank Transfer,2026-07-30 11:29:42,1759.85
14771,14771,Cash,2025-04-10 15:24:07,2796.81
14772,14772,Bank Transfer,2026-04-15 02:58:58,1194.16
14773,14773,PayPal,2025-01-10 08:46:30,1862.77
14774,14774,PayPal,2025-02-27 03:33:30,3423.35
14775,14775,Credit Card,2024-11-19 06:21:29,2588.93
14776,14776,Bank Transfer,2024-08-14 15:50:58,1984.18
14777,14777,Cash,2026-03-30 08:12:14,2108.54
14778,14778,PayPal,2025-05-04 23:58:00,2006.75
14779,14779,PayPal,2026-02-18 23:25:14,1409.73
14780,14780,Cash,2025-12-13 03:32:18,1096.89
14781,14781,Credit Card,2024-11-29 05:54:56,1476.11
14782,14782,PayPal,2025-06-04 14:48:42,3127.02
14783,14783,PayPal,2024-10-27 13:55:31,2465.35
14784,14784,Credit Card,2025-06-01 10:01:58,2010.66
14785,14785,Credit Card,2025-07-26 01:16:17,462.02
14786,14786,Cash,2026-01-03 09:24:30,71.0
14787,14787,Bank Transfer,2025-02-12 10:54:58,49.86
14788,14788,Cash,2025-09-17 22:49:36,2188.73
14789,14789,Cash,2025-07-20 12:55:14,3042.07
14790,14790,Credit Card,2025-11-13 21:34:16,1721.11
14791,14791,Bank Transfer,2025-12-15 02:24:56,1813.17
14792,14792,Bank Transfer,2024-10-30 14:27:12,1702.04
14793,14793,PayPal,2025-12-13 10:03:36,2004.88
14794,14794,PayPal,2026-01-10 15:47:47,1128.63
14795,14795,Bank Transfer,2025-03-27 18:54:33,3267.44
14796,14796,PayPal,2024-12-17 03:32:57,109.21
14797,14797,Bank Transfer,2026-05-14 17:07:15,1774.17
14798,14798,Bank Transfer,2026-05-14 00:58:16,2265.43
14799,14799,Bank Transfer,2025-08-19 13:31:59,4051.9
14800,14800,Credit Card,2025-09-21 07:13:03,821.07
14801,14801,PayPal,2024-08-11 09:49:20,624.62
14802,14802,Bank Transfer,2025-05-30 19:26:04,1994.89
14803,14803,Credit Card,2025-12-13 06:21:32,2714.02
14804,14804,Bank Transfer,2024-10-10 09:30:39,2770.81
14805,14805,Bank Transfer,2026-02-16 12:54:37,1121.07
14806,14806,Cash,2026-03-09 07:36:08,978.17
14807,14807,Credit Card,2025-10-07 21:23:12,1843.02
14808,14808,Bank Transfer,2025-12-06 11:33:30,1547.5
14809,14809,Cash,2026-06-02 20:21:24,1211.64
14810,14810,PayPal,2024-10-01 23:33:26,1028.58
14811,14811,Credit Card,2025-05-11 20:31:20,2437.19
14812,14812,Credit Card,2025-06-20 13:26:08,628.46
14813,14813,Credit Card,2024-12-30 03:47:35,1129.71
14814,14814,PayPal,2026-03-16 20:46:00,630.45
14815,14815,Cash,2025-05-29 05:59:45,1551.82
14816,14816,Credit Card,2025-03-31 20:33:11,1877.75
14817,14817,Bank Transfer,2025-11-26 17:33:38,845.46
14818,14818,PayPal,2026-06-11 19:23:22,1874.15
14819,14819,Cash,2025-05-07 04:29:02,2777.99
14820,14820,PayPal,2026-06-18 00:44:30,1408.12
14821,14821,PayPal,2025-06-20 03:45:28,712.56
14822,14822,Bank Transfer,2026-04-01 10:11:52,276.63
14823,14823,Bank Transfer,2025-04-27 09:35:39,1369.17
14824,14824,Bank Transfer,2025-10-12 01:19:31,1536.72
14825,14825,Cash,2024-11-20 01:37:30,1939.68
14826,14826,Bank Transfer,2025-06-28 05:52:56,1454.7
14827,14827,PayPal,2024-08-30 14:53:48,2627.64
14828,14828,Bank Transfer,2025-02-03 15:54:09,72.56
14829,14829,PayPal,2025-02-01 04:22:16,848.9
14830,14830,Bank Transfer,2026-05-11 14:22:18,3052.34
14831,14831,PayPal,2025-08-16 11:10:48,3750.66
14832,14832,PayPal,2025-12-06 03:25:01,2033.8
14833,14833,Credit Card,2025-05-05 22:12:54,1443.7
14834,14834,Credit Card,2026-03-29 19:41:37,693.99
14835,14835,Credit Card,2024-08-18 23:32:51,3803.41
14836,14836,Bank Transfer,2025-08-08 16:32:35,562.8
14837,14837,Cash,2026-02-09 07:40:12,3784.48
14838,14838,PayPal,2026-01-29 19:36:40,937.23
14839,14839,Bank Transfer,2025-12-22 17:09:11,1060.31
14840,14840,Credit Card,2024-09-30 01:43:10,3136.28
14841,14841,PayPal,2025-07-12 18:53:07,4087.9
14842,14842,Bank Transfer,2026-06-06 19:33:13,6266.77
14843,14843,Cash,2026-07-16 15:55:11,957.64
14844,14844,Bank Transfer,2025-10-20 03:58:16,526.63
14845,14845,Cash,2026-01-25 20:58:19,45.58
14846,14846,Bank Transfer,2026-07-11 02:58:06,1620.02
14847,14847,Cash,2024-09-13 09:16:04,1242.09
14848,14848,Cash,2025-02-21 17:11:16,893.1
14849,14849,PayPal,2025-08-23 23:14:56,923.39
14850,14850,PayPal,2025-07-18 18:55:19,2764.39
14851,14851,Credit Card,2024-10-07 11:12:02,2885.24
14852,14852,Bank Transfer,2024-09-15 14:46:27,4636.73
14853,14853,Bank Transfer,2026-03-28 12:55:05,358.2
14854,14854,Cash,2026-01-27 06:23:00,532.4
14855,14855,Cash,2026-07-05 04:21:25,1859.62
14856,14856,Credit Card,2026-04-28 22:04:13,1772.6
14857,14857,Bank Transfer,2025-09-12 12:51:26,3377.93
14858,14858,Cash,2025-08-01 06:50:49,774.01
14859,14859,Cash,2026-05-25 00:19:21,1727.08
14860,14860,Bank Transfer,2026-04-28 14:03:22,2375.04
14861,14861,Bank Transfer,2024-12-03 08:26:14,448.97
14862,14862,Cash,2024-11-30 13:40:13,769.22
14863,14863,PayPal,2025-05-08 06:01:46,758.29
14864,14864,PayPal,2025-05-28 18:18:55,1244.64
14865,14865,Cash,2024-09-18 21:26:09,3179.54
14866,14866,PayPal,2026-03-28 00:19:13,473.32
14867,14867,Bank Transfer,2025-09-09 19:38:56,3832.51
14868,14868,Bank Transfer,2025-12-12 16:55:23,115.52
14869,14869,Bank Transfer,2026-07-26 21:58:35,911.49
14870,14870,Bank Transfer,2026-08-02 14:04:49,1141.17
14871,14871,Credit Card,2026-01-06 06:45:55,468.64
14872,14872,PayPal,2026-02-20 03:02:35,2008.88
14873,14873,Cash,2025-04-14 21:05:18,74.25
14874,14874,Cash,2025-01-29 09:14:49,1864.65
14875,14875,PayPal,2024-12-24 10:37:22,3066.29
14876,14876,Cash,2026-06-07 13:19:43,1754.23
14877,14877,Credit Card,2024-11-20 12:52:57,801.32
14878,14878,PayPal,2026-01-02 04:47:54,203.64
14879,14879,Credit Card,2024-09-19 22:17:16,523.48
14880,14880,Cash,2024-10-29 02:56:58,3525.52
14881,14881,Cash,2024-08-20 01:27:27,1707.01
14882,14882,Bank Transfer,2025-01-21 02:13:35,3403.13
14883,14883,Bank Transfer,2026-07-21 15:01:20,2061.01
14884,14884,PayPal,2025-03-15 06:43:46,956.48
14885,14885,Bank Transfer,2025-06-30 12:55:52,1640.77
14886,14886,Credit Card,2025-09-26 16:00:16,1978.76
14887,14887,Credit Card,2024-12-30 01:11:20,2659.95
14888,14888,Bank Transfer,2025-08-08 02:03:45,1918.28
14889,14889,PayPal,2025-04-07 02:47:14,659.75
14890,14890,Bank Transfer,2024-08-06 23:35:31,2465.84
14891,14891,PayPal,2025-09-04 21:03:01,1365.06
14892,14892,Bank Transfer,2026-05-23 06:53:20,664.85
14893,14893,Credit Card,2025-08-14 04:20:04,427.8
14894,14894,Bank Transfer,2025-05-12 18:18:11,3089.36
14895,14895,Cash,2024-10-13 10:06:44,1754.05
14896,14896,Credit Card,2024-11-14 17:16:30,3586.33
14897,14897,Credit Card,2026-04-03 10:40:17,1108.36
14898,14898,Credit Card,2026-03-26 05:27:02,877.17
14899,14899,Credit Card,2026-06-30 10:55:01,2094.89
14900,14900,PayPal,2025-05-06 12:27:54,4785.95
14901,14901,Bank Transfer,2025-12-03 01:39:41,1291.03
14902,14902,Bank Transfer,2024-11-27 18:42:47,1850.2
14903,14903,Cash,2025-01-26 20:00:20,1050.88
14904,14904,Cash,2025-08-07 12:37:01,1113.13
14905,14905,Bank Transfer,2025-04-07 03:07:10,2749.65
14906,14906,Credit Card,2025-07-21 18:07:36,523.62
14907,14907,Bank Transfer,2026-06-16 06:45:32,3356.11
14908,14908,Cash,2024-10-22 23:21:21,103.57
14909,14909,PayPal,2026-01-14 04:08:46,2792.96
14910,14910,Credit Card,2026-07-02 05:23:40,1316.62
14911,14911,Cash,2025-10-10 12:01:15,659.13
14912,14912,Bank Transfer,2024-09-26 00:18:04,371.42
14913,14913,Bank Transfer,2024-10-14 04:04:10,2269.09
14914,14914,Cash,2024-10-03 11:13:42,938.12
14915,14915,PayPal,2026-07-27 00:21:52,1151.59
14916,14916,Bank Transfer,2025-06-05 15:29:01,1680.02
14917,14917,Bank Transfer,2025-09-12 09:06:22,973.65
14918,14918,Bank Transfer,2025-11-13 21:23:37,1432.94
14919,14919,Credit Card,2025-05-25 21:24:58,2137.79
14920,14920,Cash,2026-01-23 19:03:09,1834.85
14921,14921,PayPal,2025-10-07 07:52:26,3947.33
14922,14922,Bank Transfer,2025-02-22 09:07:22,3529.33
14923,14923,Bank Transfer,2025-03-06 16:13:32,838.28
14924,14924,PayPal,2026-02-14 01:19:55,1214.3
14925,14925,Credit Card,2025-02-15 06:42:26,1138.38
14926,14926,Cash,2026-03-27 16:57:35,1777.24
14927,14927,PayPal,2026-06-23 14:09:16,1490.8
14928,14928,Bank Transfer,2026-07-21 16:46:18,3072.67
14929,14929,Bank Transfer,2024-09-13 08:42:13,390.91
14930,14930,Cash,2025-10-21 08:40:14,1786.52
14931,14931,PayPal,2025-08-14 21:19:30,2893.65
14932,14932,Cash,2025-03-31 17:40:31,1142.43
14933,14933,Cash,2024-11-12 21:28:38,742.83
14934,14934,PayPal,2026-07-14 22:10:52,355.14
14935,14935,Bank Transfer,2025-07-17 15:51:32,1997.12
14936,14936,Credit Card,2025-10-21 00:24:24,1874.56
14937,14937,Credit Card,2026-04-21 05:30:20,1688.52
14938,14938,Bank Transfer,2025-10-11 18:51:04,2498.63
14939,14939,Bank Transfer,2024-12-06 17:38:31,227.16
14940,14940,Cash,2024-09-18 15:01:57,4582.6
14941,14941,Credit Card,2026-06-18 12:30:47,74.25
14942,14942,PayPal,2025-09-16 17:58:29,1809.59
14943,14943,Bank Transfer,2025-03-24 23:11:54,578.49
14944,14944,Cash,2026-07-18 01:45:42,2178.31
14945,14945,Cash,2026-03-17 19:01:06,746.41
14946,14946,Bank Transfer,2026-04-25 20:21:13,1169.28
14947,14947,Credit Card,2025-09-12 09:15:49,2250.11
14948,14948,PayPal,2024-08-10 11:49:35,1830.0
14949,14949,Bank Transfer,2025-10-25 19:00:18,3391.75
14950,14950,Bank Transfer,2025-05-12 06:01:23,2867.62
14951,14951,Credit Card,2026-08-06 06:45:40,577.98
14952,14952,Credit Card,2026-04-09 15:28:30,619.76
14953,14953,Bank Transfer,2026-01-12 06:50:36,1417.24
14954,14954,Credit Card,2025-03-14 06:01:24,938.83
14955,14955,Bank Transfer,2025-06-06 12:57:28,1618.88
14956,14956,Bank Transfer,2025-11-12 19:59:32,1646.8
14957,14957,Credit Card,2024-12-31 22:24:27,336.13
14958,14958,Credit Card,2025-12-10 02:49:22,3715.97
14959,14959,Credit Card,2025-03-13 01:02:14,1858.98
14960,14960,Bank Transfer,2025-05-31 03:49:15,1483.24
14961,14961,Cash,2026-05-08 12:42:55,1089.06
14962,14962,PayPal,2026-05-05 20:48:04,2285.4
14963,14963,Credit Card,2026-01-18 19:38:06,3557.4
14964,14964,Credit Card,2025-07-07 18:11:31,723.03
14965,14965,Bank Transfer,2026-06-13 10:40:28,3878.67
14966,14966,PayPal,2025-08-11 07:35:34,1215.93
14967,14967,PayPal,2025-10-12 12:10:39,782.68
14968,14968,Credit Card,2026-03-09 03:14:33,3992.97
14969,14969,PayPal,2026-05-24 21:08:11,525.02
14970,14970,Bank Transfer,2025-05-15 07:53:05,486.18
14971,14971,PayPal,2025-09-22 19:46:13,809.06
14972,14972,Credit Card,2024-11-27 21:59:47,3648.52
14973,14973,Cash,2025-12-22 09:52:51,2302.01
14974,14974,PayPal,2025-04-04 19:24:56,1475.0
14975,14975,Bank Transfer,2025-09-24 17:36:17,3861.95
14976,14976,Cash,2026-07-01 02:03:08,3788.54
14977,14977,Bank Transfer,2025-12-05 14:54:54,1249.47
14978,14978,PayPal,2026-07-22 16:28:37,2325.13
14979,14979,Credit Card,2025-11-20 02:58:50,2114.18
14980,14980,Bank Transfer,2025-08-27 02:39:22,556.4
14981,14981,Bank Transfer,2025-04-11 17:21:00,3325.83
14982,14982,PayPal,2026-01-03 01:22:57,801.16
14983,14983,Bank Transfer,2025-11-26 04:49:28,1677.19
14984,14984,PayPal,2024-10-16 18:59:49,2676.0
14985,14985,Bank Transfer,2025-01-14 06:33:45,1788.17
14986,14986,PayPal,2025-01-24 01:30:39,1092.49
14987,14987,Cash,2025-11-19 04:30:12,1954.16
14988,14988,Bank Transfer,2024-10-01 14:43:14,3917.31
14989,14989,Credit Card,2026-03-27 23:14:12,1220.73
14990,14990,Cash,2024-09-22 03:52:46,1821.2
14991,14991,Bank Transfer,2026-07-29 08:55:41,563.15
14992,14992,PayPal,2025-08-27 00:43:45,2538.94
14993,14993,Cash,2024-08-27 12:59:40,1764.87
14994,14994,Bank Transfer,2025-03-09 13:07:03,1875.47
14995,14995,Bank Transfer,2026-04-13 03:07:36,207.36
14996,14996,Credit Card,2025-02-05 02:17:10,866.0
14997,14997,Bank Transfer,2024-08-22 03:26:52,1054.72
14998,14998,Credit Card,2025-01-04 04:50:24,1460.06
14999,14999,Cash,2026-06-06 16:25:06,3624.99
15000,15000,PayPal,2026-07-28 07:12:36,1272.87
15001,15001,Bank Transfer,2025-02-14 12:23:56,1072.14
15002,15002,Cash,2024-11-24 00:39:31,402.4
15003,15003,Credit Card,2026-04-30 11:47:59,691.8
15004,15004,PayPal,2025-04-01 10:28:53,1927.83
15005,15005,PayPal,2026-02-18 20:48:56,1843.7
15006,15006,Credit Card,2026-05-24 17:42:35,1217.65
15007,15007,Credit Card,2025-12-01 20:52:18,3308.52
15008,15008,Bank Transfer,2026-03-25 05:03:52,2610.72
15009,15009,Cash,2025-07-15 17:14:46,1465.94
15010,15010,PayPal,2026-02-13 11:01:06,3386.7
15011,15011,Credit Card,2025-08-17 08:38:04,2993.64
15012,15012,Bank Transfer,2025-09-01 23:50:15,924.82
15013,15013,Bank Transfer,2024-09-02 13:37:30,2949.44
15014,15014,PayPal,2025-03-26 07:07:58,2367.82
15015,15015,Credit Card,2026-04-10 00:54:56,2047.22
15016,15016,PayPal,2024-08-17 18:57:05,2075.86
15017,15017,PayPal,2024-10-03 15:37:55,1477.19
15018,15018,Cash,2026-02-04 08:11:51,3205.49
15019,15019,Credit Card,2026-03-26 09:59:56,348.51
15020,15020,Credit Card,2025-06-21 06:49:37,643.96
15021,15021,Bank Transfer,2025-10-25 14:38:40,113.61
15022,15022,Credit Card,2026-05-18 05:27:46,49.24
15023,15023,Credit Card,2025-12-24 04:09:44,1553.64
15024,15024,Credit Card,2025-02-06 17:47:32,1759.92
15025,15025,Bank Transfer,2024-12-27 12:23:50,1620.04
15026,15026,PayPal,2025-08-16 15:45:30,5144.63
15027,15027,Credit Card,2025-08-16 23:42:22,2911.0
15028,15028,Bank Transfer,2025-04-18 17:03:11,3587.77
15029,15029,PayPal,2025-12-24 08:16:37,3438.78
15030,15030,Cash,2024-08-19 21:48:28,1306.26
15031,15031,PayPal,2025-12-17 19:48:45,304.39
15032,15032,Cash,2025-11-30 08:23:17,3391.8
15033,15033,Cash,2026-02-13 23:05:31,962.45
15034,15034,Cash,2026-01-12 13:56:47,1995.12
15035,15035,Bank Transfer,2025-01-27 17:39:37,2077.71
15036,15036,Cash,2024-10-24 16:39:26,1151.49
15037,15037,Bank Transfer,2025-03-04 09:17:33,1450.15
15038,15038,PayPal,2025-10-22 03:32:56,3817.02
15039,15039,Cash,2025-06-03 23:26:10,2639.66
15040,15040,PayPal,2026-04-10 15:29:57,1568.16
15041,15041,Cash,2025-05-29 01:45:38,3136.49
15042,15042,Bank Transfer,2025-09-03 21:08:48,874.86
15043,15043,Bank Transfer,2025-05-12 10:44:09,1373.18
15044,15044,Cash,2025-07-08 08:09:06,77.28
15045,15045,Cash,2025-03-30 10:33:06,3356.1
15046,15046,PayPal,2024-10-14 01:01:20,1325.65
15047,15047,Credit Card,2025-05-28 18:10:12,2581.93
15048,15048,PayPal,2025-08-11 14:05:20,1090.95
15049,15049,Cash,2025-01-02 20:08:27,2928.03
15050,15050,Cash,2025-08-09 12:40:04,2474.26
15051,15051,Bank Transfer,2024-10-04 08:11:10,1110.25
15052,15052,Bank Transfer,2026-04-08 21:43:54,1837.92
15053,15053,PayPal,2025-04-15 06:49:07,1551.45
15054,15054,Cash,2024-10-07 16:56:21,2093.58
15055,15055,Cash,2026-06-11 09:12:52,1161.51
15056,15056,Credit Card,2026-01-09 04:53:46,868.77
15057,15057,Credit Card,2025-05-14 09:02:11,969.29
15058,15058,PayPal,2024-10-01 05:27:11,3394.95
15059,15059,Credit Card,2025-09-26 04:56:00,2666.24
15060,15060,Bank Transfer,2026-05-17 23:49:56,263.93
15061,15061,Bank Transfer,2024-11-14 02:08:38,1850.42
15062,15062,PayPal,2025-08-18 06:34:40,1243.99
15063,15063,Cash,2026-05-04 22:49:02,36.7
15064,15064,Cash,2025-11-26 17:11:41,1071.53
15065,15065,PayPal,2024-11-17 09:47:15,2350.49
15066,15066,Bank Transfer,2024-09-02 10:04:09,2951.18
15067,15067,Bank Transfer,2026-05-13 15:08:26,1478.2
15068,15068,Credit Card,2025-12-03 01:24:48,337.06
15069,15069,Bank Transfer,2024-10-14 06:58:17,713.4
15070,15070,PayPal,2024-12-20 07:39:53,3541.96
15071,15071,PayPal,2026-05-17 17:37:27,224.07
15072,15072,Credit Card,2025-02-20 08:28:23,906.28
15073,15073,PayPal,2025-05-06 15:20:21,3081.14
15074,15074,Bank Transfer,2026-05-12 20:37:34,800.83
15075,15075,Cash,2025-11-23 21:34:18,1154.74
15076,15076,Bank Transfer,2024-12-22 13:23:13,3548.89
15077,15077,PayPal,2026-07-27 13:34:26,1672.33
15078,15078,PayPal,2026-04-09 17:35:15,1645.83
15079,15079,Bank Transfer,2025-03-31 03:00:03,1803.08
15080,15080,Credit Card,2025-07-26 00:17:00,2379.37
15081,15081,PayPal,2025-05-07 20:48:07,1146.22
15082,15082,Cash,2025-02-02 06:07:40,1529.58
15083,15083,PayPal,2024-09-08 01:33:11,932.22
15084,15084,Bank Transfer,2025-04-06 17:47:57,843.47
15085,15085,PayPal,2025-09-06 23:34:35,456.87
15086,15086,Cash,2025-02-11 15:41:55,977.39
15087,15087,Credit Card,2025-09-23 04:54:25,470.71
15088,15088,Cash,2025-10-22 21:48:44,953.68
15089,15089,Bank Transfer,2026-04-26 13:34:03,152.73
15090,15090,Bank Transfer,2026-03-27 05:50:57,1339.89
15091,15091,Cash,2026-04-13 15:52:49,716.25
15092,15092,PayPal,2024-09-20 23:31:08,2649.07
15093,15093,Credit Card,2024-10-16 02:46:02,127.86
15094,15094,PayPal,2026-03-06 11:39:23,3780.06
15095,15095,Credit Card,2025-07-11 23:44:10,2512.16
15096,15096,Bank Transfer,2026-04-10 22:03:34,2792.48
15097,15097,Cash,2025-01-29 10:08:42,1038.64
15098,15098,Credit Card,2026-03-26 14:48:52,1441.58
15099,15099,PayPal,2025-07-07 23:42:50,753.46
15100,15100,Cash,2025-10-21 02:35:09,1715.97
15101,15101,Bank Transfer,2026-03-15 04:06:41,198.19
15102,15102,Bank Transfer,2025-02-13 15:05:30,3082.46
15103,15103,Cash,2024-08-24 19:48:46,3078.79
15104,15104,PayPal,2024-11-23 15:25:51,1054.23
15105,15105,Cash,2024-11-22 00:49:44,1873.53
15106,15106,Bank Transfer,2025-02-18 17:31:56,1383.73
15107,15107,Bank Transfer,2024-08-16 10:03:34,734.39
15108,15108,Bank Transfer,2025-11-14 07:27:41,3178.26
15109,15109,Credit Card,2025-06-14 11:49:31,172.35
15110,15110,Credit Card,2025-05-27 11:55:09,1996.59
15111,15111,PayPal,2025-04-29 22:13:41,750.57
15112,15112,Cash,2025-08-13 17:24:03,1303.09
15113,15113,Credit Card,2025-07-09 18:19:38,416.13
15114,15114,Credit Card,2025-05-01 06:20:11,4389.9
15115,15115,PayPal,2026-05-21 23:28:05,2283.63
15116,15116,Bank Transfer,2026-06-09 03:27:39,1092.13
15117,15117,PayPal,2025-09-25 04:37:27,811.29
15118,15118,PayPal,2024-11-02 20:41:53,2810.16
15119,15119,Cash,2025-07-30 06:52:21,311.17
15120,15120,PayPal,2024-10-28 17:02:03,806.7
15121,15121,Cash,2025-05-08 06:04:47,425.88
15122,15122,Cash,2026-05-12 17:35:21,1962.21
15123,15123,PayPal,2025-11-03 19:44:30,2152.81
15124,15124,Bank Transfer,2025-02-03 02:31:44,3820.73
15125,15125,Bank Transfer,2026-04-02 19:14:41,1446.79
15126,15126,Bank Transfer,2025-04-26 09:13:12,789.14
15127,15127,Cash,2026-03-10 09:56:25,1806.53
15128,15128,Bank Transfer,2024-08-07 07:09:15,1534.12
15129,15129,Cash,2024-11-02 02:36:11,29.28
15130,15130,Credit Card,2026-04-15 10:48:42,1892.33
15131,15131,PayPal,2025-09-21 03:59:29,254.94
15132,15132,Credit Card,2026-08-06 09:36:09,956.7
15133,15133,Credit Card,2025-06-18 14:42:10,666.18
15134,15134,Credit Card,2024-09-18 00:11:52,2659.97
15135,15135,Credit Card,2026-04-14 16:05:54,2971.2
15136,15136,Bank Transfer,2026-05-07 20:17:51,2328.58
15137,15137,Credit Card,2024-09-29 09:08:27,2526.67
15138,15138,PayPal,2024-11-02 20:27:55,1636.24
15139,15139,Credit Card,2025-07-22 23:42:49,3332.82
15140,15140,Bank Transfer,2025-07-14 02:45:46,1085.68
15141,15141,PayPal,2026-07-09 10:32:15,2928.73
15142,15142,Credit Card,2025-07-19 01:30:36,2891.17
15143,15143,Cash,2025-06-21 09:21:37,1146.84
15144,15144,Cash,2026-07-21 03:07:09,2590.56
15145,15145,Bank Transfer,2024-09-11 17:20:08,1981.31
15146,15146,Credit Card,2024-08-25 01:54:58,2465.52
15147,15147,Credit Card,2025-09-29 15:47:58,171.24
15148,15148,Cash,2025-01-21 02:37:09,1312.42
15149,15149,PayPal,2025-05-08 05:44:52,78.1
15150,15150,PayPal,2024-12-08 22:37:18,2236.87
15151,15151,Cash,2026-06-09 21:23:56,952.74
15152,15152,PayPal,2025-07-06 03:38:01,628.75
15153,15153,PayPal,2025-05-21 07:12:33,947.38
15154,15154,Cash,2025-10-18 11:25:59,1364.72
15155,15155,Credit Card,2025-03-10 20:22:53,1360.72
15156,15156,Credit Card,2024-08-09 13:44:33,772.45
15157,15157,Bank Transfer,2026-01-27 22:30:43,4464.09
15158,15158,Bank Transfer,2026-06-23 02:56:02,1171.86
15159,15159,Credit Card,2026-05-08 00:46:52,1606.56
15160,15160,Cash,2025-10-05 09:26:48,811.65
15161,15161,Credit Card,2025-10-04 10:51:18,146.07
15162,15162,PayPal,2025-09-30 22:05:41,258.88
15163,15163,Bank Transfer,2025-08-10 16:46:30,1422.28
15164,15164,PayPal,2026-03-21 07:19:12,1813.67
15165,15165,Credit Card,2026-02-19 16:57:29,1288.69
15166,15166,Cash,2025-04-13 20:39:01,431.37
15167,15167,PayPal,2025-11-27 09:46:56,716.14
15168,15168,PayPal,2026-06-30 06:24:31,3737.08
15169,15169,Cash,2026-02-16 16:07:51,1325.34
15170,15170,Cash,2024-09-25 22:36:02,2038.85
15171,15171,Credit Card,2026-05-08 03:04:36,2289.45
15172,15172,PayPal,2025-10-07 14:08:28,1770.9
15173,15173,Bank Transfer,2024-11-27 04:40:34,3390.34
15174,15174,Credit Card,2026-01-03 13:43:51,2866.29
15175,15175,Bank Transfer,2026-03-17 23:07:55,2668.74
15176,15176,PayPal,2026-03-03 03:53:37,2157.98
15177,15177,Cash,2025-03-24 01:22:22,3415.95
15178,15178,Cash,2025-07-17 21:06:53,285.2
15179,15179,Bank Transfer,2024-12-17 17:58:06,1429.08
15180,15180,Bank Transfer,2025-01-31 15:13:39,1200.95
15181,15181,Bank Transfer,2025-08-07 16:49:50,838.59
15182,15182,Bank Transfer,2025-07-17 14:22:44,2063.25
15183,15183,Credit Card,2026-02-17 04:17:19,3452.84
15184,15184,Credit Card,2024-09-17 07:25:23,2974.7
15185,15185,Credit Card,2026-05-24 18:54:34,1586.6
15186,15186,Cash,2025-09-16 14:14:58,1789.96
15187,15187,PayPal,2025-06-16 14:30:42,1501.0
15188,15188,Credit Card,2025-06-21 02:49:46,2571.92
15189,15189,Cash,2025-04-08 03:35:45,1087.68
15190,15190,Bank Transfer,2025-02-12 08:27:20,2616.68
15191,15191,Cash,2025-01-02 16:34:04,340.84
15192,15192,Cash,2025-07-22 08:33:53,1062.93
15193,15193,Bank Transfer,2026-07-17 01:41:39,1523.69
15194,15194,Credit Card,2025-08-08 02:12:54,3445.2
15195,15195,Credit Card,2025-12-18 16:16:29,1622.68
15196,15196,Bank Transfer,2026-02-07 10:31:45,139.1
15197,15197,Credit Card,2026-04-22 11:31:24,250.88
15198,15198,Credit Card,2026-04-02 16:27:57,2557.37
15199,15199,Credit Card,2025-01-01 09:39:28,2986.49
15200,15200,Credit Card,2025-02-22 07:07:59,1763.77
15201,15201,Credit Card,2025-10-11 10:44:45,993.55
15202,15202,Bank Transfer,2025-02-03 02:09:04,172.95
15203,15203,PayPal,2025-02-14 12:23:16,1548.64
15204,15204,Cash,2025-05-07 00:28:13,2053.04
15205,15205,Cash,2025-02-25 03:17:10,3210.56
15206,15206,Cash,2024-11-02 00:41:34,1498.24
15207,15207,Cash,2025-04-07 17:10:20,444.44
15208,15208,Bank Transfer,2025-08-06 09:02:49,2148.87
15209,15209,PayPal,2024-08-09 21:10:12,2219.99
15210,15210,Cash,2025-11-28 13:06:41,673.8
15211,15211,PayPal,2026-03-12 01:04:38,3415.99
15212,15212,PayPal,2026-03-18 19:03:00,1933.65
15213,15213,Bank Transfer,2025-10-25 18:14:11,3581.79
15214,15214,Cash,2025-05-29 12:30:01,1116.16
15215,15215,PayPal,2026-05-21 06:46:44,237.8
15216,15216,PayPal,2024-10-29 00:50:31,3091.77
15217,15217,PayPal,2025-02-13 10:30:26,3001.56
15218,15218,Bank Transfer,2025-06-24 01:10:38,3292.9
15219,15219,Cash,2025-10-16 01:50:27,1247.8
15220,15220,PayPal,2025-07-22 18:42:54,1791.41
15221,15221,Cash,2024-10-10 20:06:48,337.12
15222,15222,Credit Card,2025-02-04 20:27:51,1313.97
15223,15223,PayPal,2024-12-11 18:34:12,343.79
15224,15224,PayPal,2024-08-30 04:02:39,4548.71
15225,15225,Cash,2025-08-08 02:44:27,1815.86
15226,15226,Cash,2025-04-25 16:15:05,3599.66
15227,15227,Cash,2024-12-30 06:48:47,2093.66
15228,15228,Credit Card,2025-10-10 16:22:39,141.14
15229,15229,Bank Transfer,2026-06-23 21:55:24,2380.23
15230,15230,Cash,2025-08-26 16:51:19,598.7
15231,15231,Bank Transfer,2025-01-31 15:57:24,1093.2
15232,15232,Cash,2025-06-13 03:43:54,1994.4
15233,15233,Credit Card,2025-11-12 00:52:45,1790.48
15234,15234,Bank Transfer,2025-06-13 23:45:19,120.44
15235,15235,Bank Transfer,2024-11-21 20:26:00,3763.48
15236,15236,PayPal,2025-11-01 20:10:50,101.32
15237,15237,Credit Card,2024-10-23 23:48:35,2436.44
15238,15238,PayPal,2024-10-07 04:43:37,3167.8
15239,15239,PayPal,2026-05-28 21:54:56,2279.0
15240,15240,Credit Card,2025-03-19 11:24:35,2255.89
15241,15241,Cash,2025-03-26 03:15:55,307.32
15242,15242,Cash,2025-03-14 00:11:57,2885.95
15243,15243,Bank Transfer,2026-01-02 17:28:24,146.07
15244,15244,Cash,2024-12-06 03:07:37,640.2
15245,15245,Bank Transfer,2025-01-24 14:59:56,829.77
15246,15246,Bank Transfer,2024-11-12 14:26:06,352.98
15247,15247,Bank Transfer,2026-03-15 06:43:08,2798.84
15248,15248,PayPal,2024-11-17 09:50:27,2798.16
15249,15249,Credit Card,2025-01-01 11:57:21,1495.15
15250,15250,Bank Transfer,2026-05-08 04:53:52,2845.77
15251,15251,Cash,2026-01-08 12:12:36,239.32
15252,15252,Cash,2025-06-26 06:56:50,3178.17
15253,15253,PayPal,2026-01-27 03:43:15,3303.5
15254,15254,Credit Card,2025-12-03 02:59:22,400.57
15255,15255,PayPal,2025-08-10 00:57:10,1448.11
15256,15256,Bank Transfer,2025-02-05 19:54:09,3021.28
15257,15257,PayPal,2025-01-12 11:07:43,2144.68
15258,15258,Credit Card,2025-07-31 14:31:22,783.94
15259,15259,Bank Transfer,2025-05-09 20:10:50,1901.38
15260,15260,Credit Card,2025-12-15 03:23:26,2523.32
15261,15261,PayPal,2025-06-19 10:12:32,3009.23
15262,15262,Bank Transfer,2024-08-13 02:36:40,581.58
15263,15263,Credit Card,2025-09-01 23:58:27,1392.92
15264,15264,Cash,2025-12-09 04:35:49,2908.77
15265,15265,PayPal,2026-04-14 23:50:39,3268.01
15266,15266,Cash,2024-11-01 20:28:37,92.06
15267,15267,Credit Card,2025-07-23 17:19:25,2012.87
15268,15268,Cash,2024-08-23 10:34:14,2007.38
15269,15269,Credit Card,2026-07-04 02:16:49,1719.1
15270,15270,PayPal,2026-02-09 12:27:29,1314.13
15271,15271,PayPal,2026-04-22 13:21:57,3430.05
15272,15272,Credit Card,2026-03-01 16:43:45,3805.36
15273,15273,Credit Card,2025-02-20 05:24:33,2877.88
15274,15274,Cash,2026-03-23 20:27:41,1084.27
15275,15275,Bank Transfer,2024-08-14 03:23:49,704.85
15276,15276,Credit Card,2026-04-16 10:42:19,2381.43
15277,15277,Cash,2025-09-14 19:46:10,1786.48
15278,15278,Bank Transfer,2025-02-25 05:41:24,3728.95
15279,15279,PayPal,2025-09-01 16:56:53,3452.42
15280,15280,Cash,2024-11-25 22:38:57,515.18
15281,15281,PayPal,2025-02-04 04:49:25,1636.1
15282,15282,PayPal,2026-07-02 02:39:41,2112.36
15283,15283,PayPal,2024-12-27 09:50:54,1402.93
15284,15284,Bank Transfer,2024-12-26 05:08:11,467.08
15285,15285,Cash,2026-02-17 12:05:16,1655.0
15286,15286,Credit Card,2025-01-03 07:29:45,4641.62
15287,15287,Credit Card,2025-06-13 16:40:09,2541.59
15288,15288,PayPal,2025-11-04 23:26:04,283.65
15289,15289,Bank Transfer,2025-04-16 10:41:10,893.64
15290,15290,PayPal,2025-10-28 15:54:40,1293.06
15291,15291,PayPal,2025-09-20 09:43:26,1117.99
15292,15292,PayPal,2026-07-20 02:53:25,802.79
15293,15293,Cash,2025-01-07 13:43:02,2870.58
15294,15294,PayPal,2026-08-06 05:39:59,1945.46
15295,15295,PayPal,2025-08-30 23:29:01,2970.04
15296,15296,Bank Transfer,2025-01-30 01:05:05,1118.8
15297,15297,Bank Transfer,2024-08-25 14:06:02,2585.08
15298,15298,Cash,2024-10-02 01:54:10,637.33
15299,15299,Credit Card,2026-05-12 14:15:34,2189.27
15300,15300,Cash,2025-05-26 22:12:36,383.29
15301,15301,Credit Card,2025-08-22 00:39:46,2328.67
15302,15302,Credit Card,2025-01-18 23:20:45,2847.62
15303,15303,Cash,2025-02-22 10:14:39,4051.53
15304,15304,Cash,2025-04-13 05:12:51,2371.69
15305,15305,Bank Transfer,2026-01-13 01:31:55,3074.48
15306,15306,Cash,2026-06-13 00:10:09,2736.71
15307,15307,Credit Card,2025-11-09 05:16:46,878.36
15308,15308,Bank Transfer,2026-04-30 05:48:46,466.79
15309,15309,Cash,2024-11-26 07:29:48,2661.52
15310,15310,Cash,2025-09-21 18:17:35,811.09
15311,15311,Cash,2025-10-06 16:34:31,262.11
15312,15312,Credit Card,2025-08-22 10:23:09,223.68
15313,15313,PayPal,2025-01-25 14:29:06,977.32
15314,15314,Credit Card,2025-04-05 23:53:40,303.74
15315,15315,Credit Card,2025-07-25 15:01:11,234.64
15316,15316,Cash,2026-03-18 19:52:36,712.74
15317,15317,PayPal,2024-11-05 14:13:32,961.47
15318,15318,Bank Transfer,2025-07-01 13:48:28,2651.32
15319,15319,Cash,2026-04-23 20:32:08,10.02
15320,15320,Cash,2024-11-12 12:59:44,150.65
15321,15321,Credit Card,2025-08-13 06:27:33,2639.65
15322,15322,PayPal,2025-04-15 14:09:21,3632.86
15323,15323,Cash,2024-10-24 14:24:13,629.04
15324,15324,PayPal,2025-09-14 14:52:59,2138.41
15325,15325,Bank Transfer,2026-04-29 21:18:56,4127.51
15326,15326,Bank Transfer,2025-12-24 16:17:59,722.01
15327,15327,Bank Transfer,2024-10-13 17:42:46,1085.68
15328,15328,Credit Card,2026-03-31 15:28:01,2292.54
15329,15329,Credit Card,2025-11-18 09:25:07,2801.61
15330,15330,Bank Transfer,2025-06-21 06:00:45,3041.1
15331,15331,Cash,2025-06-03 22:50:40,888.5
15332,15332,Cash,2024-12-12 03:23:35,467.08
15333,15333,Credit Card,2025-08-10 06:09:03,1062.93
15334,15334,Credit Card,2024-09-11 10:57:47,3722.3
15335,15335,Credit Card,2026-07-20 02:26:26,480.12
15336,15336,Cash,2025-10-20 03:26:20,1935.9
15337,15337,Bank Transfer,2025-12-31 02:54:00,1811.6
15338,15338,Credit Card,2025-06-25 07:53:51,2637.34
15339,15339,Credit Card,2024-08-20 21:45:24,1330.63
15340,15340,Bank Transfer,2024-09-14 07:16:11,1332.44
15341,15341,Credit Card,2026-06-09 01:10:58,4908.01
15342,15342,PayPal,2025-12-21 23:02:57,478.82
15343,15343,Bank Transfer,2026-06-30 17:41:08,432.97
15344,15344,PayPal,2026-06-03 05:58:43,2136.02
15345,15345,Credit Card,2026-06-26 15:06:02,433.43
15346,15346,Credit Card,2025-05-16 09:20:48,413.65
15347,15347,Cash,2025-09-10 21:01:57,1056.87
15348,15348,PayPal,2025-06-29 22:08:05,2984.14
15349,15349,Cash,2026-04-10 12:21:49,95.43
15350,15350,PayPal,2025-12-17 14:33:54,4088.69
15351,15351,Cash,2024-10-25 16:09:34,1939.28
15352,15352,Cash,2025-02-10 21:29:42,3624.97
15353,15353,PayPal,2026-05-14 02:57:37,1864.08
15354,15354,PayPal,2025-12-05 14:10:23,5962.56
15355,15355,Bank Transfer,2024-10-10 11:27:29,2450.01
15356,15356,Bank Transfer,2025-11-11 19:23:21,1447.24
15357,15357,Cash,2025-02-11 06:30:01,689.98
15358,15358,Bank Transfer,2026-02-22 03:46:31,1689.28
15359,15359,PayPal,2024-11-23 21:09:39,1561.11
15360,15360,Credit Card,2025-11-13 16:31:11,2506.18
15361,15361,Bank Transfer,2026-01-20 11:35:14,1133.57
15362,15362,Cash,2025-06-27 07:52:18,1650.49
15363,15363,Cash,2024-08-20 17:19:14,4067.29
15364,15364,Cash,2026-03-20 22:21:15,2544.21
15365,15365,PayPal,2026-06-18 08:41:18,1810.26
15366,15366,Credit Card,2025-03-11 03:07:47,1299.49
15367,15367,Cash,2025-05-31 13:01:59,448.07
15368,15368,PayPal,2024-11-23 10:28:48,1851.79
15369,15369,Credit Card,2025-08-03 23:33:48,2373.99
15370,15370,Credit Card,2025-04-12 14:49:59,2979.28
15371,15371,Bank Transfer,2024-09-05 18:27:11,1797.2
15372,15372,Cash,2025-01-16 00:58:40,40.14
15373,15373,Cash,2025-10-04 07:47:57,1411.11
15374,15374,Cash,2026-04-07 04:17:25,2401.16
15375,15375,Credit Card,2026-03-28 05:16:35,2058.78
15376,15376,Cash,2025-10-14 03:01:15,1099.09
15377,15377,Bank Transfer,2025-02-28 13:28:50,2230.18
15378,15378,Bank Transfer,2025-10-04 19:33:45,3860.09
15379,15379,Bank Transfer,2026-07-29 14:55:44,3736.49
15380,15380,PayPal,2026-06-22 04:39:52,2175.91
15381,15381,PayPal,2026-07-20 15:13:19,672.76
15382,15382,Bank Transfer,2026-05-03 13:57:30,1581.72
15383,15383,PayPal,2025-06-30 13:45:23,209.34
15384,15384,PayPal,2024-12-08 08:04:06,252.12
15385,15385,Credit Card,2024-12-17 23:29:46,1264.25
15386,15386,Credit Card,2024-09-03 00:15:19,2881.87
15387,15387,Credit Card,2024-09-03 04:20:05,213.0
15388,15388,Credit Card,2025-09-14 11:50:02,1339.08
15389,15389,Bank Transfer,2026-06-16 15:11:52,393.27
15390,15390,PayPal,2025-08-22 23:59:02,1285.23
15391,15391,Bank Transfer,2026-04-03 11:52:59,404.53
15392,15392,PayPal,2025-11-19 03:50:26,2363.77
15393,15393,Credit Card,2024-08-10 21:08:12,1166.24
15394,15394,PayPal,2025-02-05 13:39:35,1081.11
15395,15395,Bank Transfer,2026-03-19 00:37:13,1562.41
15396,15396,Cash,2025-03-30 08:07:54,716.4
15397,15397,Bank Transfer,2025-06-02 02:15:02,1887.93
15398,15398,PayPal,2026-05-17 19:37:25,1915.28
15399,15399,Bank Transfer,2026-06-04 13:39:57,2735.66
15400,15400,Credit Card,2024-10-30 06:31:44,2066.78
15401,15401,Cash,2024-12-15 04:33:22,1250.65
15402,15402,PayPal,2025-03-26 08:29:47,1017.89
15403,15403,Bank Transfer,2026-07-21 04:29:08,3002.11
15404,15404,Credit Card,2024-10-20 03:55:08,2738.75
15405,15405,Credit Card,2026-05-28 01:24:47,2448.22
15406,15406,Credit Card,2025-07-04 00:44:18,30.06
15407,15407,Cash,2025-03-07 09:38:44,131.09
15408,15408,PayPal,2025-05-22 09:22:35,1382.26
15409,15409,Credit Card,2026-05-19 02:57:26,963.74
15410,15410,PayPal,2025-01-27 01:43:00,1054.15
15411,15411,Credit Card,2026-02-01 23:12:18,1981.27
15412,15412,Bank Transfer,2025-05-31 15:47:35,3796.15
15413,15413,PayPal,2025-11-14 23:11:13,3225.99
15414,15414,Credit Card,2025-10-31 20:31:13,2656.16
15415,15415,PayPal,2026-08-02 00:24:20,3106.12
15416,15416,Bank Transfer,2024-10-19 11:20:36,470.38
15417,15417,Cash,2025-06-13 02:10:02,1058.28
15418,15418,PayPal,2026-06-09 09:06:37,1006.4
15419,15419,PayPal,2025-12-27 18:40:58,1575.17
15420,15420,Bank Transfer,2026-02-10 22:57:44,1552.64
15421,15421,Cash,2024-09-08 10:16:42,2039.86
15422,15422,Credit Card,2025-12-02 07:14:38,1476.03
15423,15423,Credit Card,2025-02-25 14:08:30,3549.48
15424,15424,Credit Card,2025-04-22 18:27:09,411.21
15425,15425,Cash,2024-11-15 20:57:09,2020.87
15426,15426,PayPal,2025-09-01 01:52:24,2127.0
15427,15427,Credit Card,2025-10-29 14:31:14,972.73
15428,15428,Bank Transfer,2025-03-30 02:36:36,839.43
15429,15429,Credit Card,2025-03-14 01:20:08,5596.69
15430,15430,Credit Card,2024-12-11 21:30:35,3842.93
15431,15431,Bank Transfer,2024-12-27 10:54:50,1075.89
15432,15432,PayPal,2025-12-12 14:57:26,829.19
15433,15433,PayPal,2025-09-02 14:33:09,3609.34
15434,15434,Credit Card,2025-07-05 18:55:42,1810.53
15435,15435,Cash,2025-07-22 05:08:49,981.45
15436,15436,Bank Transfer,2025-03-11 19:20:55,3335.66
15437,15437,Cash,2025-05-16 21:19:48,1786.2
15438,15438,Cash,2025-03-21 15:51:39,1659.83
15439,15439,Credit Card,2025-07-09 17:39:50,101.25
15440,15440,Credit Card,2026-06-12 18:21:41,1233.7
15441,15441,Bank Transfer,2024-12-19 14:23:54,1559.71
15442,15442,Bank Transfer,2025-12-29 18:07:43,968.44
15443,15443,PayPal,2025-08-24 14:13:04,520.42
15444,15444,PayPal,2025-08-07 05:32:09,962.68
15445,15445,Credit Card,2025-08-26 12:59:24,5069.23
15446,15446,Credit Card,2025-11-02 17:59:26,2727.86
15447,15447,Cash,2025-09-19 09:10:30,2530.15
15448,15448,Cash,2025-10-23 04:36:38,2496.17
15449,15449,Bank Transfer,2026-02-12 23:50:46,1260.33
15450,15450,Bank Transfer,2025-06-19 04:28:26,4250.14
15451,15451,PayPal,2026-05-27 08:38:00,1965.48
15452,15452,Credit Card,2026-08-06 02:00:03,1080.83
15453,15453,Cash,2025-07-11 13:46:34,2294.71
15454,15454,Credit Card,2025-11-04 18:02:59,2204.21
15455,15455,Bank Transfer,2024-08-13 16:19:28,749.54
15456,15456,PayPal,2025-11-25 07:22:16,2963.53
15457,15457,Credit Card,2024-09-03 05:44:26,2163.51
15458,15458,PayPal,2026-01-16 18:52:27,1580.27
15459,15459,PayPal,2025-11-11 21:45:16,296.49
15460,15460,Credit Card,2025-05-24 09:31:56,123.66
15461,15461,PayPal,2025-07-15 07:06:15,714.81
15462,15462,PayPal,2026-04-08 12:33:50,2196.38
15463,15463,Credit Card,2024-11-25 20:56:07,1419.56
15464,15464,Bank Transfer,2025-08-09 00:29:21,3423.97
15465,15465,Credit Card,2024-12-29 03:06:25,1156.1
15466,15466,Bank Transfer,2025-03-08 18:20:29,931.86
15467,15467,PayPal,2026-03-30 16:43:40,376.32
15468,15468,Cash,2025-08-15 11:11:22,1383.74
15469,15469,Bank Transfer,2025-10-07 21:05:53,837.51
15470,15470,PayPal,2025-05-25 13:46:27,2858.72
15471,15471,PayPal,2025-02-08 02:26:27,1899.74
15472,15472,Bank Transfer,2025-07-05 05:58:00,2818.54
15473,15473,Bank Transfer,2026-03-22 15:57:29,1308.53
15474,15474,Cash,2025-04-15 13:11:43,1929.28
15475,15475,Cash,2026-07-20 02:08:23,1603.72
15476,15476,PayPal,2024-11-17 16:49:37,1209.49
15477,15477,PayPal,2025-01-18 01:31:36,1232.62
15478,15478,Bank Transfer,2024-11-08 17:19:30,1822.89
15479,15479,PayPal,2026-01-06 04:50:06,2075.97
15480,15480,PayPal,2025-08-28 11:14:37,180.66
15481,15481,Cash,2026-07-15 04:19:19,4350.97
15482,15482,Cash,2026-05-06 22:48:08,756.8
15483,15483,Bank Transfer,2024-09-02 08:31:19,2080.97
15484,15484,Credit Card,2025-06-22 20:57:57,801.44
15485,15485,Bank Transfer,2025-12-29 21:45:30,441.78
15486,15486,Bank Transfer,2025-12-23 15:20:34,2180.78
15487,15487,Bank Transfer,2026-06-23 11:44:35,2605.29
15488,15488,PayPal,2024-10-23 05:15:31,1553.18
15489,15489,Bank Transfer,2026-06-14 11:43:38,1948.21
15490,15490,Credit Card,2025-11-29 21:15:48,2946.5
15491,15491,Credit Card,2024-08-30 05:23:21,190.79
15492,15492,Bank Transfer,2026-07-25 23:32:52,2626.94
15493,15493,PayPal,2025-06-02 14:30:48,1830.27
15494,15494,Bank Transfer,2026-01-11 11:50:28,5063.95
15495,15495,Credit Card,2025-01-11 13:51:40,2077.24
15496,15496,Bank Transfer,2025-08-14 12:49:18,4138.72
15497,15497,Bank Transfer,2024-12-21 06:41:48,935.94
15498,15498,Credit Card,2025-08-21 23:45:32,2124.13
15499,15499,Cash,2026-01-25 15:40:09,2626.42
15500,15500,Credit Card,2025-07-21 13:14:22,1207.61
15501,15501,PayPal,2026-04-04 12:41:37,1399.97
15502,15502,Credit Card,2025-06-13 09:10:43,103.68
15503,15503,Bank Transfer,2025-06-29 12:48:29,1052.0
15504,15504,Cash,2025-11-28 10:09:01,443.82
15505,15505,Cash,2024-12-01 16:41:58,1107.62
15506,15506,Cash,2026-05-20 02:39:57,1875.98
15507,15507,Credit Card,2025-12-08 12:20:57,2173.08
15508,15508,Credit Card,2024-11-01 10:27:15,343.24
15509,15509,PayPal,2025-08-23 11:12:59,2514.97
15510,15510,Credit Card,2024-08-06 18:42:37,1387.32
15511,15511,PayPal,2025-08-17 18:55:02,917.79
15512,15512,Bank Transfer,2025-03-22 05:03:24,544.72
15513,15513,Credit Card,2024-12-09 10:53:31,2122.46
15514,15514,PayPal,2026-01-12 22:49:39,598.21
15515,15515,PayPal,2026-03-11 08:57:38,1651.94
15516,15516,PayPal,2026-01-10 05:08:40,1630.77
15517,15517,Credit Card,2024-10-15 11:33:39,3370.76
15518,15518,Bank Transfer,2025-11-28 18:38:12,1623.29
15519,15519,Bank Transfer,2025-06-03 16:29:33,944.32
15520,15520,Cash,2026-05-21 13:02:39,365.63
15521,15521,Cash,2025-12-08 07:52:38,2699.35
15522,15522,Cash,2026-07-14 06:55:53,3291.38
15523,15523,Credit Card,2024-12-16 11:33:17,4180.21
15524,15524,Bank Transfer,2024-12-04 14:58:12,1994.72
15525,15525,Credit Card,2025-04-22 17:11:57,2153.04
15526,15526,Credit Card,2025-08-02 19:30:23,3158.12
15527,15527,Cash,2024-11-22 19:06:15,4117.01
15528,15528,Credit Card,2026-05-05 01:09:35,1756.98
15529,15529,Credit Card,2024-10-09 14:54:55,1031.01
15530,15530,PayPal,2025-09-26 13:52:24,151.44
15531,15531,PayPal,2025-07-31 15:21:43,2544.05
15532,15532,Credit Card,2025-09-23 09:47:04,1936.52
15533,15533,Cash,2024-09-26 13:32:06,3214.92
15534,15534,PayPal,2025-05-23 14:50:52,2862.33
15535,15535,Bank Transfer,2024-12-17 06:57:48,2582.2
15536,15536,PayPal,2026-07-14 20:15:42,555.39
15537,15537,Bank Transfer,2025-09-30 00:10:34,3479.36
15538,15538,Credit Card,2024-10-09 07:55:01,58.51
15539,15539,PayPal,2026-04-15 23:08:58,2066.19
15540,15540,Cash,2024-12-10 04:05:48,168.56
15541,15541,Credit Card,2026-04-30 11:39:17,794.0
15542,15542,Bank Transfer,2024-11-12 04:15:26,153.66
15543,15543,Bank Transfer,2025-07-25 00:00:28,1258.08
15544,15544,Credit Card,2025-05-18 12:13:39,1628.33
15545,15545,PayPal,2026-06-29 21:28:39,2167.17
15546,15546,Bank Transfer,2025-09-08 12:51:27,1221.2
15547,15547,Bank Transfer,2025-08-13 15:35:30,2724.73
15548,15548,PayPal,2026-03-27 14:28:10,497.27
15549,15549,PayPal,2024-10-13 20:20:46,1163.16
15550,15550,PayPal,2026-04-03 23:02:53,1307.45
15551,15551,Bank Transfer,2025-10-08 09:39:11,702.22
15552,15552,Cash,2026-01-04 10:50:26,431.37
15553,15553,Cash,2026-01-12 06:22:00,1227.63
15554,15554,Credit Card,2026-07-20 10:27:22,2242.78
15555,15555,Credit Card,2024-08-25 01:39:43,2745.08
15556,15556,PayPal,2025-02-19 01:48:09,937.28
15557,15557,Credit Card,2026-06-22 20:13:30,417.0
15558,15558,PayPal,2025-06-22 09:02:29,2813.58
15559,15559,Credit Card,2025-02-14 02:36:59,2473.45
15560,15560,Credit Card,2026-05-06 02:13:09,446.36
15561,15561,PayPal,2024-09-21 13:45:25,445.79
15562,15562,Bank Transfer,2025-10-08 08:12:39,2517.83
15563,15563,PayPal,2024-11-06 10:34:35,2972.04
15564,15564,PayPal,2026-06-09 04:51:33,460.69
15565,15565,Bank Transfer,2025-09-09 19:13:28,3624.96
15566,15566,Credit Card,2025-01-12 12:10:59,918.22
15567,15567,PayPal,2024-11-29 16:31:42,2733.5
15568,15568,Bank Transfer,2025-05-02 10:59:11,4764.91
15569,15569,Credit Card,2026-04-20 09:11:58,2268.74
15570,15570,PayPal,2025-08-05 17:10:56,409.21
15571,15571,Cash,2025-10-20 08:39:46,2391.4
15572,15572,Bank Transfer,2025-10-16 19:39:23,1898.0
15573,15573,Bank Transfer,2025-09-05 20:17:33,1627.83
15574,15574,Cash,2025-02-18 07:40:35,1346.76
15575,15575,Cash,2025-04-08 05:46:07,296.85
15576,15576,Bank Transfer,2024-12-16 02:07:16,2121.1
15577,15577,PayPal,2026-05-17 10:31:55,1836.6
15578,15578,Credit Card,2024-10-13 07:03:50,314.52
15579,15579,Bank Transfer,2026-05-30 12:42:55,1052.84
15580,15580,Bank Transfer,2026-02-03 10:03:31,680.55
15581,15581,Cash,2025-01-31 19:03:42,1522.46
15582,15582,PayPal,2026-07-01 23:15:48,455.55
15583,15583,Bank Transfer,2025-10-15 00:40:35,303.74
15584,15584,Bank Transfer,2025-07-06 23:30:18,3655.05
15585,15585,PayPal,2025-01-16 01:23:48,1735.72
15586,15586,PayPal,2026-05-31 14:17:47,1916.16
15587,15587,Credit Card,2025-05-09 14:23:11,1369.84
15588,15588,Credit Card,2025-12-09 03:24:18,2075.23
15589,15589,Credit Card,2025-05-15 16:32:47,636.44
15590,15590,Bank Transfer,2025-09-21 05:00:44,1775.64
15591,15591,Cash,2025-07-16 00:29:12,4273.89
15592,15592,Cash,2026-04-25 02:01:33,1120.47
15593,15593,Cash,2025-02-16 18:12:05,1294.11
15594,15594,Bank Transfer,2026-06-18 21:35:11,1662.72
15595,15595,PayPal,2026-08-03 17:03:13,64.9
15596,15596,Cash,2024-11-05 07:25:54,634.0
15597,15597,Bank Transfer,2025-03-20 23:57:52,989.94
15598,15598,Bank Transfer,2025-03-25 01:24:48,3095.56
15599,15599,Cash,2025-12-21 00:15:44,749.97
15600,15600,Bank Transfer,2025-07-28 08:28:17,1248.39
15601,15601,PayPal,2025-01-26 23:31:27,2304.26
15602,15602,PayPal,2026-05-09 06:45:49,1384.23
15603,15603,PayPal,2026-05-29 23:15:02,733.72
15604,15604,PayPal,2025-12-11 21:12:39,1564.23
15605,15605,Cash,2025-07-31 20:02:44,1015.41
15606,15606,PayPal,2026-04-14 18:31:42,2187.55
15607,15607,Credit Card,2025-05-26 13:36:06,2985.39
15608,15608,Bank Transfer,2026-02-17 15:08:42,2960.86
15609,15609,Bank Transfer,2025-08-02 16:33:27,1854.06
15610,15610,PayPal,2025-11-04 03:27:02,2125.94
15611,15611,Bank Transfer,2025-03-30 02:13:56,2411.26
15612,15612,Credit Card,2025-04-13 16:56:21,2678.88
15613,15613,Bank Transfer,2025-08-20 10:17:45,1460.71
15614,15614,Credit Card,2024-10-09 20:06:09,161.16
15615,15615,Cash,2025-05-28 16:59:10,103.17
15616,15616,PayPal,2025-07-08 16:42:00,2894.24
15617,15617,Bank Transfer,2026-02-23 14:46:43,1757.7
15618,15618,Cash,2025-02-01 21:44:15,2459.03
15619,15619,Bank Transfer,2024-09-01 12:27:09,93.78
15620,15620,Credit Card,2024-12-28 07:17:40,4480.28
15621,15621,Credit Card,2025-06-12 02:27:06,70.57
15622,15622,Credit Card,2025-09-30 04:34:08,2571.02
15623,15623,Bank Transfer,2025-01-24 01:48:30,4855.9
15624,15624,Credit Card,2025-02-15 18:07:01,1695.07
15625,15625,Credit Card,2024-11-09 13:24:21,1588.21
15626,15626,Cash,2025-01-12 08:03:20,853.2
15627,15627,PayPal,2025-07-15 04:31:10,426.41
15628,15628,Bank Transfer,2026-01-18 23:58:46,941.4
15629,15629,Credit Card,2025-07-18 07:02:13,3504.02
15630,15630,Credit Card,2025-11-13 20:53:39,1149.62
15631,15631,Credit Card,2025-02-26 04:43:17,1170.03
15632,15632,Credit Card,2026-05-08 04:26:52,714.86
15633,15633,Bank Transfer,2025-01-25 20:03:47,3470.04
15634,15634,PayPal,2026-02-09 15:43:13,1146.85
15635,15635,Bank Transfer,2026-05-04 20:25:35,780.0
15636,15636,Credit Card,2024-09-28 01:20:06,268.16
15637,15637,Cash,2024-11-18 15:15:48,979.6
15638,15638,PayPal,2025-06-26 15:40:03,2497.67
15639,15639,Credit Card,2026-04-08 14:42:05,2008.37
15640,15640,Bank Transfer,2026-07-15 03:51:29,309.51
15641,15641,Cash,2024-10-13 19:08:35,2991.44
15642,15642,Bank Transfer,2026-04-09 17:27:41,807.1
15643,15643,PayPal,2026-07-20 17:12:44,1124.44
15644,15644,PayPal,2026-01-25 08:24:27,1621.36
15645,15645,Credit Card,2025-08-05 21:04:59,1847.2
15646,15646,PayPal,2026-06-05 08:44:14,2885.9
15647,15647,Credit Card,2026-03-02 06:55:27,4035.01
15648,15648,Cash,2026-02-25 15:26:21,2746.62
15649,15649,PayPal,2025-07-14 17:22:02,482.02
15650,15650,Credit Card,2026-01-09 07:38:42,1747.91
15651,15651,Credit Card,2025-04-11 02:32:37,2640.81
15652,15652,Cash,2025-11-06 01:49:28,2621.97
15653,15653,Bank Transfer,2025-07-13 22:56:22,750.4
15654,15654,PayPal,2025-06-19 10:50:44,4714.68
15655,15655,Credit Card,2024-09-16 01:09:33,213.85
15656,15656,Cash,2026-03-12 23:40:11,3521.2
15657,15657,Cash,2025-10-16 20:45:31,1973.13
15658,15658,Cash,2025-06-16 01:21:59,890.14
15659,15659,Cash,2026-01-25 03:21:00,414.72
15660,15660,Credit Card,2024-12-04 15:11:16,780.32
15661,15661,PayPal,2025-10-16 12:01:34,244.5
15662,15662,Credit Card,2024-11-09 06:01:38,3241.96
15663,15663,Cash,2025-08-09 10:31:30,4145.67
15664,15664,Cash,2025-08-29 13:13:06,1522.8
15665,15665,Cash,2025-09-17 20:27:43,2208.29
15666,15666,Credit Card,2026-06-03 10:02:50,618.51
15667,15667,Credit Card,2026-06-30 20:23:04,441.78
15668,15668,Cash,2025-06-14 12:36:34,2597.44
15669,15669,Credit Card,2025-04-21 22:09:45,581.58
15670,15670,Bank Transfer,2025-01-05 17:50:17,512.32
15671,15671,Cash,2025-06-20 13:19:32,2398.26
15672,15672,PayPal,2024-08-17 16:01:26,1975.44
15673,15673,PayPal,2025-03-18 21:29:28,741.22
15674,15674,Bank Transfer,2024-11-11 15:43:07,1342.24
15675,15675,Bank Transfer,2026-03-08 12:17:24,2035.01
15676,15676,PayPal,2026-03-06 10:39:00,3871.02
15677,15677,PayPal,2024-10-09 11:26:57,3451.6
15678,15678,PayPal,2026-03-23 08:43:22,3069.74
15679,15679,Bank Transfer,2024-09-08 16:36:02,2366.42
15680,15680,PayPal,2024-12-09 02:29:22,2551.05
15681,15681,PayPal,2024-12-26 09:14:39,2177.5
15682,15682,PayPal,2025-09-01 08:20:06,30.04
15683,15683,Cash,2024-09-06 04:31:26,1446.15
15684,15684,Bank Transfer,2026-06-25 09:12:35,1783.1
15685,15685,Cash,2025-06-21 19:50:55,657.01
15686,15686,Cash,2024-09-02 19:44:27,1290.26
15687,15687,PayPal,2025-08-07 01:05:02,1354.51
15688,15688,Cash,2024-10-11 00:17:55,3068.7
15689,15689,Cash,2025-07-07 03:46:59,1208.16
15690,15690,Credit Card,2024-10-18 00:44:20,180.86
15691,15691,Bank Transfer,2025-02-06 08:24:45,384.21
15692,15692,Credit Card,2025-12-26 06:24:07,1594.9
15693,15693,Credit Card,2026-03-25 23:56:47,2720.76
15694,15694,Bank Transfer,2025-05-15 17:19:23,982.78
15695,15695,Credit Card,2026-08-06 06:11:19,913.1
15696,15696,Credit Card,2026-04-17 00:58:24,1227.63
15697,15697,PayPal,2026-03-06 00:44:45,3217.08
15698,15698,Bank Transfer,2025-06-12 19:37:21,365.63
15699,15699,Bank Transfer,2025-03-06 02:39:48,957.53
15700,15700,Credit Card,2025-10-15 09:56:10,1157.56
15701,15701,Cash,2026-01-26 03:59:16,4696.71
15702,15702,Bank Transfer,2025-04-23 06:12:44,1942.73
15703,15703,PayPal,2025-11-12 22:00:19,1245.64
15704,15704,Bank Transfer,2025-05-05 22:20:27,1163.16
15705,15705,Bank Transfer,2025-05-17 15:26:43,2361.47
15706,15706,Cash,2025-11-18 03:30:15,2549.49
15707,15707,Bank Transfer,2026-07-07 21:43:09,291.56
15708,15708,Cash,2024-12-08 17:32:46,1934.7
15709,15709,Cash,2024-10-06 02:57:38,2323.8
15710,15710,Cash,2024-08-20 19:28:50,1664.52
15711,15711,Bank Transfer,2026-06-25 14:50:41,476.98
15712,15712,PayPal,2024-11-05 05:11:21,365.72
15713,15713,Credit Card,2026-07-01 18:12:52,4085.54
15714,15714,Credit Card,2026-02-23 11:03:44,1237.04
15715,15715,PayPal,2024-10-10 18:54:19,131.09
15716,15716,Cash,2025-03-25 21:23:39,5141.83
15717,15717,Bank Transfer,2026-03-05 21:19:27,785.74
15718,15718,Bank Transfer,2024-10-01 20:02:30,1551.05
15719,15719,PayPal,2024-08-18 22:44:54,1093.16
15720,15720,Credit Card,2024-09-03 19:18:21,1985.28
15721,15721,PayPal,2026-03-23 12:07:32,1049.31
15722,15722,Credit Card,2024-11-24 02:17:30,1738.03
15723,15723,Credit Card,2026-04-09 11:51:19,137.08
15724,15724,Credit Card,2026-03-26 17:18:59,1812.82
15725,15725,Credit Card,2026-04-23 21:05:45,3117.35
15726,15726,Cash,2026-06-08 20:26:58,3484.01
15727,15727,PayPal,2025-09-11 11:50:06,1764.48
15728,15728,Bank Transfer,2026-03-27 02:31:47,1922.55
15729,15729,Bank Transfer,2024-08-29 11:18:03,1798.92
15730,15730,Cash,2025-07-16 02:15:11,1200.88
15731,15731,Credit Card,2026-07-16 15:29:26,2922.8
15732,15732,Bank Transfer,2025-09-26 20:03:57,2334.71
15733,15733,Bank Transfer,2025-12-25 12:05:42,1878.08
15734,15734,Credit Card,2025-02-13 03:22:45,1660.93
15735,15735,Cash,2025-03-14 16:55:31,2484.81
15736,15736,Cash,2024-11-12 22:16:49,773.4
15737,15737,Bank Transfer,2026-05-19 00:57:46,332.09
15738,15738,Bank Transfer,2026-03-31 23:39:27,1442.9
15739,15739,Credit Card,2025-10-15 05:24:57,283.92
15740,15740,Bank Transfer,2024-09-14 18:10:38,1034.51
15741,15741,PayPal,2026-05-03 23:10:31,29.28
15742,15742,Credit Card,2025-03-10 10:13:46,1071.64
15743,15743,Credit Card,2026-02-17 02:52:30,162.06
15744,15744,PayPal,2025-02-05 17:39:08,2396.99
15745,15745,PayPal,2026-01-17 10:24:19,1000.83
15746,15746,Credit Card,2025-04-03 10:20:30,80.28
15747,15747,Cash,2024-10-20 19:40:48,1736.71
15748,15748,Credit Card,2025-05-09 09:33:50,1986.35
15749,15749,Bank Transfer,2024-10-12 03:41:58,1359.06
15750,15750,PayPal,2026-01-13 00:22:32,2212.77
15751,15751,PayPal,2025-02-23 17:06:17,2727.99
15752,15752,Bank Transfer,2026-01-19 12:56:29,3167.95
15753,15753,PayPal,2024-10-28 01:39:47,1317.5
15754,15754,PayPal,2024-12-28 20:26:35,1437.9
15755,15755,PayPal,2025-01-05 02:50:22,2844.81
15756,15756,PayPal,2024-11-11 06:08:54,1007.33
15757,15757,Bank Transfer,2025-06-13 21:21:49,3252.37
15758,15758,Bank Transfer,2025-08-28 09:24:08,2412.37
15759,15759,PayPal,2025-09-21 16:56:13,1262.58
15760,15760,Bank Transfer,2026-02-27 13:49:17,2008.91
15761,15761,Bank Transfer,2025-01-02 04:56:13,2855.16
15762,15762,Cash,2025-02-11 06:20:40,1315.61
15763,15763,Cash,2025-09-18 08:39:14,336.96
15764,15764,PayPal,2024-12-08 16:22:34,2292.45
15765,15765,Credit Card,2026-05-04 00:24:27,1425.83
15766,15766,Cash,2025-01-10 06:12:11,1684.53
15767,15767,Cash,2025-08-15 08:24:05,1881.18
15768,15768,Cash,2026-03-10 04:48:05,110.72
15769,15769,Cash,2025-12-10 04:34:24,2109.24
15770,15770,Bank Transfer,2025-06-16 13:23:43,1174.93
15771,15771,PayPal,2025-03-17 05:54:25,2128.54
15772,15772,Bank Transfer,2025-07-25 22:38:09,577.65
15773,15773,Credit Card,2026-06-19 13:44:12,3226.27
15774,15774,Cash,2024-09-14 00:50:55,2917.05
15775,15775,PayPal,2026-07-16 18:11:31,255.99
15776,15776,Credit Card,2024-09-30 21:48:27,1179.16
15777,15777,Credit Card,2024-09-10 03:34:20,768.87
15778,15778,Credit Card,2024-11-13 02:16:32,3284.81
15779,15779,Cash,2025-06-21 17:01:27,1187.02
15780,15780,PayPal,2025-05-19 12:18:13,121.86
15781,15781,PayPal,2025-04-04 12:02:18,1720.0
15782,15782,Credit Card,2026-05-02 18:06:45,1684.42
15783,15783,Cash,2025-11-10 21:30:39,1863.57
15784,15784,Cash,2025-07-02 10:21:51,2117.14
15785,15785,PayPal,2025-06-05 15:26:29,538.02
15786,15786,Bank Transfer,2025-10-31 08:59:52,532.68
15787,15787,Cash,2026-01-18 17:55:28,2592.93
15788,15788,Credit Card,2026-07-04 03:23:45,1847.96
15789,15789,Credit Card,2025-09-22 05:43:54,2609.43
15790,15790,Bank Transfer,2024-11-03 23:55:07,473.69
15791,15791,PayPal,2024-11-24 02:26:51,1731.69
15792,15792,PayPal,2025-08-11 10:22:42,3409.18
15793,15793,Cash,2026-02-11 17:30:24,1985.17
15794,15794,Credit Card,2024-11-30 22:19:29,682.3
15795,15795,Cash,2025-05-10 18:05:30,1815.56
15796,15796,Cash,2025-08-11 11:43:38,256.44
15797,15797,Cash,2024-09-13 00:04:48,2181.92
15798,15798,Bank Transfer,2025-08-27 04:17:26,2889.82
15799,15799,Credit Card,2025-09-02 08:39:32,3112.73
15800,15800,PayPal,2024-10-31 00:40:44,506.95
15801,15801,PayPal,2024-08-28 11:31:18,2594.99
15802,15802,Credit Card,2025-08-07 01:38:04,831.68
15803,15803,Cash,2024-11-08 20:19:39,3073.12
15804,15804,PayPal,2025-11-19 23:35:29,691.77
15805,15805,Credit Card,2024-09-03 01:47:35,1703.04
15806,15806,Cash,2025-06-25 06:40:57,2095.56
15807,15807,PayPal,2026-03-28 02:03:39,3720.12
15808,15808,Credit Card,2026-02-18 01:43:50,2145.44
15809,15809,Bank Transfer,2024-09-25 17:52:27,577.01
15810,15810,Credit Card,2025-01-01 23:44:07,591.76
15811,15811,Bank Transfer,2026-02-01 04:26:02,914.22
15812,15812,Bank Transfer,2024-08-18 23:39:00,1767.58
15813,15813,Cash,2025-01-02 22:57:04,1554.52
15814,15814,Credit Card,2025-11-15 04:41:43,271.34
15815,15815,Cash,2026-04-19 21:29:34,575.16
15816,15816,Cash,2025-01-05 17:02:10,1686.84
15817,15817,PayPal,2024-08-22 18:56:12,1957.42
15818,15818,PayPal,2026-02-28 04:10:03,236.66
15819,15819,Credit Card,2026-05-17 16:33:26,958.53
15820,15820,Bank Transfer,2024-10-10 16:30:47,1924.8
15821,15821,Bank Transfer,2024-08-08 16:19:19,1430.95
15822,15822,Cash,2025-05-08 02:00:36,1402.07
15823,15823,PayPal,2026-08-05 09:47:22,2061.75
15824,15824,Cash,2025-11-15 17:03:20,2512.68
15825,15825,Credit Card,2024-11-02 22:04:37,855.64
15826,15826,Cash,2025-02-07 20:37:31,312.14
15827,15827,PayPal,2025-02-24 09:41:03,50.69
15828,15828,PayPal,2025-01-05 12:36:26,336.9
15829,15829,Bank Transfer,2025-08-09 23:24:11,1048.12
15830,15830,PayPal,2026-01-08 18:04:17,482.05
15831,15831,PayPal,2025-12-12 16:03:05,1726.84
15832,15832,Bank Transfer,2025-01-03 05:55:00,2285.58
15833,15833,Cash,2026-03-08 23:08:24,3477.88
15834,15834,Cash,2026-06-04 14:50:04,1645.6
15835,15835,PayPal,2026-04-03 12:27:53,483.45
15836,15836,Bank Transfer,2026-02-17 09:16:29,294.0
15837,15837,Bank Transfer,2025-02-18 05:08:59,3457.11
15838,15838,Bank Transfer,2026-05-02 04:42:36,1247.7
15839,15839,Credit Card,2025-01-03 20:46:54,117.02
15840,15840,Bank Transfer,2026-04-14 05:26:20,1416.58
15841,15841,Bank Transfer,2024-11-19 07:45:18,1601.48
15842,15842,PayPal,2024-09-27 20:48:00,2398.65
15843,15843,Bank Transfer,2026-01-27 15:16:27,1488.08
15844,15844,Cash,2025-04-25 08:48:27,2047.17
15845,15845,Bank Transfer,2026-04-20 18:01:09,2914.46
15846,15846,Credit Card,2026-04-16 10:09:26,603.14
15847,15847,Cash,2026-03-02 09:30:33,3492.79
15848,15848,Credit Card,2024-10-19 02:51:54,2899.33
15849,15849,Bank Transfer,2025-10-20 12:58:20,1932.98
15850,15850,Credit Card,2026-01-04 16:08:16,2194.9
15851,15851,Credit Card,2026-06-17 20:08:31,1095.71
15852,15852,Credit Card,2025-11-10 08:58:40,1246.85
15853,15853,Bank Transfer,2026-07-17 17:33:58,556.77
15854,15854,Bank Transfer,2024-11-07 22:40:51,778.72
15855,15855,PayPal,2024-11-21 03:43:16,2071.23
15856,15856,Credit Card,2024-08-23 14:58:12,2321.56
15857,15857,Bank Transfer,2025-08-14 16:22:12,700.62
15858,15858,Cash,2024-08-28 19:39:46,2647.89
15859,15859,Bank Transfer,2025-05-25 10:43:47,1748.71
15860,15860,Bank Transfer,2026-02-04 18:13:57,1121.31
15861,15861,Cash,2024-11-06 22:32:17,1204.6
15862,15862,Credit Card,2025-04-10 07:28:49,4163.58
15863,15863,Bank Transfer,2024-11-25 12:32:43,1849.28
15864,15864,PayPal,2025-09-04 04:43:54,540.86
15865,15865,Bank Transfer,2025-01-31 02:00:36,3251.56
15866,15866,Cash,2025-08-01 00:10:57,1788.86
15867,15867,Cash,2024-12-30 00:24:42,1750.59
15868,15868,Cash,2025-09-19 11:38:45,297.74
15869,15869,Bank Transfer,2025-02-28 14:48:29,5345.46
15870,15870,Credit Card,2024-08-14 20:21:31,271.13
15871,15871,PayPal,2026-01-24 23:05:16,1100.58
15872,15872,PayPal,2026-01-03 20:08:05,2316.07
15873,15873,PayPal,2026-02-07 19:39:52,375.01
15874,15874,PayPal,2025-03-17 00:59:54,1918.4
15875,15875,Credit Card,2025-04-08 08:17:32,1293.1
15876,15876,Credit Card,2025-08-11 15:08:55,1808.93
15877,15877,Bank Transfer,2025-05-10 17:24:00,443.15
15878,15878,Bank Transfer,2025-07-24 16:31:59,371.0
15879,15879,Bank Transfer,2024-09-12 00:14:57,2310.49
15880,15880,Cash,2026-06-20 22:31:30,721.39
15881,15881,Cash,2025-02-14 12:33:45,725.74
15882,15882,Cash,2025-06-27 09:23:38,1848.32
15883,15883,Credit Card,2024-12-04 14:54:21,1636.84
15884,15884,Bank Transfer,2025-01-15 15:29:11,923.64
15885,15885,Bank Transfer,2026-06-27 20:48:22,743.95
15886,15886,Bank Transfer,2025-06-07 16:51:43,2076.94
15887,15887,Credit Card,2026-02-18 10:59:48,3394.85
15888,15888,Bank Transfer,2025-10-19 15:08:30,1799.65
15889,15889,Bank Transfer,2025-01-14 16:07:10,3906.84
15890,15890,Credit Card,2026-02-09 11:37:10,20.04
15891,15891,Cash,2026-05-05 16:30:19,2436.43
15892,15892,Cash,2024-08-25 04:12:39,5830.42
15893,15893,Credit Card,2026-03-31 07:04:55,765.07
15894,15894,Credit Card,2025-10-23 05:43:03,1099.63
15895,15895,Credit Card,2024-08-08 03:07:26,689.4
15896,15896,Cash,2025-12-31 02:11:37,1443.93
15897,15897,Credit Card,2024-10-11 00:46:02,3627.58
15898,15898,Cash,2025-02-01 01:42:56,1544.9
15899,15899,Bank Transfer,2026-03-22 20:06:39,2955.09
15900,15900,Credit Card,2024-11-05 14:16:12,869.13
15901,15901,Bank Transfer,2024-12-02 05:02:06,599.92
15902,15902,Credit Card,2025-08-06 08:47:14,3628.77
15903,15903,PayPal,2025-01-29 04:24:35,1030.89
15904,15904,Bank Transfer,2025-09-20 02:06:50,801.86
15905,15905,Credit Card,2026-02-23 14:56:44,1508.37
15906,15906,Credit Card,2026-05-22 02:13:59,2703.26
15907,15907,Bank Transfer,2026-06-25 01:12:00,1228.38
15908,15908,Credit Card,2024-11-14 10:06:48,3005.35
15909,15909,Bank Transfer,2026-01-16 19:20:27,742.16
15910,15910,Bank Transfer,2025-01-08 17:07:53,1855.7
15911,15911,PayPal,2025-12-07 00:58:22,228.24
15912,15912,Cash,2025-01-29 04:31:59,707.19
15913,15913,Cash,2025-11-29 14:13:55,3220.08
15914,15914,Bank Transfer,2025-06-05 13:14:18,1808.41
15915,15915,Bank Transfer,2025-02-19 21:13:53,5958.94
15916,15916,Cash,2024-10-01 18:10:29,1141.44
15917,15917,Cash,2026-07-20 03:57:13,978.68
15918,15918,Cash,2025-08-30 07:58:30,1777.24
15919,15919,PayPal,2025-06-11 18:22:47,260.1
15920,15920,Credit Card,2025-08-15 13:30:37,1631.87
15921,15921,PayPal,2024-12-03 12:09:22,733.72
15922,15922,Credit Card,2024-12-24 11:00:46,2272.3
15923,15923,Cash,2025-04-21 21:41:27,3199.44
15924,15924,Cash,2026-07-03 10:46:04,998.02
15925,15925,Credit Card,2026-02-10 01:37:02,4333.98
15926,15926,PayPal,2025-01-29 12:36:56,550.36
15927,15927,Cash,2026-05-23 13:06:15,2470.95
15928,15928,Bank Transfer,2025-10-31 18:46:39,2703.75
15929,15929,Credit Card,2024-11-28 18:50:12,1721.36
15930,15930,Bank Transfer,2024-11-23 15:42:02,1191.02
15931,15931,PayPal,2025-10-08 04:55:55,90.12
15932,15932,Cash,2025-10-07 00:56:33,1728.36
15933,15933,Bank Transfer,2026-06-23 07:46:24,851.72
15934,15934,Cash,2025-03-24 13:18:20,3267.97
15935,15935,PayPal,2026-06-29 03:05:45,2065.63
15936,15936,Credit Card,2026-02-08 06:09:32,1753.66
15937,15937,Cash,2025-05-20 05:46:00,684.96
15938,15938,Bank Transfer,2024-11-30 01:54:31,3198.84
15939,15939,Cash,2025-06-01 09:20:02,959.66
15940,15940,PayPal,2025-01-21 15:43:04,102.46
15941,15941,Bank Transfer,2024-11-04 18:33:15,1662.42
15942,15942,Bank Transfer,2025-06-22 06:15:24,653.25
15943,15943,Bank Transfer,2025-10-29 17:47:39,583.24
15944,15944,PayPal,2025-11-15 15:40:09,178.82
15945,15945,PayPal,2026-05-10 06:16:18,2563.46
15946,15946,Bank Transfer,2025-10-21 11:55:09,3144.72
15947,15947,Credit Card,2026-05-04 08:56:08,1492.06
15948,15948,Credit Card,2026-05-12 21:53:28,2341.15
15949,15949,Bank Transfer,2025-01-09 17:24:06,1674.18
15950,15950,Bank Transfer,2025-08-12 22:15:00,855.79
15951,15951,Bank Transfer,2026-06-10 23:56:32,968.6
15952,15952,Cash,2025-07-29 07:23:42,1818.4
15953,15953,PayPal,2026-05-15 22:19:50,124.28
15954,15954,Bank Transfer,2024-09-18 07:53:38,3193.71
15955,15955,Bank Transfer,2025-05-30 10:26:59,1264.99
15956,15956,Credit Card,2025-10-05 04:19:09,976.01
15957,15957,PayPal,2024-09-25 06:20:12,3985.09
15958,15958,Credit Card,2026-02-27 16:22:16,141.14
15959,15959,Cash,2025-08-26 21:18:46,3425.7
15960,15960,Cash,2025-11-22 16:23:49,4252.59
15961,15961,Cash,2025-06-08 19:36:10,1618.12
15962,15962,Cash,2025-03-23 21:40:35,4425.7
15963,15963,Credit Card,2026-07-24 11:48:04,2744.45
15964,15964,Bank Transfer,2025-04-08 21:39:34,1290.74
15965,15965,Credit Card,2025-10-18 22:46:32,2184.37
15966,15966,Cash,2026-04-16 07:26:56,747.87
15967,15967,PayPal,2026-01-27 14:12:29,3059.91
15968,15968,Credit Card,2026-01-27 18:54:11,163.64
15969,15969,Credit Card,2024-12-26 05:59:34,425.33
15970,15970,Credit Card,2025-05-17 19:16:33,2993.17
15971,15971,PayPal,2026-05-26 14:38:30,2070.88
15972,15972,Cash,2025-05-06 04:26:38,614.45
15973,15973,Bank Transfer,2024-08-08 15:52:30,1347.84
15974,15974,Bank Transfer,2026-01-19 16:05:23,2209.47
15975,15975,Bank Transfer,2026-05-10 12:59:58,3175.14
15976,15976,Cash,2026-04-29 02:18:11,3404.7
15977,15977,Bank Transfer,2026-05-01 08:04:17,247.43
15978,15978,Credit Card,2025-04-16 07:22:00,2255.08
15979,15979,Cash,2026-04-01 01:54:06,2226.42
15980,15980,Credit Card,2026-03-21 20:46:22,145.45
15981,15981,PayPal,2025-06-02 12:50:33,2267.62
15982,15982,Credit Card,2024-11-13 11:04:21,490.73
15983,15983,PayPal,2024-11-29 12:34:52,383.7
15984,15984,Bank Transfer,2026-01-05 11:58:47,649.88
15985,15985,Credit Card,2024-09-10 06:43:09,392.8
15986,15986,PayPal,2025-04-10 00:06:15,1431.38
15987,15987,Cash,2025-12-29 07:12:36,1802.47
15988,15988,Cash,2026-03-29 00:22:40,411.08
15989,15989,Bank Transfer,2025-12-02 22:09:20,2054.37
15990,15990,Credit Card,2025-03-22 12:58:13,1994.66
15991,15991,Bank Transfer,2024-09-12 21:22:26,536.32
15992,15992,Cash,2025-12-08 06:04:34,497.88
15993,15993,Cash,2026-08-02 15:31:05,2157.6
15994,15994,PayPal,2024-12-20 05:01:17,214.76
15995,15995,Cash,2025-04-03 00:55:13,1667.12
15996,15996,PayPal,2025-09-13 03:23:28,2166.53
15997,15997,Bank Transfer,2026-05-08 13:51:03,611.71
15998,15998,Bank Transfer,2025-02-12 05:37:05,403.76
15999,15999,PayPal,2025-11-01 16:57:55,3568.57
16000,16000,Bank Transfer,2026-03-20 15:33:42,1846.78
16001,16001,Bank Transfer,2026-07-19 21:03:46,484.65
16002,16002,Cash,2026-07-30 16:05:25,1095.56
16003,16003,Bank Transfer,2025-09-28 09:51:52,1793.13
16004,16004,Cash,2025-12-01 22:29:40,1994.33
16005,16005,PayPal,2024-10-15 22:39:39,2838.48
16006,16006,Cash,2024-10-08 17:47:41,1845.0
16007,16007,Cash,2026-06-19 21:27:41,1044.39
16008,16008,Bank Transfer,2025-05-18 07:41:56,3435.66
16009,16009,PayPal,2025-05-27 10:48:17,2546.0
16010,16010,Cash,2025-05-17 12:10:14,1330.33
16011,16011,PayPal,2026-02-03 08:43:29,2505.05
16012,16012,Credit Card,2026-06-26 09:07:32,1599.6
16013,16013,Credit Card,2025-08-09 04:13:29,640.92
16014,16014,Credit Card,2024-12-22 21:41:48,2119.31
16015,16015,PayPal,2024-08-29 21:43:51,1522.59
16016,16016,Bank Transfer,2024-08-25 22:29:40,300.22
16017,16017,Bank Transfer,2026-02-13 02:23:41,767.15
16018,16018,PayPal,2024-10-30 21:55:53,2727.17
16019,16019,Cash,2025-12-08 21:26:59,1205.68
16020,16020,PayPal,2025-07-27 10:17:40,1176.88
16021,16021,Bank Transfer,2024-08-06 22:11:04,789.64
16022,16022,Cash,2024-12-28 12:10:47,2964.57
16023,16023,Bank Transfer,2025-12-22 18:37:49,1844.59
16024,16024,PayPal,2024-10-10 12:18:29,1800.57
16025,16025,Credit Card,2026-05-04 12:39:12,996.04
16026,16026,Cash,2025-01-14 12:00:57,2278.75
16027,16027,Credit Card,2025-10-08 05:56:54,518.52
16028,16028,Cash,2025-03-29 02:22:08,957.72
16029,16029,Bank Transfer,2026-03-14 18:20:31,1880.78
16030,16030,Credit Card,2026-07-03 09:48:34,1878.1
16031,16031,Credit Card,2025-09-18 22:05:06,1634.11
16032,16032,Credit Card,2025-09-01 20:00:36,1289.17
16033,16033,Bank Transfer,2025-02-18 12:16:41,185.28
16034,16034,PayPal,2024-11-21 17:32:22,725.64
16035,16035,PayPal,2025-01-04 03:02:20,1348.0
16036,16036,Bank Transfer,2024-12-18 07:41:13,3295.43
16037,16037,Bank Transfer,2026-07-21 14:04:12,2146.45
16038,16038,Cash,2025-10-02 08:05:54,571.52
16039,16039,Bank Transfer,2026-05-01 06:24:32,1863.0
16040,16040,Bank Transfer,2026-04-07 02:40:20,999.13
16041,16041,PayPal,2024-09-01 13:50:46,337.48
16042,16042,Bank Transfer,2026-08-02 09:16:21,1345.21
16043,16043,Bank Transfer,2025-03-17 22:54:41,400.93
16044,16044,PayPal,2025-06-25 02:52:47,2343.4
16045,16045,Cash,2024-11-27 20:57:18,279.12
16046,16046,PayPal,2024-12-29 10:24:48,716.4
16047,16047,PayPal,2025-02-08 17:29:31,1886.0
16048,16048,PayPal,2026-07-15 11:27:52,1969.29
16049,16049,Bank Transfer,2024-08-24 06:17:27,819.6
16050,16050,Cash,2026-07-04 02:34:28,499.44
16051,16051,Bank Transfer,2026-03-05 13:48:02,765.99
16052,16052,Credit Card,2025-01-21 22:41:17,1860.53
16053,16053,Bank Transfer,2025-08-08 10:15:10,1723.02
16054,16054,PayPal,2025-02-26 15:54:53,4229.37
16055,16055,PayPal,2025-11-24 17:02:42,583.03
16056,16056,Cash,2024-10-20 00:38:28,813.47
16057,16057,PayPal,2025-11-01 11:24:04,3997.47
16058,16058,PayPal,2025-11-07 14:31:09,1413.67
16059,16059,Credit Card,2024-08-14 22:29:16,743.36
16060,16060,PayPal,2025-04-17 04:11:25,1556.07
16061,16061,Bank Transfer,2025-03-20 12:23:49,1821.24
16062,16062,Credit Card,2025-01-13 18:34:53,2929.48
16063,16063,Credit Card,2026-01-28 10:30:31,2686.5
16064,16064,PayPal,2024-09-18 22:45:18,3298.89
16065,16065,Credit Card,2024-08-19 00:18:40,502.35
16066,16066,PayPal,2025-08-30 13:02:27,201.51
16067,16067,Bank Transfer,2025-11-07 09:24:54,1421.17
16068,16068,PayPal,2025-09-23 22:07:16,2938.54
16069,16069,Credit Card,2026-07-05 08:34:33,1454.48
16070,16070,PayPal,2024-08-28 21:46:50,2555.4
16071,16071,PayPal,2025-10-29 14:30:22,2937.7
16072,16072,Cash,2024-12-06 19:45:55,2182.64
16073,16073,Bank Transfer,2025-03-20 16:27:26,720.28
16074,16074,Cash,2026-01-01 12:51:44,1296.89
16075,16075,PayPal,2024-12-30 13:44:30,1339.08
16076,16076,Credit Card,2026-02-24 12:37:17,3386.31
16077,16077,Cash,2026-06-19 23:32:58,1955.21
16078,16078,Credit Card,2026-03-20 02:02:04,1689.16
16079,16079,Credit Card,2025-04-04 06:14:28,1130.19
16080,16080,Cash,2024-12-14 22:04:26,943.44
16081,16081,Cash,2024-12-27 16:59:04,1731.76
16082,16082,Bank Transfer,2025-12-26 22:14:58,4033.27
16083,16083,Cash,2024-11-08 05:25:50,1077.38
16084,16084,Cash,2026-03-12 20:41:46,2075.17
16085,16085,Bank Transfer,2025-11-30 22:49:44,3512.74
16086,16086,PayPal,2026-01-02 12:03:36,280.67
16087,16087,Cash,2025-12-13 02:41:40,3951.85
16088,16088,Credit Card,2026-02-14 16:42:30,2101.44
16089,16089,PayPal,2025-03-17 13:31:50,1994.72
16090,16090,Bank Transfer,2025-12-23 17:30:08,3148.99
16091,16091,Cash,2025-01-26 17:27:48,1977.36
16092,16092,Cash,2025-07-22 05:41:47,217.74
16093,16093,PayPal,2025-08-28 01:01:33,425.62
16094,16094,Bank Transfer,2025-04-20 14:20:32,146.2
16095,16095,PayPal,2025-11-01 18:31:57,2995.32
16096,16096,Bank Transfer,2024-12-05 04:29:08,192.67
16097,16097,PayPal,2024-11-02 02:23:52,3126.31
16098,16098,PayPal,2026-01-24 01:17:06,525.59
16099,16099,Credit Card,2025-09-19 20:59:22,2809.94
16100,16100,PayPal,2025-08-01 15:14:29,1053.24
16101,16101,Credit Card,2026-05-01 22:29:02,3226.0
16102,16102,PayPal,2025-12-25 06:58:56,3547.78
16103,16103,Cash,2026-03-31 23:28:12,2071.58
16104,16104,PayPal,2024-11-06 14:49:27,526.52
16105,16105,Bank Transfer,2025-08-12 09:58:28,2103.09
16106,16106,Bank Transfer,2025-09-25 00:07:37,1867.45
16107,16107,Bank Transfer,2025-03-06 19:52:19,1821.86
16108,16108,Bank Transfer,2025-12-21 00:25:43,988.28
16109,16109,Bank Transfer,2026-06-04 23:43:55,2153.32
16110,16110,Credit Card,2026-03-20 08:45:23,4370.77
16111,16111,Cash,2025-04-19 03:40:57,1867.67
16112,16112,PayPal,2024-11-15 16:48:33,486.18
16113,16113,Cash,2025-12-10 00:46:17,2996.6
16114,16114,Bank Transfer,2026-04-05 09:29:20,2312.57
16115,16115,Cash,2026-04-01 14:35:25,3431.74
16116,16116,Bank Transfer,2026-05-06 04:14:02,2599.41
16117,16117,PayPal,2026-02-14 08:46:16,1266.63
16118,16118,PayPal,2025-07-13 00:40:30,1545.01
16119,16119,Cash,2026-06-13 04:45:26,2690.03
16120,16120,Bank Transfer,2025-06-11 12:42:12,168.92
16121,16121,Cash,2026-03-15 14:24:12,881.71
16122,16122,PayPal,2025-05-09 13:58:11,672.76
16123,16123,Bank Transfer,2025-11-30 14:15:15,3983.78
16124,16124,Cash,2025-05-06 07:34:03,1629.21
16125,16125,PayPal,2025-01-30 05:23:20,3304.98
16126,16126,PayPal,2025-08-12 23:24:28,3000.32
16127,16127,Cash,2025-11-09 08:42:10,752.57
16128,16128,Credit Card,2024-12-18 04:01:54,2871.61
16129,16129,Bank Transfer,2024-12-22 07:52:40,4778.55
16130,16130,Credit Card,2025-08-24 09:58:55,2122.76
16131,16131,Cash,2025-02-09 05:45:41,279.12
16132,16132,Credit Card,2025-04-24 07:17:43,3023.22
16133,16133,PayPal,2024-09-03 19:00:58,2475.48
16134,16134,Cash,2024-09-04 00:03:21,1687.22
16135,16135,PayPal,2026-06-23 20:33:28,2447.35
16136,16136,Cash,2025-07-18 11:36:04,128.08
16137,16137,Credit Card,2025-11-06 15:11:01,1671.44
16138,16138,Cash,2025-08-23 04:07:18,1842.02
16139,16139,Credit Card,2026-04-23 12:20:44,3083.26
16140,16140,Bank Transfer,2026-05-14 19:58:23,2392.0
16141,16141,Credit Card,2026-07-07 21:23:05,267.12
16142,16142,Bank Transfer,2026-02-11 02:51:35,1269.57
16143,16143,Credit Card,2026-04-07 20:23:46,1411.76
16144,16144,PayPal,2025-09-30 08:49:22,1763.3
16145,16145,PayPal,2026-03-28 02:43:48,1358.56
16146,16146,Credit Card,2025-11-12 21:16:44,4031.14
16147,16147,Bank Transfer,2025-12-04 13:05:05,2825.54
16148,16148,PayPal,2025-01-18 13:33:35,1668.88
16149,16149,Cash,2024-10-01 07:37:18,1816.54
16150,16150,Bank Transfer,2026-06-26 14:10:29,93.43
16151,16151,PayPal,2025-05-02 08:27:58,1361.67
16152,16152,Credit Card,2026-02-05 13:44:24,58.11
16153,16153,Credit Card,2025-06-08 18:45:36,2462.78
16154,16154,PayPal,2025-06-01 19:15:52,2384.65
16155,16155,Cash,2025-09-28 07:51:44,2562.48
16156,16156,Cash,2026-03-15 17:46:02,3793.52
16157,16157,PayPal,2024-11-28 18:24:11,1942.62
16158,16158,PayPal,2026-04-30 19:45:40,1224.01
16159,16159,PayPal,2026-06-06 18:34:06,953.47
16160,16160,PayPal,2026-01-02 15:39:08,2515.09
16161,16161,Bank Transfer,2026-03-13 01:49:44,454.54
16162,16162,Bank Transfer,2025-03-07 04:33:57,2339.77
16163,16163,Bank Transfer,2024-09-21 10:42:31,821.87
16164,16164,Bank Transfer,2025-10-30 19:11:18,437.76
16165,16165,Credit Card,2025-12-22 02:40:31,3749.98
16166,16166,Credit Card,2025-03-09 01:30:32,1276.62
16167,16167,Credit Card,2025-08-16 00:53:37,1555.82
16168,16168,Cash,2025-05-24 18:18:19,462.02
16169,16169,PayPal,2025-09-25 00:15:54,1232.35
16170,16170,Credit Card,2026-01-10 14:29:42,3781.83
16171,16171,Bank Transfer,2025-03-02 18:02:54,1469.81
16172,16172,Cash,2025-10-31 22:28:38,1025.16
16173,16173,Cash,2026-05-13 18:02:58,2042.21
16174,16174,PayPal,2025-09-08 03:06:01,1286.08
16175,16175,PayPal,2025-09-30 06:41:19,1169.1
16176,16176,PayPal,2026-04-21 20:37:57,2438.64
16177,16177,Bank Transfer,2024-09-17 11:51:08,2153.57
16178,16178,Credit Card,2025-08-11 13:25:42,852.96
16179,16179,Credit Card,2026-03-27 07:07:25,2078.91
16180,16180,Bank Transfer,2025-09-02 13:25:42,2671.3
16181,16181,Bank Transfer,2024-08-13 22:12:14,2591.72
16182,16182,Bank Transfer,2025-08-27 23:01:11,3580.72
16183,16183,PayPal,2025-08-22 23:26:18,1829.12
16184,16184,PayPal,2024-12-08 23:15:05,666.81
16185,16185,Credit Card,2026-04-12 02:45:48,1878.09
16186,16186,PayPal,2025-02-26 19:43:39,3083.44
16187,16187,Cash,2025-09-18 23:35:51,1051.04
16188,16188,Cash,2025-02-23 16:07:04,2149.53
16189,16189,Bank Transfer,2025-11-14 08:37:08,1132.03
16190,16190,Cash,2025-08-01 20:44:00,2751.02
16191,16191,Credit Card,2026-06-03 16:12:37,2991.08
16192,16192,Cash,2026-06-13 01:27:33,3270.99
16193,16193,Credit Card,2026-04-06 01:53:14,3117.81
16194,16194,PayPal,2025-03-26 12:00:49,1309.26
16195,16195,PayPal,2025-10-03 00:23:26,983.93
16196,16196,PayPal,2025-07-26 08:01:57,307.32
16197,16197,Bank Transfer,2026-04-04 22:14:53,1613.3
16198,16198,PayPal,2026-05-31 16:01:02,3032.4
16199,16199,Bank Transfer,2025-03-08 23:26:02,1664.63
16200,16200,Cash,2025-07-14 05:04:53,182.32
16201,16201,Cash,2025-03-22 01:49:03,2941.09
16202,16202,Cash,2025-02-23 02:16:14,568.74
16203,16203,Bank Transfer,2025-11-11 17:33:24,1738.38
16204,16204,Cash,2024-12-25 07:34:29,841.46
16205,16205,Bank Transfer,2025-07-12 15:02:57,1621.96
16206,16206,Credit Card,2026-06-27 13:29:53,3065.3
16207,16207,Cash,2026-07-21 22:16:08,1727.51
16208,16208,Credit Card,2024-11-13 13:26:11,2516.52
16209,16209,PayPal,2025-07-03 05:06:17,2519.13
16210,16210,Credit Card,2025-03-04 01:40:35,3314.94
16211,16211,Credit Card,2024-12-28 23:38:14,4083.09
16212,16212,Credit Card,2025-04-30 01:37:18,2784.12
16213,16213,Bank Transfer,2025-12-24 09:18:37,4077.5
16214,16214,Credit Card,2025-12-14 21:50:54,617.92
16215,16215,Bank Transfer,2025-03-09 00:47:05,2544.4
16216,16216,Bank Transfer,2025-09-30 13:48:39,2625.72
16217,16217,Credit Card,2026-05-30 00:39:04,1217.92
16218,16218,Bank Transfer,2024-09-28 16:52:41,638.18
16219,16219,Credit Card,2026-02-10 17:36:05,662.09
16220,16220,Bank Transfer,2025-06-07 20:29:40,935.94
16221,16221,Cash,2026-04-05 15:50:53,3236.28
16222,16222,Bank Transfer,2024-12-17 04:57:43,1023.54
16223,16223,PayPal,2024-09-14 16:57:44,305.07
16224,16224,PayPal,2024-09-05 07:00:12,1126.55
16225,16225,PayPal,2025-07-29 17:39:45,3380.29
16226,16226,Bank Transfer,2025-01-25 01:29:08,107.44
16227,16227,Credit Card,2025-02-08 20:35:05,1094.76
16228,16228,Bank Transfer,2024-10-22 18:32:26,704.57
16229,16229,Bank Transfer,2025-11-15 04:16:05,2461.94
16230,16230,Cash,2026-06-04 09:34:45,378.6
16231,16231,Credit Card,2025-12-15 22:49:14,743.3
16232,16232,Cash,2024-08-28 20:54:15,3110.35
16233,16233,Bank Transfer,2025-08-14 12:26:17,817.72
16234,16234,Bank Transfer,2025-06-19 03:22:04,2555.02
16235,16235,Bank Transfer,2024-10-21 03:57:30,1618.91
16236,16236,Cash,2025-04-10 00:11:58,235.32
16237,16237,Bank Transfer,2025-04-25 23:17:16,1088.71
16238,16238,Cash,2026-02-23 16:39:50,3750.97
16239,16239,PayPal,2025-08-27 03:31:57,3018.78
16240,16240,PayPal,2024-08-25 00:00:05,391.66
16241,16241,Credit Card,2025-12-08 05:54:42,1115.4
16242,16242,PayPal,2025-10-25 08:15:12,2412.25
16243,16243,Bank Transfer,2024-11-06 01:06:55,1313.14
16244,16244,Bank Transfer,2026-01-07 02:13:49,475.06
16245,16245,Bank Transfer,2025-06-21 21:49:38,1032.12
16246,16246,Bank Transfer,2026-06-28 20:32:11,1121.02
16247,16247,Cash,2024-09-28 05:40:51,685.99
16248,16248,PayPal,2025-04-05 00:41:28,3098.97
16249,16249,Cash,2026-06-08 01:20:44,503.08
16250,16250,Cash,2026-04-08 17:56:39,1177.4
16251,16251,Cash,2025-05-25 09:05:38,711.08
16252,16252,PayPal,2025-07-16 11:46:21,328.32
16253,16253,Cash,2026-03-18 16:20:05,1058.03
16254,16254,Cash,2026-01-29 10:18:15,1246.22
16255,16255,Bank Transfer,2025-01-15 08:21:32,352.98
16256,16256,Cash,2025-08-28 23:13:34,478.26
16257,16257,Bank Transfer,2025-06-15 06:18:46,453.14
16258,16258,Bank Transfer,2025-09-13 06:31:24,3336.65
16259,16259,Bank Transfer,2025-03-12 17:14:39,1656.67
16260,16260,Credit Card,2025-08-10 07:08:10,2999.63
16261,16261,Bank Transfer,2025-01-04 05:03:20,1895.72
16262,16262,Cash,2026-06-22 06:06:37,2229.03
16263,16263,Credit Card,2025-09-02 08:39:14,1988.35
16264,16264,Cash,2025-04-06 04:50:48,2706.41
16265,16265,Bank Transfer,2025-02-20 13:32:07,739.1
16266,16266,Cash,2025-04-26 05:43:40,168.74
16267,16267,Credit Card,2024-09-04 16:50:00,570.4
16268,16268,Credit Card,2025-07-04 00:05:31,911.49
16269,16269,Cash,2026-07-21 18:34:57,2013.47
16270,16270,Cash,2026-03-19 00:12:16,1276.35
16271,16271,Credit Card,2025-07-07 23:04:25,4247.11
16272,16272,PayPal,2025-02-10 02:16:56,1858.27
16273,16273,Cash,2026-01-06 19:57:52,2374.74
16274,16274,PayPal,2025-03-11 01:36:34,2208.35
16275,16275,PayPal,2025-10-19 20:11:28,129.8
16276,16276,PayPal,2026-05-24 07:52:55,2861.02
16277,16277,Bank Transfer,2026-03-26 19:53:57,2385.02
16278,16278,Cash,2025-07-21 06:38:17,137.08
16279,16279,Bank Transfer,2025-07-14 16:51:53,2960.63
16280,16280,Bank Transfer,2025-01-08 00:03:30,667.16
16281,16281,Bank Transfer,2025-01-16 01:42:49,861.92
16282,16282,Bank Transfer,2026-08-01 19:28:25,733.63
16283,16283,Credit Card,2025-03-29 09:44:39,497.88
16284,16284,Cash,2026-06-18 20:20:24,1062.93
16285,16285,Bank Transfer,2026-04-13 07:55:39,1750.05
16286,16286,Credit Card,2026-05-17 10:59:13,2771.14
16287,16287,Credit Card,2026-06-28 01:17:59,1913.89
16288,16288,Bank Transfer,2025-09-09 19:21:07,2389.87
16289,16289,Credit Card,2025-12-11 00:56:19,684.81
16290,16290,Cash,2026-04-06 05:24:52,350.11
16291,16291,Cash,2025-04-11 04:43:26,2061.02
16292,16292,Cash,2025-06-25 16:33:57,994.04
16293,16293,Credit Card,2026-02-02 07:40:32,2452.25
16294,16294,Cash,2026-07-31 03:54:00,1279.8
16295,16295,Bank Transfer,2025-12-20 02:47:22,978.07
16296,16296,PayPal,2025-01-14 03:57:42,2122.41
16297,16297,Cash,2024-08-11 21:04:10,1017.46
16298,16298,Bank Transfer,2025-03-28 19:44:05,1654.11
16299,16299,Credit Card,2024-10-20 13:27:16,1949.71
16300,16300,Cash,2024-10-07 22:45:01,1477.57
16301,16301,Bank Transfer,2025-04-03 01:19:31,1365.57
16302,16302,PayPal,2026-06-09 02:48:02,698.56
16303,16303,PayPal,2025-12-04 05:36:27,1293.57
16304,16304,Bank Transfer,2024-09-16 13:47:14,2360.55
16305,16305,Credit Card,2026-01-03 19:47:03,1354.73
16306,16306,Cash,2025-01-02 04:45:31,227.16
16307,16307,Cash,2025-11-22 02:36:40,1728.72
16308,16308,Credit Card,2026-04-10 08:14:21,1236.96
16309,16309,Credit Card,2025-05-06 23:01:04,662.4
16310,16310,Bank Transfer,2025-04-26 19:08:44,448.8
16311,16311,Bank Transfer,2025-06-08 13:49:44,3990.8
16312,16312,PayPal,2025-02-05 16:19:01,2807.36
16313,16313,Cash,2025-08-01 18:35:43,1732.59
16314,16314,Bank Transfer,2024-11-16 10:21:02,1839.46
16315,16315,Credit Card,2025-04-16 02:20:55,813.96
16316,16316,Cash,2025-02-18 21:57:43,279.81
16317,16317,PayPal,2025-01-15 15:18:31,3307.04
16318,16318,PayPal,2024-11-15 00:53:38,776.52
16319,16319,Bank Transfer,2024-11-20 13:57:47,492.01
16320,16320,Cash,2026-01-03 04:32:17,3843.84
16321,16321,Credit Card,2026-07-10 22:57:10,1977.06
16322,16322,PayPal,2025-05-20 07:52:35,3479.34
16323,16323,Bank Transfer,2024-12-22 14:08:42,3480.85
16324,16324,Cash,2025-11-03 23:42:02,2243.26
16325,16325,Bank Transfer,2026-06-30 09:12:42,132.88
16326,16326,Cash,2026-03-22 11:55:05,1878.66
16327,16327,Bank Transfer,2025-06-03 11:55:17,4161.35
16328,16328,Cash,2025-05-10 21:09:25,475.6
16329,16329,PayPal,2024-12-21 16:52:58,425.62
16330,16330,Cash,2025-09-05 17:41:11,1826.38
16331,16331,Bank Transfer,2026-06-01 20:43:41,1884.89
16332,16332,PayPal,2025-07-23 11:35:00,2120.68
16333,16333,Cash,2024-11-01 23:44:08,2923.02
16334,16334,Credit Card,2025-09-09 03:40:35,851.07
16335,16335,Cash,2025-12-24 08:53:47,438.6
16336,16336,Cash,2025-03-25 23:09:27,1235.55
16337,16337,Credit Card,2024-09-02 13:01:05,840.33
16338,16338,Credit Card,2024-09-16 12:14:35,1676.22
16339,16339,Credit Card,2025-04-22 08:16:48,1108.42
16340,16340,Credit Card,2025-04-08 05:50:59,427.8
16341,16341,PayPal,2025-04-17 20:46:08,1532.25
16342,16342,Cash,2025-10-22 03:27:00,3276.4
16343,16343,Bank Transfer,2026-02-26 20:11:10,124.47
16344,16344,Cash,2025-08-14 08:16:26,995.46
16345,16345,Bank Transfer,2024-11-14 00:09:46,227.06
16346,16346,Bank Transfer,2024-11-27 18:41:21,2408.43
16347,16347,Cash,2024-08-31 04:47:17,1134.03
16348,16348,Credit Card,2024-12-29 18:21:04,1586.83
16349,16349,PayPal,2025-12-08 19:55:22,757.1
16350,16350,PayPal,2026-04-27 16:19:17,2195.06
16351,16351,PayPal,2025-07-21 15:24:33,2470.39
16352,16352,Credit Card,2026-02-07 01:27:46,2153.25
16353,16353,PayPal,2026-01-04 16:59:32,1276.86
16354,16354,Bank Transfer,2026-05-28 13:50:15,1926.07
16355,16355,Cash,2025-01-29 02:09:13,1180.94
16356,16356,Credit Card,2026-04-25 22:06:56,2233.31
16357,16357,Cash,2026-06-10 18:22:14,3298.52
16358,16358,Cash,2026-06-13 08:23:43,761.48
16359,16359,Credit Card,2025-06-23 00:27:16,346.62
16360,16360,PayPal,2024-09-24 01:29:23,1356.26
16361,16361,Cash,2024-11-06 16:29:19,120.44
16362,16362,Bank Transfer,2024-10-06 17:42:20,101.82
16363,16363,Credit Card,2026-04-30 13:06:37,682.72
16364,16364,Cash,2025-12-04 23:33:01,2233.14
16365,16365,Credit Card,2026-07-28 08:44:22,1202.69
16366,16366,Bank Transfer,2025-04-17 03:06:12,3003.48
16367,16367,Bank Transfer,2025-09-09 19:06:17,1006.78
16368,16368,Cash,2024-08-12 23:34:25,242.19
16369,16369,Cash,2025-04-30 00:40:29,743.92
16370,16370,Bank Transfer,2026-02-21 19:22:14,2027.07
16371,16371,Credit Card,2025-03-11 05:47:37,462.55
16372,16372,Bank Transfer,2026-05-13 20:10:53,1916.52
16373,16373,Cash,2025-07-10 16:38:38,2117.91
16374,16374,Bank Transfer,2024-12-12 23:00:59,1291.69
16375,16375,PayPal,2025-06-22 12:21:07,254.94
16376,16376,PayPal,2025-09-13 17:02:40,302.7
16377,16377,Bank Transfer,2025-01-21 19:30:14,653.38
16378,16378,Credit Card,2025-06-21 04:17:08,1213.32
16379,16379,Bank Transfer,2024-10-16 18:03:08,2094.31
16380,16380,PayPal,2024-11-17 02:04:28,1594.55
16381,16381,PayPal,2026-05-04 04:13:06,597.43
16382,16382,Cash,2025-04-19 20:01:17,3251.51
16383,16383,Cash,2026-07-12 00:16:49,1302.12
16384,16384,PayPal,2025-05-29 05:29:54,2530.2
16385,16385,PayPal,2025-01-05 05:19:08,117.02
16386,16386,Credit Card,2026-07-30 16:34:53,1996.11
16387,16387,Cash,2026-01-07 19:00:16,1492.54
16388,16388,Credit Card,2024-12-14 06:56:12,1442.44
16389,16389,Credit Card,2025-01-09 11:18:23,1915.58
16390,16390,Credit Card,2026-06-12 06:24:55,1254.16
16391,16391,Credit Card,2025-11-15 23:48:28,560.98
16392,16392,Cash,2025-03-19 08:51:05,943.56
16393,16393,Bank Transfer,2025-05-11 18:28:55,1932.6
16394,16394,Credit Card,2025-08-25 06:07:09,1675.31
16395,16395,Cash,2026-02-15 23:08:11,991.4
16396,16396,PayPal,2026-03-07 17:46:41,1549.91
16397,16397,Cash,2025-02-25 07:34:06,3628.59
16398,16398,Credit Card,2024-09-11 19:41:43,1088.37
16399,16399,Cash,2024-10-06 02:15:22,707.01
16400,16400,PayPal,2025-11-20 08:16:00,1717.36
16401,16401,Cash,2026-06-04 11:54:34,741.22
16402,16402,Bank Transfer,2025-09-17 09:06:23,1389.24
16403,16403,Bank Transfer,2025-04-27 20:02:25,1537.69
16404,16404,PayPal,2025-04-23 05:44:21,1264.56
16405,16405,Bank Transfer,2026-05-10 17:43:28,2355.26
16406,16406,PayPal,2024-09-25 06:10:45,509.71
16407,16407,PayPal,2026-02-20 11:58:57,1390.17
16408,16408,Bank Transfer,2025-02-24 15:29:27,1512.44
16409,16409,Bank Transfer,2025-06-10 20:03:42,1844.43
16410,16410,Cash,2024-10-28 21:18:33,122.73
16411,16411,PayPal,2026-05-10 07:03:55,4633.0
16412,16412,PayPal,2025-12-30 04:26:49,1832.72
16413,16413,Bank Transfer,2025-03-14 06:23:40,1931.58
16414,16414,Bank Transfer,2026-06-20 01:39:14,1505.7
16415,16415,Credit Card,2025-04-25 05:00:25,1292.64
16416,16416,Bank Transfer,2025-02-16 05:37:00,2095.86
16417,16417,Cash,2024-09-27 17:03:15,2442.51
16418,16418,Bank Transfer,2025-01-26 22:09:15,2481.44
16419,16419,Bank Transfer,2025-05-26 08:53:48,256.29
16420,16420,Cash,2026-01-10 20:00:24,3925.09
16421,16421,Bank Transfer,2025-11-23 03:16:24,2194.88
16422,16422,Cash,2026-01-09 06:57:06,4319.87
16423,16423,Bank Transfer,2024-12-03 06:04:24,3992.94
16424,16424,Credit Card,2025-08-26 13:42:59,2227.11
16425,16425,PayPal,2024-11-25 00:03:06,1724.59
16426,16426,Cash,2026-03-01 00:33:56,638.23
16427,16427,PayPal,2025-08-26 16:21:46,2318.66
16428,16428,Credit Card,2025-04-07 08:10:02,2579.04
16429,16429,Credit Card,2025-05-09 08:21:37,3355.5
16430,16430,Bank Transfer,2026-07-19 07:47:01,2034.44
16431,16431,Cash,2025-06-24 14:15:25,764.15
16432,16432,Cash,2026-03-21 19:26:29,1002.5
16433,16433,Bank Transfer,2026-04-27 20:25:53,2526.58
16434,16434,Bank Transfer,2025-04-30 21:36:52,1880.58
16435,16435,PayPal,2026-05-03 05:13:41,982.7
16436,16436,Bank Transfer,2025-01-19 14:46:44,672.28
16437,16437,PayPal,2026-04-04 00:35:43,1532.2
16438,16438,PayPal,2025-05-01 03:22:14,1228.83
16439,16439,Bank Transfer,2025-04-13 16:08:32,1775.61
16440,16440,Credit Card,2024-11-25 10:55:37,2698.33
16441,16441,Cash,2026-07-14 17:54:55,2241.33
16442,16442,PayPal,2025-09-28 19:39:36,1352.47
16443,16443,Credit Card,2025-07-13 20:57:10,1602.19
16444,16444,Credit Card,2024-08-08 21:41:17,1517.64
16445,16445,Bank Transfer,2025-01-14 14:06:14,1491.82
16446,16446,PayPal,2025-06-23 09:52:48,1319.0
16447,16447,Cash,2025-10-06 11:29:15,531.32
16448,16448,Credit Card,2025-09-04 13:15:34,1364.72
16449,16449,Cash,2026-03-11 13:36:11,163.64
16450,16450,PayPal,2026-03-08 02:37:42,3151.42
16451,16451,PayPal,2025-04-09 03:05:57,2345.67
16452,16452,Bank Transfer,2024-11-08 21:59:26,2102.28
16453,16453,PayPal,2026-04-17 15:24:09,798.6
16454,16454,Credit Card,2025-07-27 10:15:04,2205.24
16455,16455,Bank Transfer,2025-01-23 20:42:52,1083.66
16456,16456,PayPal,2025-06-26 16:16:02,1268.54
16457,16457,PayPal,2026-06-27 02:24:44,269.0
16458,16458,PayPal,2025-12-30 11:18:59,3038.38
16459,16459,PayPal,2025-05-06 04:55:55,169.96
16460,16460,Credit Card,2025-11-30 09:43:30,438.6
16461,16461,PayPal,2026-05-09 22:48:54,1356.88
16462,16462,Credit Card,2026-02-16 01:21:32,3259.65
16463,16463,Bank Transfer,2025-06-20 20:50:08,1091.17
16464,16464,PayPal,2026-03-25 18:54:54,1679.67
16465,16465,Cash,2025-04-05 10:16:24,684.82
16466,16466,Bank Transfer,2025-10-28 03:59:24,1706.56
16467,16467,Bank Transfer,2025-11-17 08:45:41,999.37
16468,16468,PayPal,2025-01-26 17:19:44,1716.19
16469,16469,Cash,2026-02-28 06:44:37,1655.16
16470,16470,PayPal,2024-10-31 20:18:15,1273.53
16471,16471,Cash,2024-10-30 22:14:45,1421.07
16472,16472,Bank Transfer,2025-07-04 09:05:35,638.79
16473,16473,Credit Card,2026-02-13 11:20:06,2529.28
16474,16474,Bank Transfer,2025-05-20 04:06:51,3450.91
16475,16475,PayPal,2025-02-18 04:03:00,379.68
16476,16476,PayPal,2026-05-04 19:44:37,3960.77
16477,16477,PayPal,2025-12-03 07:05:51,3104.39
16478,16478,PayPal,2024-10-14 11:07:28,4004.08
16479,16479,PayPal,2026-02-25 02:52:43,3007.57
16480,16480,Bank Transfer,2024-11-28 14:12:41,2345.09
16481,16481,Bank Transfer,2025-08-02 18:20:07,306.52
16482,16482,Credit Card,2026-04-22 12:30:05,234.64
16483,16483,Credit Card,2026-02-24 11:51:11,4328.74
16484,16484,Bank Transfer,2025-08-04 20:58:52,1160.44
16485,16485,Cash,2026-02-28 16:43:51,3940.84
16486,16486,PayPal,2025-01-30 04:04:05,993.39
16487,16487,Cash,2025-01-14 22:02:35,625.5
16488,16488,Credit Card,2026-02-23 18:33:20,706.65
16489,16489,PayPal,2025-03-19 18:11:49,75.99
16490,16490,PayPal,2026-06-24 23:02:27,1977.75
16491,16491,Cash,2026-03-13 16:19:32,1072.88
16492,16492,Credit Card,2026-05-24 15:16:55,364.84
16493,16493,PayPal,2025-03-30 08:41:48,117.15
16494,16494,Credit Card,2024-11-05 13:12:26,3170.47
16495,16495,Bank Transfer,2025-10-01 01:02:38,2602.71
16496,16496,Credit Card,2026-07-09 19:01:55,2127.49
16497,16497,PayPal,2026-01-14 07:31:48,356.73
16498,16498,Credit Card,2026-05-02 21:47:20,2862.83
16499,16499,Bank Transfer,2026-01-20 18:52:16,731.53
16500,16500,Credit Card,2024-10-13 01:01:49,1413.88
16501,16501,Cash,2025-05-23 23:09:09,907.03
16502,16502,Credit Card,2025-07-23 11:38:24,286.71
16503,16503,Cash,2026-06-12 18:31:59,1186.74
16504,16504,PayPal,2026-06-07 22:21:32,1768.74
16505,16505,Cash,2024-09-11 08:09:37,1381.44
16506,16506,Bank Transfer,2025-04-04 05:48:50,1904.22
16507,16507,PayPal,2026-02-27 22:27:47,1282.38
16508,16508,Bank Transfer,2026-02-22 04:50:02,1352.12
16509,16509,Cash,2026-03-30 21:24:50,553.29
16510,16510,Credit Card,2025-09-18 00:33:41,2295.96
16511,16511,Cash,2024-09-13 02:28:02,641.55
16512,16512,Bank Transfer,2025-07-20 17:15:02,1393.06
16513,16513,Bank Transfer,2026-06-04 19:27:02,1908.25
16514,16514,Credit Card,2024-08-19 07:52:45,1608.22
16515,16515,Credit Card,2024-11-10 14:41:37,1911.74
16516,16516,Cash,2025-03-16 08:42:15,872.37
16517,16517,Bank Transfer,2025-07-13 05:33:59,3124.58
16518,16518,Credit Card,2025-03-06 00:55:54,908.24
16519,16519,Cash,2024-10-14 11:28:06,571.68
16520,16520,Cash,2025-02-23 13:55:22,2530.16
16521,16521,Credit Card,2026-03-23 07:01:10,3311.29
16522,16522,Bank Transfer,2024-10-02 12:23:54,749.16
16523,16523,Bank Transfer,2026-03-23 14:40:24,441.78
16524,16524,PayPal,2024-11-20 14:14:49,1273.86
16525,16525,PayPal,2024-08-26 19:59:50,1416.02
16526,16526,Cash,2025-05-24 14:52:10,2332.43
16527,16527,Cash,2026-03-07 04:44:03,2341.53
16528,16528,Cash,2025-06-02 06:34:47,4708.11
16529,16529,PayPal,2026-03-26 14:04:48,1358.24
16530,16530,Cash,2025-11-27 04:04:01,3446.43
16531,16531,Credit Card,2025-12-23 23:05:01,1313.94
16532,16532,PayPal,2025-09-30 11:56:29,751.68
16533,16533,Bank Transfer,2024-08-08 09:05:02,1446.15
16534,16534,Credit Card,2024-11-21 18:57:19,720.28
16535,16535,Credit Card,2024-08-22 14:41:34,2624.61
16536,16536,Credit Card,2025-09-08 01:33:49,2971.04
16537,16537,PayPal,2024-09-30 06:37:49,1364.72
16538,16538,Bank Transfer,2024-09-02 15:54:21,1773.24
16539,16539,Bank Transfer,2024-11-10 18:31:11,470.15
16540,16540,PayPal,2026-07-12 08:05:47,1396.9
16541,16541,PayPal,2026-05-28 13:16:39,1927.45
16542,16542,Bank Transfer,2024-08-17 07:42:45,2876.75
16543,16543,Cash,2024-10-10 05:40:54,3006.78
16544,16544,Cash,2025-08-31 04:58:59,1398.06
16545,16545,Cash,2025-10-13 14:46:54,1220.47
16546,16546,PayPal,2025-05-09 16:41:49,2230.5
16547,16547,PayPal,2025-03-14 22:38:59,2490.55
16548,16548,Bank Transfer,2026-06-03 07:51:02,2626.62
16549,16549,Credit Card,2026-02-06 23:58:51,3812.4
16550,16550,Bank Transfer,2026-04-25 18:48:50,2278.93
16551,16551,PayPal,2024-10-30 09:10:43,3478.03
16552,16552,Credit Card,2025-02-10 21:59:25,1519.78
16553,16553,PayPal,2025-04-01 01:11:36,1774.94
16554,16554,Cash,2025-10-16 21:14:13,3600.96
16555,16555,Bank Transfer,2025-06-20 03:59:47,2605.06
16556,16556,Bank Transfer,2026-06-20 17:44:14,818.42
16557,16557,Cash,2025-01-22 19:27:23,1315.71
16558,16558,PayPal,2025-02-22 11:10:34,1508.32
16559,16559,Bank Transfer,2025-05-02 04:38:55,151.87
16560,16560,Bank Transfer,2024-09-18 22:47:28,2356.72
16561,16561,Cash,2026-05-22 13:23:26,3514.59
16562,16562,PayPal,2025-06-06 05:01:20,449.98
16563,16563,Bank Transfer,2025-02-08 22:00:16,611.24
16564,16564,Bank Transfer,2026-04-29 22:53:07,1665.0
16565,16565,Bank Transfer,2026-01-08 02:21:31,1521.52
16566,16566,Credit Card,2025-07-31 09:01:40,798.26
16567,16567,Credit Card,2026-03-14 16:33:05,1690.31
16568,16568,Bank Transfer,2025-06-01 06:58:35,3056.26
16569,16569,Bank Transfer,2026-01-13 00:15:42,2958.07
16570,16570,Credit Card,2024-09-10 03:40:31,3576.67
16571,16571,Credit Card,2026-04-10 07:38:50,1983.53
16572,16572,Credit Card,2025-09-30 15:30:00,3910.84
16573,16573,Credit Card,2026-05-07 00:24:04,2900.2
16574,16574,PayPal,2026-07-23 00:53:43,1569.2
16575,16575,PayPal,2025-04-09 20:53:14,1909.06
16576,16576,Bank Transfer,2026-08-03 21:32:36,3460.68
16577,16577,PayPal,2026-02-06 02:18:15,2602.75
16578,16578,Credit Card,2025-03-12 00:47:56,1614.35
16579,16579,Bank Transfer,2025-02-20 11:50:16,2130.68
16580,16580,Bank Transfer,2025-06-11 02:29:14,2882.06
16581,16581,PayPal,2025-04-16 06:05:25,1836.23
16582,16582,Bank Transfer,2025-08-11 19:26:10,1663.68
16583,16583,Cash,2024-10-27 02:31:41,938.02
16584,16584,Bank Transfer,2026-01-10 19:26:11,207.36
16585,16585,Cash,2025-12-04 22:15:36,1703.86
16586,16586,Credit Card,2024-09-07 04:37:01,665.93
16587,16587,PayPal,2026-01-06 18:53:13,439.13
16588,16588,PayPal,2024-08-29 14:01:15,197.16
16589,16589,PayPal,2025-05-02 07:28:52,1201.68
16590,16590,Cash,2024-12-12 13:25:06,2683.93
16591,16591,Credit Card,2025-10-06 02:13:27,5294.62
16592,16592,Bank Transfer,2024-12-24 08:56:06,1021.33
16593,16593,Bank Transfer,2025-05-23 07:50:26,693.99
16594,16594,PayPal,2026-05-19 15:53:22,301.8
16595,16595,Bank Transfer,2026-01-28 22:58:32,2808.7
16596,16596,PayPal,2025-01-28 17:09:36,1593.71
16597,16597,Credit Card,2026-01-26 22:11:14,1346.45
16598,16598,PayPal,2024-11-30 21:07:22,1559.93
16599,16599,Cash,2026-05-02 04:43:15,1379.96
16600,16600,PayPal,2026-02-06 16:40:04,1664.87
16601,16601,Credit Card,2026-04-06 08:58:56,1517.34
16602,16602,PayPal,2025-01-23 02:14:26,192.59
16603,16603,Cash,2025-06-06 02:50:54,2332.66
16604,16604,Cash,2025-01-14 13:35:11,1349.4
16605,16605,Credit Card,2025-11-22 02:12:05,1203.04
16606,16606,Bank Transfer,2025-10-16 05:44:59,2949.66
16607,16607,Bank Transfer,2026-04-21 07:58:11,2572.65
16608,16608,PayPal,2025-06-22 22:32:47,481.34
16609,16609,Cash,2024-08-15 02:32:55,3303.76
16610,16610,Bank Transfer,2024-09-26 05:04:49,2401.51
16611,16611,Credit Card,2025-12-08 11:17:32,821.67
16612,16612,Credit Card,2026-02-11 07:46:49,1449.07
16613,16613,Bank Transfer,2024-08-26 01:27:04,484.79
16614,16614,Cash,2025-02-12 07:17:28,1361.67
16615,16615,Credit Card,2024-08-20 01:03:54,846.02
16616,16616,PayPal,2026-02-21 09:09:58,3899.43
16617,16617,Cash,2025-01-15 23:51:38,593.7
16618,16618,PayPal,2025-03-17 23:17:34,3775.24
16619,16619,Cash,2026-03-10 18:35:24,601.33
16620,16620,Cash,2025-05-14 15:10:57,719.04
16621,16621,Credit Card,2026-07-08 16:46:26,271.34
16622,16622,Bank Transfer,2026-06-05 20:42:46,552.88
16623,16623,Bank Transfer,2025-10-19 10:39:29,3974.67
16624,16624,Credit Card,2025-06-11 20:01:50,3747.75
16625,16625,Credit Card,2025-05-26 11:17:58,84.98
16626,16626,Bank Transfer,2025-05-18 11:20:44,2392.81
16627,16627,Credit Card,2024-11-10 06:38:57,336.76
16628,16628,Credit Card,2026-04-24 05:49:24,2363.87
16629,16629,Cash,2024-09-13 14:02:01,1642.46
16630,16630,Cash,2025-05-20 08:13:00,1480.81
16631,16631,Credit Card,2024-09-05 10:23:51,586.77
16632,16632,PayPal,2026-01-23 11:08:49,3226.3
16633,16633,PayPal,2025-09-13 21:21:31,1560.04
16634,16634,PayPal,2026-04-11 17:29:45,3375.79
16635,16635,Credit Card,2025-09-17 21:41:35,1996.62
16636,16636,PayPal,2025-07-14 17:37:14,1155.11
16637,16637,Bank Transfer,2026-06-26 09:41:07,3106.04
16638,16638,Cash,2025-09-22 08:39:01,3251.43
16639,16639,PayPal,2026-05-12 03:07:51,3209.24
16640,16640,Credit Card,2024-09-23 21:18:57,129.44
16641,16641,Cash,2025-12-18 13:32:29,1748.98
16642,16642,Cash,2024-11-03 09:45:40,3392.14
16643,16643,Bank Transfer,2025-11-23 18:28:44,1670.0
16644,16644,Cash,2026-07-31 14:38:22,409.21
16645,16645,Cash,2025-02-02 18:52:30,1319.12
16646,16646,PayPal,2025-08-07 08:34:25,567.84
16647,16647,Cash,2024-09-17 09:19:46,3492.54
16648,16648,Bank Transfer,2025-07-22 03:57:37,468.21
16649,16649,PayPal,2025-03-08 18:46:10,2341.27
16650,16650,Bank Transfer,2024-08-31 15:07:18,412.98
16651,16651,Bank Transfer,2025-08-15 16:04:33,2571.79
16652,16652,PayPal,2026-01-28 14:22:57,959.44
16653,16653,Credit Card,2025-02-01 06:50:56,2765.11
16654,16654,Credit Card,2025-04-13 17:57:14,1454.58
16655,16655,Bank Transfer,2025-07-10 11:54:08,1873.18
16656,16656,PayPal,2025-12-25 03:39:46,233.54
16657,16657,PayPal,2025-08-10 19:09:11,1057.17
16658,16658,Cash,2026-03-02 02:41:33,3402.37
16659,16659,Credit Card,2026-02-19 07:07:43,1035.84
16660,16660,Credit Card,2026-04-11 10:26:23,2238.77
16661,16661,PayPal,2025-10-16 10:23:08,1469.88
16662,16662,Credit Card,2026-06-07 05:37:30,877.19
16663,16663,Credit Card,2026-03-31 01:14:28,1199.43
16664,16664,Cash,2025-05-21 13:54:08,2226.38
16665,16665,Bank Transfer,2025-06-07 02:20:28,827.21
16666,16666,PayPal,2025-05-03 01:36:22,2687.11
16667,16667,PayPal,2025-11-30 23:29:04,917.02
16668,16668,Cash,2026-04-18 22:08:21,1976.86
16669,16669,PayPal,2025-02-02 05:21:42,3714.96
16670,16670,Cash,2025-02-16 06:25:12,3109.2
16671,16671,Cash,2026-07-13 22:54:56,3915.06
16672,16672,Cash,2024-09-22 09:41:39,4640.03
16673,16673,PayPal,2025-07-10 16:02:32,2445.06
16674,16674,PayPal,2025-08-06 00:03:07,4508.49
16675,16675,Bank Transfer,2025-12-29 23:26:33,500.37
16676,16676,PayPal,2026-08-03 03:52:46,1334.44
16677,16677,PayPal,2026-03-31 01:11:22,2020.87
16678,16678,PayPal,2026-05-10 07:55:58,1923.85
16679,16679,Bank Transfer,2026-06-01 22:06:29,3934.23
16680,16680,PayPal,2025-03-27 14:55:41,1879.08
16681,16681,Cash,2025-01-10 23:33:39,1469.69
16682,16682,Credit Card,2024-09-22 20:07:05,2178.49
16683,16683,Bank Transfer,2024-09-14 03:47:29,2765.0
16684,16684,Cash,2025-10-28 04:54:09,1488.31
16685,16685,Credit Card,2024-09-21 03:36:10,1095.85
16686,16686,Bank Transfer,2024-12-10 13:14:28,4148.66
16687,16687,Bank Transfer,2026-06-05 10:04:08,3111.77
16688,16688,Bank Transfer,2024-09-11 16:52:46,908.24
16689,16689,Credit Card,2025-04-27 19:22:54,793.85
16690,16690,Cash,2026-02-20 17:11:35,2520.33
16691,16691,Cash,2025-09-07 13:57:42,93.43
16692,16692,Credit Card,2025-08-13 04:20:48,2287.96
16693,16693,PayPal,2024-10-07 17:14:07,1743.04
16694,16694,PayPal,2024-08-30 07:26:17,622.45
16695,16695,Credit Card,2025-07-02 07:35:44,681.22
16696,16696,PayPal,2026-01-19 03:45:44,1829.91
16697,16697,Cash,2024-12-13 14:33:31,275.86
16698,16698,PayPal,2026-01-21 01:23:49,2300.64
16699,16699,Credit Card,2025-08-08 16:49:16,1626.11
16700,16700,Credit Card,2025-01-16 11:05:02,2610.26
16701,16701,Cash,2025-09-23 05:53:41,1175.4
16702,16702,Cash,2025-11-15 00:43:08,2782.05
16703,16703,Bank Transfer,2026-06-05 11:16:22,3058.56
16704,16704,Cash,2025-03-17 13:32:49,499.23
16705,16705,Cash,2026-07-18 18:47:01,348.92
16706,16706,Credit Card,2024-10-26 18:02:52,3081.11
16707,16707,Cash,2026-05-18 23:03:31,285.2
16708,16708,Credit Card,2026-04-20 21:16:59,241.01
16709,16709,PayPal,2025-07-06 08:49:58,154.59
16710,16710,PayPal,2025-09-26 19:24:08,3914.3
16711,16711,Bank Transfer,2025-12-04 04:36:33,2473.01
16712,16712,Bank Transfer,2026-05-12 13:23:49,1199.94
16713,16713,PayPal,2025-09-04 11:13:05,1451.53
16714,16714,PayPal,2026-02-25 19:54:25,2125.38
16715,16715,PayPal,2024-08-20 13:29:00,3516.58
16716,16716,Bank Transfer,2024-12-20 12:47:43,4726.86
16717,16717,Cash,2026-04-18 23:16:08,333.54
16718,16718,PayPal,2026-05-02 21:06:11,844.42
16719,16719,Bank Transfer,2024-08-30 03:16:53,1870.64
16720,16720,Bank Transfer,2026-03-11 19:22:46,2366.55
16721,16721,Bank Transfer,2025-09-14 09:23:22,1994.72
16722,16722,PayPal,2025-07-18 06:51:06,5.28
16723,16723,Credit Card,2024-11-06 01:17:27,967.96
16724,16724,PayPal,2026-05-05 01:26:57,3365.52
16725,16725,PayPal,2026-07-25 00:10:52,78.1
16726,16726,Cash,2025-07-24 18:03:28,366.22
16727,16727,Bank Transfer,2024-09-09 21:33:42,958.6
16728,16728,Bank Transfer,2025-09-21 12:31:26,1007.91
16729,16729,Cash,2025-08-06 05:55:33,2567.95
16730,16730,Credit Card,2026-01-21 14:50:20,754.84
16731,16731,Cash,2025-06-03 16:34:34,874.68
16732,16732,Credit Card,2025-06-07 20:35:58,1258.08
16733,16733,Credit Card,2026-01-28 22:00:55,544.15
16734,16734,Credit Card,2025-11-09 23:27:06,1607.94
16735,16735,Credit Card,2025-04-18 22:37:43,1660.54
16736,16736,Bank Transfer,2025-10-06 08:33:28,1069.92
16737,16737,PayPal,2025-01-16 18:51:12,310.71
16738,16738,Credit Card,2026-05-05 17:46:38,1367.06
16739,16739,PayPal,2026-01-21 21:49:34,899.88
16740,16740,Credit Card,2025-06-01 22:56:59,3048.34
16741,16741,PayPal,2024-10-24 17:40:04,3027.59
16742,16742,PayPal,2026-02-09 00:15:12,462.66
16743,16743,Credit Card,2025-09-21 04:07:33,1501.05
16744,16744,PayPal,2026-07-03 17:28:10,2193.48
16745,16745,Credit Card,2024-12-02 18:57:57,708.26
16746,16746,Cash,2025-12-02 00:41:15,1400.44
16747,16747,Bank Transfer,2026-07-17 03:17:46,1571.52
16748,16748,PayPal,2026-03-03 01:13:22,561.85
16749,16749,PayPal,2025-02-05 08:26:26,1536.64
16750,16750,Cash,2025-06-14 20:24:50,2679.36
16751,16751,Credit Card,2025-07-21 21:08:40,2224.94
16752,16752,Credit Card,2025-10-30 18:08:02,2720.93
16753,16753,Bank Transfer,2024-11-05 13:48:33,558.52
16754,16754,Cash,2024-11-08 02:15:25,2147.89
16755,16755,Credit Card,2026-01-13 15:21:50,854.68
16756,16756,PayPal,2025-12-11 22:25:47,1730.86
16757,16757,Bank Transfer,2024-08-24 01:37:07,664.9
16758,16758,PayPal,2025-05-17 04:56:40,477.9
16759,16759,Bank Transfer,2026-07-14 20:06:56,2748.81
16760,16760,Credit Card,2025-01-03 08:31:50,776.18
16761,16761,Bank Transfer,2025-02-10 19:03:28,2051.63
16762,16762,Credit Card,2026-02-05 10:07:18,2720.05
16763,16763,PayPal,2024-10-25 02:30:40,3436.52
16764,16764,Bank Transfer,2025-01-25 17:05:48,4154.38
16765,16765,Bank Transfer,2026-01-06 07:56:36,420.73
16766,16766,Credit Card,2025-08-17 22:39:40,2867.88
16767,16767,Credit Card,2025-09-12 13:21:19,642.08
16768,16768,Bank Transfer,2026-01-14 06:05:30,2533.67
16769,16769,PayPal,2025-05-01 03:50:38,2617.71
16770,16770,Bank Transfer,2026-04-04 22:40:05,3655.05
16771,16771,Bank Transfer,2026-06-13 20:17:16,3054.04
16772,16772,PayPal,2026-06-17 04:38:23,937.15
16773,16773,Bank Transfer,2024-11-14 05:27:58,3382.43
16774,16774,Cash,2025-12-28 11:47:10,3140.77
16775,16775,PayPal,2026-04-07 08:49:53,2143.64
16776,16776,Credit Card,2025-03-11 10:11:18,734.86
16777,16777,PayPal,2024-11-23 11:04:20,168.38
16778,16778,Cash,2026-05-22 23:15:11,982.81
16779,16779,Cash,2025-06-04 11:56:45,3104.21
16780,16780,PayPal,2025-07-21 06:49:58,1062.4
16781,16781,Bank Transfer,2024-09-08 12:17:05,705.69
16782,16782,PayPal,2025-04-05 07:40:49,78.1
16783,16783,Bank Transfer,2025-10-02 19:10:10,2057.3
16784,16784,Cash,2024-11-28 08:11:24,3162.35
16785,16785,PayPal,2025-09-28 16:12:50,4419.15
16786,16786,PayPal,2024-12-28 09:03:47,788.28
16787,16787,Credit Card,2025-08-18 16:30:25,618.51
16788,16788,Cash,2025-11-03 18:08:55,2906.78
16789,16789,PayPal,2024-11-02 18:58:17,916.41
16790,16790,Credit Card,2025-11-15 03:02:30,4467.95
16791,16791,Credit Card,2026-04-14 18:47:54,1615.52
16792,16792,Cash,2024-08-12 14:16:04,678.4
16793,16793,PayPal,2026-08-02 08:41:58,1494.98
16794,16794,Credit Card,2025-05-05 23:02:56,462.02
16795,16795,Bank Transfer,2026-03-21 09:29:45,606.87
16796,16796,Cash,2026-01-20 05:28:52,1969.8
16797,16797,Credit Card,2024-10-30 10:13:33,1850.23
16798,16798,Bank Transfer,2024-11-08 09:19:49,1706.4
16799,16799,PayPal,2025-08-19 19:14:24,2068.66
16800,16800,Credit Card,2024-09-18 12:24:58,2880.38
16801,16801,Credit Card,2025-05-27 01:57:39,1111.83
16802,16802,PayPal,2025-04-05 07:35:24,2360.23
16803,16803,PayPal,2025-05-26 07:06:24,2539.56
16804,16804,PayPal,2026-05-07 05:13:00,840.61
16805,16805,Bank Transfer,2025-11-15 12:32:50,153.66
16806,16806,Cash,2026-06-11 07:04:49,2244.58
16807,16807,PayPal,2025-01-22 13:37:02,2349.82
16808,16808,Cash,2026-07-03 05:43:22,1997.8
16809,16809,Bank Transfer,2026-04-27 06:32:39,2485.4
16810,16810,Credit Card,2024-11-29 19:57:38,4805.07
16811,16811,Credit Card,2026-02-06 01:35:03,1597.86
16812,16812,PayPal,2025-07-19 22:04:01,900.62
16813,16813,Cash,2026-02-06 07:15:54,1353.05
16814,16814,Bank Transfer,2026-01-06 00:21:01,195.67
16815,16815,Credit Card,2025-01-10 12:09:39,486.17
16816,16816,Credit Card,2025-08-30 16:03:21,173.42
16817,16817,Bank Transfer,2025-11-13 11:47:29,1928.39
16818,16818,Bank Transfer,2024-10-06 16:25:41,1414.5
16819,16819,Cash,2024-11-20 03:10:25,482.05
16820,16820,PayPal,2025-07-20 23:24:33,980.07
16821,16821,Cash,2026-02-24 19:05:59,1206.8
16822,16822,PayPal,2026-06-06 19:38:31,284.0
16823,16823,PayPal,2025-10-30 18:40:31,481.59
16824,16824,Bank Transfer,2024-12-24 21:02:05,1816.25
16825,16825,Credit Card,2025-08-16 03:39:08,10.56
16826,16826,Bank Transfer,2026-04-01 20:40:31,2544.88
16827,16827,Cash,2024-11-05 09:40:49,2449.78
16828,16828,Credit Card,2024-08-22 19:04:43,2369.04
16829,16829,Cash,2025-10-03 06:34:03,2326.16
16830,16830,Bank Transfer,2025-04-07 11:07:31,3685.11
16831,16831,Cash,2026-07-20 04:58:59,123.12
16832,16832,Cash,2025-04-13 06:47:32,818.9
16833,16833,Credit Card,2025-07-23 19:18:11,1218.15
16834,16834,Bank Transfer,2025-02-16 07:32:53,1191.47
16835,16835,PayPal,2024-11-14 02:49:34,4207.53
16836,16836,Cash,2025-04-17 09:31:01,2240.31
16837,16837,Bank Transfer,2025-08-07 08:15:10,4610.82
16838,16838,Credit Card,2025-09-28 09:42:28,2111.53
16839,16839,Cash,2026-01-01 08:45:07,1672.32
16840,16840,Credit Card,2025-08-13 04:51:47,63.62
16841,16841,Cash,2025-07-12 10:39:09,1356.02
16842,16842,Cash,2025-03-25 08:54:51,2231.44
16843,16843,PayPal,2024-11-12 06:55:30,360.61
16844,16844,Credit Card,2025-07-26 13:21:21,2394.85
16845,16845,Cash,2025-10-30 02:29:39,957.24
16846,16846,Credit Card,2024-09-30 21:26:07,1694.6
16847,16847,PayPal,2025-08-17 20:53:10,2479.08
16848,16848,PayPal,2026-03-26 08:01:17,1678.87
16849,16849,Bank Transfer,2024-11-03 12:31:24,5063.32
16850,16850,Bank Transfer,2025-05-16 02:21:55,869.97
16851,16851,Cash,2024-12-27 14:12:36,2299.89
16852,16852,Cash,2026-04-16 03:56:15,774.6
16853,16853,Credit Card,2024-11-24 13:06:57,1463.93
16854,16854,Bank Transfer,2025-11-26 05:58:15,2335.12
16855,16855,PayPal,2026-01-04 22:00:08,1752.96
16856,16856,Cash,2026-05-08 17:46:24,4572.53
16857,16857,Credit Card,2026-04-29 21:31:10,1149.74
16858,16858,Credit Card,2026-05-31 04:47:14,3501.65
16859,16859,Credit Card,2026-07-14 14:35:46,3892.11
16860,16860,Credit Card,2026-01-27 14:46:39,1058.42
16861,16861,Cash,2025-01-12 19:02:53,4068.74
16862,16862,PayPal,2025-05-11 10:23:57,2124.06
16863,16863,Cash,2025-08-10 21:33:54,3912.2
16864,16864,Bank Transfer,2024-11-20 06:53:19,1722.77
16865,16865,PayPal,2025-02-09 09:10:00,84.98
16866,16866,Bank Transfer,2025-05-13 16:37:13,763.86
16867,16867,Credit Card,2024-09-28 03:30:16,2246.26
16868,16868,Credit Card,2026-02-04 23:24:58,1437.4
16869,16869,Bank Transfer,2024-11-20 14:12:07,3883.9
16870,16870,Credit Card,2026-05-20 17:33:31,742.0
16871,16871,PayPal,2024-12-03 18:51:19,1918.73
16872,16872,Bank Transfer,2026-01-17 14:17:31,1476.76
16873,16873,PayPal,2025-03-16 00:07:50,1276.79
16874,16874,Cash,2026-07-16 12:29:35,1349.54
16875,16875,Bank Transfer,2024-11-28 07:08:46,478.82
16876,16876,Bank Transfer,2024-08-28 10:55:57,2384.42
16877,16877,PayPal,2024-09-05 04:13:36,686.81
16878,16878,PayPal,2025-10-02 07:17:52,1686.6
16879,16879,Cash,2024-10-16 17:30:39,1196.65
16880,16880,Bank Transfer,2026-01-14 01:24:37,3023.93
16881,16881,Cash,2024-08-23 15:31:47,1848.79
16882,16882,Credit Card,2026-03-29 09:07:38,342.0
16883,16883,Bank Transfer,2026-02-08 19:21:23,2529.11
16884,16884,Credit Card,2026-07-03 11:57:33,3518.97
16885,16885,Cash,2026-05-29 11:50:01,280.29
16886,16886,Cash,2025-06-17 18:04:21,1134.18
16887,16887,Credit Card,2026-05-31 09:20:19,1863.0
16888,16888,Credit Card,2026-03-19 21:31:13,2875.93
16889,16889,Credit Card,2025-03-29 09:01:24,3001.12
16890,16890,PayPal,2024-11-23 14:55:01,389.95
16891,16891,PayPal,2025-09-01 11:20:51,1578.57
16892,16892,Credit Card,2025-03-29 10:25:29,1403.3
16893,16893,Cash,2024-12-19 18:13:03,1907.7
16894,16894,Cash,2026-01-05 18:01:10,2323.08
16895,16895,Cash,2026-04-02 22:14:38,2432.94
16896,16896,Bank Transfer,2024-11-26 03:26:40,854.24
16897,16897,Credit Card,2026-03-04 03:18:07,1971.15
16898,16898,Bank Transfer,2026-04-15 23:50:09,1625.88
16899,16899,Cash,2026-03-06 11:40:26,274.98
16900,16900,Bank Transfer,2026-07-28 13:59:01,659.5
16901,16901,Cash,2024-10-24 01:50:31,204.87
16902,16902,Bank Transfer,2026-06-04 19:30:55,2104.6
16903,16903,Cash,2026-04-27 12:05:26,4222.98
16904,16904,PayPal,2025-07-06 08:34:17,2657.25
16905,16905,PayPal,2025-09-20 22:30:22,165.86
16906,16906,PayPal,2026-05-08 12:25:41,4315.53
16907,16907,Bank Transfer,2025-08-01 12:49:21,2866.99
16908,16908,PayPal,2024-11-30 03:55:45,520.26
16909,16909,Cash,2024-12-11 11:55:59,120.23
16910,16910,Cash,2026-01-05 01:59:04,812.88
16911,16911,Cash,2025-11-30 13:52:54,332.45
16912,16912,Credit Card,2026-05-06 00:12:02,2525.8
16913,16913,Credit Card,2025-07-24 21:46:57,352.98
16914,16914,Credit Card,2026-04-20 00:14:11,1528.27
16915,16915,Bank Transfer,2026-07-29 12:52:27,853.9
16916,16916,Credit Card,2024-11-19 12:17:45,1963.47
16917,16917,Bank Transfer,2026-03-25 16:10:35,309.88
16918,16918,Credit Card,2026-07-09 00:54:20,4163.48
16919,16919,Credit Card,2025-09-24 10:34:13,918.36
16920,16920,Bank Transfer,2025-06-11 07:38:06,3257.84
16921,16921,Bank Transfer,2026-02-03 22:38:18,1806.66
16922,16922,Credit Card,2024-12-28 12:52:32,285.84
16923,16923,Bank Transfer,2026-04-23 20:52:38,1419.72
16924,16924,Credit Card,2025-05-03 15:54:33,2971.87
16925,16925,Cash,2025-09-17 06:23:19,2253.68
16926,16926,Cash,2024-10-27 07:18:34,317.34
16927,16927,Bank Transfer,2025-10-27 21:11:23,670.09
16928,16928,PayPal,2025-09-27 04:22:16,2203.22
16929,16929,Cash,2026-07-26 14:00:43,1595.62
16930,16930,Bank Transfer,2026-07-09 19:16:38,2985.06
16931,16931,Cash,2024-10-28 21:43:00,854.3
16932,16932,Cash,2026-04-07 05:48:20,125.28
16933,16933,Credit Card,2025-04-17 01:42:37,569.52
16934,16934,Credit Card,2024-09-23 21:41:06,1554.03
16935,16935,PayPal,2024-11-26 15:29:33,3627.92
16936,16936,Cash,2025-10-25 09:42:12,450.05
16937,16937,PayPal,2026-03-21 21:50:22,43.92
16938,16938,Cash,2025-04-20 01:47:45,3623.49
16939,16939,PayPal,2026-05-20 15:31:35,2080.93
16940,16940,Bank Transfer,2026-06-28 19:26:37,733.72
16941,16941,PayPal,2025-06-13 22:56:05,2584.98
16942,16942,Cash,2026-08-05 18:22:37,2197.2
16943,16943,Credit Card,2025-01-29 11:45:37,608.12
16944,16944,Credit Card,2024-08-24 14:26:07,1564.6
16945,16945,Credit Card,2025-03-03 10:26:30,2322.7
16946,16946,Credit Card,2024-10-08 02:52:39,30.78
16947,16947,Cash,2026-08-03 12:03:29,1819.87
16948,16948,PayPal,2025-01-05 08:24:51,2615.33
16949,16949,PayPal,2026-05-19 18:47:32,2046.32
16950,16950,PayPal,2025-10-04 12:51:51,2146.03
16951,16951,PayPal,2025-12-15 22:40:51,1960.73
16952,16952,Cash,2025-12-30 22:24:30,206.34
16953,16953,Credit Card,2024-12-28 08:17:32,49.24
16954,16954,Bank Transfer,2025-01-23 20:46:28,1260.59
16955,16955,PayPal,2025-04-07 22:17:56,3594.74
16956,16956,PayPal,2024-08-27 20:32:50,3823.45
16957,16957,PayPal,2024-11-14 01:04:17,2034.63
16958,16958,Bank Transfer,2025-04-28 15:07:13,691.8
16959,16959,Bank Transfer,2026-07-06 14:01:25,157.56
16960,16960,Bank Transfer,2026-05-12 22:17:08,658.77
16961,16961,Credit Card,2025-07-04 04:48:22,1290.0
16962,16962,Cash,2026-04-22 01:31:44,1340.52
16963,16963,PayPal,2024-11-09 02:51:11,1790.43
16964,16964,Bank Transfer,2026-05-21 01:13:24,898.67
16965,16965,Credit Card,2024-09-11 02:48:04,2731.06
16966,16966,PayPal,2025-09-04 16:31:17,1254.51
16967,16967,Cash,2026-07-05 04:22:58,1313.29
16968,16968,Bank Transfer,2026-01-19 17:58:37,931.5
16969,16969,PayPal,2024-12-24 18:09:15,3482.87
16970,16970,PayPal,2024-12-14 04:17:18,2799.92
16971,16971,Credit Card,2025-07-07 05:01:15,4074.02
16972,16972,Bank Transfer,2025-12-07 10:49:30,301.8
16973,16973,Cash,2024-11-21 14:57:42,1988.44
16974,16974,Bank Transfer,2026-01-02 06:31:20,2653.34
16975,16975,Credit Card,2025-03-04 19:32:55,1518.95
16976,16976,Credit Card,2026-02-11 13:30:40,705.0
16977,16977,Bank Transfer,2025-08-13 16:01:56,1114.79
16978,16978,Credit Card,2025-01-22 15:29:09,236.66
16979,16979,PayPal,2024-10-27 21:56:20,1713.8
16980,16980,Bank Transfer,2025-02-23 01:16:56,1331.12
16981,16981,PayPal,2025-07-02 08:46:15,486.18
16982,16982,Credit Card,2025-06-04 01:42:18,1113.04
16983,16983,Cash,2024-09-10 06:35:17,681.11
16984,16984,Cash,2026-04-25 22:21:08,2016.79
16985,16985,Bank Transfer,2026-01-22 06:30:27,2750.91
16986,16986,Credit Card,2025-08-14 15:59:10,3222.6
16987,16987,PayPal,2024-11-10 19:31:18,2419.34
16988,16988,PayPal,2026-02-16 00:47:47,1051.68
16989,16989,PayPal,2025-05-05 12:50:07,2828.58
16990,16990,PayPal,2025-01-17 04:41:45,2152.23
16991,16991,PayPal,2026-02-22 14:46:53,420.73
16992,16992,PayPal,2025-11-11 02:19:46,1443.69
16993,16993,PayPal,2025-06-01 13:24:27,278.26
16994,16994,Bank Transfer,2025-07-07 23:52:07,2048.16
16995,16995,Credit Card,2025-08-23 19:00:38,1913.4
16996,16996,Credit Card,2025-11-22 17:23:32,1661.52
16997,16997,Bank Transfer,2025-06-14 09:12:52,1895.39
16998,16998,Credit Card,2024-10-11 17:23:35,2730.11
16999,16999,Credit Card,2025-07-18 09:29:21,3226.28
17000,17000,Credit Card,2024-10-28 06:39:19,2291.5
17001,17001,Credit Card,2026-01-20 07:33:59,977.32
17002,17002,PayPal,2025-05-29 13:45:14,1102.35
17003,17003,Bank Transfer,2026-03-21 05:13:11,1503.14
17004,17004,Bank Transfer,2025-08-22 18:53:52,3203.61
17005,17005,Bank Transfer,2025-07-07 22:39:01,698.46
17006,17006,Cash,2025-08-03 02:01:29,2461.28
17007,17007,PayPal,2026-08-05 23:35:59,1629.28
17008,17008,Credit Card,2025-10-15 10:02:40,836.55
17009,17009,PayPal,2024-11-14 06:23:09,2171.55
17010,17010,PayPal,2025-09-13 19:29:20,1723.54
17011,17011,Bank Transfer,2025-12-16 10:36:49,3220.08
17012,17012,Bank Transfer,2024-08-14 09:28:59,2780.05
17013,17013,Credit Card,2026-04-01 02:14:20,574.71
17014,17014,Bank Transfer,2025-10-25 11:30:48,1720.98
17015,17015,Cash,2025-07-17 23:01:24,742.36
17016,17016,Bank Transfer,2025-02-19 04:53:41,2438.97
17017,17017,PayPal,2025-06-27 00:11:04,1338.63
17018,17018,Cash,2026-05-07 06:10:24,1440.77
17019,17019,PayPal,2026-05-21 00:38:04,1568.4
17020,17020,PayPal,2025-06-15 03:14:17,118.38
17021,17021,Cash,2025-05-03 16:37:41,596.0
17022,17022,PayPal,2025-06-25 03:24:29,2636.33
17023,17023,PayPal,2026-02-04 12:52:17,438.6
17024,17024,Bank Transfer,2025-09-02 08:45:25,1321.69
17025,17025,Bank Transfer,2026-05-06 21:15:21,6119.79
17026,17026,Bank Transfer,2025-02-03 07:07:48,1719.79
17027,17027,PayPal,2026-07-02 14:05:38,2154.21
17028,17028,PayPal,2026-01-18 15:57:16,2357.24
17029,17029,Bank Transfer,2025-11-29 21:14:24,127.24
17030,17030,PayPal,2024-08-06 18:23:08,1898.15
17031,17031,Credit Card,2026-06-19 15:46:00,1734.24
17032,17032,Bank Transfer,2025-01-17 22:55:42,1278.48
17033,17033,Bank Transfer,2026-07-10 08:48:34,3320.17
17034,17034,Credit Card,2025-09-19 05:04:15,493.72
17035,17035,Credit Card,2025-10-13 11:35:57,2997.31
17036,17036,PayPal,2025-10-27 13:19:16,2180.25
17037,17037,Credit Card,2025-06-24 04:10:15,1257.36
17038,17038,Cash,2026-02-09 19:21:58,369.19
17039,17039,Credit Card,2024-11-15 19:41:55,915.9
17040,17040,PayPal,2025-01-23 23:03:52,1502.27
17041,17041,Cash,2025-07-26 05:06:57,2477.24
17042,17042,Bank Transfer,2025-05-20 07:03:59,1419.53
17043,17043,Credit Card,2024-09-03 09:10:40,2036.11
17044,17044,Cash,2025-11-21 15:39:33,517.53
17045,17045,Cash,2025-05-13 18:56:54,482.02
17046,17046,PayPal,2025-03-03 05:12:27,1840.02
17047,17047,Cash,2026-03-17 12:26:14,1412.91
17048,17048,Credit Card,2026-01-24 13:21:29,1145.38
17049,17049,Credit Card,2025-10-30 00:19:59,1640.94
17050,17050,Bank Transfer,2025-06-22 21:49:04,1119.32
17051,17051,PayPal,2025-09-14 06:40:39,1953.98
17052,17052,PayPal,2026-05-02 14:29:11,2723.8
17053,17053,Credit Card,2024-09-01 05:28:04,1544.18
17054,17054,Cash,2025-06-11 16:05:16,1578.72
17055,17055,Cash,2024-11-27 13:13:50,2200.74
17056,17056,Credit Card,2024-11-19 22:17:11,2679.96
17057,17057,Cash,2025-08-22 02:49:43,933.54
17058,17058,Cash,2024-08-21 05:29:20,953.29
17059,17059,Bank Transfer,2025-12-20 11:34:02,341.36
17060,17060,PayPal,2025-08-24 19:07:31,2006.73
17061,17061,Credit Card,2025-08-05 08:27:59,594.16
17062,17062,Cash,2025-10-23 10:40:53,330.76
17063,17063,Cash,2025-09-15 03:24:30,3063.12
17064,17064,PayPal,2026-03-16 05:29:35,1950.88
17065,17065,PayPal,2026-04-25 01:01:53,2751.67
17066,17066,Bank Transfer,2026-07-31 01:56:24,2192.04
17067,17067,PayPal,2024-10-06 09:48:58,4430.78
17068,17068,Bank Transfer,2025-10-25 11:42:54,587.14
17069,17069,PayPal,2026-06-13 14:11:33,2900.17
17070,17070,Credit Card,2024-12-03 06:58:00,1583.98
17071,17071,Bank Transfer,2026-03-05 17:10:44,1289.22
17072,17072,Bank Transfer,2025-05-28 14:50:18,2104.3
17073,17073,PayPal,2024-10-02 02:48:23,578.49
17074,17074,PayPal,2026-05-05 23:54:14,2138.3
17075,17075,Cash,2024-12-11 02:33:25,2048.06
17076,17076,Bank Transfer,2026-01-26 00:08:10,602.61
17077,17077,PayPal,2024-10-13 22:29:03,1344.8
17078,17078,Bank Transfer,2025-08-09 04:21:44,3596.05
17079,17079,Cash,2025-01-03 14:25:24,570.58
17080,17080,Credit Card,2026-05-20 05:37:26,137.08
17081,17081,PayPal,2025-08-28 16:51:57,3244.83
17082,17082,Credit Card,2025-02-19 16:15:00,908.16
17083,17083,Credit Card,2025-08-12 04:43:34,1115.49
17084,17084,PayPal,2026-05-01 16:45:55,1716.83
17085,17085,Cash,2026-04-25 04:55:44,1807.96
17086,17086,Cash,2024-09-16 05:47:55,1823.2
17087,17087,Credit Card,2024-08-28 13:24:34,3419.72
17088,17088,PayPal,2026-05-03 20:05:37,1992.96
17089,17089,PayPal,2024-12-31 11:25:29,2443.63
17090,17090,Credit Card,2024-08-29 03:00:11,4386.98
17091,17091,Bank Transfer,2024-08-22 04:21:26,1863.4
17092,17092,Bank Transfer,2025-01-01 12:20:51,2702.32
17093,17093,Cash,2025-07-07 03:51:53,3277.97
17094,17094,PayPal,2025-04-15 16:14:03,1423.6
17095,17095,Cash,2025-11-16 02:47:47,2385.92
17096,17096,PayPal,2025-08-06 07:15:58,513.6
17097,17097,Credit Card,2025-11-16 10:00:11,1029.22
17098,17098,Cash,2025-06-11 13:39:25,266.83
17099,17099,PayPal,2025-06-03 13:48:47,1956.4
17100,17100,PayPal,2025-02-07 05:06:18,2000.26
17101,17101,Credit Card,2025-06-25 12:54:07,306.52
17102,17102,Bank Transfer,2026-01-30 10:20:33,819.99
17103,17103,Cash,2026-01-27 16:13:33,1741.92
17104,17104,Bank Transfer,2024-11-05 03:35:39,2822.41
17105,17105,Cash,2025-11-10 11:17:09,385.66
17106,17106,Bank Transfer,2025-03-13 05:29:10,337.84
17107,17107,Bank Transfer,2026-02-02 23:10:11,2035.21
17108,17108,Bank Transfer,2026-02-15 11:12:11,3009.02
17109,17109,PayPal,2025-10-20 04:51:00,1463.68
17110,17110,Credit Card,2025-01-14 10:34:40,2434.29
17111,17111,Credit Card,2025-03-31 11:49:08,4511.45
17112,17112,Cash,2025-09-11 22:57:56,1853.28
17113,17113,PayPal,2026-01-30 09:50:48,2337.33
17114,17114,Cash,2024-12-28 18:53:12,1032.42
17115,17115,Credit Card,2025-12-12 18:47:49,1492.69
17116,17116,PayPal,2026-06-11 11:42:23,3847.95
17117,17117,Bank Transfer,2026-06-01 03:39:32,2064.75
17118,17118,Bank Transfer,2025-06-16 09:27:50,2161.28
17119,17119,PayPal,2024-12-12 15:54:51,1347.57
17120,17120,Cash,2025-03-13 13:18:36,2031.28
17121,17121,Cash,2024-12-18 05:37:07,3226.38
17122,17122,PayPal,2025-02-20 04:25:54,1769.16
17123,17123,Bank Transfer,2025-12-24 00:32:30,3280.98
17124,17124,Credit Card,2025-10-24 20:44:18,1045.5
17125,17125,Cash,2025-02-07 23:40:30,2713.7
17126,17126,Cash,2026-07-18 19:34:02,3834.56
17127,17127,Cash,2025-09-22 08:25:47,2435.79
17128,17128,Bank Transfer,2024-10-05 03:07:35,1029.69
17129,17129,Credit Card,2025-06-26 06:34:47,2089.34
17130,17130,Bank Transfer,2024-11-03 11:26:47,2716.57
17131,17131,Cash,2025-10-04 11:21:07,4117.16
17132,17132,Bank Transfer,2025-11-28 04:09:03,1994.72
17133,17133,Bank Transfer,2026-06-17 04:53:40,1202.63
17134,17134,PayPal,2026-02-07 09:01:47,2624.27
17135,17135,PayPal,2025-11-29 03:30:27,246.34
17136,17136,PayPal,2026-07-27 12:26:26,123.4
17137,17137,PayPal,2024-09-14 06:04:44,505.68
17138,17138,Bank Transfer,2026-06-21 04:29:42,36.7
17139,17139,Bank Transfer,2025-05-04 06:14:20,3145.38
17140,17140,Credit Card,2026-08-05 00:26:53,5486.21
17141,17141,Bank Transfer,2026-07-26 02:37:47,5909.26
17142,17142,Credit Card,2026-04-24 19:15:05,2947.16
17143,17143,PayPal,2025-08-05 01:57:44,2376.46
17144,17144,Bank Transfer,2026-03-02 11:52:23,118.33
17145,17145,Bank Transfer,2026-02-14 08:43:17,655.67
17146,17146,Bank Transfer,2026-07-12 08:52:59,3958.36
17147,17147,Bank Transfer,2025-03-07 11:43:41,1683.34
17148,17148,Cash,2025-07-25 04:15:11,446.33
17149,17149,PayPal,2025-02-17 00:28:58,2359.72
17150,17150,Credit Card,2025-04-30 10:26:30,1229.61
17151,17151,PayPal,2026-07-12 21:51:39,160.5
17152,17152,Cash,2026-05-30 05:09:15,2099.98
17153,17153,PayPal,2025-01-02 09:00:01,2124.56
17154,17154,Cash,2025-01-31 21:20:50,1329.8
17155,17155,Credit Card,2025-12-24 00:44:50,1256.49
17156,17156,Cash,2024-09-20 19:22:22,1822.16
17157,17157,Credit Card,2026-06-16 05:12:10,2984.63
17158,17158,Cash,2025-02-27 05:13:26,1206.92
17159,17159,PayPal,2025-10-17 00:31:49,3630.48
17160,17160,PayPal,2024-08-15 03:47:56,975.4
17161,17161,Credit Card,2025-04-09 17:45:14,3772.25
17162,17162,Bank Transfer,2026-06-27 15:25:01,200.19
17163,17163,Bank Transfer,2025-03-15 05:47:39,2272.93
17164,17164,Credit Card,2024-12-19 05:01:09,2784.66
17165,17165,Credit Card,2024-08-08 19:38:14,288.62
17166,17166,Bank Transfer,2025-02-10 21:47:35,3824.02
17167,17167,Cash,2025-05-22 15:39:07,3790.13
17168,17168,Credit Card,2024-11-17 05:04:33,669.26
17169,17169,Bank Transfer,2026-02-21 21:29:52,934.16
17170,17170,PayPal,2025-08-14 13:51:29,834.78
17171,17171,PayPal,2024-11-18 06:57:59,2715.3
17172,17172,Credit Card,2024-08-16 07:49:24,3659.07
17173,17173,Bank Transfer,2024-11-01 16:22:28,168.92
17174,17174,Cash,2026-05-11 21:57:58,653.64
17175,17175,Bank Transfer,2025-02-22 01:13:19,2717.15
17176,17176,Bank Transfer,2025-01-01 04:28:22,2277.19
17177,17177,Cash,2024-09-09 00:42:35,3350.36
17178,17178,Credit Card,2026-01-13 18:41:23,2276.42
17179,17179,Bank Transfer,2025-04-20 21:26:08,1430.74
17180,17180,Credit Card,2025-01-30 22:19:13,3019.22
17181,17181,PayPal,2026-01-25 04:14:05,1798.88
17182,17182,PayPal,2026-06-03 20:34:25,2526.11
17183,17183,PayPal,2026-07-21 11:29:33,103.57
17184,17184,Credit Card,2025-03-26 07:44:51,1386.49
17185,17185,Cash,2025-12-03 07:27:43,3223.26
17186,17186,Credit Card,2024-10-01 15:02:27,1573.13
17187,17187,Credit Card,2026-04-27 05:15:09,3189.19
17188,17188,Credit Card,2025-01-25 05:16:02,148.46
17189,17189,Cash,2025-06-19 21:15:28,899.24
17190,17190,Credit Card,2024-11-03 20:32:02,1965.8
17191,17191,PayPal,2025-07-21 12:04:41,399.79
17192,17192,PayPal,2026-03-23 07:59:03,2659.81
17193,17193,Credit Card,2026-01-02 19:23:54,86.7
17194,17194,Credit Card,2024-10-08 16:36:00,4237.61
17195,17195,Credit Card,2026-06-09 02:13:47,878.26
17196,17196,PayPal,2024-12-14 08:17:46,1071.0
17197,17197,PayPal,2026-03-18 04:18:51,2415.3
17198,17198,Cash,2024-12-25 16:15:58,1478.2
17199,17199,Credit Card,2025-05-23 05:09:15,1793.5
17200,17200,Bank Transfer,2025-06-21 14:39:17,976.85
17201,17201,Credit Card,2026-01-16 19:10:46,1667.43
17202,17202,Credit Card,2025-07-25 12:40:58,3494.31
17203,17203,Cash,2026-04-12 14:51:46,2627.46
17204,17204,Cash,2025-06-04 05:40:24,249.72
17205,17205,PayPal,2026-01-12 10:09:47,624.28
17206,17206,PayPal,2026-02-17 03:38:43,1000.74
17207,17207,Cash,2025-09-11 02:56:26,2075.2
17208,17208,Bank Transfer,2026-01-07 09:31:19,2307.17
17209,17209,PayPal,2025-09-17 00:51:50,1392.4
17210,17210,Cash,2025-11-08 20:37:29,1956.91
17211,17211,Credit Card,2026-01-14 06:48:13,2233.46
17212,17212,Bank Transfer,2026-03-21 07:44:26,1746.59
17213,17213,Credit Card,2025-06-27 20:52:35,2916.22
17214,17214,Credit Card,2026-05-16 13:05:35,1636.44
17215,17215,PayPal,2026-06-12 03:02:04,4113.19
17216,17216,Bank Transfer,2025-03-08 01:21:49,939.54
17217,17217,Cash,2025-05-20 14:04:53,1277.63
17218,17218,Credit Card,2026-04-02 21:29:04,691.67
17219,17219,Cash,2026-05-13 23:35:10,976.53
17220,17220,Bank Transfer,2026-05-31 15:58:16,1105.5
17221,17221,Bank Transfer,2026-07-05 10:59:25,375.34
17222,17222,Credit Card,2026-02-03 22:34:30,1501.32
17223,17223,Bank Transfer,2024-09-20 06:03:33,3703.81
17224,17224,Bank Transfer,2025-10-29 06:38:57,443.07
17225,17225,Bank Transfer,2025-04-15 06:05:14,439.18
17226,17226,Bank Transfer,2026-07-07 19:15:08,333.76
17227,17227,Bank Transfer,2026-02-19 07:31:53,2409.83
17228,17228,Bank Transfer,2025-07-03 17:55:43,2998.57
17229,17229,Cash,2025-01-02 05:07:07,2808.11
17230,17230,Cash,2025-04-30 09:59:36,173.42
17231,17231,PayPal,2026-05-23 11:41:32,606.21
17232,17232,PayPal,2025-05-30 10:43:47,1276.86
17233,17233,Credit Card,2025-04-05 11:56:43,696.68
17234,17234,Cash,2024-10-17 00:28:05,955.07
17235,17235,PayPal,2026-02-19 21:45:32,2308.95
17236,17236,Bank Transfer,2026-02-01 19:12:03,2356.18
17237,17237,PayPal,2025-07-11 08:10:45,1047.6
17238,17238,PayPal,2026-04-17 11:06:47,1085.29
17239,17239,Bank Transfer,2024-09-24 04:47:32,1738.69
17240,17240,Cash,2026-02-02 06:26:38,2671.83
17241,17241,Cash,2025-11-21 03:39:07,2299.24
17242,17242,PayPal,2026-07-27 08:22:32,719.5
17243,17243,Bank Transfer,2025-08-10 01:45:55,4027.08
17244,17244,Bank Transfer,2026-06-30 10:32:40,5041.93
17245,17245,Cash,2025-08-06 16:09:43,2345.21
17246,17246,Bank Transfer,2025-11-25 03:08:49,17.52
17247,17247,Credit Card,2025-01-26 19:55:16,980.46
17248,17248,PayPal,2024-08-10 01:43:00,1248.54
17249,17249,Cash,2026-05-07 21:57:53,2510.2
17250,17250,Cash,2024-09-08 08:52:36,960.24
17251,17251,Bank Transfer,2024-11-10 05:57:16,1899.88
17252,17252,PayPal,2024-09-25 19:17:17,514.97
17253,17253,Credit Card,2025-07-14 18:13:53,1705.64
17254,17254,Bank Transfer,2024-12-26 21:18:02,993.39
17255,17255,Credit Card,2025-06-22 08:52:19,569.58
17256,17256,PayPal,2024-08-19 21:59:47,4757.78
17257,17257,Cash,2025-07-24 23:25:35,1153.65
17258,17258,Cash,2024-09-15 11:35:54,2234.72
17259,17259,PayPal,2025-06-18 11:42:16,1297.41
17260,17260,PayPal,2024-12-14 19:46:38,581.58
17261,17261,Cash,2025-10-04 23:21:55,946.11
17262,17262,PayPal,2026-04-06 23:39:24,3495.37
17263,17263,Credit Card,2026-02-15 11:45:43,50.69
17264,17264,Credit Card,2025-10-18 06:13:32,2493.75
17265,17265,Bank Transfer,2026-01-08 04:33:17,2887.23
17266,17266,PayPal,2025-10-14 12:36:45,2817.19
17267,17267,PayPal,2026-04-05 11:57:08,1024.08
17268,17268,PayPal,2026-03-28 04:34:01,1805.61
17269,17269,Credit Card,2025-03-06 05:09:31,639.36
17270,17270,Bank Transfer,2026-06-13 06:22:41,595.42
17271,17271,Cash,2025-03-26 03:46:22,3815.71
17272,17272,Cash,2025-01-28 04:04:13,766.39
17273,17273,Cash,2025-05-28 07:08:25,485.05
17274,17274,Bank Transfer,2025-09-29 06:59:00,423.12
17275,17275,Cash,2025-12-27 09:13:10,1129.47
17276,17276,Credit Card,2025-05-27 03:07:19,1560.4
17277,17277,PayPal,2026-06-03 21:19:28,2967.41
17278,17278,Cash,2025-12-11 15:33:24,2995.66
17279,17279,PayPal,2026-07-05 12:28:55,251.34
17280,17280,Credit Card,2025-01-26 10:55:18,2563.22
17281,17281,PayPal,2025-02-17 13:08:33,841.46
17282,17282,Credit Card,2025-08-25 21:32:04,337.48
17283,17283,Cash,2026-06-13 04:33:00,1788.54
17284,17284,Bank Transfer,2026-01-04 17:29:19,2574.82
17285,17285,Bank Transfer,2024-09-02 09:30:02,1313.5
17286,17286,Cash,2024-08-21 13:22:37,1637.97
17287,17287,Cash,2025-02-04 10:05:04,849.54
17288,17288,Bank Transfer,2025-04-29 12:21:11,376.32
17289,17289,PayPal,2024-08-15 14:01:41,1345.44
17290,17290,PayPal,2025-11-05 20:49:53,441.29
17291,17291,Cash,2025-04-03 09:35:21,1170.03
17292,17292,Cash,2026-06-02 05:46:04,284.26
17293,17293,Credit Card,2025-03-11 20:34:05,2081.69
17294,17294,PayPal,2025-09-01 17:06:38,47.9
17295,17295,Credit Card,2025-08-26 21:08:24,1566.73
17296,17296,Credit Card,2026-05-02 18:57:44,4217.82
17297,17297,Credit Card,2024-09-01 15:18:54,1505.96
17298,17298,Credit Card,2025-01-21 16:54:14,2364.64
17299,17299,Credit Card,2025-09-02 00:25:52,1432.9
17300,17300,Bank Transfer,2025-09-30 16:10:08,3146.73
17301,17301,Credit Card,2025-10-16 17:21:00,548.32
17302,17302,Credit Card,2024-11-27 00:18:08,2054.64
17303,17303,Bank Transfer,2024-09-28 20:25:10,1194.83
17304,17304,Bank Transfer,2024-09-22 12:26:25,1240.8
17305,17305,Credit Card,2025-03-21 04:27:42,2719.04
17306,17306,PayPal,2025-12-21 01:58:22,4509.86
17307,17307,Credit Card,2026-07-08 07:11:16,251.34
17308,17308,PayPal,2026-06-09 15:29:50,3153.43
17309,17309,Bank Transfer,2025-02-09 03:46:49,1879.79
17310,17310,PayPal,2024-12-06 21:42:38,3455.7
17311,17311,PayPal,2025-01-12 16:12:58,3383.8
17312,17312,Credit Card,2026-03-10 00:43:19,4232.55
17313,17313,Cash,2025-06-17 07:54:41,840.31
17314,17314,Cash,2025-02-05 03:35:42,938.4
17315,17315,PayPal,2025-07-30 14:50:06,687.57
17316,17316,Credit Card,2026-04-08 07:36:28,981.35
17317,17317,Bank Transfer,2026-07-17 13:31:48,1358.7
17318,17318,Credit Card,2025-07-22 14:14:50,1804.59
17319,17319,Cash,2025-03-13 21:41:38,1478.19
17320,17320,PayPal,2026-07-19 20:14:56,1432.45
17321,17321,PayPal,2025-08-02 15:43:29,1756.2
17322,17322,PayPal,2025-04-03 14:35:52,10.02
17323,17323,Bank Transfer,2025-06-13 12:42:43,786.98
17324,17324,PayPal,2026-01-08 00:04:55,1271.27
17325,17325,Bank Transfer,2025-05-17 05:07:09,4203.08
17326,17326,Bank Transfer,2026-02-15 05:07:55,1154.29
17327,17327,Cash,2025-07-07 19:34:30,217.42
17328,17328,Credit Card,2026-05-17 19:30:29,1366.01
17329,17329,Cash,2025-07-08 02:34:43,1225.26
17330,17330,Cash,2025-12-25 06:02:16,535.14
17331,17331,Bank Transfer,2025-08-30 23:03:25,1775.93
17332,17332,Credit Card,2024-11-03 14:12:01,2016.12
17333,17333,Credit Card,2025-04-23 04:52:44,2172.47
17334,17334,PayPal,2026-08-02 05:24:48,750.72
17335,17335,Bank Transfer,2026-05-31 23:34:12,731.26
17336,17336,Bank Transfer,2025-06-27 11:39:52,2807.07
17337,17337,Credit Card,2025-11-19 09:56:09,2366.5
17338,17338,PayPal,2026-03-23 11:35:56,420.73
17339,17339,Credit Card,2025-01-18 06:31:06,2592.0
17340,17340,Credit Card,2026-07-24 02:06:18,504.24
17341,17341,Bank Transfer,2025-08-26 11:16:45,2210.95
17342,17342,PayPal,2024-11-17 20:56:48,780.92
17343,17343,Cash,2026-08-05 21:47:02,1615.52
17344,17344,Bank Transfer,2025-05-21 21:54:37,3378.45
17345,17345,Credit Card,2026-05-23 15:51:16,1662.63
17346,17346,Bank Transfer,2026-01-23 22:37:34,3998.83
17347,17347,Credit Card,2025-01-31 18:09:48,1292.28
17348,17348,Credit Card,2025-02-08 04:31:24,4567.83
17349,17349,PayPal,2026-04-22 01:05:05,2414.96
17350,17350,Credit Card,2025-07-04 04:01:24,2192.43
17351,17351,PayPal,2024-11-12 22:30:44,2772.86
17352,17352,PayPal,2026-01-05 06:56:40,1182.16
17353,17353,Bank Transfer,2025-06-05 16:32:47,1784.02
17354,17354,Cash,2025-01-26 03:13:11,662.26
17355,17355,Cash,2025-12-04 08:03:51,2835.87
17356,17356,Bank Transfer,2024-11-21 20:00:17,5984.63
17357,17357,Credit Card,2025-01-04 21:23:07,971.81
17358,17358,PayPal,2026-02-19 22:14:59,152.73
17359,17359,PayPal,2025-04-11 09:09:59,1167.46
17360,17360,Cash,2026-06-21 15:46:07,1258.08
17361,17361,Bank Transfer,2025-04-29 23:36:50,1466.92
17362,17362,Cash,2026-06-13 06:16:34,1378.26
17363,17363,PayPal,2026-04-22 06:30:55,3460.09
17364,17364,Bank Transfer,2024-12-19 19:05:00,3733.7
17365,17365,Bank Transfer,2025-01-28 08:05:30,235.19
17366,17366,PayPal,2025-12-28 18:25:47,2261.77
17367,17367,PayPal,2026-07-09 11:22:39,1591.32
17368,17368,Bank Transfer,2024-10-17 16:08:04,1164.76
17369,17369,Credit Card,2025-12-26 06:23:58,3485.22
17370,17370,Credit Card,2025-11-03 08:13:54,770.36
17371,17371,PayPal,2026-01-12 11:04:11,2672.09
17372,17372,PayPal,2025-06-29 09:01:44,3579.56
17373,17373,Cash,2026-04-29 17:14:20,1653.72
17374,17374,Credit Card,2025-07-05 19:11:03,50.91
17375,17375,Bank Transfer,2025-05-07 18:26:37,1382.36
17376,17376,Cash,2026-02-28 02:45:36,306.52
17377,17377,Bank Transfer,2025-04-22 03:15:46,1183.1
17378,17378,Cash,2025-05-20 15:35:01,428.61
17379,17379,PayPal,2024-11-10 13:13:51,332.44
17380,17380,Bank Transfer,2026-05-30 14:13:17,1677.63
17381,17381,PayPal,2026-08-05 02:25:46,1229.61
17382,17382,Bank Transfer,2025-07-10 10:54:27,871.88
17383,17383,Credit Card,2025-08-10 12:17:06,3629.7
17384,17384,Credit Card,2026-06-28 15:20:07,2155.83
17385,17385,Bank Transfer,2025-12-29 11:04:00,2687.65
17386,17386,PayPal,2026-05-17 12:04:23,1087.26
17387,17387,Bank Transfer,2025-01-19 06:27:41,1547.71
17388,17388,Bank Transfer,2025-02-04 17:06:51,1573.36
17389,17389,Bank Transfer,2025-07-09 00:28:30,985.3
17390,17390,Bank Transfer,2024-10-10 13:51:15,422.21
17391,17391,Bank Transfer,2025-01-27 17:51:21,4767.24
17392,17392,Bank Transfer,2025-09-26 21:42:41,3460.23
17393,17393,Cash,2025-09-27 09:28:42,1514.2
17394,17394,Bank Transfer,2025-06-09 16:40:18,1273.38
17395,17395,Cash,2024-09-20 20:22:22,1937.64
17396,17396,Bank Transfer,2026-04-08 10:04:53,3166.12
17397,17397,Credit Card,2025-04-25 12:03:32,482.02
17398,17398,PayPal,2025-02-12 23:40:17,2107.24
17399,17399,Cash,2025-07-14 03:52:23,3696.86
17400,17400,Bank Transfer,2025-07-25 04:49:09,1079.52
17401,17401,PayPal,2025-01-18 04:26:28,1819.35
17402,17402,Bank Transfer,2025-02-19 08:53:13,4672.08
17403,17403,Credit Card,2025-01-12 05:55:06,2389.94
17404,17404,Cash,2024-11-23 09:20:43,1726.84
17405,17405,Credit Card,2024-10-02 23:00:47,1820.85
17406,17406,Credit Card,2025-06-18 18:38:39,1290.0
17407,17407,Credit Card,2025-02-25 21:20:52,2973.16
17408,17408,PayPal,2025-07-07 10:20:04,2232.5
17409,17409,PayPal,2024-12-20 02:51:29,2238.93
17410,17410,PayPal,2025-01-16 00:14:42,862.72
17411,17411,Credit Card,2025-12-04 16:41:01,1742.96
17412,17412,PayPal,2025-07-29 02:43:13,1631.22
17413,17413,Cash,2026-05-05 00:32:05,2463.1
17414,17414,Cash,2026-01-07 07:32:40,740.23
17415,17415,Bank Transfer,2025-11-21 12:50:08,3865.0
17416,17416,Cash,2026-03-21 06:08:00,705.57
17417,17417,Bank Transfer,2025-01-02 01:27:30,2294.16
17418,17418,Cash,2026-07-10 17:41:59,4231.09
17419,17419,PayPal,2025-12-21 23:42:51,4462.6
17420,17420,Credit Card,2025-03-19 14:47:25,1196.93
17421,17421,Cash,2024-10-11 10:42:52,303.74
17422,17422,PayPal,2025-08-29 20:06:17,750.4
17423,17423,Credit Card,2024-12-11 17:37:24,2597.81
17424,17424,Bank Transfer,2026-02-22 17:01:24,1710.97
17425,17425,Cash,2025-03-19 21:23:12,1095.56
17426,17426,PayPal,2026-01-24 02:42:19,2517.34
17427,17427,Bank Transfer,2025-11-30 04:33:18,3542.41
17428,17428,PayPal,2025-06-10 15:14:48,2726.34
17429,17429,Credit Card,2025-12-17 04:49:08,1547.22
17430,17430,PayPal,2025-02-02 08:37:36,1988.88
17431,17431,PayPal,2025-09-24 20:19:44,1024.85
17432,17432,Credit Card,2025-04-12 07:38:40,280.29
17433,17433,PayPal,2026-05-10 07:11:04,1127.81
17434,17434,PayPal,2025-11-15 08:43:56,3536.55
17435,17435,Cash,2025-02-26 03:25:26,1558.58
17436,17436,Bank Transfer,2024-09-19 10:37:24,1969.7
17437,17437,Cash,2025-04-22 06:29:17,800.49
17438,17438,Cash,2024-12-24 20:43:03,2214.66
17439,17439,PayPal,2026-04-07 17:03:40,423.24
17440,17440,Bank Transfer,2026-06-28 06:42:05,2014.82
17441,17441,PayPal,2025-10-27 01:29:40,836.88
17442,17442,Cash,2026-03-26 10:36:05,1982.34
17443,17443,PayPal,2025-07-19 02:33:35,3103.13
17444,17444,PayPal,2025-03-05 01:04:14,3980.78
17445,17445,Credit Card,2024-12-19 20:47:09,4940.33
17446,17446,Credit Card,2026-01-17 07:01:05,1173.77
17447,17447,Credit Card,2025-02-03 15:48:34,2457.19
17448,17448,Cash,2024-10-21 14:38:48,1602.94
17449,17449,Bank Transfer,2025-08-09 09:25:44,1616.03
17450,17450,Bank Transfer,2026-08-06 15:38:21,1071.64
17451,17451,Bank Transfer,2024-12-09 01:32:34,1124.31
17452,17452,Bank Transfer,2026-03-03 10:23:18,292.14
17453,17453,Bank Transfer,2026-06-11 09:27:49,4337.79
17454,17454,Bank Transfer,2025-03-28 17:36:31,3268.46
17455,17455,Credit Card,2025-02-16 22:05:24,2730.61
17456,17456,PayPal,2025-06-05 22:23:19,790.28
17457,17457,Cash,2024-12-16 07:03:51,3009.11
17458,17458,Bank Transfer,2026-08-04 07:19:41,571.52
17459,17459,Credit Card,2025-02-18 11:06:02,3110.27
17460,17460,Cash,2024-08-09 08:39:50,244.33
17461,17461,Credit Card,2024-08-07 22:05:50,2068.7
17462,17462,Credit Card,2025-10-23 11:36:51,612.52
17463,17463,Bank Transfer,2026-06-08 06:42:32,563.01
17464,17464,Bank Transfer,2025-04-16 08:30:03,141.14
17465,17465,PayPal,2025-10-24 22:54:34,1228.6
17466,17466,Cash,2026-05-10 12:20:41,354.31
17467,17467,Credit Card,2026-07-28 10:19:11,2391.62
17468,17468,Credit Card,2026-05-01 13:13:56,252.4
17469,17469,Cash,2025-07-15 18:10:37,2601.7
17470,17470,Cash,2026-02-19 00:25:34,1964.7
17471,17471,PayPal,2025-07-01 20:27:44,70.57
17472,17472,Credit Card,2025-12-16 17:15:55,1962.88
17473,17473,Bank Transfer,2025-05-04 01:37:53,1967.81
17474,17474,PayPal,2025-11-16 18:58:40,3727.34
17475,17475,PayPal,2025-04-07 19:48:06,3789.0
17476,17476,Cash,2026-03-07 00:01:45,3164.88
17477,17477,Bank Transfer,2026-07-27 04:37:03,3723.11
17478,17478,PayPal,2024-09-29 03:39:03,580.96
17479,17479,Cash,2025-11-26 22:40:58,3192.21
17480,17480,PayPal,2025-08-20 03:40:08,393.0
17481,17481,Bank Transfer,2026-05-20 14:09:59,2035.44
17482,17482,Bank Transfer,2026-03-06 05:42:24,2107.02
17483,17483,Cash,2026-04-03 12:12:55,2993.54
17484,17484,Bank Transfer,2024-12-08 14:43:53,968.47
17485,17485,Cash,2025-04-26 05:39:10,1135.99
17486,17486,Credit Card,2026-02-16 14:27:58,574.08
17487,17487,PayPal,2025-02-09 22:18:22,773.4
17488,17488,Credit Card,2025-10-31 21:55:59,1704.04
17489,17489,Bank Transfer,2025-12-15 08:09:29,152.81
17490,17490,Credit Card,2025-01-30 07:33:03,797.42
17491,17491,Credit Card,2025-05-25 07:59:15,662.4
17492,17492,Bank Transfer,2025-06-01 03:20:42,333.58
17493,17493,PayPal,2026-07-15 20:47:23,1429.99
17494,17494,Bank Transfer,2025-11-14 20:55:06,2924.57
17495,17495,Cash,2025-09-21 13:56:13,2377.09
17496,17496,PayPal,2025-11-22 02:15:13,581.58
17497,17497,Credit Card,2025-08-20 01:42:15,3114.93
17498,17498,Bank Transfer,2025-04-01 16:35:45,2580.97
17499,17499,Bank Transfer,2025-04-08 21:31:29,1206.35
17500,17500,PayPal,2025-07-31 15:02:29,3450.38
17501,17501,Credit Card,2026-01-02 17:43:01,386.58
17502,17502,Cash,2025-03-03 18:01:50,2465.61
17503,17503,Cash,2026-06-09 19:54:40,461.34
17504,17504,Cash,2025-06-02 17:56:12,385.18
17505,17505,PayPal,2025-09-05 11:42:18,2797.55
17506,17506,Credit Card,2024-11-03 01:05:54,1399.8
17507,17507,PayPal,2025-04-26 17:25:21,1466.23
17508,17508,Cash,2025-06-23 17:21:26,2721.84
17509,17509,Credit Card,2025-12-08 01:29:20,3467.0
17510,17510,PayPal,2026-07-28 12:05:48,520.26
17511,17511,PayPal,2025-12-01 22:37:54,2335.28
17512,17512,Credit Card,2025-09-04 02:54:49,1098.96
17513,17513,Bank Transfer,2025-09-22 17:08:05,2342.94
17514,17514,PayPal,2024-12-28 03:44:05,1464.5
17515,17515,PayPal,2026-04-24 09:45:22,970.73
17516,17516,PayPal,2024-09-12 12:59:40,2023.49
17517,17517,Credit Card,2025-08-27 01:48:52,3427.0
17518,17518,Bank Transfer,2025-03-16 04:23:35,246.96
17519,17519,PayPal,2025-10-13 16:04:37,3967.2
17520,17520,PayPal,2026-04-07 04:52:13,1592.48
17521,17521,Bank Transfer,2025-07-04 18:52:38,4333.75
17522,17522,Credit Card,2025-11-28 22:43:58,4183.43
17523,17523,Bank Transfer,2026-07-21 03:25:36,1564.38
17524,17524,PayPal,2025-07-09 21:34:47,3234.64
17525,17525,Credit Card,2025-02-01 03:54:49,1828.08
17526,17526,Bank Transfer,2024-12-15 05:12:11,423.12
17527,17527,Cash,2026-06-03 22:02:18,1589.33
17528,17528,Credit Card,2025-10-16 23:48:25,213.0
17529,17529,Cash,2026-04-01 20:22:30,614.64
17530,17530,Credit Card,2024-09-04 05:37:50,1532.48
17531,17531,PayPal,2025-07-08 04:45:10,2051.6
17532,17532,Credit Card,2026-07-02 15:56:48,2088.5
17533,17533,Bank Transfer,2025-05-15 13:41:26,852.83
17534,17534,PayPal,2024-11-03 04:51:26,248.94
17535,17535,Credit Card,2024-09-02 18:38:06,1908.39
17536,17536,Bank Transfer,2026-01-28 03:45:50,452.92
17537,17537,Credit Card,2026-02-27 19:22:56,3827.38
17538,17538,Bank Transfer,2024-10-25 08:54:08,2622.71
17539,17539,Cash,2024-12-21 15:27:49,2918.84
17540,17540,Cash,2025-08-11 16:07:06,1883.55
17541,17541,Credit Card,2026-06-20 04:46:35,1732.47
17542,17542,Bank Transfer,2025-03-15 05:35:18,725.51
17543,17543,Bank Transfer,2026-04-25 04:19:11,2373.22
17544,17544,PayPal,2026-04-17 05:35:36,113.23
17545,17545,Credit Card,2025-06-30 19:12:16,1326.82
17546,17546,Cash,2025-04-21 17:23:36,1586.55
17547,17547,Cash,2025-07-09 07:28:18,1317.15
17548,17548,PayPal,2025-05-15 21:23:19,409.74
17549,17549,Credit Card,2025-12-29 00:45:49,1761.5
17550,17550,PayPal,2025-05-08 13:26:42,3837.59
17551,17551,Credit Card,2024-08-14 19:42:51,1679.96
17552,17552,Cash,2026-02-01 00:50:51,1657.21
17553,17553,Credit Card,2026-01-07 05:13:56,3895.36
17554,17554,Cash,2025-10-19 09:52:12,755.0
17555,17555,Credit Card,2025-09-08 05:51:24,671.8
17556,17556,Credit Card,2025-06-24 04:21:56,1488.25
17557,17557,PayPal,2025-08-23 00:52:51,3741.25
17558,17558,Bank Transfer,2026-08-05 19:40:40,2809.96
17559,17559,PayPal,2024-11-05 07:16:55,3386.56
17560,17560,PayPal,2026-05-15 02:36:57,2056.76
17561,17561,Bank Transfer,2026-05-05 15:33:15,1988.38
17562,17562,PayPal,2026-03-02 22:05:28,838.59
17563,17563,Cash,2025-04-30 07:38:03,4101.47
17564,17564,Credit Card,2025-10-09 15:05:32,1162.36
17565,17565,Cash,2026-02-11 03:38:41,103.17
17566,17566,Credit Card,2025-09-12 15:29:54,1439.91
17567,17567,Cash,2026-01-19 15:46:30,1431.34
17568,17568,PayPal,2024-10-15 08:53:58,3551.74
17569,17569,Cash,2026-04-17 20:16:32,2689.03
17570,17570,Bank Transfer,2026-03-15 02:46:11,2923.39
17571,17571,Bank Transfer,2026-07-27 08:13:27,505.68
17572,17572,Bank Transfer,2025-05-02 15:48:24,2780.44
17573,17573,Cash,2025-08-09 19:13:52,180.66
17574,17574,PayPal,2025-08-20 00:24:58,1653.18
17575,17575,Bank Transfer,2025-10-15 11:05:54,107.38
17576,17576,Bank Transfer,2025-08-05 20:55:50,1316.58
17577,17577,Bank Transfer,2026-02-07 20:20:06,2066.21
17578,17578,PayPal,2025-02-25 05:24:50,4755.2
17579,17579,PayPal,2025-07-05 19:34:54,731.84
17580,17580,Cash,2025-10-13 04:55:12,373.41
17581,17581,Cash,2025-02-23 13:14:37,1843.86
17582,17582,Cash,2026-07-14 03:40:30,1158.84
17583,17583,Cash,2025-12-16 06:22:56,517.8
17584,17584,PayPal,2025-02-18 05:39:35,92.06
17585,17585,PayPal,2025-12-23 11:33:24,1914.81
17586,17586,PayPal,2024-09-23 14:35:29,3340.98
17587,17587,Credit Card,2024-09-05 09:52:00,3698.85
17588,17588,Credit Card,2026-05-24 16:19:19,80.28
17589,17589,Bank Transfer,2024-11-29 05:48:21,2609.67
17590,17590,Cash,2025-11-03 01:05:13,2921.58
17591,17591,Cash,2025-09-07 03:51:27,1580.56
17592,17592,Bank Transfer,2026-02-02 20:16:55,2028.66
17593,17593,Cash,2024-09-28 22:38:19,852.48
17594,17594,Cash,2025-10-30 04:35:16,379.68
17595,17595,Credit Card,2026-06-30 02:45:10,2341.64
17596,17596,Cash,2026-03-14 10:52:51,2788.41
17597,17597,PayPal,2025-11-13 19:38:16,512.32
17598,17598,Cash,2025-01-05 15:09:52,1234.12
17599,17599,Cash,2024-08-08 05:56:20,1043.17
17600,17600,Bank Transfer,2024-08-14 13:09:37,244.5
17601,17601,Bank Transfer,2026-07-27 11:05:36,724.54
17602,17602,PayPal,2025-02-21 09:26:51,1083.01
17603,17603,Cash,2026-02-25 22:19:41,1062.93
17604,17604,Cash,2024-11-17 20:25:38,1691.24
17605,17605,Credit Card,2026-05-01 08:56:59,559.06
17606,17606,Cash,2026-03-11 09:26:47,2367.17
17607,17607,Cash,2025-03-16 15:20:21,1403.18
17608,17608,PayPal,2025-02-26 05:25:26,1785.37
17609,17609,PayPal,2025-08-06 00:01:46,1625.97
17610,17610,Credit Card,2025-07-02 20:34:37,452.5
17611,17611,Credit Card,2024-09-25 13:43:51,117.66
17612,17612,Credit Card,2025-06-12 12:06:08,1651.04
17613,17613,Credit Card,2024-11-18 19:33:18,226.85
17614,17614,PayPal,2025-03-06 03:46:07,1652.44
17615,17615,PayPal,2026-05-04 14:58:39,2333.19
17616,17616,Credit Card,2025-01-05 00:21:45,2185.33
17617,17617,Bank Transfer,2026-06-08 02:51:50,2996.96
17618,17618,Bank Transfer,2025-10-20 16:00:14,2563.74
17619,17619,Bank Transfer,2026-04-13 12:39:32,3115.39
17620,17620,Credit Card,2025-08-10 22:52:12,809.91
17621,17621,Cash,2026-05-06 00:09:03,1250.48
17622,17622,PayPal,2024-09-22 20:22:49,2368.66
17623,17623,PayPal,2026-03-12 11:19:14,2981.6
17624,17624,Credit Card,2026-07-05 03:35:01,3099.29
17625,17625,PayPal,2024-10-10 13:38:12,593.26
17626,17626,Cash,2026-06-02 23:06:10,551.7
17627,17627,PayPal,2025-09-30 23:44:35,3181.83
17628,17628,Cash,2026-05-21 00:31:00,2486.87
17629,17629,Bank Transfer,2024-11-25 10:52:41,1990.17
17630,17630,PayPal,2026-07-17 16:43:52,58.51
17631,17631,Credit Card,2024-09-23 19:39:40,540.86
17632,17632,Bank Transfer,2025-06-21 11:41:41,1355.46
17633,17633,PayPal,2024-09-24 19:12:29,2577.56
17634,17634,PayPal,2026-02-18 07:16:01,2877.34
17635,17635,PayPal,2025-01-22 03:28:15,2982.34
17636,17636,Bank Transfer,2024-08-12 05:23:44,2807.84
17637,17637,PayPal,2025-05-09 02:01:53,2838.27
17638,17638,Cash,2025-02-16 09:10:52,266.83
17639,17639,Credit Card,2024-08-29 17:41:57,2158.48
17640,17640,Bank Transfer,2025-08-23 01:31:19,1210.38
17641,17641,Cash,2025-11-13 21:20:09,2558.68
17642,17642,PayPal,2025-12-22 07:33:42,187.56
17643,17643,Bank Transfer,2026-03-26 08:22:10,1877.44
17644,17644,PayPal,2026-03-01 02:52:51,732.57
17645,17645,Cash,2025-03-30 11:26:16,932.93
17646,17646,Cash,2024-09-17 04:42:36,3192.85
17647,17647,Bank Transfer,2026-05-26 22:17:12,1734.33
17648,17648,Bank Transfer,2026-04-30 19:14:48,3675.06
17649,17649,Cash,2024-08-31 16:58:41,2435.39
17650,17650,Credit Card,2024-11-27 05:09:03,4608.25
17651,17651,Credit Card,2026-01-31 01:21:46,2274.88
17652,17652,Credit Card,2026-04-26 11:04:29,3126.92
17653,17653,Credit Card,2026-07-10 07:47:52,2698.75
17654,17654,Cash,2025-11-12 02:33:09,601.4
17655,17655,Bank Transfer,2025-06-18 22:01:26,3985.0
17656,17656,PayPal,2025-06-06 17:33:51,910.64
17657,17657,PayPal,2025-07-18 04:35:30,866.81
17658,17658,Credit Card,2025-09-27 09:01:32,2096.44
17659,17659,Bank Transfer,2025-11-21 14:53:28,1886.0
17660,17660,Credit Card,2025-08-16 03:08:03,1911.12
17661,17661,PayPal,2026-05-19 09:58:58,1943.13
17662,17662,PayPal,2026-02-03 23:55:17,4543.92
17663,17663,Bank Transfer,2026-08-02 04:04:19,266.83
17664,17664,Cash,2024-08-18 12:23:42,1578.52
17665,17665,Bank Transfer,2024-11-26 06:50:01,3398.87
17666,17666,Credit Card,2026-01-22 04:47:12,217.74
17667,17667,Bank Transfer,2026-06-08 01:38:48,1286.98
17668,17668,Credit Card,2026-04-18 20:32:23,2623.0
17669,17669,Bank Transfer,2025-07-26 20:14:02,304.96
17670,17670,PayPal,2025-12-26 20:22:29,2504.68
17671,17671,Bank Transfer,2024-10-15 21:13:50,2739.07
17672,17672,Credit Card,2025-09-17 11:21:48,1009.4
17673,17673,Cash,2025-04-29 05:49:36,1049.6
17674,17674,Bank Transfer,2025-07-06 08:36:52,1518.66
17675,17675,PayPal,2026-06-08 08:41:26,1597.62
17676,17676,Cash,2025-06-29 20:21:15,365.63
17677,17677,Credit Card,2024-08-22 15:20:23,487.44
17678,17678,PayPal,2026-03-28 19:44:12,159.3
17679,17679,Credit Card,2025-10-18 06:37:40,3609.01
17680,17680,Credit Card,2026-06-25 01:42:57,1779.09
17681,17681,Bank Transfer,2025-02-04 23:13:04,573.06
17682,17682,Credit Card,2026-03-30 14:03:03,3852.96
17683,17683,Cash,2024-08-28 19:37:20,1295.4
17684,17684,Credit Card,2026-02-09 01:05:47,1492.32
17685,17685,PayPal,2025-04-11 17:43:05,2070.06
17686,17686,PayPal,2025-11-19 06:08:30,1968.45
17687,17687,Cash,2025-04-21 02:55:20,2522.27
17688,17688,PayPal,2025-07-20 18:56:43,905.98
17689,17689,PayPal,2025-07-07 21:03:24,1674.78
17690,17690,Credit Card,2024-12-01 19:53:27,2141.82
17691,17691,Credit Card,2024-12-30 19:47:26,755.38
17692,17692,Cash,2025-07-07 16:27:01,3875.92
17693,17693,Bank Transfer,2025-11-15 12:36:48,2212.42
17694,17694,PayPal,2026-03-15 06:47:29,1543.05
17695,17695,Bank Transfer,2026-01-24 23:28:45,1949.23
17696,17696,Credit Card,2025-06-10 10:59:26,1228.66
17697,17697,Cash,2025-11-24 17:03:57,1323.47
17698,17698,Cash,2026-06-26 06:39:24,1053.04
17699,17699,Bank Transfer,2025-04-03 22:24:03,3183.98
17700,17700,Bank Transfer,2025-02-19 11:25:01,248.94
17701,17701,Credit Card,2024-11-18 16:14:59,1605.92
17702,17702,Cash,2025-05-30 15:11:29,2452.46
17703,17703,Credit Card,2025-09-19 11:51:53,644.6
17704,17704,Credit Card,2025-12-08 07:30:36,571.04
17705,17705,Credit Card,2025-12-30 18:36:18,1556.81
17706,17706,Credit Card,2026-03-27 08:16:03,1950.12
17707,17707,PayPal,2024-10-17 08:39:06,3546.11
17708,17708,Credit Card,2026-03-27 20:13:01,152.73
17709,17709,Cash,2026-01-20 06:46:52,1226.08
17710,17710,Credit Card,2025-04-22 23:49:04,2530.42
17711,17711,PayPal,2024-10-02 20:40:35,854.68
17712,17712,Credit Card,2025-03-31 07:51:15,1773.32
17713,17713,PayPal,2026-01-21 12:59:55,3321.65
17714,17714,Credit Card,2024-12-01 09:59:01,1843.6
17715,17715,Bank Transfer,2025-04-07 02:01:10,4335.56
17716,17716,Bank Transfer,2025-10-30 14:28:11,1999.99
17717,17717,Bank Transfer,2024-12-03 02:26:36,1264.02
17718,17718,Credit Card,2025-10-05 15:54:39,1432.78
17719,17719,PayPal,2025-12-23 15:30:59,3319.53
17720,17720,Credit Card,2025-01-13 06:29:42,1555.48
17721,17721,Credit Card,2025-10-01 00:09:25,2252.13
17722,17722,Credit Card,2025-06-21 04:38:54,2013.52
17723,17723,PayPal,2026-03-09 10:18:57,1526.48
17724,17724,PayPal,2024-12-29 03:19:58,968.29
17725,17725,PayPal,2025-10-14 12:09:24,1193.72
17726,17726,PayPal,2026-02-15 16:24:12,2461.35
17727,17727,Cash,2026-01-30 08:35:55,1980.62
17728,17728,Credit Card,2025-03-18 23:55:35,2171.25
17729,17729,Cash,2024-10-25 13:42:15,1940.43
17730,17730,Bank Transfer,2026-07-12 09:08:45,1206.8
17731,17731,Cash,2025-12-14 11:27:38,3535.03
17732,17732,Cash,2026-06-23 05:12:28,103.17
17733,17733,PayPal,2026-05-30 11:23:04,336.76
17734,17734,PayPal,2025-10-18 17:22:53,1794.8
17735,17735,PayPal,2025-10-18 11:40:47,374.77
17736,17736,PayPal,2025-08-06 21:27:30,3710.98
17737,17737,Credit Card,2026-07-22 06:24:00,92.34
17738,17738,Credit Card,2026-05-23 14:35:46,2991.45
17739,17739,Bank Transfer,2025-08-26 15:01:24,4372.35
17740,17740,Bank Transfer,2026-07-21 16:18:17,2207.48
17741,17741,PayPal,2025-03-11 01:23:58,493.41
17742,17742,Cash,2024-11-24 13:24:09,2839.52
17743,17743,Cash,2024-12-11 03:18:57,3548.36
17744,17744,Credit Card,2026-06-02 21:07:06,1571.6
17745,17745,Bank Transfer,2025-08-25 20:54:20,569.58
17746,17746,PayPal,2026-01-06 19:11:08,3145.75
17747,17747,Bank Transfer,2025-04-19 15:51:17,1921.62
17748,17748,Bank Transfer,2024-10-27 09:30:49,204.54
17749,17749,Cash,2024-09-02 20:46:28,466.16
17750,17750,Credit Card,2025-02-27 12:10:57,854.37
17751,17751,Credit Card,2025-06-16 14:57:12,513.56
17752,17752,Cash,2025-01-29 23:58:01,1839.08
17753,17753,Credit Card,2025-01-16 01:15:11,921.58
17754,17754,Cash,2025-03-23 21:28:06,2997.12
17755,17755,PayPal,2026-05-08 11:56:52,244.96
17756,17756,Bank Transfer,2024-10-26 19:12:58,1176.13
17757,17757,Bank Transfer,2024-08-08 00:37:01,1874.56
17758,17758,Credit Card,2026-01-22 12:59:23,771.71
17759,17759,Credit Card,2026-07-23 05:14:31,379.68
17760,17760,Bank Transfer,2025-08-19 17:50:26,2722.0
17761,17761,PayPal,2025-11-06 11:30:03,2148.62
17762,17762,PayPal,2024-09-09 07:45:12,749.04
17763,17763,Bank Transfer,2025-05-30 01:04:31,1067.95
17764,17764,Bank Transfer,2026-07-17 11:07:48,1274.06
17765,17765,PayPal,2024-10-15 15:55:19,622.34
17766,17766,PayPal,2024-12-31 05:25:01,3285.14
17767,17767,Bank Transfer,2025-02-23 07:12:11,749.54
17768,17768,Cash,2025-11-09 09:40:37,247.06
17769,17769,Cash,2025-05-26 00:50:27,1518.82
17770,17770,PayPal,2025-12-16 02:26:03,120.16
17771,17771,PayPal,2025-05-05 05:39:24,454.12
17772,17772,Cash,2026-04-04 18:46:39,2548.56
17773,17773,PayPal,2024-10-30 21:08:24,2846.43
17774,17774,Credit Card,2025-05-19 17:46:14,497.93
17775,17775,PayPal,2026-02-10 20:45:14,1197.58
17776,17776,Bank Transfer,2026-01-27 08:42:37,1697.44
17777,17777,Cash,2025-11-20 18:09:23,2579.72
17778,17778,Credit Card,2026-04-07 13:22:31,2315.8
17779,17779,Cash,2025-02-28 22:04:18,326.69
17780,17780,Credit Card,2025-12-02 19:36:43,2637.61
17781,17781,Bank Transfer,2025-06-09 10:25:25,2522.41
17782,17782,Credit Card,2026-01-28 05:21:10,2535.01
17783,17783,Credit Card,2025-06-28 13:46:22,4210.37
17784,17784,Cash,2026-05-27 13:49:53,1447.08
17785,17785,Bank Transfer,2024-12-22 01:32:38,2110.87
17786,17786,Cash,2025-04-02 09:54:48,1079.04
17787,17787,Bank Transfer,2026-06-23 07:02:08,231.04
17788,17788,Credit Card,2025-07-22 11:22:20,3734.02
17789,17789,PayPal,2025-03-11 14:14:27,565.97
17790,17790,Credit Card,2025-06-14 12:30:56,772.88
17791,17791,Cash,2025-07-02 11:34:23,2967.1
17792,17792,Bank Transfer,2026-01-11 14:50:57,1782.07
17793,17793,Cash,2026-04-01 04:10:29,1937.51
17794,17794,PayPal,2026-01-24 13:19:50,1741.32
17795,17795,PayPal,2024-10-09 03:18:42,1533.79
17796,17796,PayPal,2026-02-08 10:17:08,3316.34
17797,17797,PayPal,2026-05-05 01:00:20,1231.53
17798,17798,PayPal,2025-07-12 17:15:06,2128.06
17799,17799,Bank Transfer,2025-03-10 19:15:12,1370.48
17800,17800,PayPal,2025-10-04 11:26:09,335.75
17801,17801,Bank Transfer,2026-03-19 19:11:20,1567.02
17802,17802,Cash,2025-10-29 18:14:37,4121.81
17803,17803,Credit Card,2024-11-26 14:42:42,2643.69
17804,17804,PayPal,2024-12-01 07:21:54,605.4
17805,17805,PayPal,2026-08-04 15:10:23,1308.23
17806,17806,Bank Transfer,2025-10-03 07:12:48,1475.94
17807,17807,PayPal,2025-11-27 22:48:54,3702.25
17808,17808,Cash,2025-03-07 13:43:57,1868.94
17809,17809,Credit Card,2026-05-11 12:38:38,2524.4
17810,17810,Cash,2026-05-16 18:39:07,919.56
17811,17811,PayPal,2025-11-27 08:11:18,3789.62
17812,17812,PayPal,2026-05-28 13:20:09,1845.65
17813,17813,Cash,2026-01-19 22:54:53,123.12
17814,17814,Credit Card,2026-02-01 13:13:38,1091.2
17815,17815,Cash,2026-07-02 00:35:44,1324.52
17816,17816,PayPal,2025-10-06 19:05:32,294.67
17817,17817,Credit Card,2026-01-22 04:57:10,3252.99
17818,17818,Bank Transfer,2026-02-27 23:38:44,1945.33
17819,17819,Bank Transfer,2024-12-26 03:56:37,206.17
17820,17820,Bank Transfer,2024-12-18 15:31:56,370.55
17821,17821,Credit Card,2025-03-25 06:47:24,943.0
17822,17822,Credit Card,2024-11-24 19:59:32,126.2
17823,17823,Cash,2025-03-14 10:54:56,1605.82
17824,17824,Bank Transfer,2024-09-14 22:51:44,771.59
17825,17825,Credit Card,2025-03-07 02:50:53,3619.78
17826,17826,PayPal,2025-10-01 20:22:42,1713.56
17827,17827,Credit Card,2025-08-13 11:14:36,3397.44
17828,17828,Cash,2026-06-11 06:50:36,2676.34
17829,17829,PayPal,2026-05-03 10:49:26,2150.52
17830,17830,Cash,2026-02-17 20:03:52,880.74
17831,17831,Credit Card,2025-12-06 15:12:42,2475.33
17832,17832,Bank Transfer,2026-04-02 02:06:56,562.73
17833,17833,PayPal,2025-03-18 11:48:25,647.0
17834,17834,Credit Card,2025-06-12 09:05:43,332.58
17835,17835,Bank Transfer,2026-06-17 14:02:24,984.02
17836,17836,PayPal,2026-02-18 13:02:16,434.84
17837,17837,PayPal,2024-09-19 15:21:16,2973.48
17838,17838,PayPal,2025-11-22 20:12:24,2288.45
17839,17839,Credit Card,2025-08-04 13:55:38,452.92
17840,17840,Bank Transfer,2026-07-19 06:49:21,3232.04
17841,17841,PayPal,2025-05-31 19:06:14,1291.73
17842,17842,Cash,2024-12-16 07:31:55,836.55
17843,17843,PayPal,2024-10-24 18:47:18,2044.43
17844,17844,Bank Transfer,2025-03-12 10:38:07,1493.32
17845,17845,Credit Card,2026-03-19 20:10:35,1767.42
17846,17846,PayPal,2024-11-20 12:32:32,1641.58
17847,17847,PayPal,2025-08-20 23:00:01,2534.15
17848,17848,Credit Card,2024-12-14 18:58:26,1614.73
17849,17849,Credit Card,2026-02-11 20:46:10,385.18
17850,17850,Credit Card,2025-07-27 06:24:24,803.18
17851,17851,PayPal,2025-04-29 16:27:00,482.05
17852,17852,Bank Transfer,2026-04-04 11:40:37,788.87
17853,17853,Cash,2026-02-28 12:39:42,180.66
17854,17854,Bank Transfer,2026-07-01 11:30:18,1492.46
17855,17855,Cash,2025-11-08 00:44:51,1396.6
17856,17856,PayPal,2026-04-19 02:58:31,366.86
17857,17857,Credit Card,2025-08-31 22:30:43,1940.14
17858,17858,Cash,2025-01-11 13:27:45,1853.9
17859,17859,Credit Card,2025-05-03 10:14:28,3570.72
17860,17860,Bank Transfer,2025-08-29 17:57:23,3416.06
17861,17861,Credit Card,2026-03-03 11:25:29,2755.39
17862,17862,Cash,2025-07-26 03:43:45,593.84
17863,17863,PayPal,2025-09-01 07:49:43,3983.8
17864,17864,Cash,2025-12-30 14:54:30,1333.53
17865,17865,Cash,2024-08-08 03:29:53,1064.52
17866,17866,Credit Card,2025-03-20 00:13:19,3176.77
17867,17867,Cash,2025-06-14 03:05:20,2147.68
17868,17868,PayPal,2025-06-26 08:21:56,1412.63
17869,17869,Cash,2025-06-26 10:02:19,1460.2
17870,17870,Credit Card,2025-07-08 13:10:52,1749.91
17871,17871,Credit Card,2026-01-09 15:00:35,980.7
17872,17872,Cash,2026-06-12 03:55:07,523.76
17873,17873,Credit Card,2024-09-10 05:35:00,2338.83
17874,17874,Credit Card,2025-10-04 20:10:46,1767.12
17875,17875,Credit Card,2026-01-23 19:09:54,1018.52
17876,17876,PayPal,2024-09-29 20:12:38,492.01
17877,17877,PayPal,2025-11-18 20:20:34,1376.5
17878,17878,PayPal,2026-05-04 21:31:05,516.06
17879,17879,PayPal,2025-03-09 20:21:46,1880.79
17880,17880,Cash,2026-01-14 02:33:54,30.04
17881,17881,Cash,2025-06-13 22:29:24,3443.3
17882,17882,Credit Card,2024-08-07 18:13:29,3005.19
17883,17883,PayPal,2025-08-25 16:31:24,2581.94
17884,17884,PayPal,2024-11-21 00:10:14,1502.98
17885,17885,Bank Transfer,2025-03-24 19:05:47,2112.89
17886,17886,Cash,2024-12-15 19:08:40,2404.95
17887,17887,Credit Card,2026-07-16 15:31:34,2332.66
17888,17888,Bank Transfer,2024-12-12 21:22:40,1159.4
17889,17889,Bank Transfer,2026-01-05 20:43:35,298.43
17890,17890,Credit Card,2025-02-12 21:52:42,1949.04
17891,17891,Credit Card,2026-02-13 22:04:49,1861.78
17892,17892,Bank Transfer,2025-03-25 04:32:22,1409.2
17893,17893,Cash,2025-07-03 21:13:08,964.24
17894,17894,Credit Card,2025-05-20 13:47:59,2057.94
17895,17895,Credit Card,2025-04-16 10:53:38,479.41
17896,17896,Cash,2024-08-16 17:04:57,1276.38
17897,17897,PayPal,2025-05-02 19:34:49,1469.16
17898,17898,Credit Card,2026-07-19 07:37:50,4420.26
17899,17899,Bank Transfer,2026-01-01 14:20:01,1731.16
17900,17900,PayPal,2025-09-18 13:02:22,2796.91
17901,17901,PayPal,2024-11-07 16:49:50,2356.88
17902,17902,Credit Card,2025-07-19 13:48:31,3100.96
17903,17903,Cash,2025-07-19 09:04:16,386.01
17904,17904,Credit Card,2026-06-03 08:02:07,2248.2
17905,17905,Bank Transfer,2025-04-24 22:11:48,1355.2
17906,17906,Cash,2025-11-20 18:49:36,405.0
17907,17907,Bank Transfer,2025-08-08 07:21:54,3210.51
17908,17908,Bank Transfer,2026-05-19 17:21:38,3557.81
17909,17909,Credit Card,2026-08-02 19:44:18,847.08
17910,17910,PayPal,2025-07-10 18:12:24,980.46
17911,17911,Bank Transfer,2024-09-17 02:48:50,4315.66
17912,17912,Cash,2026-06-23 03:51:28,2157.88
17913,17913,Credit Card,2024-10-23 22:43:42,1410.72
17914,17914,Credit Card,2025-09-27 15:21:42,568.32
17915,17915,PayPal,2026-07-03 22:41:51,2098.52
17916,17916,Cash,2024-10-13 18:53:37,2491.6
17917,17917,Cash,2024-11-27 09:32:49,2610.23
17918,17918,PayPal,2026-06-11 22:02:49,3720.71
17919,17919,Cash,2025-03-12 09:08:42,2900.7
17920,17920,Cash,2026-07-30 15:31:16,1961.55
17921,17921,Cash,2025-03-15 05:10:22,2053.84
17922,17922,Cash,2025-06-18 16:44:45,1116.33
17923,17923,PayPal,2026-04-12 01:36:24,3450.28
17924,17924,PayPal,2025-06-07 12:52:07,2605.66
17925,17925,PayPal,2026-04-17 08:25:38,1596.33
17926,17926,Bank Transfer,2026-02-25 06:58:23,1029.88
17927,17927,PayPal,2024-08-20 12:10:26,1578.68
17928,17928,Cash,2024-08-07 03:52:47,1418.53
17929,17929,Cash,2025-02-25 22:36:19,814.72
17930,17930,Bank Transfer,2025-08-03 05:31:48,2579.07
17931,17931,Credit Card,2024-10-06 13:53:28,2426.4
17932,17932,Credit Card,2026-03-24 23:25:55,1723.49
17933,17933,PayPal,2026-05-05 20:00:45,1987.1
17934,17934,PayPal,2024-11-02 02:34:44,1515.27
17935,17935,Credit Card,2026-01-21 12:22:57,1118.59
17936,17936,Bank Transfer,2024-09-17 20:51:04,469.72
17937,17937,Bank Transfer,2025-04-29 03:33:18,798.52
17938,17938,Bank Transfer,2026-02-24 17:46:24,1786.92
17939,17939,Cash,2024-10-25 01:33:58,1743.34
17940,17940,Bank Transfer,2025-02-28 18:52:21,3044.27
17941,17941,Bank Transfer,2024-11-16 11:08:50,2077.78
17942,17942,Bank Transfer,2025-10-04 02:19:37,705.5
17943,17943,Bank Transfer,2025-09-28 02:19:13,1722.28
17944,17944,PayPal,2024-11-11 20:56:31,1779.57
17945,17945,Cash,2026-02-25 09:49:00,772.86
17946,17946,Bank Transfer,2025-04-15 19:52:21,1674.5
17947,17947,Cash,2025-02-14 18:36:08,385.18
17948,17948,PayPal,2025-09-05 12:06:46,2494.24
17949,17949,Bank Transfer,2026-08-04 10:16:54,2147.89
17950,17950,Bank Transfer,2024-11-16 19:46:30,1339.08
17951,17951,Credit Card,2025-10-24 10:12:26,1650.51
17952,17952,Credit Card,2024-09-12 12:41:51,292.4
17953,17953,PayPal,2026-01-11 11:32:01,2570.41
17954,17954,Bank Transfer,2026-04-10 01:39:51,759.06
17955,17955,Credit Card,2026-06-11 10:55:47,2161.6
17956,17956,Credit Card,2026-04-24 00:42:46,836.55
17957,17957,Cash,2024-08-20 17:56:22,913.58
17958,17958,Cash,2025-10-13 22:38:16,1699.74
17959,17959,Cash,2025-02-22 09:59:15,1096.6
17960,17960,Credit Card,2026-06-19 15:11:51,1096.27
17961,17961,Bank Transfer,2024-09-06 22:50:44,1633.91
17962,17962,PayPal,2025-02-23 19:06:37,731.86
17963,17963,Bank Transfer,2024-12-06 06:07:41,2204.98
17964,17964,PayPal,2024-09-29 22:40:21,963.03
17965,17965,Bank Transfer,2024-08-16 01:27:40,80.73
17966,17966,Cash,2026-06-06 19:49:45,3487.43
17967,17967,Bank Transfer,2024-09-23 20:37:17,3194.33
17968,17968,PayPal,2025-01-28 14:52:25,1024.08
17969,17969,Credit Card,2025-01-23 23:04:35,1025.81
17970,17970,Credit Card,2025-11-17 21:18:26,2002.76
17971,17971,PayPal,2025-03-28 02:24:52,1750.53
17972,17972,Credit Card,2026-04-15 19:49:54,368.84
17973,17973,PayPal,2024-09-21 03:55:33,534.95
17974,17974,Bank Transfer,2025-08-23 00:01:22,1191.14
17975,17975,Bank Transfer,2024-10-15 15:26:20,653.22
17976,17976,Bank Transfer,2024-08-27 12:55:49,2643.04
17977,17977,Cash,2025-01-08 11:17:30,979.24
17978,17978,Cash,2026-06-11 17:24:35,463.63
17979,17979,PayPal,2025-01-07 11:15:58,2822.08
17980,17980,Bank Transfer,2025-12-15 13:33:55,2155.27
17981,17981,Credit Card,2025-03-06 21:10:11,600.04
17982,17982,PayPal,2024-09-05 20:03:08,3319.45
17983,17983,PayPal,2025-11-24 20:04:13,1979.9
17984,17984,Cash,2026-05-30 18:31:26,1865.0
17985,17985,PayPal,2025-12-02 12:17:55,2952.07
17986,17986,Credit Card,2024-11-27 14:52:11,1653.78
17987,17987,Cash,2026-03-19 06:25:47,3677.68
17988,17988,Cash,2025-04-07 15:32:52,2088.36
17989,17989,Credit Card,2025-06-18 06:33:03,2583.34
17990,17990,PayPal,2024-10-05 10:09:15,2111.53
17991,17991,Credit Card,2024-11-14 02:49:01,101.82
17992,17992,Bank Transfer,2024-11-05 22:27:42,2981.26
17993,17993,PayPal,2025-10-15 01:54:26,258.88
17994,17994,Cash,2025-03-17 22:54:24,300.1
17995,17995,Credit Card,2025-04-03 12:54:18,4287.64
17996,17996,Bank Transfer,2026-02-04 10:50:42,3156.98
17997,17997,PayPal,2026-01-29 15:04:12,509.96
17998,17998,Cash,2026-02-27 20:25:33,62.14
17999,17999,Credit Card,2025-10-04 02:12:48,1876.48
18000,18000,Credit Card,2025-12-16 19:47:27,1888.25
18001,18001,Cash,2026-07-05 10:18:34,1080.4
18002,18002,Bank Transfer,2024-08-20 11:38:40,1596.52
18003,18003,Credit Card,2026-03-27 06:42:28,582.6
18004,18004,Bank Transfer,2025-11-13 06:42:11,428.64
18005,18005,PayPal,2024-08-06 15:48:52,1671.34
18006,18006,Credit Card,2024-11-15 18:20:35,1081.83
18007,18007,Credit Card,2025-08-10 04:48:14,1346.31
18008,18008,PayPal,2025-06-09 17:07:54,1367.16
18009,18009,PayPal,2024-10-05 17:25:42,2277.11
18010,18010,Credit Card,2024-11-07 20:56:16,332.45
18011,18011,Cash,2026-07-27 13:50:20,3364.27
18012,18012,Bank Transfer,2026-02-09 23:39:53,2622.68
18013,18013,Cash,2025-10-22 10:05:36,1050.1
18014,18014,Credit Card,2026-04-15 17:26:03,2069.25
18015,18015,Cash,2025-11-29 19:45:28,424.51
18016,18016,Bank Transfer,2024-12-21 18:08:19,209.34
18017,18017,Credit Card,2024-11-04 14:38:22,3556.18
18018,18018,Cash,2024-10-01 21:02:30,1776.51
18019,18019,Credit Card,2025-02-08 22:26:42,2640.92
18020,18020,PayPal,2026-05-22 21:46:08,1810.38
18021,18021,PayPal,2026-04-16 19:35:26,2601.09
18022,18022,PayPal,2025-08-03 22:53:12,2316.99
18023,18023,Credit Card,2026-01-27 17:28:43,2129.95
18024,18024,Bank Transfer,2025-01-16 06:11:27,695.03
18025,18025,PayPal,2026-01-21 19:36:18,1277.17
18026,18026,Credit Card,2026-01-17 20:29:04,1085.68
18027,18027,PayPal,2026-07-11 01:00:17,4375.1
18028,18028,Cash,2026-01-10 01:58:57,2043.95
18029,18029,Bank Transfer,2024-12-27 06:09:23,341.24
18030,18030,Cash,2026-03-20 11:20:03,1057.18
18031,18031,Bank Transfer,2025-04-16 02:06:32,2227.41
18032,18032,Cash,2026-02-09 02:11:57,2637.85
18033,18033,Bank Transfer,2026-05-05 11:43:10,2633.77
18034,18034,PayPal,2026-06-16 11:16:47,426.09
18035,18035,Credit Card,2026-02-27 09:30:58,2215.0
18036,18036,PayPal,2025-06-11 02:48:12,1469.16
18037,18037,PayPal,2025-05-25 18:37:20,1489.78
18038,18038,PayPal,2025-12-26 02:51:42,823.1
18039,18039,Cash,2025-10-19 23:01:03,3395.97
18040,18040,Bank Transfer,2026-06-25 23:22:19,3686.34
18041,18041,PayPal,2026-05-03 08:24:26,1230.93
18042,18042,Bank Transfer,2024-09-03 11:39:54,1114.41
18043,18043,Bank Transfer,2025-01-31 05:55:08,3346.63
18044,18044,Credit Card,2025-09-06 02:35:19,1466.66
18045,18045,Cash,2025-08-28 14:20:25,1944.16
18046,18046,Cash,2025-02-02 23:56:18,772.09
18047,18047,Bank Transfer,2026-03-23 09:26:59,3422.19
18048,18048,PayPal,2024-12-18 19:11:50,2622.51
18049,18049,Credit Card,2025-05-23 22:38:14,1340.21
18050,18050,Credit Card,2026-04-06 05:53:48,2494.32
18051,18051,Credit Card,2024-09-14 21:16:44,2785.18
18052,18052,Cash,2025-11-03 17:04:45,2633.27
18053,18053,Bank Transfer,2026-01-23 09:11:39,70.57
18054,18054,Credit Card,2025-12-21 21:47:54,1144.15
18055,18055,PayPal,2025-03-20 00:06:03,964.04
18056,18056,PayPal,2024-09-10 23:16:14,839.43
18057,18057,Cash,2026-05-11 03:02:01,1797.82
18058,18058,PayPal,2025-11-25 10:03:54,2224.86
18059,18059,PayPal,2026-08-02 13:37:11,476.34
18060,18060,PayPal,2026-01-29 13:11:45,2259.48
18061,18061,PayPal,2025-10-01 15:12:19,259.6
18062,18062,Cash,2025-05-30 05:03:02,1259.32
18063,18063,Bank Transfer,2026-08-04 00:24:23,1536.05
18064,18064,Credit Card,2025-06-04 08:22:39,273.59
18065,18065,Credit Card,2026-06-26 12:15:34,1034.62
18066,18066,Credit Card,2026-07-09 20:54:33,804.73
18067,18067,PayPal,2024-12-02 03:35:17,2331.43
18068,18068,Bank Transfer,2026-07-13 22:07:37,325.53
18069,18069,Credit Card,2025-01-06 06:09:24,152.81
18070,18070,Cash,2026-04-05 14:03:38,147.0
18071,18071,PayPal,2025-01-09 08:51:35,1180.57
18072,18072,Bank Transfer,2025-04-07 07:01:41,621.45
18073,18073,Bank Transfer,2026-03-04 17:31:48,664.9
18074,18074,Bank Transfer,2024-10-23 05:35:18,2065.66
18075,18075,Credit Card,2026-05-30 10:02:40,2168.69
18076,18076,PayPal,2025-03-04 07:14:18,1729.2
18077,18077,Bank Transfer,2026-08-01 21:11:39,824.94
18078,18078,PayPal,2024-09-14 14:02:07,231.04
18079,18079,Bank Transfer,2026-02-03 07:45:23,652.16
18080,18080,PayPal,2026-05-19 00:19:43,1536.64
18081,18081,Bank Transfer,2025-09-05 07:46:27,1552.06
18082,18082,Cash,2025-03-24 18:54:53,2160.41
18083,18083,Credit Card,2025-01-29 06:36:36,1164.42
18084,18084,Credit Card,2026-02-03 17:19:27,1975.44
18085,18085,Bank Transfer,2026-02-10 20:31:43,1090.62
18086,18086,Credit Card,2026-05-01 06:15:46,2558.99
18087,18087,PayPal,2025-07-28 21:15:02,369.19
18088,18088,Bank Transfer,2025-10-22 07:18:08,153.66
18089,18089,Credit Card,2024-12-22 18:19:52,770.36
18090,18090,Credit Card,2024-11-04 23:54:10,388.06
18091,18091,PayPal,2025-12-13 21:03:10,1929.57
18092,18092,Bank Transfer,2025-02-04 21:25:56,2772.0
18093,18093,Credit Card,2025-01-05 18:58:53,1479.87
18094,18094,PayPal,2026-03-03 10:28:11,1086.56
18095,18095,Bank Transfer,2026-03-09 13:17:56,2871.75
18096,18096,Cash,2025-08-26 06:07:02,1753.78
18097,18097,Cash,2025-02-14 06:00:00,1045.53
18098,18098,Cash,2024-10-03 22:52:08,3970.88
18099,18099,Cash,2025-02-25 15:15:47,2383.56
18100,18100,Credit Card,2026-06-09 20:19:14,435.48
18101,18101,Cash,2026-05-31 15:37:48,60.38
18102,18102,Credit Card,2025-07-02 21:16:54,2600.28
18103,18103,Bank Transfer,2025-04-23 19:54:23,2625.2
18104,18104,PayPal,2025-11-23 14:47:38,3572.32
18105,18105,Credit Card,2025-08-20 02:58:22,2874.06
18106,18106,Cash,2024-11-21 19:30:19,1381.43
18107,18107,PayPal,2026-03-02 14:14:55,1212.37
18108,18108,PayPal,2025-03-29 10:44:40,1936.88
18109,18109,Cash,2025-08-31 07:01:50,611.24
18110,18110,Bank Transfer,2024-10-06 03:44:41,607.19
18111,18111,Cash,2026-03-13 00:42:21,915.21
18112,18112,Cash,2026-01-06 16:36:14,2562.08
18113,18113,PayPal,2025-08-25 05:19:49,2249.01
18114,18114,Credit Card,2026-07-04 05:44:55,2673.38
18115,18115,PayPal,2025-06-22 17:28:14,2205.19
18116,18116,Credit Card,2026-05-07 20:33:54,3069.9
18117,18117,Bank Transfer,2026-03-17 18:14:46,1495.22
18118,18118,PayPal,2025-10-24 01:27:43,5962.34
18119,18119,Cash,2026-07-17 15:42:33,5173.73
18120,18120,PayPal,2025-05-16 12:55:27,1095.68
18121,18121,PayPal,2025-05-08 23:24:55,2965.6
18122,18122,PayPal,2025-05-16 10:00:27,807.76
18123,18123,Cash,2025-10-06 06:10:51,517.03
18124,18124,Cash,2025-12-07 04:28:46,1741.92
18125,18125,Bank Transfer,2025-04-16 21:11:48,1369.77
18126,18126,Cash,2024-10-29 17:42:38,152.73
18127,18127,Credit Card,2024-10-19 20:41:01,1129.83
18128,18128,Cash,2025-10-17 10:13:29,2692.99
18129,18129,Credit Card,2026-07-23 23:59:16,2504.7
18130,18130,Cash,2026-01-08 11:45:52,1956.4
18131,18131,Bank Transfer,2025-08-23 11:27:39,1209.92
18132,18132,Credit Card,2026-04-24 19:09:57,2483.36
18133,18133,Bank Transfer,2025-06-11 11:58:01,3573.8
18134,18134,PayPal,2025-01-05 10:11:34,1174.77
18135,18135,Credit Card,2025-04-25 07:46:39,3503.57
18136,18136,Cash,2026-01-19 05:17:20,3277.3
18137,18137,Bank Transfer,2024-12-09 02:13:32,3046.35
18138,18138,Bank Transfer,2025-06-14 22:41:02,2743.18
18139,18139,PayPal,2026-06-25 10:04:10,1229.73
18140,18140,Credit Card,2025-07-17 22:24:03,1393.17
18141,18141,Cash,2026-07-15 02:22:45,424.51
18142,18142,PayPal,2025-08-09 18:12:23,1945.05
18143,18143,Cash,2024-12-30 11:20:04,3371.5
18144,18144,Bank Transfer,2025-06-30 04:28:07,93.78
18145,18145,Credit Card,2026-02-01 10:11:31,1031.6
18146,18146,Credit Card,2026-03-18 00:00:05,3328.18
18147,18147,PayPal,2026-03-24 18:58:16,1979.07
18148,18148,Bank Transfer,2026-01-31 17:30:35,666.23
18149,18149,PayPal,2026-06-27 17:59:06,181.14
18150,18150,Bank Transfer,2025-09-17 22:14:03,768.33
18151,18151,PayPal,2024-11-29 11:31:33,302.91
18152,18152,Cash,2026-03-22 19:33:43,3348.73
18153,18153,PayPal,2026-01-08 15:36:52,21.12
18154,18154,PayPal,2026-04-03 13:56:54,1656.74
18155,18155,Credit Card,2026-02-08 06:05:13,4290.89
18156,18156,PayPal,2025-04-19 11:05:12,194.7
18157,18157,PayPal,2024-12-24 13:18:19,412.68
18158,18158,Cash,2024-09-07 17:38:28,1986.24
18159,18159,Bank Transfer,2024-12-06 00:43:18,2066.46
18160,18160,Bank Transfer,2025-06-25 16:50:22,3368.98
18161,18161,PayPal,2025-09-10 06:45:05,3367.68
18162,18162,Bank Transfer,2025-05-12 20:25:20,596.35
18163,18163,Credit Card,2024-12-02 20:29:05,2401.38
18164,18164,Bank Transfer,2026-05-24 09:24:46,753.25
18165,18165,PayPal,2025-01-29 10:31:30,1550.11
18166,18166,Cash,2026-01-14 08:00:58,653.38
18167,18167,Bank Transfer,2025-12-18 00:57:54,269.0
18168,18168,Bank Transfer,2024-12-13 20:38:33,942.38
18169,18169,Credit Card,2025-11-03 19:36:20,453.89
18170,18170,Bank Transfer,2025-05-02 22:49:25,269.0
18171,18171,PayPal,2025-11-26 21:40:30,1854.52
18172,18172,Cash,2026-06-21 22:21:23,3018.7
18173,18173,Bank Transfer,2025-03-17 22:47:40,58.68
18174,18174,Bank Transfer,2025-11-19 02:25:26,3003.95
18175,18175,Cash,2024-11-29 14:59:13,2214.97
18176,18176,Bank Transfer,2025-08-28 23:31:18,318.84
18177,18177,Credit Card,2024-12-21 19:52:49,1338.77
18178,18178,Credit Card,2026-06-16 11:18:24,807.76
18179,18179,Cash,2025-10-24 16:53:44,295.64
18180,18180,Credit Card,2025-07-05 03:17:35,239.64
18181,18181,PayPal,2026-07-02 20:33:13,1676.62
18182,18182,PayPal,2026-04-02 12:51:31,2160.79
18183,18183,PayPal,2024-10-07 13:27:52,2484.3
18184,18184,PayPal,2025-06-26 11:42:01,30.06
18185,18185,Bank Transfer,2024-11-14 03:00:47,868.23
18186,18186,Credit Card,2024-12-29 17:32:24,484.68
18187,18187,Bank Transfer,2025-02-12 17:47:53,294.09
18188,18188,Bank Transfer,2025-04-26 15:32:38,1426.0
18189,18189,Credit Card,2025-11-13 03:37:02,2323.25
18190,18190,Credit Card,2024-11-16 07:00:04,879.16
18191,18191,Cash,2024-08-28 19:57:09,2585.78
18192,18192,Bank Transfer,2024-12-28 15:36:43,3170.51
18193,18193,Cash,2025-04-04 03:31:58,3427.9
18194,18194,Credit Card,2024-11-17 15:54:43,137.07
18195,18195,Credit Card,2026-03-03 19:50:24,570.4
18196,18196,Cash,2025-07-15 13:08:06,335.75
18197,18197,PayPal,2024-11-24 04:20:59,1294.11
18198,18198,Bank Transfer,2026-04-04 14:46:04,4830.92
18199,18199,Credit Card,2024-11-19 22:16:49,3735.92
18200,18200,Bank Transfer,2026-07-26 02:21:29,1819.06
18201,18201,Cash,2025-10-01 23:47:08,1232.47
18202,18202,Credit Card,2026-04-20 22:46:56,2274.93
18203,18203,Bank Transfer,2025-12-31 14:48:59,1057.29
18204,18204,Bank Transfer,2024-09-17 00:37:41,2706.34
18205,18205,Cash,2025-03-04 05:53:17,1256.54
18206,18206,Cash,2024-11-08 03:47:20,2830.93
18207,18207,Credit Card,2024-11-11 10:26:43,2076.3
18208,18208,Bank Transfer,2025-06-24 04:04:35,1390.89
18209,18209,Cash,2025-09-01 14:01:15,850.36
18210,18210,PayPal,2024-08-14 21:23:44,639.36
18211,18211,Bank Transfer,2025-02-05 03:43:53,2830.28
18212,18212,Cash,2026-03-09 11:44:57,1204.8
18213,18213,Credit Card,2025-03-18 00:45:05,2313.83
18214,18214,Cash,2024-09-23 13:39:33,4624.38
18215,18215,PayPal,2025-09-16 09:02:37,322.92
18216,18216,Bank Transfer,2025-12-13 17:46:39,539.25
18217,18217,Cash,2025-10-14 21:32:09,1570.4
18218,18218,PayPal,2025-04-27 15:54:05,953.91
18219,18219,Credit Card,2025-10-04 10:35:03,2266.44
18220,18220,Bank Transfer,2025-05-20 22:03:29,320.46
18221,18221,PayPal,2025-11-29 16:13:10,73.4
18222,18222,Cash,2026-03-19 13:06:58,2278.31
18223,18223,Cash,2025-03-26 20:11:38,2386.68
18224,18224,Credit Card,2025-03-29 16:20:29,249.68
18225,18225,Credit Card,2026-04-13 20:55:54,2704.88
18226,18226,Credit Card,2025-10-17 11:20:36,1226.1
18227,18227,Credit Card,2025-01-06 13:45:17,1152.62
18228,18228,Credit Card,2025-12-14 10:37:04,1862.7
18229,18229,Credit Card,2026-04-07 04:28:28,1425.46
18230,18230,Credit Card,2026-06-03 22:44:42,770.64
18231,18231,PayPal,2025-10-15 07:51:24,673.92
18232,18232,Cash,2025-11-23 20:45:27,1324.8
18233,18233,Cash,2025-08-17 05:45:06,3151.69
18234,18234,PayPal,2025-09-03 07:45:26,107.44
18235,18235,Credit Card,2025-10-09 07:03:39,3879.39
18236,18236,Bank Transfer,2024-08-17 10:46:51,1299.0
18237,18237,Cash,2025-12-19 05:02:26,279.81
18238,18238,Credit Card,2025-07-02 12:03:36,2426.36
18239,18239,Credit Card,2026-02-14 05:31:15,3420.64
18240,18240,PayPal,2025-02-21 11:09:45,1530.27
18241,18241,Cash,2025-10-08 11:16:04,1001.41
18242,18242,Bank Transfer,2024-09-12 09:50:12,874.13
18243,18243,Cash,2026-05-11 04:00:13,2826.61
18244,18244,Bank Transfer,2026-07-11 19:24:46,1059.13
18245,18245,PayPal,2025-09-01 02:04:32,2040.4
18246,18246,Cash,2025-06-03 17:45:24,1075.73
18247,18247,Credit Card,2025-02-08 13:26:59,3336.52
18248,18248,Bank Transfer,2025-06-06 03:01:55,1186.76
18249,18249,Credit Card,2026-06-06 06:36:05,1324.61
18250,18250,Cash,2025-03-08 00:57:41,2483.87
18251,18251,Credit Card,2024-10-27 18:42:30,2954.61
18252,18252,Credit Card,2024-11-05 05:14:01,4218.4
18253,18253,Bank Transfer,2025-01-11 09:14:17,840.6
18254,18254,Cash,2025-02-14 06:54:01,4434.71
18255,18255,Bank Transfer,2024-11-25 03:16:25,503.46
18256,18256,Credit Card,2026-04-14 15:08:06,1005.63
18257,18257,Credit Card,2025-06-01 10:51:43,285.2
18258,18258,PayPal,2026-02-08 07:17:53,2223.51
18259,18259,PayPal,2026-07-22 18:44:33,1284.38
18260,18260,Cash,2025-01-13 02:14:45,822.74
18261,18261,Bank Transfer,2024-08-09 11:40:41,2680.7
18262,18262,PayPal,2025-02-18 15:04:52,2713.41
18263,18263,Credit Card,2025-02-22 17:40:32,2338.92
18264,18264,PayPal,2025-10-09 07:04:14,740.63
18265,18265,PayPal,2026-04-30 23:36:46,853.95
18266,18266,Credit Card,2025-05-13 13:08:22,3098.54
18267,18267,Credit Card,2026-03-08 03:07:21,4108.96
18268,18268,Credit Card,2026-07-29 13:33:34,2432.14
18269,18269,Bank Transfer,2026-06-30 03:45:25,346.84
18270,18270,Bank Transfer,2025-03-22 06:26:09,1610.98
18271,18271,Credit Card,2026-05-15 09:29:10,2175.19
18272,18272,Cash,2025-03-26 17:26:02,108.71
18273,18273,Bank Transfer,2026-03-15 18:10:15,173.42
18274,18274,Bank Transfer,2024-10-10 10:49:00,1149.95
18275,18275,Cash,2026-03-18 19:42:49,4652.85
18276,18276,Cash,2026-06-23 09:36:46,1213.59
18277,18277,Cash,2026-06-02 02:13:48,5280.58
18278,18278,Credit Card,2024-12-04 23:50:03,3541.72
18279,18279,Bank Transfer,2025-07-18 05:22:38,419.67
18280,18280,PayPal,2025-12-13 04:20:05,1225.32
18281,18281,Bank Transfer,2025-03-01 07:02:50,1367.45
18282,18282,Cash,2026-03-26 09:40:47,322.61
18283,18283,Bank Transfer,2024-09-11 20:49:53,580.33
18284,18284,Cash,2026-06-12 08:35:00,1579.1
18285,18285,Bank Transfer,2025-03-13 18:05:06,583.12
18286,18286,PayPal,2025-11-15 12:17:10,900.3
18287,18287,Credit Card,2025-07-21 07:43:12,19.37
18288,18288,Cash,2026-06-03 00:04:41,1192.05
18289,18289,Credit Card,2025-08-29 19:14:08,1370.43
18290,18290,Credit Card,2026-04-02 11:23:52,1446.15
18291,18291,Credit Card,2026-04-08 18:20:29,162.06
18292,18292,Bank Transfer,2025-10-14 18:33:36,100.6
18293,18293,PayPal,2025-06-27 10:52:33,3530.66
18294,18294,PayPal,2026-08-05 21:10:28,1279.8
18295,18295,Bank Transfer,2026-06-03 07:34:41,1042.71
18296,18296,PayPal,2024-10-08 21:40:19,1874.93
18297,18297,Bank Transfer,2025-04-19 12:32:28,2283.76
18298,18298,Cash,2025-03-01 10:36:24,2038.89
18299,18299,Credit Card,2025-11-18 07:14:32,2873.44
18300,18300,PayPal,2026-01-28 15:13:19,2908.11
18301,18301,PayPal,2026-06-23 23:47:47,626.52
18302,18302,Cash,2025-05-05 05:50:40,1752.54
18303,18303,Cash,2024-12-13 20:50:47,1728.32
18304,18304,Bank Transfer,2025-08-04 10:12:56,99.72
18305,18305,Credit Card,2024-12-21 14:04:52,2705.67
18306,18306,Credit Card,2025-04-20 17:01:12,2042.9
18307,18307,Cash,2024-08-23 10:17:42,1968.85
18308,18308,Credit Card,2024-10-20 02:24:31,608.48
18309,18309,PayPal,2025-05-06 02:48:58,1688.9
18310,18310,PayPal,2024-08-12 22:02:16,123.53
18311,18311,Bank Transfer,2025-10-22 06:01:09,1323.41
18312,18312,PayPal,2026-01-14 23:04:35,3087.54
18313,18313,Bank Transfer,2024-09-10 06:31:16,1255.2
18314,18314,PayPal,2025-06-11 23:36:51,1379.38
18315,18315,Credit Card,2026-05-04 06:51:56,3767.78
18316,18316,Credit Card,2024-08-23 23:16:56,1748.33
18317,18317,Bank Transfer,2026-06-06 22:15:46,1409.31
18318,18318,Cash,2024-12-19 04:32:50,2628.83
18319,18319,Cash,2025-01-23 11:56:51,722.48
18320,18320,Credit Card,2026-05-08 12:28:40,854.02
18321,18321,Bank Transfer,2024-10-28 22:04:41,1248.25
18322,18322,Credit Card,2025-05-16 02:45:57,2503.38
18323,18323,Bank Transfer,2025-09-19 10:25:12,1277.26
18324,18324,Bank Transfer,2026-04-22 12:55:01,594.93
18325,18325,Cash,2024-12-27 08:49:44,142.0
18326,18326,Cash,2026-05-19 23:24:39,2664.38
18327,18327,Cash,2025-07-24 12:04:51,1146.18
18328,18328,PayPal,2024-11-30 23:28:19,180.66
18329,18329,PayPal,2026-03-10 08:41:27,2286.58
18330,18330,Bank Transfer,2025-02-07 07:11:56,4457.11
18331,18331,Cash,2025-05-24 00:01:00,862.74
18332,18332,PayPal,2024-09-16 23:43:51,1599.56
18333,18333,Cash,2025-03-30 02:21:42,1915.28
18334,18334,Cash,2025-04-07 19:47:17,1100.58
18335,18335,Bank Transfer,2025-11-19 08:56:45,4152.53
18336,18336,PayPal,2026-03-21 15:08:44,1157.08
18337,18337,PayPal,2026-07-22 02:37:14,357.64
18338,18338,Cash,2025-05-29 06:25:09,962.68
18339,18339,PayPal,2025-03-18 18:00:27,536.46
18340,18340,Bank Transfer,2026-05-19 20:20:31,1931.12
18341,18341,Cash,2025-03-20 04:42:39,2337.37
18342,18342,Bank Transfer,2026-01-14 06:00:19,2861.76
18343,18343,Cash,2024-09-04 20:57:15,860.13
18344,18344,PayPal,2025-04-13 07:25:02,3226.51
18345,18345,Bank Transfer,2024-10-07 03:20:55,1199.54
18346,18346,Cash,2025-02-05 23:01:31,180.66
18347,18347,PayPal,2025-02-06 21:57:52,208.5
18348,18348,PayPal,2025-04-18 10:29:27,3262.76
18349,18349,Bank Transfer,2025-01-03 06:45:57,49.86
18350,18350,PayPal,2026-08-03 04:43:58,1112.77
18351,18351,Cash,2025-02-10 16:29:19,1305.92
18352,18352,Credit Card,2026-02-25 03:43:15,2668.42
18353,18353,Credit Card,2026-04-02 19:09:11,3313.56
18354,18354,Cash,2024-09-26 11:11:14,2439.76
18355,18355,PayPal,2025-08-16 15:22:42,1074.6
18356,18356,Cash,2025-01-21 17:35:16,1228.38
18357,18357,PayPal,2025-07-14 00:12:10,85.44
18358,18358,Cash,2025-07-12 18:17:41,2224.07
18359,18359,PayPal,2025-01-26 00:00:57,3370.33
18360,18360,Credit Card,2025-12-27 20:55:48,1743.45
18361,18361,Bank Transfer,2025-11-19 00:41:31,2401.03
18362,18362,PayPal,2025-04-27 04:49:42,1647.75
18363,18363,Bank Transfer,2025-07-08 22:52:32,2152.51
18364,18364,PayPal,2026-04-15 21:49:33,1938.27
18365,18365,Cash,2026-07-18 00:15:28,3354.27
18366,18366,PayPal,2026-06-18 18:47:33,294.32
18367,18367,Bank Transfer,2024-09-29 16:14:16,1313.94
18368,18368,Cash,2026-02-22 23:04:41,3093.86
18369,18369,PayPal,2026-01-23 20:00:48,2172.53
18370,18370,PayPal,2026-04-01 07:59:37,2215.88
18371,18371,Credit Card,2024-09-07 08:44:13,1929.62
18372,18372,Credit Card,2025-02-14 17:30:08,2390.44
18373,18373,PayPal,2025-08-08 19:07:07,2332.16
18374,18374,Bank Transfer,2024-10-05 21:14:33,1228.52
18375,18375,Credit Card,2024-09-02 08:53:19,2157.82
18376,18376,PayPal,2026-05-20 14:03:54,4748.36
18377,18377,Bank Transfer,2024-09-15 23:09:02,1234.2
18378,18378,Cash,2025-07-20 06:14:03,644.08
18379,18379,Credit Card,2026-04-04 09:20:45,916.15
18380,18380,Cash,2026-03-06 21:31:51,375.33
18381,18381,Bank Transfer,2025-06-26 17:08:41,1256.9
18382,18382,PayPal,2024-10-16 07:24:35,221.21
18383,18383,Bank Transfer,2026-06-02 23:07:45,966.48
18384,18384,PayPal,2025-08-01 08:11:23,2031.93
18385,18385,Cash,2024-12-28 03:01:31,2574.12
18386,18386,Credit Card,2026-04-05 22:20:51,2379.94
18387,18387,Bank Transfer,2025-09-19 08:49:10,2548.27
18388,18388,Bank Transfer,2026-07-11 12:12:54,3746.22
18389,18389,Cash,2025-06-14 06:17:56,306.52
18390,18390,Bank Transfer,2024-12-12 18:52:17,3657.18
18391,18391,Credit Card,2026-07-06 02:03:04,1482.45
18392,18392,Credit Card,2025-07-27 18:04:58,1010.09
18393,18393,Bank Transfer,2026-04-27 14:32:37,1117.99
18394,18394,Cash,2025-11-18 17:16:30,2409.69
18395,18395,Credit Card,2024-08-23 02:38:00,811.29
18396,18396,PayPal,2026-07-15 07:13:14,1997.07
18397,18397,Cash,2026-06-18 07:29:02,49.5
18398,18398,Bank Transfer,2025-08-27 09:12:41,1067.62
18399,18399,Credit Card,2026-02-19 21:28:57,875.19
18400,18400,Bank Transfer,2025-01-22 15:03:12,1488.98
18401,18401,Bank Transfer,2025-08-18 02:29:43,1628.46
18402,18402,Credit Card,2024-11-19 08:39:43,2794.85
18403,18403,Cash,2025-10-14 04:36:27,1403.57
18404,18404,PayPal,2024-09-01 19:57:50,5331.58
18405,18405,Cash,2026-03-12 11:22:19,2043.12
18406,18406,Bank Transfer,2025-10-18 13:35:22,1230.57
18407,18407,Cash,2026-07-25 06:34:47,1971.25
18408,18408,Bank Transfer,2025-08-01 21:55:00,426.41
18409,18409,Cash,2025-11-03 06:17:38,1184.22
18410,18410,PayPal,2025-06-10 08:02:29,467.08
18411,18411,Credit Card,2025-11-11 21:43:32,828.6
18412,18412,PayPal,2026-06-11 01:30:05,943.0
18413,18413,PayPal,2026-05-04 07:28:44,1537.83
18414,18414,Cash,2026-06-22 01:05:08,111.31
18415,18415,Credit Card,2025-04-13 16:52:19,371.0
18416,18416,Credit Card,2025-03-22 18:01:25,2269.12
18417,18417,Bank Transfer,2026-08-03 23:24:32,2618.85
18418,18418,Cash,2026-05-19 12:31:09,2686.04
18419,18419,Credit Card,2025-09-01 18:53:06,311.04
18420,18420,Cash,2024-08-28 15:51:18,2996.02
18421,18421,PayPal,2026-06-11 01:36:36,621.45
18422,18422,Credit Card,2025-04-03 01:54:30,1108.65
18423,18423,PayPal,2025-09-15 11:13:36,840.51
18424,18424,Bank Transfer,2026-03-26 23:52:11,4638.58
18425,18425,Credit Card,2024-10-08 05:40:56,1074.12
18426,18426,Bank Transfer,2024-08-16 09:28:01,274.45
18427,18427,Credit Card,2025-09-26 04:14:46,837.07
18428,18428,Bank Transfer,2025-06-08 13:35:52,2791.66
18429,18429,Credit Card,2025-08-26 04:26:28,2718.51
18430,18430,Cash,2026-05-17 15:16:32,1901.8
18431,18431,Cash,2025-10-21 08:39:01,2564.71
18432,18432,Cash,2025-07-23 21:30:03,2020.5
18433,18433,Bank Transfer,2026-03-30 17:33:20,1713.25
18434,18434,Credit Card,2025-04-18 06:24:02,431.52
18435,18435,PayPal,2024-09-05 04:34:17,2832.08
18436,18436,Bank Transfer,2025-06-17 12:18:32,1261.91
18437,18437,Cash,2025-03-29 09:00:31,2788.52
18438,18438,Bank Transfer,2025-07-12 23:50:09,1090.1
18439,18439,Credit Card,2026-04-14 04:44:39,1507.2
18440,18440,Credit Card,2024-09-13 21:12:35,333.58
18441,18441,PayPal,2025-11-29 03:14:43,939.54
18442,18442,PayPal,2026-02-12 05:53:03,674.24
18443,18443,Bank Transfer,2026-05-21 17:04:03,659.5
18444,18444,PayPal,2026-06-18 07:32:07,375.52
18445,18445,Bank Transfer,2024-09-26 17:19:24,453.7
18446,18446,PayPal,2025-10-19 16:10:19,1155.27
18447,18447,Bank Transfer,2026-06-17 12:58:31,1684.22
18448,18448,Cash,2024-11-12 02:01:03,3387.68
18449,18449,Bank Transfer,2025-01-20 23:15:43,2151.95
18450,18450,Bank Transfer,2025-06-10 16:11:09,3218.57
18451,18451,Bank Transfer,2025-03-21 15:57:20,462.66
18452,18452,PayPal,2025-05-27 23:23:21,1942.8
18453,18453,PayPal,2025-08-20 02:29:05,3914.58
18454,18454,Credit Card,2025-06-15 18:21:54,489.1
18455,18455,Bank Transfer,2026-02-04 21:54:20,1221.59
18456,18456,Cash,2025-12-24 09:03:28,331.13
18457,18457,Cash,2025-05-15 05:17:13,927.88
18458,18458,Bank Transfer,2026-06-08 19:55:11,539.8
18459,18459,Bank Transfer,2025-12-11 18:04:33,2344.71
18460,18460,Credit Card,2025-12-31 21:58:07,2668.71
18461,18461,Cash,2026-07-11 20:40:53,762.38
18462,18462,Bank Transfer,2025-11-18 17:50:35,3064.37
18463,18463,Cash,2025-08-30 11:14:55,2281.76
18464,18464,PayPal,2025-01-13 03:54:53,1444.96
18465,18465,Cash,2025-05-01 19:10:12,2220.5
18466,18466,PayPal,2026-05-02 12:55:16,467.52
18467,18467,Cash,2025-07-29 14:22:55,417.0
18468,18468,Credit Card,2025-10-09 07:53:12,2489.2
18469,18469,Bank Transfer,2025-01-05 10:52:31,1634.21
18470,18470,Bank Transfer,2025-04-14 10:31:18,2137.29
18471,18471,Bank Transfer,2025-06-17 18:16:02,1673.42
18472,18472,Bank Transfer,2026-06-29 11:44:21,3012.91
18473,18473,Cash,2025-11-09 20:05:56,1046.21
18474,18474,PayPal,2025-05-21 07:56:02,668.9
18475,18475,Bank Transfer,2026-07-19 23:20:30,1668.52
18476,18476,PayPal,2024-09-14 03:55:50,1389.86
18477,18477,Cash,2026-06-12 07:31:05,2105.6
18478,18478,Cash,2025-10-12 07:13:41,1284.42
18479,18479,PayPal,2025-02-25 18:07:09,916.05
18480,18480,Bank Transfer,2026-02-14 03:41:09,411.64
18481,18481,Credit Card,2024-11-07 11:00:21,2266.12
18482,18482,Bank Transfer,2025-03-15 23:35:25,40.14
18483,18483,Cash,2026-05-08 11:59:08,1912.22
18484,18484,Bank Transfer,2024-11-03 13:21:36,3590.13
18485,18485,Cash,2025-11-14 12:22:53,1955.09
18486,18486,Bank Transfer,2026-01-15 07:10:13,2383.43
18487,18487,Bank Transfer,2025-12-06 14:45:41,1855.86
18488,18488,Credit Card,2025-08-28 08:39:18,533.12
18489,18489,Cash,2025-12-08 03:44:09,537.02
18490,18490,Bank Transfer,2025-08-26 19:11:38,1945.58
18491,18491,Credit Card,2026-05-13 16:03:24,1671.44
18492,18492,Credit Card,2025-10-11 11:44:22,2489.4
18493,18493,Cash,2024-10-27 05:27:00,2369.1
18494,18494,Credit Card,2025-03-08 12:01:49,1879.35
18495,18495,Credit Card,2025-09-15 17:51:05,2935.42
18496,18496,Bank Transfer,2024-08-29 11:33:23,3018.69
18497,18497,Cash,2026-04-17 11:14:44,1849.42
18498,18498,Bank Transfer,2024-10-12 05:52:19,1990.91
18499,18499,Bank Transfer,2024-11-02 22:11:50,2294.75
18500,18500,Credit Card,2025-06-05 04:16:06,266.42
18501,18501,Credit Card,2025-05-30 09:33:44,2376.42
18502,18502,PayPal,2025-08-30 21:16:24,426.24
18503,18503,Credit Card,2025-06-14 11:42:48,859.97
18504,18504,Bank Transfer,2024-09-05 19:19:12,1444.96
18505,18505,Cash,2025-12-29 11:23:30,1739.35
18506,18506,Bank Transfer,2026-01-25 23:38:20,1801.85
18507,18507,Cash,2025-04-18 07:49:50,1527.92
18508,18508,PayPal,2026-05-21 23:00:00,1186.56
18509,18509,Cash,2026-03-30 08:54:19,608.78
18510,18510,Credit Card,2025-05-19 16:04:58,329.96
18511,18511,Credit Card,2025-08-24 01:45:21,1064.02
18512,18512,PayPal,2024-09-05 03:32:52,1426.8
18513,18513,Bank Transfer,2026-08-02 17:48:19,893.26
18514,18514,Credit Card,2025-06-04 04:31:09,2011.32
18515,18515,Cash,2025-03-20 15:52:34,1345.01
18516,18516,Credit Card,2025-02-21 02:38:47,1133.64
18517,18517,Bank Transfer,2026-05-30 21:58:48,2801.0
18518,18518,Credit Card,2024-12-27 18:28:02,836.07
18519,18519,Credit Card,2024-10-11 23:01:05,815.76
18520,18520,Credit Card,2026-04-14 23:32:41,981.22
18521,18521,Credit Card,2024-10-28 22:55:05,1136.88
18522,18522,PayPal,2026-06-30 01:45:33,792.84
18523,18523,Cash,2026-06-10 05:55:11,3017.32
18524,18524,Credit Card,2026-06-14 09:25:39,772.78
18525,18525,Credit Card,2024-10-24 22:43:38,3394.46
18526,18526,Bank Transfer,2026-01-09 19:06:07,2000.16
18527,18527,Credit Card,2025-03-15 19:25:28,1804.59
18528,18528,Credit Card,2026-01-10 11:18:23,1588.78
18529,18529,Credit Card,2025-06-19 18:28:25,3451.16
18530,18530,Bank Transfer,2025-09-26 12:08:50,360.41
18531,18531,PayPal,2026-01-26 00:10:31,1784.12
18532,18532,PayPal,2025-03-17 20:55:41,716.4
18533,18533,PayPal,2026-05-07 12:38:43,229.59
18534,18534,Credit Card,2026-04-11 23:42:49,750.66
18535,18535,Bank Transfer,2025-07-10 10:27:45,1809.67
18536,18536,Bank Transfer,2024-08-24 07:20:00,2761.86
18537,18537,Cash,2024-10-16 07:55:08,992.53
18538,18538,Credit Card,2024-12-24 03:57:57,1183.8
18539,18539,Cash,2026-08-01 19:17:09,2306.63
18540,18540,Bank Transfer,2025-01-30 17:35:00,2401.75
18541,18541,Bank Transfer,2025-04-23 23:19:53,1181.84
18542,18542,Credit Card,2025-09-18 12:02:55,2055.23
18543,18543,Cash,2026-05-06 18:45:42,245.17
18544,18544,PayPal,2025-04-06 19:14:36,2410.59
18545,18545,Credit Card,2025-10-04 17:38:24,1918.78
18546,18546,Cash,2025-02-28 04:24:36,2352.94
18547,18547,Cash,2024-12-20 10:40:04,1608.36
18548,18548,Bank Transfer,2024-11-07 14:21:39,2226.73
18549,18549,Cash,2025-03-21 22:00:39,3935.54
18550,18550,Credit Card,2025-08-30 07:20:39,1334.44
18551,18551,Cash,2025-06-09 06:59:52,1662.59
18552,18552,Bank Transfer,2026-06-22 22:35:08,2945.61
18553,18553,Cash,2025-12-17 22:58:20,375.12
18554,18554,Credit Card,2025-05-10 19:37:08,2080.56
18555,18555,Bank Transfer,2024-10-06 07:38:43,323.16
18556,18556,Cash,2025-08-26 15:26:15,4237.22
18557,18557,Bank Transfer,2026-04-26 13:05:37,1863.0
18558,18558,Bank Transfer,2025-11-11 20:54:52,2534.71
18559,18559,Credit Card,2025-11-20 11:47:36,1257.28
18560,18560,Credit Card,2025-07-07 19:08:03,2696.34
18561,18561,Credit Card,2025-11-08 19:07:26,1651.78
18562,18562,Bank Transfer,2025-09-09 22:49:27,127.24
18563,18563,Credit Card,2025-08-15 04:45:06,3025.04
18564,18564,Cash,2026-06-03 23:46:20,707.81
18565,18565,Cash,2025-10-17 08:13:15,801.86
18566,18566,Bank Transfer,2025-01-05 06:07:13,1184.13
18567,18567,Credit Card,2026-07-25 23:01:54,3232.8
18568,18568,Bank Transfer,2025-08-11 07:33:51,2112.5
18569,18569,PayPal,2026-04-20 19:54:33,672.21
18570,18570,Credit Card,2026-05-30 09:47:55,4641.53
18571,18571,Bank Transfer,2026-07-14 12:49:22,3485.82
18572,18572,Cash,2026-01-04 08:21:53,235.19
18573,18573,PayPal,2025-03-24 14:05:15,1923.15
18574,18574,PayPal,2026-05-10 02:33:46,1874.2
18575,18575,Credit Card,2024-12-17 02:52:20,501.9
18576,18576,Bank Transfer,2026-02-01 14:35:09,747.87
18577,18577,Cash,2025-11-04 03:07:26,1073.98
18578,18578,Cash,2025-11-30 08:18:33,1474.16
18579,18579,PayPal,2025-03-28 08:34:10,3032.15
18580,18580,Credit Card,2025-06-22 21:08:29,1757.22
18581,18581,Cash,2024-09-01 20:57:25,1081.11
18582,18582,Cash,2025-05-24 08:46:32,452.92
18583,18583,PayPal,2025-04-12 00:33:01,399.13
18584,18584,PayPal,2026-07-24 00:29:10,3502.88
18585,18585,Credit Card,2025-03-11 02:46:20,1077.55
18586,18586,Cash,2025-04-19 02:25:28,3019.03
18587,18587,Cash,2026-07-24 20:34:34,1085.96
18588,18588,Credit Card,2026-06-12 00:59:10,280.69
18589,18589,Bank Transfer,2026-02-04 10:32:26,676.54
18590,18590,Cash,2025-06-09 15:22:00,1295.86
18591,18591,Bank Transfer,2025-05-24 02:42:38,2776.56
18592,18592,Cash,2025-01-08 01:07:04,135.67
18593,18593,Credit Card,2026-08-02 00:57:08,1716.09
18594,18594,Credit Card,2026-07-21 03:54:48,1390.12
18595,18595,PayPal,2025-12-10 02:28:42,2277.94
18596,18596,PayPal,2025-10-24 14:47:00,960.36
18597,18597,PayPal,2026-07-03 09:30:15,1688.82
18598,18598,Cash,2025-06-09 03:43:38,3604.74
18599,18599,Bank Transfer,2024-09-14 04:49:13,1556.73
18600,18600,Bank Transfer,2026-01-05 04:13:03,1783.85
18601,18601,Cash,2025-03-29 02:21:08,1818.49
18602,18602,PayPal,2025-11-09 09:33:06,1874.24
18603,18603,Credit Card,2025-04-13 01:14:19,175.53
18604,18604,Bank Transfer,2026-08-04 11:16:53,4702.45
18605,18605,Bank Transfer,2024-09-01 06:39:23,1563.89
18606,18606,PayPal,2026-03-18 12:37:19,2018.48
18607,18607,PayPal,2025-04-21 01:15:42,2042.47
18608,18608,Credit Card,2025-04-08 00:57:51,587.92
18609,18609,Credit Card,2026-05-07 13:47:48,249.29
18610,18610,PayPal,2025-07-02 17:52:22,2692.54
18611,18611,PayPal,2025-09-03 14:26:19,353.52
18612,18612,PayPal,2025-08-06 05:40:07,2060.57
18613,18613,PayPal,2025-01-29 17:19:07,1155.08
18614,18614,Cash,2025-04-15 03:51:12,899.01
18615,18615,Bank Transfer,2025-03-02 21:14:20,731.84
18616,18616,PayPal,2026-06-30 17:57:26,1159.56
18617,18617,Bank Transfer,2025-07-28 20:03:30,476.98
18618,18618,PayPal,2025-08-17 23:20:03,1737.26
18619,18619,Cash,2025-04-20 16:29:29,1455.47
18620,18620,Credit Card,2025-03-06 18:53:41,1438.93
18621,18621,Bank Transfer,2026-06-02 00:46:30,194.7
18622,18622,Bank Transfer,2024-08-27 13:22:37,2525.07
18623,18623,Credit Card,2025-11-21 21:14:00,194.71
18624,18624,Cash,2026-07-18 12:12:40,3018.68
18625,18625,Credit Card,2025-11-21 12:57:01,1546.8
18626,18626,Credit Card,2025-03-20 08:55:59,1597.42
18627,18627,Credit Card,2025-08-24 09:58:30,1491.53
18628,18628,PayPal,2025-08-08 05:33:34,3840.05
18629,18629,Cash,2026-07-14 13:01:16,1798.07
18630,18630,Cash,2025-03-06 00:36:13,492.01
18631,18631,PayPal,2025-07-09 08:49:27,1520.91
18632,18632,Bank Transfer,2025-07-18 03:32:18,895.33
18633,18633,Cash,2025-02-21 03:06:48,4831.35
18634,18634,Cash,2024-11-22 14:10:40,1529.36
18635,18635,PayPal,2025-07-06 01:57:09,1530.32
18636,18636,Cash,2025-04-07 13:08:28,1032.77
18637,18637,PayPal,2025-08-10 17:50:48,1371.72
18638,18638,PayPal,2024-10-09 20:27:12,3023.39
18639,18639,Credit Card,2025-06-18 08:09:50,3484.79
18640,18640,Cash,2025-12-04 05:51:45,2177.67
18641,18641,Bank Transfer,2024-11-04 09:34:21,3828.41
18642,18642,PayPal,2025-01-04 13:23:06,1045.53
18643,18643,PayPal,2025-01-16 13:27:47,3800.34
18644,18644,PayPal,2025-06-09 07:26:40,2347.81
18645,18645,Credit Card,2026-07-10 14:50:42,573.29
18646,18646,Credit Card,2026-03-29 21:37:13,2236.02
18647,18647,Credit Card,2024-10-14 21:02:40,1811.76
18648,18648,PayPal,2025-07-15 19:41:46,105.78
18649,18649,Credit Card,2026-06-26 06:44:12,1285.47
18650,18650,Bank Transfer,2025-11-02 12:14:57,2295.99
18651,18651,Credit Card,2026-01-05 01:46:42,1970.92
18652,18652,Cash,2025-05-21 15:09:17,2422.3
18653,18653,Cash,2025-08-23 00:28:06,570.3
18654,18654,PayPal,2026-07-16 17:32:06,3799.18
18655,18655,Cash,2026-06-01 01:28:11,2042.22
18656,18656,Cash,2026-05-11 16:28:06,1490.34
18657,18657,PayPal,2025-01-05 06:12:38,1842.33
18658,18658,Cash,2025-12-16 19:56:56,1820.97
18659,18659,Credit Card,2025-01-22 05:12:13,1186.21
18660,18660,Cash,2026-01-14 04:02:36,2296.97
18661,18661,Credit Card,2025-06-20 02:57:37,1696.71
18662,18662,Credit Card,2026-04-28 16:42:31,3686.79
18663,18663,PayPal,2025-07-27 18:33:04,663.66
18664,18664,Bank Transfer,2025-04-18 11:54:36,950.99
18665,18665,PayPal,2026-04-11 18:21:47,1397.43
18666,18666,PayPal,2025-03-06 05:43:42,747.54
18667,18667,Credit Card,2024-12-24 07:20:22,5079.74
18668,18668,Bank Transfer,2024-08-18 16:49:59,1101.87
18669,18669,Cash,2026-04-07 19:17:51,2472.23
18670,18670,PayPal,2026-06-14 07:41:28,124.28
18671,18671,PayPal,2024-11-22 05:05:29,1595.9
18672,18672,PayPal,2025-01-15 06:51:20,2015.49
18673,18673,Cash,2025-07-16 20:37:31,2528.94
18674,18674,Bank Transfer,2025-04-12 20:19:38,1482.58
18675,18675,Cash,2024-12-07 16:36:01,2489.92
18676,18676,Bank Transfer,2025-12-23 09:10:41,1313.38
18677,18677,PayPal,2026-04-25 04:30:20,680.55
18678,18678,Cash,2024-09-05 13:50:34,152.07
18679,18679,Credit Card,2025-02-13 21:58:08,1073.48
18680,18680,Bank Transfer,2024-12-15 18:23:59,3278.75
18681,18681,Cash,2024-12-08 02:08:43,2851.22
18682,18682,Credit Card,2025-03-28 04:08:16,1500.76
18683,18683,Bank Transfer,2025-11-14 02:43:08,124.28
18684,18684,Credit Card,2024-09-27 12:04:44,2713.79
18685,18685,Credit Card,2025-10-02 21:25:56,1375.28
18686,18686,Bank Transfer,2025-04-13 02:46:59,593.0
18687,18687,Cash,2026-07-27 10:58:57,4412.41
18688,18688,Credit Card,2024-12-17 22:33:49,1087.68
18689,18689,PayPal,2025-09-01 13:06:17,2166.33
18690,18690,Cash,2024-11-23 04:58:10,4327.66
18691,18691,Credit Card,2026-05-12 03:52:15,75.72
18692,18692,Bank Transfer,2025-10-19 08:43:21,889.17
18693,18693,Cash,2024-11-22 05:21:10,3339.61
18694,18694,Credit Card,2026-05-17 05:23:13,3681.96
18695,18695,Credit Card,2025-10-31 19:47:43,433.0
18696,18696,Credit Card,2025-07-30 04:27:41,1384.89
18697,18697,Credit Card,2026-08-06 15:39:21,1044.28
18698,18698,Bank Transfer,2025-04-23 22:38:54,548.19
18699,18699,PayPal,2026-04-02 18:06:30,142.0
18700,18700,Cash,2025-04-24 02:03:43,1465.26
18701,18701,Bank Transfer,2025-11-01 15:49:27,120.76
18702,18702,Cash,2024-08-10 23:47:03,45.58
18703,18703,Cash,2025-04-16 05:57:16,4825.6
18704,18704,PayPal,2025-05-24 22:09:01,2488.8
18705,18705,Credit Card,2025-12-07 04:33:56,499.23
18706,18706,PayPal,2024-08-07 11:43:57,1492.47
18707,18707,PayPal,2026-03-10 23:45:30,271.34
18708,18708,Cash,2024-09-06 01:24:04,3393.99
18709,18709,Bank Transfer,2025-07-30 21:36:12,1559.8
18710,18710,Bank Transfer,2025-05-24 07:54:04,618.28
18711,18711,PayPal,2025-12-12 05:41:45,1411.96
18712,18712,PayPal,2026-07-08 02:56:12,747.1
18713,18713,Credit Card,2026-05-22 15:06:23,1968.04
18714,18714,Credit Card,2024-12-22 18:47:23,1506.8
18715,18715,Credit Card,2025-01-19 02:15:27,1489.63
18716,18716,Cash,2024-08-30 23:29:50,2556.89
18717,18717,Credit Card,2025-06-06 23:23:27,237.67
18718,18718,Cash,2024-12-16 22:22:51,318.84
18719,18719,PayPal,2025-01-09 20:40:15,2911.25
18720,18720,PayPal,2025-03-01 03:28:31,778.21
18721,18721,PayPal,2024-08-09 14:01:15,1333.89
18722,18722,Bank Transfer,2026-05-20 04:25:24,248.56
18723,18723,Credit Card,2025-02-01 14:29:07,1160.75
18724,18724,Cash,2024-12-08 15:45:59,3353.32
18725,18725,PayPal,2025-03-21 07:37:33,1265.23
18726,18726,Credit Card,2026-01-27 05:07:13,139.56
18727,18727,Credit Card,2025-12-27 09:34:20,1138.9
18728,18728,Bank Transfer,2026-04-20 13:46:55,2335.69
18729,18729,Cash,2026-01-14 11:33:56,4048.49
18730,18730,Bank Transfer,2025-09-16 08:37:13,2227.93
18731,18731,Cash,2025-02-24 08:25:40,1676.93
18732,18732,Bank Transfer,2025-09-03 06:03:47,1692.4
18733,18733,PayPal,2025-03-29 14:44:49,2222.49
18734,18734,Cash,2025-11-10 09:06:20,3534.09
18735,18735,Credit Card,2024-11-01 09:33:08,1348.9
18736,18736,Cash,2025-11-03 07:10:48,1425.32
18737,18737,Bank Transfer,2025-04-08 08:04:03,1517.75
18738,18738,Credit Card,2026-06-05 07:54:15,1904.97
18739,18739,Bank Transfer,2024-08-30 08:03:43,3029.24
18740,18740,PayPal,2024-11-05 06:27:17,226.46
18741,18741,Credit Card,2025-02-23 07:03:32,1043.06
18742,18742,PayPal,2025-08-02 23:32:19,606.93
18743,18743,PayPal,2025-11-18 13:37:52,682.72
18744,18744,Credit Card,2026-07-02 13:51:08,2435.96
18745,18745,PayPal,2024-08-07 02:37:31,2870.99
18746,18746,Bank Transfer,2025-11-17 22:41:00,1054.35
18747,18747,Credit Card,2026-05-29 04:16:08,938.92
18748,18748,Cash,2025-06-10 02:24:52,355.46
18749,18749,PayPal,2026-01-26 19:29:12,3809.31
18750,18750,Bank Transfer,2025-08-20 19:55:17,2615.39
18751,18751,Credit Card,2026-01-23 10:42:07,2068.42
18752,18752,Bank Transfer,2025-08-15 05:38:51,1031.13
18753,18753,Bank Transfer,2026-01-30 02:38:56,4406.35
18754,18754,Cash,2025-12-28 17:19:02,3210.2
18755,18755,PayPal,2025-07-21 20:49:16,1436.94
18756,18756,Credit Card,2025-12-19 17:33:38,1229.53
18757,18757,PayPal,2025-10-25 11:31:37,2173.71
18758,18758,Bank Transfer,2026-03-13 01:32:56,1829.78
18759,18759,Credit Card,2025-11-27 04:32:10,4537.27
18760,18760,Bank Transfer,2026-07-13 17:30:35,2780.4
18761,18761,PayPal,2024-12-26 18:48:21,3636.99
18762,18762,PayPal,2026-07-24 23:08:33,3785.02
18763,18763,Bank Transfer,2025-02-20 20:12:05,1459.14
18764,18764,Cash,2026-07-18 11:09:14,2550.33
18765,18765,Cash,2026-03-18 06:45:42,2405.32
18766,18766,Credit Card,2026-08-05 00:20:41,426.6
18767,18767,Cash,2026-06-09 02:14:32,359.09
18768,18768,Credit Card,2024-09-07 07:56:05,2346.65
18769,18769,Cash,2025-07-23 03:30:06,451.93
18770,18770,PayPal,2026-05-25 05:10:46,2000.26
18771,18771,Credit Card,2026-01-11 05:20:26,1376.46
18772,18772,Bank Transfer,2025-06-21 23:39:46,2702.05
18773,18773,Credit Card,2026-07-18 05:37:32,244.5
18774,18774,Cash,2024-11-14 18:53:53,1050.64
18775,18775,PayPal,2025-02-05 03:40:58,748.94
18776,18776,PayPal,2025-06-18 08:16:15,1410.66
18777,18777,Credit Card,2025-03-31 03:29:43,2184.26
18778,18778,Bank Transfer,2024-12-09 12:38:34,3011.81
18779,18779,PayPal,2026-07-07 03:38:09,1574.78
18780,18780,Bank Transfer,2025-08-15 07:09:30,2558.23
18781,18781,Credit Card,2024-08-19 20:46:20,3847.02
18782,18782,PayPal,2025-08-09 10:57:33,1158.3
18783,18783,Cash,2024-08-16 15:41:44,3340.68
18784,18784,Bank Transfer,2025-12-12 21:34:15,1808.02
18785,18785,Bank Transfer,2026-06-27 13:01:19,513.82
18786,18786,PayPal,2026-03-10 01:27:09,3003.35
18787,18787,Cash,2024-10-18 07:16:34,2128.45
18788,18788,PayPal,2026-02-24 15:20:51,1032.12
18789,18789,Cash,2025-01-29 15:06:44,656.31
18790,18790,PayPal,2025-06-07 03:31:39,2741.94
18791,18791,Bank Transfer,2024-10-09 15:54:07,3671.12
18792,18792,Credit Card,2025-06-11 11:21:40,990.58
18793,18793,Cash,2025-02-19 14:29:35,845.46
18794,18794,Credit Card,2024-09-12 20:36:17,1031.44
18795,18795,Bank Transfer,2026-02-17 01:07:38,2277.07
18796,18796,Cash,2025-02-12 08:20:14,3023.48
18797,18797,Credit Card,2024-11-16 22:04:15,1852.16
18798,18798,Credit Card,2026-06-04 17:14:53,2587.5
18799,18799,PayPal,2026-02-02 05:50:56,1437.9
18800,18800,Credit Card,2025-12-10 04:33:55,1107.57
18801,18801,Credit Card,2025-10-12 19:43:12,1523.34
18802,18802,Bank Transfer,2024-11-25 00:20:47,811.29
18803,18803,PayPal,2026-04-08 16:50:33,3209.61
18804,18804,Bank Transfer,2025-03-27 05:19:47,1622.34
18805,18805,Bank Transfer,2025-05-21 18:02:40,1623.32
18806,18806,Cash,2025-08-20 11:06:58,101.82
18807,18807,Credit Card,2025-02-08 05:56:59,296.5
18808,18808,Credit Card,2025-01-17 04:20:48,3211.04
18809,18809,Cash,2026-06-13 01:21:13,1197.07
18810,18810,PayPal,2026-05-18 12:40:22,2506.37
18811,18811,Cash,2025-05-10 10:33:39,658.97
18812,18812,Cash,2025-11-28 08:33:15,965.63
18813,18813,Bank Transfer,2024-09-26 16:01:36,1435.3
18814,18814,Cash,2024-09-11 06:38:53,1008.48
18815,18815,Cash,2026-06-12 12:54:57,3218.98
18816,18816,PayPal,2025-02-08 18:02:18,3570.69
18817,18817,Cash,2026-02-06 16:05:08,1205.39
18818,18818,PayPal,2025-04-02 15:47:44,832.26
18819,18819,PayPal,2026-02-11 22:15:52,4017.4
18820,18820,Bank Transfer,2026-05-20 04:39:36,1207.2
18821,18821,Bank Transfer,2026-03-16 02:08:24,1526.42
18822,18822,Bank Transfer,2025-05-15 07:27:44,640.92
18823,18823,Credit Card,2025-12-30 10:01:01,342.36
18824,18824,PayPal,2025-04-02 09:06:07,1725.48
18825,18825,PayPal,2025-05-08 02:14:15,2207.73
18826,18826,Bank Transfer,2024-08-24 03:24:36,2513.4
18827,18827,PayPal,2026-02-08 07:25:46,731.26
18828,18828,PayPal,2024-10-24 00:06:35,3957.59
18829,18829,Credit Card,2025-06-27 06:55:22,2935.4
18830,18830,Bank Transfer,2026-05-30 11:34:00,2761.03
18831,18831,Credit Card,2025-05-29 19:44:25,2671.27
18832,18832,PayPal,2025-10-31 04:50:18,2441.92
18833,18833,Cash,2024-08-25 00:42:25,1233.68
18834,18834,PayPal,2026-03-30 22:25:59,3366.27
18835,18835,Bank Transfer,2026-02-15 03:19:45,587.63
18836,18836,Credit Card,2025-10-05 08:32:57,2896.47
18837,18837,Bank Transfer,2026-05-01 10:55:38,303.74
18838,18838,Bank Transfer,2024-11-01 20:31:37,12.31
18839,18839,PayPal,2024-12-12 14:27:22,1419.81
18840,18840,Credit Card,2025-03-07 17:27:30,2045.96
18841,18841,Credit Card,2024-09-06 18:26:33,1789.28
18842,18842,Bank Transfer,2024-10-14 00:54:57,2285.7
18843,18843,Cash,2025-12-14 23:18:34,3109.66
18844,18844,Cash,2025-02-15 00:56:43,2782.03
18845,18845,Bank Transfer,2025-02-27 06:12:46,989.28
18846,18846,PayPal,2025-10-28 18:07:49,570.27
18847,18847,PayPal,2025-05-13 03:23:51,92.64
18848,18848,Cash,2026-03-17 18:14:14,896.37
18849,18849,PayPal,2025-06-08 17:06:33,3866.6
18850,18850,Credit Card,2024-10-01 07:00:22,1631.82
18851,18851,Credit Card,2026-01-11 15:04:18,2465.61
18852,18852,Bank Transfer,2026-08-02 05:52:23,91.16
18853,18853,PayPal,2024-09-18 23:31:05,1706.4
18854,18854,Credit Card,2024-09-09 21:39:01,2778.97
18855,18855,Cash,2025-01-18 18:45:04,2165.26
18856,18856,Bank Transfer,2025-06-10 11:50:05,2690.22
18857,18857,Credit Card,2025-03-20 20:24:20,998.84
18858,18858,PayPal,2026-03-27 20:00:23,2904.01
18859,18859,Bank Transfer,2025-03-06 13:32:56,3673.48
18860,18860,Bank Transfer,2024-09-05 09:17:19,1501.31
18861,18861,PayPal,2025-12-29 20:32:49,918.3
18862,18862,Cash,2024-12-28 01:48:25,1315.38
18863,18863,Cash,2025-11-08 07:37:45,49.86
18864,18864,PayPal,2025-11-01 05:52:31,3310.37
18865,18865,Bank Transfer,2026-05-29 07:04:07,2320.41
18866,18866,Cash,2024-12-25 11:56:23,1808.17
18867,18867,Bank Transfer,2026-01-01 20:20:48,1928.2
18868,18868,Cash,2024-11-21 20:56:16,916.55
18869,18869,Credit Card,2025-06-12 06:46:45,977.32
18870,18870,PayPal,2025-02-08 05:41:48,819.82
18871,18871,Cash,2026-03-14 17:32:16,5151.88
18872,18872,Credit Card,2025-11-25 09:12:27,4469.96
18873,18873,Credit Card,2025-03-16 21:23:03,806.77
18874,18874,PayPal,2025-12-31 01:17:03,2270.17
18875,18875,Cash,2025-04-16 08:34:12,610.14
18876,18876,Cash,2026-07-26 18:52:22,78.78
18877,18877,Credit Card,2026-01-14 04:07:37,3183.05
18878,18878,Bank Transfer,2025-08-10 13:10:30,2684.99
18879,18879,Bank Transfer,2024-10-24 05:37:40,978.0
18880,18880,Credit Card,2026-07-12 12:15:30,866.0
18881,18881,Credit Card,2024-11-10 07:21:08,2948.69
18882,18882,Credit Card,2026-05-08 13:10:25,782.89
18883,18883,Cash,2025-12-19 01:05:20,605.79
18884,18884,PayPal,2025-11-25 06:15:54,556.77
18885,18885,PayPal,2025-07-29 10:31:57,3388.96
18886,18886,Credit Card,2025-11-06 18:53:43,453.7
18887,18887,PayPal,2026-05-19 03:01:51,1868.89
18888,18888,Bank Transfer,2026-03-06 21:14:42,3388.63
18889,18889,Credit Card,2025-02-26 19:54:29,598.77
18890,18890,Credit Card,2026-03-31 16:56:42,2430.04
18891,18891,Credit Card,2025-10-02 11:17:22,755.58
18892,18892,PayPal,2025-12-24 20:02:24,1382.86
18893,18893,PayPal,2026-03-14 11:58:13,346.84
18894,18894,Bank Transfer,2025-09-17 09:01:09,1164.15
18895,18895,Credit Card,2025-06-22 20:12:39,2376.18
18896,18896,Credit Card,2024-10-28 04:21:08,1695.57
18897,18897,PayPal,2026-05-19 18:50:50,504.8
18898,18898,Bank Transfer,2024-12-21 12:04:34,102.84
18899,18899,PayPal,2025-11-10 02:27:21,2639.36
18900,18900,Cash,2025-05-29 09:36:06,1804.77
18901,18901,Credit Card,2025-01-03 18:33:44,3272.52
18902,18902,Credit Card,2025-01-26 06:18:15,1589.89
18903,18903,Bank Transfer,2026-07-07 16:10:00,2626.41
18904,18904,Bank Transfer,2024-12-22 19:34:36,469.9
18905,18905,Cash,2026-02-02 02:19:30,1145.42
18906,18906,PayPal,2024-10-28 20:01:35,439.13
18907,18907,Cash,2025-05-03 19:43:34,2076.23
18908,18908,Cash,2025-03-15 11:54:22,504.24
18909,18909,Credit Card,2025-04-25 04:49:53,237.8
18910,18910,Cash,2024-12-10 04:18:32,1150.45
18911,18911,PayPal,2025-04-24 00:58:55,1478.33
18912,18912,Cash,2025-03-01 02:32:37,1226.54
18913,18913,PayPal,2025-02-27 21:38:20,906.28
18914,18914,Cash,2026-06-27 01:17:10,1385.3
18915,18915,Bank Transfer,2025-02-27 04:38:26,1046.7
18916,18916,Bank Transfer,2026-06-18 19:06:15,1046.66
18917,18917,Bank Transfer,2025-03-23 17:45:17,2337.52
18918,18918,Credit Card,2025-03-16 18:48:15,1505.36
18919,18919,PayPal,2025-01-30 06:16:55,2351.51
18920,18920,Credit Card,2025-09-13 09:19:39,1112.99
18921,18921,Credit Card,2026-04-20 11:22:38,2796.77
18922,18922,Credit Card,2026-03-29 21:12:46,3556.2
18923,18923,PayPal,2025-09-27 22:44:44,2582.19
18924,18924,Bank Transfer,2026-08-02 17:01:53,367.29
18925,18925,Bank Transfer,2024-11-01 02:22:48,2621.07
18926,18926,Cash,2025-08-11 05:24:39,2579.7
18927,18927,Credit Card,2024-08-08 21:53:12,984.98
18928,18928,Cash,2025-09-08 15:56:01,3584.32
18929,18929,Cash,2025-01-10 00:08:23,3232.83
18930,18930,Cash,2026-01-12 03:29:21,2374.18
18931,18931,Bank Transfer,2025-09-16 16:41:32,2574.56
18932,18932,Credit Card,2025-12-15 03:18:25,1364.7
18933,18933,Credit Card,2024-10-21 21:36:09,881.06
18934,18934,Bank Transfer,2025-03-27 13:01:54,3067.18
18935,18935,PayPal,2026-04-21 03:53:26,5127.2
18936,18936,Credit Card,2026-08-03 09:41:29,1918.71
18937,18937,Cash,2025-06-11 10:41:02,947.38
18938,18938,Cash,2026-04-04 08:32:22,1601.06
18939,18939,Cash,2025-04-17 00:10:30,1275.92
18940,18940,PayPal,2026-04-08 04:24:35,3481.51
18941,18941,Credit Card,2025-11-08 17:34:47,1483.09
18942,18942,Credit Card,2026-07-25 07:51:18,2122.18
18943,18943,Bank Transfer,2024-12-21 10:20:13,3176.74
18944,18944,Credit Card,2026-04-29 08:16:22,2308.65
18945,18945,Credit Card,2026-05-17 14:43:04,134.5
18946,18946,Bank Transfer,2024-09-10 00:50:48,1708.88
18947,18947,Bank Transfer,2025-09-11 17:42:39,77.28
18948,18948,PayPal,2025-08-21 11:03:07,189.84
18949,18949,Credit Card,2025-04-03 21:47:12,3506.59
18950,18950,Credit Card,2025-01-27 21:08:00,4814.47
18951,18951,PayPal,2026-01-10 01:31:53,1694.02
18952,18952,PayPal,2026-05-26 08:43:14,1040.71
18953,18953,PayPal,2026-02-10 11:05:14,2618.76
18954,18954,Bank Transfer,2026-06-10 22:24:44,2213.71
18955,18955,Cash,2025-01-04 05:28:35,2490.37
18956,18956,Credit Card,2025-03-01 13:23:14,3457.08
18957,18957,Credit Card,2025-05-31 18:05:51,4205.66
18958,18958,Bank Transfer,2025-04-09 04:21:26,453.86
18959,18959,Bank Transfer,2026-05-06 15:43:41,1137.97
18960,18960,PayPal,2024-12-01 23:51:52,361.24
18961,18961,Credit Card,2024-10-31 15:03:37,1386.66
18962,18962,Cash,2025-07-09 15:24:32,1136.55
18963,18963,Cash,2025-01-09 15:55:06,2800.1
18964,18964,Bank Transfer,2025-03-14 06:21:15,843.56
18965,18965,Credit Card,2025-02-21 18:33:21,2234.94
18966,18966,Bank Transfer,2024-11-30 17:24:13,3760.13
18967,18967,Credit Card,2025-10-28 00:49:58,1469.22
18968,18968,Bank Transfer,2026-01-19 11:54:25,1100.81
18969,18969,Credit Card,2024-09-29 03:45:42,2541.19
18970,18970,Bank Transfer,2024-08-25 06:48:55,369.55
18971,18971,Credit Card,2025-01-06 21:09:30,1484.83
18972,18972,PayPal,2026-01-27 13:48:07,1084.99
18973,18973,PayPal,2026-02-05 07:32:38,1600.83
18974,18974,PayPal,2025-04-06 22:27:41,2057.99
18975,18975,Cash,2026-05-22 05:28:26,61.7
18976,18976,Bank Transfer,2025-04-09 04:38:42,3355.26
18977,18977,PayPal,2026-05-19 05:33:26,1028.4
18978,18978,PayPal,2024-08-23 10:03:26,2009.05
18979,18979,Cash,2025-08-06 02:12:31,852.82
18980,18980,Credit Card,2025-04-25 23:40:43,3909.24
18981,18981,Credit Card,2025-08-07 14:01:20,61.56
18982,18982,PayPal,2025-05-18 04:32:18,446.33
18983,18983,Credit Card,2026-04-29 15:30:30,1474.2
18984,18984,Credit Card,2025-05-20 06:19:27,2204.63
18985,18985,PayPal,2024-09-28 14:08:42,2579.18
18986,18986,Credit Card,2024-12-06 10:19:51,999.49
18987,18987,PayPal,2025-11-02 21:26:21,3777.52
18988,18988,Cash,2025-06-05 02:07:52,1790.89
18989,18989,Cash,2025-09-09 12:17:02,2393.28
18990,18990,Cash,2025-06-28 18:48:07,3856.93
18991,18991,Credit Card,2024-09-25 05:42:53,4270.36
18992,18992,PayPal,2025-05-30 10:46:59,1085.37
18993,18993,PayPal,2025-08-13 03:02:49,679.98
18994,18994,Cash,2024-08-23 23:23:58,599.56
18995,18995,Credit Card,2025-09-05 22:17:41,2144.08
18996,18996,Bank Transfer,2024-08-24 18:57:30,2538.33
18997,18997,Bank Transfer,2025-09-08 00:36:15,2305.11
18998,18998,PayPal,2026-07-01 12:23:26,1279.01
18999,18999,Cash,2024-10-04 07:14:23,533.66
19000,19000,Cash,2025-04-29 20:34:52,1577.45
19001,19001,PayPal,2026-06-25 10:00:04,3617.64
19002,19002,Bank Transfer,2026-06-11 15:51:52,1901.0
19003,19003,Credit Card,2025-05-19 09:46:08,956.67
19004,19004,Credit Card,2024-10-06 12:58:36,3197.58
19005,19005,PayPal,2026-07-03 15:23:45,1950.24
19006,19006,Cash,2025-03-06 23:35:11,214.17
19007,19007,PayPal,2026-02-02 04:03:12,1996.52
19008,19008,PayPal,2025-06-06 02:48:10,2759.43
19009,19009,PayPal,2026-01-30 20:49:03,3448.46
19010,19010,Credit Card,2025-05-15 16:08:08,278.39
19011,19011,Cash,2025-12-20 14:09:51,1656.42
19012,19012,Credit Card,2024-11-02 02:30:21,84.98
19013,19013,Bank Transfer,2026-06-30 20:21:55,687.34
19014,19014,Credit Card,2024-11-05 22:58:25,2666.67
19015,19015,Credit Card,2026-04-24 04:46:11,3081.26
19016,19016,Credit Card,2024-08-31 12:20:09,3119.69
19017,19017,PayPal,2025-08-26 08:59:39,712.14
19018,19018,Cash,2024-10-04 14:53:48,3385.08
19019,19019,Cash,2025-12-07 10:51:51,3612.98
19020,19020,Cash,2024-10-18 21:07:57,2569.87
19021,19021,Credit Card,2024-10-18 17:24:49,2254.08
19022,19022,PayPal,2024-12-08 17:14:35,1322.9
19023,19023,Bank Transfer,2024-09-02 10:00:08,1252.63
19024,19024,Cash,2025-12-08 14:06:55,2561.1
19025,19025,Credit Card,2025-04-27 17:37:27,200.26
19026,19026,PayPal,2024-08-13 04:29:27,1472.24
19027,19027,Bank Transfer,2025-12-02 21:04:44,1055.56
19028,19028,Credit Card,2025-07-30 20:16:46,5294.9
19029,19029,Bank Transfer,2026-07-18 07:57:39,1728.87
19030,19030,PayPal,2025-11-23 01:34:08,857.52
19031,19031,Credit Card,2025-06-07 05:33:03,1036.23
19032,19032,Cash,2025-01-28 05:31:13,2291.8
19033,19033,Bank Transfer,2026-06-21 10:32:17,724.89
19034,19034,Credit Card,2024-09-03 16:56:25,2401.39
19035,19035,Cash,2026-04-06 19:21:07,964.56
19036,19036,Credit Card,2024-09-10 22:21:54,825.96
19037,19037,PayPal,2025-09-05 18:55:29,578.49
19038,19038,Cash,2026-03-22 15:02:52,659.53
19039,19039,Cash,2024-11-22 22:23:04,1545.13
19040,19040,Bank Transfer,2026-01-15 05:44:37,2253.84
19041,19041,PayPal,2025-09-20 19:41:05,3688.46
19042,19042,Bank Transfer,2026-08-04 13:30:32,2883.34
19043,19043,Cash,2026-06-17 20:00:09,2994.85
19044,19044,PayPal,2024-11-17 08:54:12,1944.82
19045,19045,PayPal,2026-02-19 02:59:17,3626.98
19046,19046,Credit Card,2024-10-08 04:05:48,1231.76
19047,19047,Bank Transfer,2025-11-21 08:37:41,414.53
19048,19048,PayPal,2025-07-27 15:36:35,1861.64
19049,19049,Bank Transfer,2025-12-08 13:33:23,2279.22
19050,19050,Cash,2026-06-17 22:02:27,236.66
19051,19051,Credit Card,2025-05-26 21:45:22,3091.15
19052,19052,Credit Card,2026-01-26 03:25:01,638.79
19053,19053,Cash,2026-06-17 07:28:47,1681.95
19054,19054,PayPal,2025-06-28 00:10:21,299.24
19055,19055,PayPal,2024-12-21 02:23:21,792.68
19056,19056,Bank Transfer,2025-08-28 02:15:53,2493.53
19057,19057,Credit Card,2024-11-16 13:33:05,1295.96
19058,19058,Bank Transfer,2025-09-21 12:41:35,1838.92
19059,19059,Credit Card,2025-10-08 18:34:11,2810.37
19060,19060,Cash,2025-05-11 08:15:32,1756.54
19061,19061,Cash,2026-02-25 00:30:43,3153.05
19062,19062,Credit Card,2025-11-22 22:14:31,1945.05
19063,19063,Cash,2026-06-09 22:59:21,1666.59
19064,19064,PayPal,2024-11-15 14:04:48,2890.65
19065,19065,Cash,2024-09-13 09:41:14,1658.21
19066,19066,Cash,2024-10-09 08:42:28,5763.41
19067,19067,Bank Transfer,2026-04-27 09:05:02,2601.86
19068,19068,Cash,2025-03-03 17:51:26,2815.52
19069,19069,Credit Card,2024-10-20 17:51:04,962.2
19070,19070,Bank Transfer,2024-10-04 17:58:49,600.2
19071,19071,Bank Transfer,2024-12-07 16:46:22,2586.75
19072,19072,PayPal,2025-09-28 22:40:50,1291.42
19073,19073,PayPal,2025-03-10 04:44:03,1348.3
19074,19074,Cash,2025-03-18 15:32:12,2375.45
19075,19075,Credit Card,2026-05-31 14:05:54,1505.96
19076,19076,Credit Card,2024-09-21 11:54:13,798.26
19077,19077,Credit Card,2025-08-14 15:36:00,803.73
19078,19078,Cash,2026-01-24 13:55:07,1510.88
19079,19079,Bank Transfer,2026-01-07 23:09:38,1313.53
19080,19080,PayPal,2026-07-16 14:09:21,4271.32
19081,19081,Cash,2026-06-22 12:44:49,3329.78
19082,19082,Cash,2025-01-30 14:23:37,2131.66
19083,19083,Cash,2024-08-30 17:58:29,1840.26
19084,19084,Cash,2025-04-03 20:32:39,1227.9
19085,19085,PayPal,2026-04-26 09:45:15,1035.25
19086,19086,PayPal,2024-08-15 02:08:43,1374.19
19087,19087,Cash,2026-07-13 12:04:23,722.01
19088,19088,PayPal,2025-02-26 21:24:34,4977.07
19089,19089,Bank Transfer,2024-12-09 00:15:27,2081.17
19090,19090,Cash,2025-12-28 12:00:45,556.52
19091,19091,PayPal,2026-04-08 13:04:05,1264.61
19092,19092,Credit Card,2026-01-21 12:18:24,1006.21
19093,19093,Cash,2026-06-09 22:33:37,1768.55
19094,19094,Bank Transfer,2026-04-22 12:47:18,1855.08
19095,19095,Bank Transfer,2025-01-13 15:17:21,2351.07
19096,19096,Bank Transfer,2025-09-04 06:49:32,2526.18
19097,19097,PayPal,2025-12-24 00:29:35,960.24
19098,19098,Credit Card,2026-03-20 16:02:52,3127.68
19099,19099,PayPal,2024-11-19 12:43:33,290.79
19100,19100,Cash,2026-04-19 13:16:17,989.95
19101,19101,Bank Transfer,2024-09-20 14:02:11,1146.19
19102,19102,PayPal,2026-02-12 18:42:51,1004.56
19103,19103,PayPal,2026-05-01 23:49:40,1319.69
19104,19104,Credit Card,2025-01-18 23:13:37,2685.77
19105,19105,Credit Card,2026-05-05 06:09:27,2296.23
19106,19106,PayPal,2025-09-30 05:50:38,379.68
19107,19107,Bank Transfer,2026-06-19 17:38:56,4478.48
19108,19108,Bank Transfer,2026-07-16 16:14:44,757.37
19109,19109,Cash,2026-04-19 15:01:30,428.55
19110,19110,Bank Transfer,2025-03-11 07:24:22,2202.08
19111,19111,PayPal,2026-05-14 16:33:17,1274.75
19112,19112,PayPal,2024-12-24 16:34:45,4485.63
19113,19113,Cash,2026-01-30 14:06:04,767.63
19114,19114,Bank Transfer,2025-09-30 16:43:36,579.04
19115,19115,Bank Transfer,2026-01-05 00:43:20,939.13
19116,19116,Bank Transfer,2025-02-03 03:38:54,1256.28
19117,19117,Bank Transfer,2025-10-28 03:03:31,123.53
19118,19118,Bank Transfer,2025-12-26 19:42:54,163.0
19119,19119,Cash,2026-05-13 18:52:54,1378.9
19120,19120,PayPal,2026-07-31 14:32:38,2265.88
19121,19121,Credit Card,2024-12-12 12:13:38,1391.44
19122,19122,Credit Card,2025-04-03 01:01:13,459.15
19123,19123,Cash,2025-03-03 20:08:13,2849.39
19124,19124,Bank Transfer,2024-09-08 06:13:29,1200.74
19125,19125,Cash,2026-05-05 03:28:23,1034.97
19126,19126,Cash,2026-03-30 07:40:57,4647.64
19127,19127,Cash,2026-05-23 17:00:45,2826.08
19128,19128,PayPal,2026-03-27 15:17:02,2522.48
19129,19129,Bank Transfer,2025-01-27 06:19:42,1690.43
19130,19130,Cash,2025-03-29 06:57:28,1140.86
19131,19131,Bank Transfer,2026-03-12 14:18:00,194.16
19132,19132,Credit Card,2026-03-16 12:02:52,1607.01
19133,19133,Cash,2025-02-23 04:15:19,2201.34
19134,19134,Credit Card,2025-12-30 06:45:47,796.61
19135,19135,Cash,2025-12-01 19:04:40,610.14
19136,19136,Credit Card,2025-05-14 18:25:07,570.5
19137,19137,PayPal,2024-08-28 13:43:01,2553.72
19138,19138,Bank Transfer,2025-12-26 03:51:05,2317.74
19139,19139,PayPal,2025-09-24 03:10:03,1731.56
19140,19140,Cash,2025-06-22 20:47:57,1480.44
19141,19141,PayPal,2025-08-28 18:06:44,2067.13
19142,19142,Bank Transfer,2025-07-16 15:20:38,2854.92
19143,19143,PayPal,2026-06-27 18:20:59,1218.2
19144,19144,Credit Card,2025-10-21 06:38:32,227.78
19145,19145,Cash,2025-04-23 05:13:46,1478.51
19146,19146,Cash,2024-09-15 18:14:15,2721.54
19147,19147,Cash,2025-07-01 22:46:26,1125.5
19148,19148,Cash,2026-07-20 22:34:12,1460.98
19149,19149,Cash,2025-10-10 18:53:30,3326.76
19150,19150,Credit Card,2024-10-03 09:44:48,2712.04
19151,19151,Credit Card,2026-02-20 00:41:54,870.96
19152,19152,Bank Transfer,2026-02-11 03:16:04,1938.67
19153,19153,Bank Transfer,2025-04-30 00:03:34,864.0
19154,19154,Bank Transfer,2025-12-27 08:03:15,687.82
19155,19155,Cash,2025-04-08 00:28:25,186.42
19156,19156,Credit Card,2025-06-21 15:09:39,1242.08
19157,19157,PayPal,2025-07-05 13:37:27,2374.51
19158,19158,Bank Transfer,2026-08-04 17:56:54,1466.1
19159,19159,Credit Card,2026-07-12 11:35:02,1356.9
19160,19160,Cash,2024-12-21 00:28:42,2957.46
19161,19161,PayPal,2026-03-30 15:38:07,1113.34
19162,19162,PayPal,2024-11-23 05:07:20,2594.06
19163,19163,Cash,2025-12-31 18:45:16,1133.39
19164,19164,Cash,2026-06-08 00:14:17,993.6
19165,19165,Cash,2025-11-09 18:40:41,469.77
19166,19166,Cash,2026-02-16 09:35:18,584.96
19167,19167,Credit Card,2025-05-22 12:45:37,1818.06
19168,19168,PayPal,2026-03-18 08:26:53,1656.36
19169,19169,PayPal,2025-04-28 02:56:59,3437.86
19170,19170,Credit Card,2025-06-30 09:19:34,21.12
19171,19171,PayPal,2024-12-11 23:39:18,402.4
19172,19172,Cash,2024-09-11 22:33:39,1061.6
19173,19173,Cash,2026-02-13 22:39:05,3470.53
19174,19174,Bank Transfer,2025-06-22 02:13:14,860.0
19175,19175,Credit Card,2025-04-22 12:07:46,2076.54
19176,19176,Cash,2026-06-29 04:32:57,1851.38
19177,19177,Bank Transfer,2025-09-18 19:22:28,2562.45
19178,19178,Bank Transfer,2024-11-14 02:55:08,1970.33
19179,19179,Cash,2025-09-28 21:00:21,194.7
19180,19180,Bank Transfer,2025-08-30 09:43:24,2100.39
19181,19181,Cash,2025-11-23 02:39:02,5556.03
19182,19182,Credit Card,2025-01-16 15:31:22,1836.6
19183,19183,Bank Transfer,2025-05-05 06:37:04,236.76
19184,19184,Cash,2025-11-17 09:18:09,227.16
19185,19185,Credit Card,2025-01-22 03:35:25,2171.89
19186,19186,Bank Transfer,2025-02-24 09:36:03,957.64
19187,19187,Bank Transfer,2025-01-21 00:44:02,1857.56
19188,19188,Credit Card,2025-05-22 15:34:45,1144.87
19189,19189,Cash,2024-12-21 03:20:08,1702.48
19190,19190,PayPal,2024-09-21 13:38:51,2225.6
19191,19191,PayPal,2025-10-10 04:01:57,1758.43
19192,19192,Credit Card,2026-04-20 07:46:49,770.68
19193,19193,Credit Card,2026-04-19 09:34:49,716.34
19194,19194,Bank Transfer,2024-11-02 23:32:30,2537.26
19195,19195,Cash,2025-07-25 23:46:00,506.76
19196,19196,Cash,2024-10-18 11:18:59,1923.92
19197,19197,PayPal,2026-06-27 04:15:34,1961.41
19198,19198,Bank Transfer,2024-11-30 02:37:09,2596.9
19199,19199,Credit Card,2025-06-26 14:24:03,110.72
19200,19200,Cash,2026-05-31 17:44:35,1474.43
19201,19201,PayPal,2026-04-28 17:44:48,3084.05
19202,19202,Bank Transfer,2025-11-05 09:03:24,3742.99
19203,19203,Credit Card,2025-11-07 19:02:01,2950.31
19204,19204,PayPal,2024-10-18 05:25:20,3380.78
19205,19205,Credit Card,2024-12-03 22:11:05,3220.79
19206,19206,Credit Card,2025-04-19 13:21:09,3221.46
19207,19207,Cash,2026-04-08 15:54:17,1000.97
19208,19208,Credit Card,2025-01-04 12:46:29,2797.4
19209,19209,PayPal,2025-06-06 15:05:51,993.39
19210,19210,PayPal,2024-09-15 02:37:25,1790.49
19211,19211,PayPal,2024-10-05 06:44:29,1422.48
19212,19212,Bank Transfer,2024-09-27 04:54:55,1174.1
19213,19213,Bank Transfer,2025-02-05 09:30:37,1292.85
19214,19214,PayPal,2025-01-27 21:48:15,1148.39
19215,19215,Bank Transfer,2026-03-04 12:42:05,2290.4
19216,19216,Credit Card,2026-07-20 02:58:30,577.77
19217,19217,Cash,2025-09-19 00:54:40,1574.47
19218,19218,Cash,2024-10-23 13:10:19,1544.22
19219,19219,Bank Transfer,2025-10-04 01:21:09,1347.0
19220,19220,Cash,2025-04-25 10:46:33,1858.06
19221,19221,Bank Transfer,2025-01-08 03:50:14,520.26
19222,19222,Cash,2026-06-06 12:58:02,813.28
19223,19223,Credit Card,2025-05-17 12:21:15,58.51
19224,19224,PayPal,2024-12-18 08:38:45,4195.68
19225,19225,Credit Card,2024-09-26 11:20:16,471.5
19226,19226,Credit Card,2026-06-28 07:57:25,962.0
19227,19227,PayPal,2024-11-24 02:26:22,1742.84
19228,19228,PayPal,2025-06-12 22:53:52,1969.17
19229,19229,Bank Transfer,2025-03-08 12:33:53,2020.88
19230,19230,PayPal,2025-09-05 06:37:47,1343.85
19231,19231,PayPal,2026-01-01 13:48:52,185.59
19232,19232,Bank Transfer,2025-11-29 10:59:02,1299.0
19233,19233,PayPal,2026-03-10 14:40:00,3255.51
19234,19234,Bank Transfer,2026-05-01 17:17:08,1226.31
19235,19235,PayPal,2025-07-05 21:08:43,2726.92
19236,19236,Cash,2026-01-02 16:50:57,3836.7
19237,19237,PayPal,2026-05-01 08:30:59,3261.35
19238,19238,Bank Transfer,2025-01-10 08:24:17,1757.2
19239,19239,Bank Transfer,2025-04-08 18:41:26,1912.77
19240,19240,PayPal,2025-12-08 21:56:13,517.8
19241,19241,Cash,2024-09-29 11:56:10,5259.23
19242,19242,Bank Transfer,2025-04-13 20:41:35,118.33
19243,19243,PayPal,2025-01-21 04:26:43,1285.96
19244,19244,Credit Card,2025-07-13 23:09:00,4631.0
19245,19245,PayPal,2024-08-12 16:22:18,1699.08
19246,19246,Bank Transfer,2026-01-07 03:24:08,80.28
19247,19247,PayPal,2025-09-09 14:48:17,335.75
19248,19248,Credit Card,2025-08-10 13:12:48,2701.47
19249,19249,Cash,2025-07-08 15:06:10,540.96
19250,19250,PayPal,2025-04-17 01:19:56,1502.95
19251,19251,Cash,2026-08-01 17:06:37,4009.57
19252,19252,Credit Card,2026-08-04 13:14:16,146.42
19253,19253,Bank Transfer,2024-09-11 19:20:51,2103.87
19254,19254,PayPal,2026-05-21 02:46:53,312.14
19255,19255,Credit Card,2025-07-19 08:52:39,227.06
19256,19256,Cash,2024-10-31 17:07:40,1429.7
19257,19257,PayPal,2025-01-01 13:42:36,1647.35
19258,19258,Cash,2026-01-29 19:02:13,2652.53
19259,19259,Cash,2024-09-16 22:23:05,608.57
19260,19260,PayPal,2026-06-04 00:57:09,1139.83
19261,19261,PayPal,2026-06-21 23:00:52,583.68
19262,19262,Credit Card,2025-02-13 01:57:12,115.52
19263,19263,Cash,2024-10-01 17:04:44,945.4
19264,19264,Credit Card,2026-05-07 13:27:29,1121.31
19265,19265,Credit Card,2025-11-08 01:03:48,1948.68
19266,19266,Bank Transfer,2025-06-18 18:41:33,2555.89
19267,19267,Cash,2026-03-07 14:00:49,913.17
19268,19268,Credit Card,2026-05-20 07:14:02,1043.55
19269,19269,PayPal,2026-04-05 14:56:27,3185.48
19270,19270,Bank Transfer,2026-05-10 00:02:21,2661.9
19271,19271,Bank Transfer,2024-09-06 15:53:23,1623.25
19272,19272,Credit Card,2025-08-11 07:28:20,2510.52
19273,19273,Credit Card,2025-04-02 12:31:57,354.16
19274,19274,Bank Transfer,2025-06-11 10:08:06,2988.39
19275,19275,Credit Card,2025-01-30 18:40:52,3500.88
19276,19276,Credit Card,2026-03-16 03:06:36,477.9
19277,19277,Bank Transfer,2025-05-15 11:32:26,101.82
19278,19278,Cash,2026-03-06 17:11:29,989.25
19279,19279,Cash,2026-04-09 16:39:38,446.63
19280,19280,Bank Transfer,2025-04-20 02:32:22,258.88
19281,19281,PayPal,2026-07-29 05:27:44,514.84
19282,19282,Bank Transfer,2026-02-12 01:18:12,2312.0
19283,19283,Bank Transfer,2024-09-29 14:15:35,1794.97
19284,19284,Credit Card,2025-10-23 00:50:29,1324.52
19285,19285,Credit Card,2025-02-27 20:52:19,848.95
19286,19286,PayPal,2025-03-24 12:10:41,2394.3
19287,19287,Cash,2026-01-14 01:45:29,1888.68
19288,19288,Bank Transfer,2024-09-19 09:29:01,1201.84
19289,19289,PayPal,2025-09-23 03:57:13,2213.45
19290,19290,Cash,2025-10-03 18:28:23,481.34
19291,19291,PayPal,2026-06-13 13:13:21,103.17
19292,19292,Bank Transfer,2025-05-11 16:31:42,195.67
19293,19293,Bank Transfer,2025-07-12 04:37:15,771.36
19294,19294,Bank Transfer,2024-10-14 09:33:02,1398.8
19295,19295,Bank Transfer,2025-09-18 06:14:04,272.72
19296,19296,Cash,2026-08-06 00:50:23,840.06
19297,19297,Cash,2025-07-27 06:57:04,2265.19
19298,19298,Credit Card,2025-09-14 04:59:24,1457.5
19299,19299,Cash,2025-01-30 21:54:33,5851.58
19300,19300,Credit Card,2024-10-18 11:09:19,1107.57
19301,19301,Credit Card,2025-11-12 20:26:04,3963.8
19302,19302,Credit Card,2026-06-27 10:20:49,398.64
19303,19303,Credit Card,2025-10-31 09:45:07,469.31
19304,19304,Credit Card,2025-07-12 13:17:38,985.36
19305,19305,PayPal,2025-03-31 03:29:50,1074.6
19306,19306,Bank Transfer,2024-11-24 06:58:06,3471.43
19307,19307,Cash,2025-05-25 12:06:55,1454.09
19308,19308,Credit Card,2025-12-15 03:44:46,1227.63
19309,19309,PayPal,2026-06-04 03:36:31,796.96
19310,19310,Bank Transfer,2026-04-20 22:07:13,1665.83
19311,19311,Bank Transfer,2024-08-25 05:40:12,1431.52
19312,19312,PayPal,2025-08-19 00:11:07,3861.81
19313,19313,PayPal,2026-02-26 13:15:47,891.21
19314,19314,PayPal,2025-02-15 12:43:08,2308.91
19315,19315,PayPal,2025-04-24 01:14:50,1663.61
19316,19316,PayPal,2025-02-26 02:24:46,2638.39
19317,19317,Cash,2026-07-15 07:06:52,592.12
19318,19318,PayPal,2026-05-29 20:36:08,772.15
19319,19319,Bank Transfer,2024-10-29 16:16:50,2624.88
19320,19320,PayPal,2024-12-23 19:51:10,1294.28
19321,19321,Credit Card,2024-09-11 18:15:42,503.72
19322,19322,PayPal,2024-09-29 05:28:49,1943.7
19323,19323,PayPal,2024-12-31 11:13:59,855.28
19324,19324,Bank Transfer,2026-01-01 13:49:31,780.96
19325,19325,PayPal,2026-04-04 09:11:50,60.22
19326,19326,Credit Card,2026-04-16 21:30:21,893.81
19327,19327,Credit Card,2025-12-15 16:05:41,395.79
19328,19328,Cash,2025-01-26 13:29:36,1612.44
19329,19329,Bank Transfer,2025-10-25 12:43:07,2768.29
19330,19330,Cash,2026-03-24 19:42:33,156.07
19331,19331,Credit Card,2024-11-10 20:10:31,2748.2
19332,19332,Bank Transfer,2025-04-04 23:20:36,2325.44
19333,19333,Bank Transfer,2025-03-30 16:05:11,470.54
19334,19334,Cash,2025-08-15 04:08:51,653.64
19335,19335,Credit Card,2025-07-10 12:35:00,1410.25
19336,19336,PayPal,2024-08-23 00:27:53,2424.68
19337,19337,Cash,2025-11-11 22:04:48,946.69
19338,19338,Credit Card,2026-02-18 12:33:06,981.38
19339,19339,Cash,2026-04-28 11:41:41,1815.81
19340,19340,Cash,2025-04-05 04:15:26,2240.76
19341,19341,Bank Transfer,2026-04-10 01:26:14,2356.72
19342,19342,PayPal,2025-09-01 03:23:35,1884.79
19343,19343,PayPal,2024-12-15 17:11:02,23.36
19344,19344,Cash,2026-05-26 11:13:05,2583.67
19345,19345,PayPal,2026-01-23 19:15:41,3765.47
19346,19346,Credit Card,2025-02-06 12:32:18,1639.6
19347,19347,Credit Card,2025-04-17 05:45:46,2532.64
19348,19348,Bank Transfer,2025-12-22 01:48:44,344.99
19349,19349,PayPal,2024-08-07 12:05:33,5035.2
19350,19350,Cash,2025-06-18 04:13:36,1900.87
19351,19351,Cash,2025-02-09 01:24:52,643.04
19352,19352,Bank Transfer,2026-01-23 06:13:20,115.52
19353,19353,PayPal,2026-03-03 19:06:16,2741.46
19354,19354,Credit Card,2026-01-27 10:26:05,1560.04
19355,19355,Credit Card,2026-04-09 02:41:39,2136.51
19356,19356,Bank Transfer,2024-08-09 00:33:20,3514.41
19357,19357,PayPal,2024-12-09 19:29:50,158.56
19358,19358,Bank Transfer,2024-08-16 15:56:18,1475.7
19359,19359,PayPal,2026-03-15 18:01:04,1031.13
19360,19360,Credit Card,2026-07-30 13:17:58,3794.43
19361,19361,Credit Card,2024-10-09 21:38:36,3035.88
19362,19362,Cash,2026-02-22 17:27:46,2654.86
19363,19363,Credit Card,2026-07-26 11:44:02,3201.92
19364,19364,PayPal,2025-09-07 08:11:55,61.7
19365,19365,Credit Card,2025-08-14 01:49:24,434.11
19366,19366,Credit Card,2025-11-21 14:49:42,2660.21
19367,19367,Bank Transfer,2026-01-02 11:47:32,1785.44
19368,19368,PayPal,2026-07-13 17:38:58,2047.85
19369,19369,Credit Card,2024-11-23 07:04:58,801.53
19370,19370,PayPal,2025-01-10 22:30:47,1742.84
19371,19371,PayPal,2026-02-23 22:33:07,233.54
19372,19372,Bank Transfer,2025-11-28 07:38:51,1868.76
19373,19373,Cash,2025-03-06 23:09:45,3063.48
19374,19374,Cash,2026-05-18 13:36:16,2440.68
19375,19375,PayPal,2025-06-05 05:24:19,3997.88
19376,19376,Bank Transfer,2025-03-23 17:43:30,2945.78
19377,19377,PayPal,2025-06-24 21:29:15,4063.79
19378,19378,Bank Transfer,2025-01-16 00:36:46,4371.69
19379,19379,Cash,2026-04-15 19:58:27,1704.39
19380,19380,PayPal,2024-10-26 11:49:21,2877.23
19381,19381,PayPal,2026-06-19 20:28:20,4505.97
19382,19382,Cash,2024-12-24 05:10:35,307.69
19383,19383,Bank Transfer,2024-09-19 10:45:33,4603.99
19384,19384,Credit Card,2024-08-08 14:54:05,3405.89
19385,19385,Credit Card,2026-01-27 16:10:09,1447.32
19386,19386,Credit Card,2026-07-13 09:01:38,2265.03
19387,19387,Bank Transfer,2025-07-22 03:01:33,189.84
19388,19388,PayPal,2026-07-17 22:27:49,474.77
19389,19389,Bank Transfer,2025-04-12 03:23:38,2020.21
19390,19390,Cash,2026-05-19 05:51:29,3411.44
19391,19391,PayPal,2026-01-07 22:55:48,1480.08
19392,19392,Credit Card,2026-04-03 02:26:49,2065.78
19393,19393,Credit Card,2026-01-27 18:14:58,1010.88
19394,19394,PayPal,2025-04-20 08:50:18,1104.21
19395,19395,Credit Card,2025-04-23 00:21:19,157.56
19396,19396,PayPal,2026-04-23 06:20:53,1760.56
19397,19397,PayPal,2024-08-28 09:23:38,1636.54
19398,19398,PayPal,2025-05-26 06:01:15,2516.28
19399,19399,Credit Card,2025-04-22 02:54:56,185.5
19400,19400,Credit Card,2025-01-30 04:16:55,3564.12
19401,19401,Cash,2026-04-02 20:10:35,1285.1
19402,19402,Cash,2026-05-12 07:28:50,2811.16
19403,19403,Bank Transfer,2026-05-14 03:07:52,1091.43
19404,19404,Bank Transfer,2025-01-16 20:02:46,2537.66
19405,19405,PayPal,2025-03-25 00:23:42,14.67
19406,19406,PayPal,2025-02-09 11:00:53,933.33
19407,19407,PayPal,2026-07-30 18:25:17,1727.66
19408,19408,Credit Card,2026-02-15 10:07:30,2341.31
19409,19409,Credit Card,2025-01-15 18:05:07,1877.45
19410,19410,Credit Card,2025-03-30 02:22:47,78.28
19411,19411,PayPal,2026-04-25 05:29:32,2185.53
19412,19412,Cash,2025-12-19 00:04:13,331.77
19413,19413,Bank Transfer,2025-08-02 13:35:29,865.25
19414,19414,Bank Transfer,2025-01-23 18:26:28,582.96
19415,19415,PayPal,2026-05-11 16:41:36,666.91
19416,19416,Bank Transfer,2026-04-03 07:15:05,1581.4
19417,19417,Cash,2024-12-17 02:45:41,584.78
19418,19418,Bank Transfer,2026-05-01 12:13:37,2237.05
19419,19419,Credit Card,2026-05-08 03:08:26,331.2
19420,19420,Bank Transfer,2026-07-05 11:11:32,602.6
19421,19421,Cash,2026-06-12 20:40:15,439.56
19422,19422,Cash,2026-01-19 13:20:52,2315.92
19423,19423,Cash,2026-04-22 21:06:39,546.38
19424,19424,PayPal,2025-06-08 20:04:36,997.36
19425,19425,Credit Card,2026-05-15 12:15:50,851.72
19426,19426,Cash,2024-12-01 06:45:29,1884.32
19427,19427,PayPal,2026-05-01 13:14:02,1007.25
19428,19428,Credit Card,2025-09-03 09:29:24,1032.12
19429,19429,Bank Transfer,2025-09-09 11:12:51,1958.76
19430,19430,PayPal,2026-01-28 01:08:08,1335.24
19431,19431,PayPal,2025-10-14 10:06:53,2903.91
19432,19432,PayPal,2025-05-10 18:50:07,307.27
19433,19433,Cash,2025-08-24 13:47:01,3365.42
19434,19434,Cash,2024-08-11 17:15:17,446.63
19435,19435,Cash,2026-05-30 23:23:31,1133.31
19436,19436,PayPal,2026-04-22 00:35:01,1975.29
19437,19437,Cash,2024-10-06 23:37:00,4098.4
19438,19438,Cash,2025-02-28 16:54:14,3291.31
19439,19439,Credit Card,2025-04-29 18:47:28,182.32
19440,19440,Cash,2026-02-19 19:17:08,1332.19
19441,19441,Bank Transfer,2026-05-05 22:55:36,1400.44
19442,19442,Credit Card,2025-04-29 11:45:58,1387.66
19443,19443,PayPal,2025-03-22 21:42:10,2531.91
19444,19444,Bank Transfer,2025-07-15 10:56:45,865.83
19445,19445,Cash,2026-01-29 07:05:46,2212.87
19446,19446,Bank Transfer,2026-01-08 03:00:58,3122.59
19447,19447,Credit Card,2024-09-08 08:33:05,4014.35
19448,19448,Cash,2026-04-29 10:26:37,2127.9
19449,19449,PayPal,2026-01-29 18:26:54,2333.98
19450,19450,PayPal,2025-12-20 08:56:19,479.62
19451,19451,PayPal,2025-07-05 01:42:53,622.34
19452,19452,PayPal,2025-08-01 09:33:24,385.34
19453,19453,Cash,2026-06-27 17:37:45,3324.01
19454,19454,Bank Transfer,2025-10-31 16:17:17,186.42
19455,19455,Cash,2025-03-27 03:59:13,360.67
19456,19456,Credit Card,2025-03-04 16:59:54,3663.68
19457,19457,Cash,2026-06-10 03:51:31,2571.07
19458,19458,Bank Transfer,2025-01-24 03:11:23,1768.9
19459,19459,Cash,2025-01-04 03:20:08,1340.63
19460,19460,Credit Card,2025-12-08 16:48:03,521.73
19461,19461,Cash,2025-07-21 08:04:33,1550.73
19462,19462,Cash,2025-01-15 14:18:35,1055.34
19463,19463,Cash,2025-07-04 19:23:46,2881.84
19464,19464,Bank Transfer,2025-08-17 08:11:10,81.5
19465,19465,Bank Transfer,2024-09-21 17:54:33,3204.4
19466,19466,PayPal,2024-10-22 13:22:26,3071.39
19467,19467,Credit Card,2025-05-15 07:35:29,2623.36
19468,19468,PayPal,2025-07-14 22:57:57,431.37
19469,19469,Cash,2026-04-21 10:10:37,4106.18
19470,19470,Credit Card,2025-11-07 01:13:06,2245.75
19471,19471,Cash,2025-10-06 02:15:23,3936.88
19472,19472,Cash,2026-04-28 03:05:39,998.46
19473,19473,Cash,2026-05-23 13:48:11,2361.54
19474,19474,PayPal,2025-12-21 20:50:38,393.36
19475,19475,Credit Card,2026-01-09 01:29:36,1168.92
19476,19476,Cash,2025-03-06 02:45:22,4127.02
19477,19477,PayPal,2026-06-01 03:57:08,343.71
19478,19478,PayPal,2026-04-02 11:54:30,152.07
19479,19479,Credit Card,2025-05-06 13:25:35,504.8
19480,19480,Cash,2025-12-17 20:36:46,1778.37
19481,19481,Cash,2025-12-08 02:54:56,1713.12
19482,19482,Bank Transfer,2025-08-10 14:52:00,2188.53
19483,19483,Credit Card,2024-12-22 18:02:14,2957.62
19484,19484,Cash,2025-12-16 04:06:38,2105.68
19485,19485,PayPal,2025-11-25 21:55:05,17.52
19486,19486,Cash,2026-01-30 14:09:24,871.62
19487,19487,Cash,2026-05-21 22:56:52,3387.68
19488,19488,PayPal,2025-02-09 09:01:23,2831.93
19489,19489,Credit Card,2025-06-14 04:35:56,17.52
19490,19490,Bank Transfer,2026-02-18 15:16:28,444.58
19491,19491,Bank Transfer,2025-02-16 21:22:25,4294.89
19492,19492,Cash,2026-03-02 09:12:04,1353.1
19493,19493,PayPal,2024-11-05 14:33:49,1081.72
19494,19494,PayPal,2024-11-14 03:31:20,2143.74
19495,19495,PayPal,2025-02-08 13:56:47,1777.95
19496,19496,Bank Transfer,2025-06-04 21:25:24,1520.18
19497,19497,PayPal,2026-05-11 19:48:29,2472.51
19498,19498,PayPal,2025-01-28 21:12:07,132.88
19499,19499,PayPal,2026-06-26 04:46:32,1756.2
19500,19500,Cash,2026-03-22 04:48:03,1940.02
19501,19501,Credit Card,2024-09-23 23:36:53,934.16
19502,19502,Bank Transfer,2026-04-18 06:31:13,4373.6
19503,19503,Credit Card,2025-05-19 15:02:21,3260.05
19504,19504,Bank Transfer,2024-10-02 14:35:59,1955.77
19505,19505,Cash,2026-07-21 08:12:54,1470.77
19506,19506,PayPal,2024-08-24 00:15:54,1847.0
19507,19507,Cash,2024-08-13 01:28:05,1221.18
19508,19508,Cash,2025-07-27 08:17:06,409.21
19509,19509,Cash,2025-03-10 14:48:08,1011.05
19510,19510,Cash,2026-01-30 19:12:06,585.04
19511,19511,PayPal,2026-03-30 21:04:50,1807.08
19512,19512,PayPal,2025-08-25 17:19:01,2620.95
19513,19513,PayPal,2026-02-03 12:28:27,2520.27
19514,19514,PayPal,2025-11-29 16:08:10,160.52
19515,19515,Cash,2024-08-10 08:58:08,4079.03
19516,19516,PayPal,2025-02-16 01:17:33,702.78
19517,19517,Credit Card,2024-10-27 07:46:58,3645.19
19518,19518,PayPal,2026-06-21 09:33:41,2377.01
19519,19519,Bank Transfer,2025-02-02 17:50:35,2092.9
19520,19520,PayPal,2026-07-15 06:45:57,2123.92
19521,19521,Bank Transfer,2025-03-23 18:31:16,1545.4
19522,19522,Cash,2026-05-20 01:40:08,1792.33
19523,19523,Cash,2024-12-24 11:16:53,3158.96
19524,19524,Credit Card,2025-05-18 01:05:17,2700.03
19525,19525,PayPal,2025-06-05 16:16:30,1612.66
19526,19526,Credit Card,2025-08-25 06:59:18,1137.62
19527,19527,Credit Card,2024-10-03 10:10:54,1731.4
19528,19528,PayPal,2024-12-26 08:19:15,1615.23
19529,19529,Credit Card,2026-07-30 20:56:20,2420.01
19530,19530,Bank Transfer,2026-03-11 02:22:57,136.74
19531,19531,PayPal,2025-01-11 17:12:51,1405.6
19532,19532,Credit Card,2024-12-23 08:38:25,605.19
19533,19533,Cash,2026-02-11 13:50:11,1057.11
19534,19534,PayPal,2026-07-06 00:07:55,3243.67
19535,19535,PayPal,2024-08-14 09:00:12,3210.17
19536,19536,Bank Transfer,2025-12-07 15:42:11,3170.8
19537,19537,Bank Transfer,2025-10-30 00:29:51,206.34
19538,19538,Cash,2025-05-28 09:21:50,722.77
19539,19539,PayPal,2024-11-12 09:44:26,369.23
19540,19540,Bank Transfer,2026-07-26 01:33:53,2786.21
19541,19541,Bank Transfer,2026-05-20 14:31:48,1340.76
19542,19542,Bank Transfer,2024-11-03 23:13:24,1511.85
19543,19543,Cash,2026-03-12 20:26:42,2270.02
19544,19544,Cash,2025-09-10 19:33:35,2433.4
19545,19545,Cash,2026-04-25 15:13:24,1646.14
19546,19546,Bank Transfer,2026-04-05 04:47:27,687.42
19547,19547,Cash,2025-04-12 17:18:13,3623.09
19548,19548,PayPal,2025-01-07 11:25:52,960.24
19549,19549,Credit Card,2025-06-16 21:31:16,2647.11
19550,19550,Cash,2025-10-03 05:06:29,1327.88
19551,19551,PayPal,2024-10-06 16:27:10,2679.62
19552,19552,Credit Card,2026-03-08 17:09:56,213.12
19553,19553,Cash,2025-03-26 21:35:19,246.8
19554,19554,Credit Card,2025-08-09 09:45:59,1295.74
19555,19555,Credit Card,2024-08-15 15:42:19,379.13
19556,19556,PayPal,2025-10-18 05:04:30,1201.07
19557,19557,Credit Card,2025-05-30 15:35:22,789.78
19558,19558,Credit Card,2025-06-03 16:39:40,1073.3
19559,19559,Credit Card,2025-06-05 09:06:00,156.2
19560,19560,Credit Card,2026-07-08 20:19:33,1636.84
19561,19561,Credit Card,2025-05-24 04:36:21,4224.36
19562,19562,Cash,2025-04-24 23:12:37,1980.56
19563,19563,Cash,2026-04-21 14:30:43,3062.75
19564,19564,Credit Card,2026-02-23 02:00:04,332.45
19565,19565,Credit Card,2025-12-29 22:45:57,1004.31
19566,19566,PayPal,2025-11-12 06:55:05,823.08
19567,19567,Bank Transfer,2025-08-13 00:21:51,1250.04
19568,19568,Cash,2024-09-17 14:28:20,2311.98
19569,19569,Cash,2024-10-27 05:32:08,110.72
19570,19570,PayPal,2025-08-10 21:56:02,2509.48
19571,19571,Credit Card,2025-08-19 02:46:25,1256.86
19572,19572,Cash,2025-09-19 07:01:49,836.38
19573,19573,PayPal,2024-11-03 03:26:59,3986.05
19574,19574,Cash,2026-01-07 18:33:25,1728.26
19575,19575,Bank Transfer,2025-12-06 05:09:09,918.65
19576,19576,PayPal,2025-01-10 00:09:21,2600.77
19577,19577,PayPal,2025-08-18 23:41:26,708.31
19578,19578,PayPal,2025-10-05 07:52:57,3622.4
19579,19579,Bank Transfer,2026-02-10 20:05:40,2253.99
19580,19580,Credit Card,2026-05-09 21:23:24,250.56
19581,19581,Bank Transfer,2026-04-09 05:25:24,700.64
19582,19582,Credit Card,2025-01-01 19:29:42,3455.89
19583,19583,Credit Card,2026-03-07 12:20:54,2307.58
19584,19584,Bank Transfer,2025-12-30 14:51:46,565.18
19585,19585,Cash,2026-03-18 06:07:40,1425.11
19586,19586,Credit Card,2025-02-05 11:03:00,1920.95
19587,19587,Bank Transfer,2024-12-18 12:23:00,1725.62
19588,19588,Bank Transfer,2024-08-14 07:38:02,1097.14
19589,19589,Credit Card,2025-10-01 17:11:22,426.57
19590,19590,Bank Transfer,2026-05-08 05:13:57,1694.56
19591,19591,Cash,2025-04-24 04:53:14,1645.53
19592,19592,Bank Transfer,2026-06-03 04:39:48,2161.04
19593,19593,Bank Transfer,2026-01-06 10:30:53,2377.1
19594,19594,PayPal,2026-01-16 07:36:35,522.48
19595,19595,Bank Transfer,2024-10-18 17:03:22,927.26
19596,19596,Credit Card,2026-06-16 19:53:12,163.0
19597,19597,Bank Transfer,2025-09-18 06:33:38,1458.13
19598,19598,Cash,2024-08-24 03:33:13,2639.37
19599,19599,PayPal,2025-07-26 12:58:12,2149.85
19600,19600,PayPal,2025-10-31 09:54:52,172.35
19601,19601,Cash,2025-07-12 22:04:38,4187.75
19602,19602,Credit Card,2025-11-02 22:02:57,932.24
19603,19603,PayPal,2024-11-03 03:26:24,388.73
19604,19604,Cash,2026-03-27 01:34:37,2524.08
19605,19605,Cash,2026-03-29 00:11:44,1847.82
19606,19606,Credit Card,2026-05-29 00:09:18,108.71
19607,19607,Credit Card,2026-02-21 17:05:01,4110.54
19608,19608,Credit Card,2025-05-01 20:44:51,1728.89
19609,19609,Credit Card,2025-04-17 18:51:49,202.5
19610,19610,Cash,2025-06-26 03:29:51,2538.64
19611,19611,PayPal,2025-07-07 16:11:25,2285.37
19612,19612,Cash,2026-02-19 00:45:33,1640.1
19613,19613,Credit Card,2026-07-07 08:25:34,780.02
19614,19614,Credit Card,2025-10-08 14:01:23,1761.23
19615,19615,PayPal,2024-09-03 02:00:00,3486.39
19616,19616,PayPal,2024-12-09 18:43:24,916.44
19617,19617,Credit Card,2026-04-17 12:50:58,2247.64
19618,19618,Credit Card,2026-04-27 16:46:13,1921.35
19619,19619,Cash,2026-02-21 03:03:46,852.82
19620,19620,PayPal,2025-11-24 15:41:56,970.22
19621,19621,PayPal,2025-09-30 21:19:39,1782.44
19622,19622,Credit Card,2025-08-25 00:06:56,3613.0
19623,19623,Cash,2025-03-27 00:27:10,1999.75
19624,19624,Bank Transfer,2025-01-02 12:32:42,4793.7
19625,19625,Bank Transfer,2024-12-10 12:18:54,1492.5
19626,19626,Cash,2025-01-03 23:59:11,1660.45
19627,19627,Bank Transfer,2024-11-15 00:29:08,930.04
19628,19628,PayPal,2024-12-08 08:10:29,3194.62
19629,19629,Credit Card,2025-07-03 16:33:04,1007.36
19630,19630,Bank Transfer,2025-12-07 00:42:49,1511.26
19631,19631,Cash,2025-03-11 09:59:59,3435.11
19632,19632,Cash,2026-07-16 01:32:23,1618.77
19633,19633,Cash,2024-09-07 21:43:13,1956.4
19634,19634,Cash,2025-08-07 13:53:13,1864.12
19635,19635,Credit Card,2025-12-18 06:52:58,1038.18
19636,19636,Credit Card,2025-09-03 06:31:56,713.4
19637,19637,Bank Transfer,2026-06-13 12:17:45,983.75
19638,19638,Bank Transfer,2024-10-06 21:14:57,2622.4
19639,19639,Cash,2025-08-20 01:15:48,1720.74
19640,19640,Credit Card,2025-10-11 18:16:21,1417.88
19641,19641,Credit Card,2026-03-28 00:22:18,2340.22
19642,19642,Bank Transfer,2025-04-29 08:27:02,2847.9
19643,19643,Cash,2025-01-05 11:32:03,1823.34
19644,19644,PayPal,2026-05-06 04:20:16,3454.2
19645,19645,Cash,2026-03-31 12:31:18,2938.6
19646,19646,PayPal,2026-04-01 12:24:02,701.97
19647,19647,Cash,2025-07-03 05:03:13,3229.9
19648,19648,Credit Card,2026-02-08 12:47:31,318.6
19649,19649,PayPal,2026-01-14 13:20:23,2126.64
19650,19650,PayPal,2025-04-21 19:28:32,1863.35
19651,19651,Credit Card,2025-11-22 18:07:35,2617.41
19652,19652,Cash,2026-04-11 13:02:58,849.68
19653,19653,PayPal,2025-07-16 15:22:28,1942.76
19654,19654,Cash,2025-07-02 07:14:38,1731.4
19655,19655,Cash,2025-02-12 14:08:47,3736.09
19656,19656,Credit Card,2024-12-25 22:26:41,1897.8
19657,19657,Cash,2025-12-30 02:46:16,4034.62
19658,19658,Cash,2024-09-16 23:12:15,1606.67
19659,19659,PayPal,2024-12-21 09:16:24,175.16
19660,19660,PayPal,2026-06-15 20:17:04,1927.0
19661,19661,Credit Card,2025-11-30 14:28:47,1808.56
19662,19662,Credit Card,2025-07-09 23:48:29,3531.44
19663,19663,Credit Card,2024-11-24 01:53:12,2630.86
19664,19664,Bank Transfer,2025-03-01 01:05:21,360.61
19665,19665,PayPal,2024-11-02 01:46:40,375.34
19666,19666,Cash,2026-03-24 02:26:16,1293.0
19667,19667,Bank Transfer,2025-07-02 07:08:59,582.36
19668,19668,PayPal,2026-01-20 11:06:13,1656.09
19669,19669,PayPal,2025-07-13 05:39:40,478.82
19670,19670,PayPal,2026-01-24 11:01:24,1675.89
19671,19671,Credit Card,2025-11-19 07:18:56,2867.04
19672,19672,Credit Card,2025-12-10 01:09:37,2401.94
19673,19673,Bank Transfer,2026-03-31 13:42:07,3658.61
19674,19674,Cash,2024-09-30 00:11:58,2776.35
19675,19675,PayPal,2025-04-30 03:44:05,3401.05
19676,19676,Credit Card,2025-10-26 15:59:50,2479.86
19677,19677,Cash,2025-10-04 23:26:20,996.94
19678,19678,Bank Transfer,2026-04-19 18:43:02,1094.36
19679,19679,Credit Card,2024-09-28 08:15:10,554.57
19680,19680,Bank Transfer,2025-07-27 02:51:42,2926.64
19681,19681,Cash,2025-06-14 21:01:53,1937.4
19682,19682,Cash,2026-01-18 01:56:26,2928.17
19683,19683,Cash,2025-03-12 07:30:43,2426.08
19684,19684,Cash,2025-07-04 10:00:41,1209.41
19685,19685,PayPal,2026-06-16 07:07:42,1428.08
19686,19686,Credit Card,2026-08-04 21:07:12,529.68
19687,19687,Bank Transfer,2025-09-11 15:48:56,3674.49
19688,19688,Credit Card,2024-09-01 06:31:57,2252.2
19689,19689,Credit Card,2026-03-25 12:55:50,3081.1
19690,19690,Credit Card,2025-05-21 06:12:15,1899.36
19691,19691,Bank Transfer,2024-09-21 19:18:43,1289.84
19692,19692,PayPal,2025-02-22 23:29:12,2187.18
19693,19693,Credit Card,2024-10-07 03:06:24,180.07
19694,19694,Credit Card,2026-05-02 22:12:01,878.26
19695,19695,Credit Card,2024-11-09 07:26:56,3083.74
19696,19696,Cash,2025-10-09 18:49:19,2120.69
19697,19697,Bank Transfer,2026-02-21 03:35:40,2947.15
19698,19698,PayPal,2025-09-06 15:42:34,2051.12
19699,19699,PayPal,2024-10-17 21:12:48,3442.27
19700,19700,Cash,2025-07-01 20:05:54,3527.02
19701,19701,Cash,2025-01-18 06:11:54,3436.94
19702,19702,Cash,2026-02-23 09:38:51,5479.65
19703,19703,Credit Card,2025-06-24 13:28:23,115.92
19704,19704,Bank Transfer,2025-01-24 17:00:54,3531.92
19705,19705,Bank Transfer,2026-03-16 22:50:19,5067.75
19706,19706,Cash,2024-11-14 17:26:55,1634.13
19707,19707,Bank Transfer,2025-06-24 04:40:05,3071.1
19708,19708,Cash,2025-11-18 18:40:33,3025.42
19709,19709,Bank Transfer,2025-02-12 14:35:41,2706.93
19710,19710,PayPal,2024-08-25 15:44:20,1605.41
19711,19711,Cash,2025-03-19 18:47:17,3365.44
19712,19712,Bank Transfer,2025-12-23 13:08:30,3601.8
19713,19713,Bank Transfer,2024-10-20 13:24:06,2094.02
19714,19714,PayPal,2026-07-28 22:22:05,4383.4
19715,19715,PayPal,2025-08-14 16:28:19,2162.27
19716,19716,Bank Transfer,2025-08-08 08:41:56,1666.26
19717,19717,Cash,2025-11-10 15:52:32,3931.85
19718,19718,PayPal,2025-08-13 21:20:57,722.33
19719,19719,Bank Transfer,2026-04-12 02:29:27,3767.52
19720,19720,Cash,2026-04-11 06:33:03,176.1
19721,19721,Cash,2025-07-29 12:55:44,1321.92
19722,19722,Cash,2026-05-21 05:20:20,174.55
19723,19723,PayPal,2026-04-05 09:07:46,369.19
19724,19724,PayPal,2024-11-23 19:56:13,993.39
19725,19725,PayPal,2026-05-17 16:15:58,2529.6
19726,19726,PayPal,2025-01-05 19:46:33,839.43
19727,19727,PayPal,2026-04-12 17:36:58,571.02
19728,19728,Bank Transfer,2025-08-11 07:14:04,703.54
19729,19729,Bank Transfer,2025-03-17 16:51:01,3661.48
19730,19730,Credit Card,2024-11-30 20:17:29,2270.36
19731,19731,Bank Transfer,2025-10-22 23:25:53,3912.15
19732,19732,PayPal,2024-09-18 18:04:45,1353.48
19733,19733,Cash,2025-12-13 09:54:10,2170.42
19734,19734,Cash,2025-06-25 13:15:30,762.26
19735,19735,Bank Transfer,2025-08-04 20:57:11,3627.71
19736,19736,Cash,2025-03-10 18:25:10,2710.88
19737,19737,PayPal,2025-09-24 02:49:28,1707.24
19738,19738,Bank Transfer,2024-12-12 06:55:23,2654.09
19739,19739,PayPal,2026-04-03 00:39:26,813.0
19740,19740,PayPal,2026-05-05 00:38:18,3971.2
19741,19741,Cash,2025-07-08 01:11:55,2338.74
19742,19742,PayPal,2025-05-08 19:06:49,583.12
19743,19743,Bank Transfer,2026-07-24 04:20:24,3000.91
19744,19744,Credit Card,2026-07-23 00:34:03,1117.78
19745,19745,PayPal,2025-12-25 00:32:44,3637.03
19746,19746,Bank Transfer,2025-02-14 01:25:44,1491.33
19747,19747,Bank Transfer,2025-01-06 06:22:22,3461.58
19748,19748,Cash,2026-04-27 10:24:55,927.26
19749,19749,Bank Transfer,2025-08-19 20:34:13,1307.28
19750,19750,PayPal,2025-12-25 09:02:45,593.01
19751,19751,PayPal,2026-04-24 13:22:55,1901.15
19752,19752,Cash,2025-02-07 03:31:31,2887.0
19753,19753,Bank Transfer,2025-03-03 16:57:03,4964.37
19754,19754,PayPal,2024-12-02 23:27:35,1894.59
19755,19755,Credit Card,2024-11-18 00:49:51,4436.2
19756,19756,Cash,2026-03-28 06:13:16,1558.96
19757,19757,Cash,2026-06-27 19:00:06,1405.5
19758,19758,Credit Card,2025-03-23 08:34:27,3907.14
19759,19759,Cash,2026-04-03 01:37:22,230.82
19760,19760,PayPal,2026-06-08 22:49:17,792.99
19761,19761,Bank Transfer,2026-01-13 22:55:15,721.22
19762,19762,Bank Transfer,2026-06-29 00:11:51,1878.42
19763,19763,Bank Transfer,2024-08-09 05:56:47,3117.54
19764,19764,Bank Transfer,2024-08-09 05:04:42,2885.73
19765,19765,Cash,2024-10-15 10:41:03,240.46
19766,19766,Bank Transfer,2025-06-06 22:35:42,172.95
19767,19767,PayPal,2025-05-29 02:05:49,2254.85
19768,19768,Cash,2024-11-10 13:30:17,517.05
19769,19769,Cash,2024-10-28 08:27:01,1766.69
19770,19770,Bank Transfer,2025-04-16 15:12:22,3309.52
19771,19771,PayPal,2025-07-24 09:23:16,309.51
19772,19772,Bank Transfer,2025-06-20 20:34:53,1173.89
19773,19773,Bank Transfer,2025-09-08 05:21:45,1273.53
19774,19774,PayPal,2025-08-31 03:21:13,338.03
19775,19775,PayPal,2025-02-27 19:15:46,301.3
19776,19776,Cash,2026-02-11 03:55:52,5162.5
19777,19777,Credit Card,2025-04-29 21:39:12,4335.11
19778,19778,Bank Transfer,2024-11-05 20:14:52,2675.58
19779,19779,Credit Card,2026-01-22 15:31:04,1044.31
19780,19780,Cash,2026-07-16 22:49:27,2650.12
19781,19781,Cash,2024-10-24 19:52:15,2227.89
19782,19782,Bank Transfer,2024-09-22 20:02:50,3006.42
19783,19783,Cash,2024-11-13 21:13:50,570.4
19784,19784,PayPal,2026-03-22 21:19:09,1055.0
19785,19785,Credit Card,2025-12-13 12:43:12,1083.98
19786,19786,Cash,2025-03-12 17:39:27,74.25
19787,19787,PayPal,2025-12-26 09:52:00,1056.93
19788,19788,PayPal,2025-09-15 11:40:01,371.18
19789,19789,Cash,2025-10-18 20:25:05,1763.18
19790,19790,Cash,2025-02-06 01:11:01,1343.28
19791,19791,Bank Transfer,2026-02-12 11:34:14,1398.62
19792,19792,Cash,2025-06-03 08:13:50,3368.26
19793,19793,Cash,2026-06-23 09:26:50,577.59
19794,19794,Credit Card,2026-05-13 21:12:56,320.09
19795,19795,PayPal,2024-09-03 10:54:27,993.9
19796,19796,Credit Card,2026-04-03 06:22:34,1721.5
19797,19797,Bank Transfer,2026-05-17 07:12:04,644.73
19798,19798,Credit Card,2026-02-23 15:11:14,1636.84
19799,19799,Bank Transfer,2026-02-02 21:57:17,583.12
19800,19800,Bank Transfer,2025-12-16 17:36:08,2522.3
19801,19801,PayPal,2026-02-12 20:58:34,1080.17
19802,19802,Bank Transfer,2024-09-12 03:13:52,1246.91
19803,19803,Bank Transfer,2026-07-18 22:45:37,444.75
19804,19804,Cash,2026-04-18 17:20:50,690.46
19805,19805,PayPal,2026-04-11 05:07:27,1446.15
19806,19806,Cash,2025-07-30 20:11:57,2579.74
19807,19807,Cash,2024-08-25 19:14:37,1189.0
19808,19808,PayPal,2025-11-23 09:42:40,581.58
19809,19809,Bank Transfer,2025-04-09 16:46:04,92.06
19810,19810,Bank Transfer,2024-11-16 11:55:20,2048.63
19811,19811,Credit Card,2025-03-18 19:57:09,14.67
19812,19812,Cash,2025-02-26 17:23:13,1474.73
19813,19813,Bank Transfer,2026-04-30 00:16:22,2966.79
19814,19814,Bank Transfer,2026-04-03 23:22:55,2341.42
19815,19815,PayPal,2026-02-08 07:06:44,154.56
19816,19816,Bank Transfer,2025-11-14 07:43:44,2560.5
19817,19817,Credit Card,2026-06-29 10:55:36,879.44
19818,19818,Bank Transfer,2025-03-27 00:52:30,1673.28
19819,19819,Cash,2025-09-20 13:38:41,1085.68
19820,19820,Credit Card,2026-01-22 02:47:58,389.08
19821,19821,PayPal,2025-11-07 07:37:10,1881.64
19822,19822,Cash,2025-11-03 04:15:00,3360.85
19823,19823,PayPal,2025-01-27 03:24:57,1647.29
19824,19824,Cash,2024-12-21 04:33:57,2653.58
19825,19825,Bank Transfer,2026-05-31 19:22:27,1807.62
19826,19826,PayPal,2026-06-26 23:13:25,1932.2
19827,19827,Bank Transfer,2025-11-19 00:13:20,1774.38
19828,19828,Credit Card,2025-06-07 09:21:53,241.52
19829,19829,Cash,2026-03-26 10:01:33,1839.89
19830,19830,Cash,2024-09-17 06:13:42,3642.83
19831,19831,Bank Transfer,2026-04-23 16:18:16,446.33
19832,19832,Cash,2025-12-06 13:16:27,5714.04
19833,19833,PayPal,2025-09-10 02:05:08,120.44
19834,19834,PayPal,2025-03-06 12:17:39,2420.28
19835,19835,Credit Card,2026-02-14 16:00:46,1117.86
19836,19836,Credit Card,2025-07-31 19:52:11,994.35
19837,19837,PayPal,2025-03-31 06:15:02,1075.88
19838,19838,Cash,2025-12-10 02:04:12,2711.6
19839,19839,Credit Card,2025-05-24 13:37:42,1694.52
19840,19840,Credit Card,2025-09-08 09:59:09,1604.85
19841,19841,Bank Transfer,2026-07-31 00:55:43,3198.64
19842,19842,Cash,2026-01-09 07:12:03,987.4
19843,19843,Bank Transfer,2026-07-10 02:55:49,1323.54
19844,19844,Bank Transfer,2024-09-30 05:07:01,6250.17
19845,19845,PayPal,2026-08-02 00:45:28,3943.38
19846,19846,Bank Transfer,2026-01-25 05:08:51,726.36
19847,19847,Bank Transfer,2025-06-06 22:41:19,345.14
19848,19848,PayPal,2026-02-28 09:59:12,2091.89
19849,19849,PayPal,2026-03-06 08:07:39,2897.96
19850,19850,Cash,2025-02-11 15:11:52,647.6
19851,19851,Bank Transfer,2024-09-15 16:02:09,611.91
19852,19852,Bank Transfer,2025-04-23 04:57:37,1517.1
19853,19853,Credit Card,2024-08-15 11:33:23,1350.46
19854,19854,PayPal,2025-02-15 02:03:21,1445.13
19855,19855,Bank Transfer,2025-12-22 09:45:23,2392.58
19856,19856,PayPal,2025-11-10 05:45:45,1998.91
19857,19857,Credit Card,2026-06-20 21:43:15,2247.09
19858,19858,Credit Card,2025-03-29 02:23:55,185.59
19859,19859,Cash,2026-04-06 18:59:48,3041.38
19860,19860,Credit Card,2025-07-12 08:59:47,933.05
19861,19861,Bank Transfer,2024-12-19 14:36:44,2890.06
19862,19862,PayPal,2025-02-06 05:29:05,2069.12
19863,19863,Cash,2025-04-25 13:08:56,2420.73
19864,19864,PayPal,2025-03-22 18:27:22,1499.93
19865,19865,PayPal,2024-11-15 15:18:09,1174.84
19866,19866,PayPal,2026-02-09 10:00:14,1308.66
19867,19867,Cash,2025-01-21 16:06:16,1506.99
19868,19868,Credit Card,2026-05-23 07:05:22,793.81
19869,19869,PayPal,2025-09-12 22:51:19,769.03
19870,19870,Cash,2025-06-04 18:53:46,1392.32
19871,19871,Cash,2024-11-29 14:46:25,4478.98
19872,19872,PayPal,2026-01-23 17:44:13,603.23
19873,19873,PayPal,2026-05-14 09:30:55,2823.66
19874,19874,PayPal,2024-12-26 02:19:23,1184.69
19875,19875,PayPal,2025-01-26 02:35:50,1900.64
19876,19876,Credit Card,2026-03-22 10:42:26,3766.75
19877,19877,Credit Card,2025-01-18 12:58:09,2025.8
19878,19878,Bank Transfer,2025-09-04 10:59:14,629.18
19879,19879,Cash,2025-11-05 14:12:18,2947.32
19880,19880,PayPal,2025-02-26 08:12:40,422.21
19881,19881,Bank Transfer,2026-05-06 19:55:03,354.99
19882,19882,PayPal,2024-09-14 20:16:44,1501.92
19883,19883,Credit Card,2024-08-07 12:21:55,2041.97
19884,19884,Bank Transfer,2026-03-27 06:04:58,1496.28
19885,19885,PayPal,2026-08-01 05:11:53,365.63
19886,19886,PayPal,2024-12-30 16:36:29,697.23
19887,19887,Cash,2025-03-13 16:45:13,1803.42
19888,19888,PayPal,2024-08-14 06:47:21,2397.25
19889,19889,PayPal,2024-12-21 14:15:49,1109.76
19890,19890,Cash,2026-03-08 01:09:24,452.9
19891,19891,Credit Card,2025-10-20 07:57:36,1043.83
19892,19892,PayPal,2026-07-28 01:32:42,1866.3
19893,19893,Cash,2025-06-16 21:22:51,1996.69
19894,19894,Cash,2024-09-20 19:47:01,1912.35
19895,19895,PayPal,2024-12-23 17:11:08,1365.44
19896,19896,Cash,2025-04-02 09:54:07,2573.27
19897,19897,PayPal,2025-10-06 01:54:00,2484.13
19898,19898,Cash,2026-04-23 13:25:35,3943.08
19899,19899,Credit Card,2025-08-07 01:11:56,471.5
19900,19900,Credit Card,2024-08-10 23:11:42,2180.72
19901,19901,Credit Card,2026-08-01 23:17:07,6952.92
19902,19902,Bank Transfer,2025-04-18 06:53:29,923.15
19903,19903,Bank Transfer,2025-05-05 06:30:55,1373.04
19904,19904,Cash,2025-12-01 19:22:24,1824.02
19905,19905,Cash,2025-11-18 17:20:22,2730.63
19906,19906,Bank Transfer,2026-02-27 20:42:07,287.3
19907,19907,Credit Card,2026-02-13 08:52:09,740.58
19908,19908,Cash,2025-05-11 06:23:07,1168.48
19909,19909,Bank Transfer,2025-04-04 11:34:36,2768.45
19910,19910,Credit Card,2024-11-19 06:58:49,1158.54
19911,19911,PayPal,2025-11-27 00:08:17,1023.59
19912,19912,PayPal,2025-03-07 05:48:52,2914.12
19913,19913,Credit Card,2025-12-29 05:11:45,67.25
19914,19914,PayPal,2024-10-11 03:39:47,3347.68
19915,19915,Bank Transfer,2025-11-22 04:31:48,2427.76
19916,19916,PayPal,2026-06-12 14:41:40,246.8
19917,19917,PayPal,2025-11-21 13:12:07,213.12
19918,19918,PayPal,2026-07-20 19:40:27,2504.2
19919,19919,Bank Transfer,2026-05-23 00:31:16,3351.09
19920,19920,PayPal,2026-04-02 13:36:26,2653.2
19921,19921,Bank Transfer,2026-01-26 01:02:43,721.18
19922,19922,Credit Card,2026-01-08 03:52:33,2141.72
19923,19923,Credit Card,2025-02-22 10:07:14,2736.58
19924,19924,Credit Card,2026-07-24 21:29:17,643.04
19925,19925,Credit Card,2026-01-12 16:05:32,563.61
19926,19926,Cash,2025-02-28 10:11:37,2887.71
19927,19927,PayPal,2024-08-16 05:20:59,1691.79
19928,19928,Cash,2025-08-25 10:30:38,3462.57
19929,19929,PayPal,2025-11-02 20:02:00,2330.64
19930,19930,Credit Card,2024-10-21 21:33:57,1867.02
19931,19931,Credit Card,2025-01-23 08:18:22,3357.72
19932,19932,Credit Card,2024-12-30 03:44:11,1378.13
19933,19933,Cash,2025-07-26 10:36:04,1943.33
19934,19934,Bank Transfer,2025-08-20 23:36:23,2435.48
19935,19935,Credit Card,2025-10-27 09:20:14,1839.13
19936,19936,Bank Transfer,2025-01-22 00:22:25,331.2
19937,19937,Cash,2025-12-17 13:52:42,1275.55
19938,19938,PayPal,2026-01-04 06:57:12,3017.95
19939,19939,Credit Card,2026-05-30 09:21:13,1615.66
19940,19940,Bank Transfer,2024-11-17 05:43:49,1964.07
19941,19941,Bank Transfer,2025-06-12 21:32:07,1346.27
19942,19942,Cash,2026-04-14 02:47:20,2166.44
19943,19943,PayPal,2025-11-04 22:40:52,1932.6
19944,19944,Cash,2026-08-01 10:30:15,1453.92
19945,19945,PayPal,2024-12-04 01:53:20,1323.36
19946,19946,Bank Transfer,2026-03-05 12:53:54,283.92
19947,19947,Bank Transfer,2025-08-04 05:23:23,1185.06
19948,19948,Cash,2024-08-13 23:18:29,561.3
19949,19949,Credit Card,2026-03-15 13:41:06,1375.96
19950,19950,Cash,2025-10-16 08:34:42,492.68
19951,19951,Cash,2026-01-03 21:51:56,1540.21
19952,19952,Cash,2025-11-12 22:09:39,2822.29
19953,19953,PayPal,2026-01-13 03:05:47,4431.1
19954,19954,Cash,2026-04-22 16:22:09,1367.22
19955,19955,Cash,2025-02-06 02:21:58,4016.06
19956,19956,Bank Transfer,2024-12-19 16:17:06,1560.04
19957,19957,Cash,2026-03-18 00:38:27,648.74
19958,19958,Cash,2024-12-10 22:48:40,1536.32
19959,19959,Credit Card,2025-04-05 21:58:17,938.38
19960,19960,Bank Transfer,2024-09-15 22:41:32,1482.44
19961,19961,Cash,2026-02-07 06:33:39,1850.42
19962,19962,Credit Card,2025-01-09 15:33:13,3265.73
19963,19963,Cash,2025-09-17 13:43:38,891.11
19964,19964,PayPal,2025-11-14 20:21:00,2880.75
19965,19965,PayPal,2026-03-05 17:53:20,83.04
19966,19966,Credit Card,2026-05-22 22:35:23,749.94
19967,19967,Bank Transfer,2025-01-25 08:27:49,2007.28
19968,19968,Cash,2024-08-18 00:53:10,227.78
19969,19969,Credit Card,2025-05-14 07:17:24,1792.51
19970,19970,Bank Transfer,2024-11-19 01:12:35,3490.4
19971,19971,Bank Transfer,2024-10-11 10:15:24,1072.03
19972,19972,Bank Transfer,2025-02-02 13:38:03,1290.63
19973,19973,Cash,2025-05-09 14:23:05,1726.64
19974,19974,Cash,2024-10-08 14:21:21,468.21
19975,19975,Cash,2025-01-05 01:40:04,2144.46
19976,19976,PayPal,2025-01-15 18:01:08,931.69
19977,19977,Credit Card,2025-06-03 19:10:43,173.4
19978,19978,Credit Card,2025-01-15 07:52:03,4700.19
19979,19979,Bank Transfer,2025-08-21 14:23:38,2622.77
19980,19980,Bank Transfer,2026-03-12 09:34:14,590.2
19981,19981,Cash,2025-08-13 16:34:32,2298.35
19982,19982,Credit Card,2025-03-11 19:14:36,336.9
19983,19983,Bank Transfer,2025-06-30 11:33:45,1937.62
19984,19984,PayPal,2026-02-14 17:45:57,142.0
19985,19985,PayPal,2026-01-01 01:30:06,697.05
19986,19986,Credit Card,2026-06-05 13:35:11,118.38
19987,19987,PayPal,2026-06-12 16:16:16,819.41
19988,19988,PayPal,2024-11-16 16:04:13,503.2
19989,19989,Cash,2025-09-15 11:12:30,1418.51
19990,19990,Bank Transfer,2025-08-31 21:15:56,305.07
19991,19991,Credit Card,2024-09-04 08:20:40,2240.06
19992,19992,PayPal,2025-01-19 01:23:16,1874.56
19993,19993,Credit Card,2025-03-05 23:10:04,3296.01
19994,19994,Cash,2025-02-11 20:14:59,2407.87
19995,19995,Cash,2025-11-01 14:26:50,3032.17
19996,19996,Bank Transfer,2025-05-28 18:17:10,79.3
19997,19997,Credit Card,2025-06-28 01:19:58,3355.94
19998,19998,PayPal,2025-05-06 09:48:49,649.96
19999,19999,Bank Transfer,2025-12-26 22:15:05,2260.01
20000,20000,Credit Card,2025-05-11 18:21:55,2463.98
